population_id,population_kind,case_id,candidate_id,model,sequence_length,exact_endpoint_or_region,local,gradient,update,formation_type,mechanism_status,mechanism_evidence,legacy_role_provenance_only,screening_status
case::flash_attention_literature_anchor,KNOWN_STRICT_CASE,flash_attention_literature_anchor,,external_literature,,flash_attention_paper_mechanism,NOT_MEASURED,NOT_MEASURED,NOT_MEASURED,UNRESOLVED,NOT_CAPTURED,population_screening.csv,EXTERNAL_CONTROL_NOT_MEASURED,NOT_CAPTURED_EXISTING_ARTIFACT_ONLY
case::layer23_qproj_attention_state_region,KNOWN_STRICT_CASE,layer23_qproj_attention_state_region,,,,layer23_qproj_attention_state_region,NOT_MEASURED,NOT_MEASURED,NOT_MEASURED,ATTENTION_STATE_TRANSPORT_BIAS,VALIDATED_SEMANTIC_REGION_MECHANISM,anchor_case_reports/qwen_l23_attention.md,,NOT_CAPTURED_EXISTING_ARTIFACT_ONLY
case::liger_fused_ce_t128,KNOWN_STRICT_CASE,liger_fused_ce_t128,,qwen3_1p7b,128,qwen3_liger_fused_linear_ce:dW,UNRESOLVED_INSUFFICIENT_STATES,UNRESOLVED_INSUFFICIENT_STATES,UNRESOLVED_INSUFFICIENT_STATES,UNRESOLVED,CONFIRMATION_MARGIN_CROSSED,anchor_case_reports/liger.md,DEEP_POSITIVE_ANCHOR,FORMATION_MEASURED
case::mamba64_layer0_input_proj_output,KNOWN_STRICT_CASE,mamba64_layer0_input_proj_output,,,,mamba64_layer0_input_proj_output,NOT_MEASURED,NOT_MEASURED,NOT_MEASURED,UNRESOLVED,NOT_CAPTURED,population_screening.csv,,NOT_CAPTURED_EXISTING_ARTIFACT_ONLY
case::phi4_lm_head_dx_seq64,KNOWN_STRICT_CASE,phi4_lm_head_dx_seq64,,phi4,64,phi4_seq64:lm_head.input_gradient.mm,CENTERED,BIASED,BIASED,TRANSPORT_BIAS_CANDIDATE,EMPIRICALLY_VALIDATED_COMPOSITE_TRANSPORT_MECHANISM,phi_transport_mechanism.json,BREADTH_POSITIVE,FORMATION_MEASURED
case::qwen3vl_silu_seq160,KNOWN_STRICT_CASE,qwen3vl_silu_seq160,,qwen3_vl_reranker_2b,160,layer0.silu.backward,NOT_MEASURED,NOT_MEASURED,NOT_MEASURED,UNRESOLVED,NOT_CAPTURED,population_screening.csv,LOCAL_ERROR_NEGATIVE,NOT_CAPTURED_EXISTING_ARTIFACT_ONLY
case::qwen_bmm_seq64,KNOWN_STRICT_CASE,qwen_bmm_seq64,,qwen3_1p7b,64,forward:10:output_0,INELIGIBLE,INELIGIBLE,INELIGIBLE,UNRESOLVED,INELIGIBLE_EXACT_REPAIR_SHAM_PROVENANCE,population_screening.csv,LOCAL_VARIANCE_NEGATIVE,INELIGIBLE_EXACT_REPAIR_SHAM_PROVENANCE
case::qwen_l23_key_materialization_seq1024,KNOWN_STRICT_CASE,qwen_l23_key_materialization_seq1024,,qwen3_1p7b,1024,layer23.q_proj.key_materialization.tile,NOT_MEASURED,NOT_MEASURED,NOT_MEASURED,UNRESOLVED,NOT_CAPTURED,population_screening.csv,P3_CANDIDATE,NOT_CAPTURED_EXISTING_ARTIFACT_ONLY
case::qwen_rsqrt_seq128,KNOWN_STRICT_CASE,qwen_rsqrt_seq128,,qwen3_1p7b,128,forward:graph0:rsqrt_13,NOT_MEASURED,NOT_MEASURED,NOT_MEASURED,UNRESOLVED,NOT_CAPTURED,population_screening.csv,CRITICAL_BOUNDARY,NOT_CAPTURED_EXISTING_ARTIFACT_ONLY
case::qwen_saved_p_seq128,KNOWN_STRICT_CASE,qwen_saved_p_seq128,,qwen3_1p7b,128,qwen_seq128_layer27_attention_softmax_saved_P,CENTERED,CENTERED,CENTERED,VARIANCE_ONLY,CASE_LEVEL_ONLY,anchor_case_reports/qwen_saved_p.md,P2_P3_CANDIDATE,FORMATION_MEASURED
case::qwen_vproj_seq128,KNOWN_STRICT_CASE,qwen_vproj_seq128,,qwen3_1p7b,128,model.layers.0.self_attn.v_proj.output,NOT_MEASURED,NOT_MEASURED,NOT_MEASURED,UNRESOLVED,NOT_CAPTURED,population_screening.csv,NONPERSISTENT_SOURCE_BOUNDARY,NOT_CAPTURED_EXISTING_ARTIFACT_ONLY
case::seq128_lm_head_input_vjp_mm,KNOWN_STRICT_CASE,seq128_lm_head_input_vjp_mm,,,,seq128_lm_head_input_vjp_mm,NOT_MEASURED,NOT_MEASURED,NOT_MEASURED,UNRESOLVED,NOT_CAPTURED,population_screening.csv,,NOT_CAPTURED_EXISTING_ARTIFACT_ONLY
endpoint::deepseek8b:seq128:backward:1058:out_ptr0,ENDPOINT_UNIT,,deepseek8b:seq128:backward:1058:out_ptr0,deepseek8b,128,backward:graph0:mul_1019,NOT_MEASURED,NOT_MEASURED,NOT_MEASURED,UNRESOLVED,NOT_CAPTURED,population_screening.csv,NORMAL_REFERENCE,NOT_CAPTURED_EXISTING_ARTIFACT_ONLY
endpoint::deepseek8b:seq128:backward:1257:in_out_ptr0,ENDPOINT_UNIT,,deepseek8b:seq128:backward:1257:in_out_ptr0,deepseek8b,128,backward:graph0:mul_1282,NOT_MEASURED,NOT_MEASURED,NOT_MEASURED,UNRESOLVED,NOT_CAPTURED,population_screening.csv,NORMAL_REFERENCE,NOT_CAPTURED_EXISTING_ARTIFACT_ONLY
endpoint::deepseek8b:seq128:backward:1399:out_ptr0,ENDPOINT_UNIT,,deepseek8b:seq128:backward:1399:out_ptr0,deepseek8b,128,backward:graph0:add_684,NOT_MEASURED,NOT_MEASURED,NOT_MEASURED,UNRESOLVED,NOT_CAPTURED,population_screening.csv,NORMAL_REFERENCE,NOT_CAPTURED_EXISTING_ARTIFACT_ONLY
endpoint::deepseek8b:seq128:backward:864:output_0,ENDPOINT_UNIT,,deepseek8b:seq128:backward:864:output_0,deepseek8b,128,backward:graph0:mm_335,NOT_MEASURED,NOT_MEASURED,NOT_MEASURED,UNRESOLVED,NOT_CAPTURED,population_screening.csv,NORMAL_REFERENCE,NOT_CAPTURED_EXISTING_ARTIFACT_ONLY
endpoint::deepseek8b:seq128:backward:930:output_0,ENDPOINT_UNIT,,deepseek8b:seq128:backward:930:output_0,deepseek8b,128,backward:graph0:mm_366,NOT_MEASURED,NOT_MEASURED,NOT_MEASURED,UNRESOLVED,NOT_CAPTURED,population_screening.csv,NORMAL_REFERENCE,NOT_CAPTURED_EXISTING_ARTIFACT_ONLY
endpoint::deepseek8b:seq128:forward:0:in_out_ptr0,ENDPOINT_UNIT,,deepseek8b:seq128:forward:0:in_out_ptr0,deepseek8b,128,forward:graph0:rsqrt,NOT_MEASURED,NOT_MEASURED,NOT_MEASURED,UNRESOLVED,NOT_CAPTURED,population_screening.csv,NORMAL_REFERENCE,NOT_CAPTURED_EXISTING_ARTIFACT_ONLY
endpoint::deepseek8b:seq128:forward:100:output_0,ENDPOINT_UNIT,,deepseek8b:seq128:forward:100:output_0,deepseek8b,128,forward:graph0:bmm_10,NOT_MEASURED,NOT_MEASURED,NOT_MEASURED,UNRESOLVED,NOT_CAPTURED,population_screening.csv,NORMAL_REFERENCE,NOT_CAPTURED_EXISTING_ARTIFACT_ONLY
endpoint::deepseek8b:seq128:forward:101:in_out_ptr0,ENDPOINT_UNIT,,deepseek8b:seq128:forward:101:in_out_ptr0,deepseek8b,128,forward:graph0:add_56,NOT_MEASURED,NOT_MEASURED,NOT_MEASURED,UNRESOLVED,NOT_CAPTURED,population_screening.csv,NORMAL_REFERENCE,NOT_CAPTURED_EXISTING_ARTIFACT_ONLY
endpoint::deepseek8b:seq128:forward:106:in_out_ptr1,ENDPOINT_UNIT,,deepseek8b:seq128:forward:106:in_out_ptr1,deepseek8b,128,forward:graph0:rsqrt_23,NOT_MEASURED,NOT_MEASURED,NOT_MEASURED,UNRESOLVED,NOT_CAPTURED,population_screening.csv,NORMAL_REFERENCE,NOT_CAPTURED_EXISTING_ARTIFACT_ONLY
endpoint::deepseek8b:seq128:forward:10:output_0,ENDPOINT_UNIT,,deepseek8b:seq128:forward:10:output_0,deepseek8b,128,forward:graph0:bmm,NOT_MEASURED,NOT_MEASURED,NOT_MEASURED,UNRESOLVED,NOT_CAPTURED,population_screening.csv,NORMAL_REFERENCE,NOT_CAPTURED_EXISTING_ARTIFACT_ONLY
endpoint::deepseek8b:seq128:forward:111:in_out_ptr1,ENDPOINT_UNIT,,deepseek8b:seq128:forward:111:in_out_ptr1,deepseek8b,128,forward:graph0:rsqrt_24,NOT_MEASURED,NOT_MEASURED,NOT_MEASURED,UNRESOLVED,NOT_CAPTURED,population_screening.csv,NORMAL_REFERENCE,NOT_CAPTURED_EXISTING_ARTIFACT_ONLY
endpoint::deepseek8b:seq128:forward:113:out_ptr2,ENDPOINT_UNIT,,deepseek8b:seq128:forward:113:out_ptr2,deepseek8b,128,forward:graph0:permute_1530,NOT_MEASURED,NOT_MEASURED,NOT_MEASURED,UNRESOLVED,NOT_CAPTURED,population_screening.csv,NORMAL_REFERENCE,NOT_CAPTURED_EXISTING_ARTIFACT_ONLY
endpoint::deepseek8b:seq128:forward:115:in_out_ptr1,ENDPOINT_UNIT,,deepseek8b:seq128:forward:115:in_out_ptr1,deepseek8b,128,forward:graph0:add_65,NOT_MEASURED,NOT_MEASURED,NOT_MEASURED,UNRESOLVED,NOT_CAPTURED,population_screening.csv,COHERENT_F_B_BIAS,NOT_CAPTURED_EXISTING_ARTIFACT_ONLY
endpoint::deepseek8b:seq128:forward:117:out_ptr0,ENDPOINT_UNIT,,deepseek8b:seq128:forward:117:out_ptr0,deepseek8b,128,forward:graph0:clone_26,NOT_MEASURED,NOT_MEASURED,NOT_MEASURED,UNRESOLVED,NOT_CAPTURED,population_screening.csv,COHERENT_F_B_BIAS,NOT_CAPTURED_EXISTING_ARTIFACT_ONLY
endpoint::deepseek8b:seq128:forward:118:output_0,ENDPOINT_UNIT,,deepseek8b:seq128:forward:118:output_0,deepseek8b,128,forward:graph0:bmm_12,NOT_MEASURED,NOT_MEASURED,NOT_MEASURED,UNRESOLVED,NOT_CAPTURED,population_screening.csv,NORMAL_REFERENCE,NOT_CAPTURED_EXISTING_ARTIFACT_ONLY
endpoint::deepseek8b:seq128:forward:119:in_out_ptr0,ENDPOINT_UNIT,,deepseek8b:seq128:forward:119:in_out_ptr0,deepseek8b,128,forward:graph0:add_66,NOT_MEASURED,NOT_MEASURED,NOT_MEASURED,UNRESOLVED,NOT_CAPTURED,population_screening.csv,NORMAL_REFERENCE,NOT_CAPTURED_EXISTING_ARTIFACT_ONLY
endpoint::deepseek8b:seq128:forward:11:in_out_ptr0,ENDPOINT_UNIT,,deepseek8b:seq128:forward:11:in_out_ptr0,deepseek8b,128,forward:graph0:add_6,NOT_MEASURED,NOT_MEASURED,NOT_MEASURED,UNRESOLVED,NOT_CAPTURED,population_screening.csv,NORMAL_REFERENCE,NOT_CAPTURED_EXISTING_ARTIFACT_ONLY
endpoint::deepseek8b:seq128:forward:124:in_out_ptr1,ENDPOINT_UNIT,,deepseek8b:seq128:forward:124:in_out_ptr1,deepseek8b,128,forward:graph0:rsqrt_27,NOT_MEASURED,NOT_MEASURED,NOT_MEASURED,UNRESOLVED,NOT_CAPTURED,population_screening.csv,NORMAL_REFERENCE,NOT_CAPTURED_EXISTING_ARTIFACT_ONLY
endpoint::deepseek8b:seq128:forward:131:in_out_ptr0,ENDPOINT_UNIT,,deepseek8b:seq128:forward:131:in_out_ptr0,deepseek8b,128,forward:graph0:rsqrt_29,NOT_MEASURED,NOT_MEASURED,NOT_MEASURED,UNRESOLVED,NOT_CAPTURED,population_screening.csv,NORMAL_REFERENCE,NOT_CAPTURED_EXISTING_ARTIFACT_ONLY
endpoint::deepseek8b:seq128:forward:136:output_0,ENDPOINT_UNIT,,deepseek8b:seq128:forward:136:output_0,deepseek8b,128,forward:graph0:bmm_14,NOT_MEASURED,NOT_MEASURED,NOT_MEASURED,UNRESOLVED,NOT_CAPTURED,population_screening.csv,NORMAL_REFERENCE,NOT_CAPTURED_EXISTING_ARTIFACT_ONLY
endpoint::deepseek8b:seq128:forward:137:in_out_ptr0,ENDPOINT_UNIT,,deepseek8b:seq128:forward:137:in_out_ptr0,deepseek8b,128,forward:graph0:add_76,NOT_MEASURED,NOT_MEASURED,NOT_MEASURED,UNRESOLVED,NOT_CAPTURED,population_screening.csv,NORMAL_REFERENCE,NOT_CAPTURED_EXISTING_ARTIFACT_ONLY
endpoint::deepseek8b:seq128:forward:13:output_0,ENDPOINT_UNIT,,deepseek8b:seq128:forward:13:output_0,deepseek8b,128,forward:graph0:bmm_1,NOT_MEASURED,NOT_MEASURED,NOT_MEASURED,UNRESOLVED,NOT_CAPTURED,population_screening.csv,NORMAL_REFERENCE,NOT_CAPTURED_EXISTING_ARTIFACT_ONLY
endpoint::deepseek8b:seq128:forward:142:in_out_ptr1,ENDPOINT_UNIT,,deepseek8b:seq128:forward:142:in_out_ptr1,deepseek8b,128,forward:graph0:rsqrt_31,NOT_MEASURED,NOT_MEASURED,NOT_MEASURED,UNRESOLVED,NOT_CAPTURED,population_screening.csv,NORMAL_REFERENCE,NOT_CAPTURED_EXISTING_ARTIFACT_ONLY
endpoint::deepseek8b:seq128:forward:147:in_out_ptr1,ENDPOINT_UNIT,,deepseek8b:seq128:forward:147:in_out_ptr1,deepseek8b,128,forward:graph0:rsqrt_32,NOT_MEASURED,NOT_MEASURED,NOT_MEASURED,UNRESOLVED,NOT_CAPTURED,population_screening.csv,NORMAL_REFERENCE,NOT_CAPTURED_EXISTING_ARTIFACT_ONLY
endpoint::deepseek8b:seq128:forward:151:in_out_ptr0,ENDPOINT_UNIT,,deepseek8b:seq128:forward:151:in_out_ptr0,deepseek8b,128,forward:graph0:rsqrt_34,NOT_MEASURED,NOT_MEASURED,NOT_MEASURED,UNRESOLVED,NOT_CAPTURED,population_screening.csv,NORMAL_REFERENCE,NOT_CAPTURED_EXISTING_ARTIFACT_ONLY
endpoint::deepseek8b:seq128:forward:154:output_0,ENDPOINT_UNIT,,deepseek8b:seq128:forward:154:output_0,deepseek8b,128,forward:graph0:bmm_16,NOT_MEASURED,NOT_MEASURED,NOT_MEASURED,UNRESOLVED,NOT_CAPTURED,population_screening.csv,NORMAL_REFERENCE,NOT_CAPTURED_EXISTING_ARTIFACT_ONLY
endpoint::deepseek8b:seq128:forward:155:in_out_ptr0,ENDPOINT_UNIT,,deepseek8b:seq128:forward:155:in_out_ptr0,deepseek8b,128,forward:graph0:add_86,NOT_MEASURED,NOT_MEASURED,NOT_MEASURED,UNRESOLVED,NOT_CAPTURED,population_screening.csv,NORMAL_REFERENCE,NOT_CAPTURED_EXISTING_ARTIFACT_ONLY
endpoint::deepseek8b:seq128:forward:157:output_0,ENDPOINT_UNIT,,deepseek8b:seq128:forward:157:output_0,deepseek8b,128,forward:graph0:bmm_17,NOT_MEASURED,NOT_MEASURED,NOT_MEASURED,UNRESOLVED,NOT_CAPTURED,population_screening.csv,NORMAL_REFERENCE,NOT_CAPTURED_EXISTING_ARTIFACT_ONLY
endpoint::deepseek8b:seq128:forward:158:out_ptr0,ENDPOINT_UNIT,,deepseek8b:seq128:forward:158:out_ptr0,deepseek8b,128,forward:graph0:clone_37,NOT_MEASURED,NOT_MEASURED,NOT_MEASURED,UNRESOLVED,NOT_CAPTURED,population_screening.csv,NORMAL_REFERENCE,NOT_CAPTURED_EXISTING_ARTIFACT_ONLY
endpoint::deepseek8b:seq128:forward:159:output_0,ENDPOINT_UNIT,,deepseek8b:seq128:forward:159:output_0,deepseek8b,128,forward:graph0:mm_59,NOT_MEASURED,NOT_MEASURED,NOT_MEASURED,UNRESOLVED,NOT_CAPTURED,population_screening.csv,NORMAL_REFERENCE,NOT_CAPTURED_EXISTING_ARTIFACT_ONLY
endpoint::deepseek8b:seq128:forward:160:in_out_ptr1,ENDPOINT_UNIT,,deepseek8b:seq128:forward:160:in_out_ptr1,deepseek8b,128,forward:graph0:rsqrt_35,NOT_MEASURED,NOT_MEASURED,NOT_MEASURED,UNRESOLVED,NOT_CAPTURED,population_screening.csv,COHERENT_F_B_BIAS,NOT_CAPTURED_EXISTING_ARTIFACT_ONLY
endpoint::deepseek8b:seq128:forward:161:output_0,ENDPOINT_UNIT,,deepseek8b:seq128:forward:161:output_0,deepseek8b,128,forward:graph0:mm_60,NOT_MEASURED,NOT_MEASURED,NOT_MEASURED,UNRESOLVED,NOT_CAPTURED,population_screening.csv,NORMAL_REFERENCE,NOT_CAPTURED_EXISTING_ARTIFACT_ONLY
endpoint::deepseek8b:seq128:forward:165:in_out_ptr1,ENDPOINT_UNIT,,deepseek8b:seq128:forward:165:in_out_ptr1,deepseek8b,128,forward:graph0:rsqrt_36,NOT_MEASURED,NOT_MEASURED,NOT_MEASURED,UNRESOLVED,NOT_CAPTURED,population_screening.csv,NORMAL_REFERENCE,NOT_CAPTURED_EXISTING_ARTIFACT_ONLY
endpoint::deepseek8b:seq128:forward:167:in_out_ptr0,ENDPOINT_UNIT,,deepseek8b:seq128:forward:167:in_out_ptr0,deepseek8b,128,forward:graph0:rsqrt_37,NOT_MEASURED,NOT_MEASURED,NOT_MEASURED,UNRESOLVED,NOT_CAPTURED,population_screening.csv,NORMAL_REFERENCE,NOT_CAPTURED_EXISTING_ARTIFACT_ONLY
endpoint::deepseek8b:seq128:forward:167:out_ptr2,ENDPOINT_UNIT,,deepseek8b:seq128:forward:167:out_ptr2,deepseek8b,128,forward:graph0:permute_1419,NOT_MEASURED,NOT_MEASURED,NOT_MEASURED,UNRESOLVED,NOT_CAPTURED,population_screening.csv,NORMAL_REFERENCE,NOT_CAPTURED_EXISTING_ARTIFACT_ONLY
endpoint::deepseek8b:seq128:forward:169:in_out_ptr0,ENDPOINT_UNIT,,deepseek8b:seq128:forward:169:in_out_ptr0,deepseek8b,128,forward:graph0:rsqrt_38,NOT_MEASURED,NOT_MEASURED,NOT_MEASURED,UNRESOLVED,NOT_CAPTURED,population_screening.csv,NORMAL_REFERENCE,NOT_CAPTURED_EXISTING_ARTIFACT_ONLY
endpoint::deepseek8b:seq128:forward:16:in_out_ptr0,ENDPOINT_UNIT,,deepseek8b:seq128:forward:16:in_out_ptr0,deepseek8b,128,forward:graph0:rsqrt_3,NOT_MEASURED,NOT_MEASURED,NOT_MEASURED,UNRESOLVED,NOT_CAPTURED,population_screening.csv,NORMAL_REFERENCE,NOT_CAPTURED_EXISTING_ARTIFACT_ONLY
endpoint::deepseek8b:seq128:forward:172:output_0,ENDPOINT_UNIT,,deepseek8b:seq128:forward:172:output_0,deepseek8b,128,forward:graph0:bmm_18,NOT_MEASURED,NOT_MEASURED,NOT_MEASURED,UNRESOLVED,NOT_CAPTURED,population_screening.csv,NORMAL_REFERENCE,NOT_CAPTURED_EXISTING_ARTIFACT_ONLY
endpoint::deepseek8b:seq128:forward:173:in_out_ptr0,ENDPOINT_UNIT,,deepseek8b:seq128:forward:173:in_out_ptr0,deepseek8b,128,forward:graph0:add_96,NOT_MEASURED,NOT_MEASURED,NOT_MEASURED,UNRESOLVED,NOT_CAPTURED,population_screening.csv,NORMAL_REFERENCE,NOT_CAPTURED_EXISTING_ARTIFACT_ONLY
endpoint::deepseek8b:seq128:forward:175:output_0,ENDPOINT_UNIT,,deepseek8b:seq128:forward:175:output_0,deepseek8b,128,forward:graph0:bmm_19,NOT_MEASURED,NOT_MEASURED,NOT_MEASURED,UNRESOLVED,NOT_CAPTURED,population_screening.csv,NORMAL_REFERENCE,NOT_CAPTURED_EXISTING_ARTIFACT_ONLY
endpoint::deepseek8b:seq128:forward:178:in_out_ptr1,ENDPOINT_UNIT,,deepseek8b:seq128:forward:178:in_out_ptr1,deepseek8b,128,forward:graph0:rsqrt_39,NOT_MEASURED,NOT_MEASURED,NOT_MEASURED,UNRESOLVED,NOT_CAPTURED,population_screening.csv,NORMAL_REFERENCE,NOT_CAPTURED_EXISTING_ARTIFACT_ONLY
endpoint::deepseek8b:seq128:forward:185:in_out_ptr0,ENDPOINT_UNIT,,deepseek8b:seq128:forward:185:in_out_ptr0,deepseek8b,128,forward:graph0:rsqrt_41,NOT_MEASURED,NOT_MEASURED,NOT_MEASURED,UNRESOLVED,NOT_CAPTURED,population_screening.csv,NORMAL_REFERENCE,NOT_CAPTURED_EXISTING_ARTIFACT_ONLY
endpoint::deepseek8b:seq128:forward:190:output_0,ENDPOINT_UNIT,,deepseek8b:seq128:forward:190:output_0,deepseek8b,128,forward:graph0:bmm_20,NOT_MEASURED,NOT_MEASURED,NOT_MEASURED,UNRESOLVED,NOT_CAPTURED,population_screening.csv,NORMAL_REFERENCE,NOT_CAPTURED_EXISTING_ARTIFACT_ONLY
endpoint::deepseek8b:seq128:forward:191:in_out_ptr0,ENDPOINT_UNIT,,deepseek8b:seq128:forward:191:in_out_ptr0,deepseek8b,128,forward:graph0:add_106,NOT_MEASURED,NOT_MEASURED,NOT_MEASURED,UNRESOLVED,NOT_CAPTURED,population_screening.csv,NORMAL_REFERENCE,NOT_CAPTURED_EXISTING_ARTIFACT_ONLY
endpoint::deepseek8b:seq128:forward:196:in_out_ptr1,ENDPOINT_UNIT,,deepseek8b:seq128:forward:196:in_out_ptr1,deepseek8b,128,forward:graph0:rsqrt_43,NOT_MEASURED,NOT_MEASURED,NOT_MEASURED,UNRESOLVED,NOT_CAPTURED,population_screening.csv,NORMAL_REFERENCE,NOT_CAPTURED_EXISTING_ARTIFACT_ONLY
endpoint::deepseek8b:seq128:forward:201:in_out_ptr1,ENDPOINT_UNIT,,deepseek8b:seq128:forward:201:in_out_ptr1,deepseek8b,128,forward:graph0:rsqrt_44,NOT_MEASURED,NOT_MEASURED,NOT_MEASURED,UNRESOLVED,NOT_CAPTURED,population_screening.csv,NORMAL_REFERENCE,NOT_CAPTURED_EXISTING_ARTIFACT_ONLY
endpoint::deepseek8b:seq128:forward:203:in_out_ptr0,ENDPOINT_UNIT,,deepseek8b:seq128:forward:203:in_out_ptr0,deepseek8b,128,forward:graph0:rsqrt_45,NOT_MEASURED,NOT_MEASURED,NOT_MEASURED,UNRESOLVED,NOT_CAPTURED,population_screening.csv,NORMAL_REFERENCE,NOT_CAPTURED_EXISTING_ARTIFACT_ONLY
endpoint::deepseek8b:seq128:forward:207:out_ptr0,ENDPOINT_UNIT,,deepseek8b:seq128:forward:207:out_ptr0,deepseek8b,128,forward:graph0:clone_46,NOT_MEASURED,NOT_MEASURED,NOT_MEASURED,UNRESOLVED,NOT_CAPTURED,population_screening.csv,NORMAL_REFERENCE,NOT_CAPTURED_EXISTING_ARTIFACT_ONLY
endpoint::deepseek8b:seq128:forward:208:output_0,ENDPOINT_UNIT,,deepseek8b:seq128:forward:208:output_0,deepseek8b,128,forward:graph0:bmm_22,NOT_MEASURED,NOT_MEASURED,NOT_MEASURED,UNRESOLVED,NOT_CAPTURED,population_screening.csv,NORMAL_REFERENCE,NOT_CAPTURED_EXISTING_ARTIFACT_ONLY
endpoint::deepseek8b:seq128:forward:209:in_out_ptr0,ENDPOINT_UNIT,,deepseek8b:seq128:forward:209:in_out_ptr0,deepseek8b,128,forward:graph0:add_116,NOT_MEASURED,NOT_MEASURED,NOT_MEASURED,UNRESOLVED,NOT_CAPTURED,population_screening.csv,NORMAL_REFERENCE,NOT_CAPTURED_EXISTING_ARTIFACT_ONLY
endpoint::deepseek8b:seq128:forward:214:in_out_ptr1,ENDPOINT_UNIT,,deepseek8b:seq128:forward:214:in_out_ptr1,deepseek8b,128,forward:graph0:rsqrt_47,NOT_MEASURED,NOT_MEASURED,NOT_MEASURED,UNRESOLVED,NOT_CAPTURED,population_screening.csv,NORMAL_REFERENCE,NOT_CAPTURED_EXISTING_ARTIFACT_ONLY
endpoint::deepseek8b:seq128:forward:219:in_out_ptr1,ENDPOINT_UNIT,,deepseek8b:seq128:forward:219:in_out_ptr1,deepseek8b,128,forward:graph0:rsqrt_48,NOT_MEASURED,NOT_MEASURED,NOT_MEASURED,UNRESOLVED,NOT_CAPTURED,population_screening.csv,NORMAL_REFERENCE,NOT_CAPTURED_EXISTING_ARTIFACT_ONLY
endpoint::deepseek8b:seq128:forward:21:in_out_ptr1,ENDPOINT_UNIT,,deepseek8b:seq128:forward:21:in_out_ptr1,deepseek8b,128,forward:graph0:rsqrt_4,NOT_MEASURED,NOT_MEASURED,NOT_MEASURED,UNRESOLVED,NOT_CAPTURED,population_screening.csv,NORMAL_REFERENCE,NOT_CAPTURED_EXISTING_ARTIFACT_ONLY
endpoint::deepseek8b:seq128:forward:221:in_out_ptr0,ENDPOINT_UNIT,,deepseek8b:seq128:forward:221:in_out_ptr0,deepseek8b,128,forward:graph0:rsqrt_49,NOT_MEASURED,NOT_MEASURED,NOT_MEASURED,UNRESOLVED,NOT_CAPTURED,population_screening.csv,NORMAL_REFERENCE,NOT_CAPTURED_EXISTING_ARTIFACT_ONLY
endpoint::deepseek8b:seq128:forward:223:in_out_ptr0,ENDPOINT_UNIT,,deepseek8b:seq128:forward:223:in_out_ptr0,deepseek8b,128,forward:graph0:rsqrt_50,NOT_MEASURED,NOT_MEASURED,NOT_MEASURED,UNRESOLVED,NOT_CAPTURED,population_screening.csv,NORMAL_REFERENCE,NOT_CAPTURED_EXISTING_ARTIFACT_ONLY
endpoint::deepseek8b:seq128:forward:226:output_0,ENDPOINT_UNIT,,deepseek8b:seq128:forward:226:output_0,deepseek8b,128,forward:graph0:bmm_24,NOT_MEASURED,NOT_MEASURED,NOT_MEASURED,UNRESOLVED,NOT_CAPTURED,population_screening.csv,NORMAL_REFERENCE,NOT_CAPTURED_EXISTING_ARTIFACT_ONLY
endpoint::deepseek8b:seq128:forward:227:in_out_ptr0,ENDPOINT_UNIT,,deepseek8b:seq128:forward:227:in_out_ptr0,deepseek8b,128,forward:graph0:add_126,NOT_MEASURED,NOT_MEASURED,NOT_MEASURED,UNRESOLVED,NOT_CAPTURED,population_screening.csv,NORMAL_REFERENCE,NOT_CAPTURED_EXISTING_ARTIFACT_ONLY
endpoint::deepseek8b:seq128:forward:22:output_0,ENDPOINT_UNIT,,deepseek8b:seq128:forward:22:output_0,deepseek8b,128,forward:graph0:mm_7,NOT_MEASURED,NOT_MEASURED,NOT_MEASURED,UNRESOLVED,NOT_CAPTURED,population_screening.csv,NORMAL_REFERENCE,NOT_CAPTURED_EXISTING_ARTIFACT_ONLY
endpoint::deepseek8b:seq128:forward:232:in_out_ptr1,ENDPOINT_UNIT,,deepseek8b:seq128:forward:232:in_out_ptr1,deepseek8b,128,forward:graph0:rsqrt_51,NOT_MEASURED,NOT_MEASURED,NOT_MEASURED,UNRESOLVED,NOT_CAPTURED,population_screening.csv,NORMAL_REFERENCE,NOT_CAPTURED_EXISTING_ARTIFACT_ONLY
endpoint::deepseek8b:seq128:forward:23:out_ptr2,ENDPOINT_UNIT,,deepseek8b:seq128:forward:23:out_ptr2,deepseek8b,128,forward:graph0:permute_1715,NOT_MEASURED,NOT_MEASURED,NOT_MEASURED,UNRESOLVED,NOT_CAPTURED,population_screening.csv,NORMAL_REFERENCE,NOT_CAPTURED_EXISTING_ARTIFACT_ONLY
endpoint::deepseek8b:seq128:forward:24:output_0,ENDPOINT_UNIT,,deepseek8b:seq128:forward:24:output_0,deepseek8b,128,forward:graph0:mm_8,NOT_MEASURED,NOT_MEASURED,NOT_MEASURED,UNRESOLVED,NOT_CAPTURED,population_screening.csv,NORMAL_REFERENCE,NOT_CAPTURED_EXISTING_ARTIFACT_ONLY
endpoint::deepseek8b:seq128:forward:25:in_out_ptr1,ENDPOINT_UNIT,,deepseek8b:seq128:forward:25:in_out_ptr1,deepseek8b,128,forward:graph0:add_15,NOT_MEASURED,NOT_MEASURED,NOT_MEASURED,UNRESOLVED,NOT_CAPTURED,population_screening.csv,NORMAL_REFERENCE,NOT_CAPTURED_EXISTING_ARTIFACT_ONLY
endpoint::deepseek8b:seq128:forward:27:out_ptr0,ENDPOINT_UNIT,,deepseek8b:seq128:forward:27:out_ptr0,deepseek8b,128,forward:graph0:clone_6,NOT_MEASURED,NOT_MEASURED,NOT_MEASURED,UNRESOLVED,NOT_CAPTURED,population_screening.csv,NORMAL_REFERENCE,NOT_CAPTURED_EXISTING_ARTIFACT_ONLY
endpoint::deepseek8b:seq128:forward:280:output_0,ENDPOINT_UNIT,,deepseek8b:seq128:forward:280:output_0,deepseek8b,128,forward:graph0:bmm_30,NOT_MEASURED,NOT_MEASURED,NOT_MEASURED,UNRESOLVED,NOT_CAPTURED,population_screening.csv,NORMAL_REFERENCE,NOT_CAPTURED_EXISTING_ARTIFACT_ONLY
endpoint::deepseek8b:seq128:forward:28:output_0,ENDPOINT_UNIT,,deepseek8b:seq128:forward:28:output_0,deepseek8b,128,forward:graph0:bmm_2,NOT_MEASURED,NOT_MEASURED,NOT_MEASURED,UNRESOLVED,NOT_CAPTURED,population_screening.csv,NORMAL_REFERENCE,NOT_CAPTURED_EXISTING_ARTIFACT_ONLY
endpoint::deepseek8b:seq128:forward:298:output_0,ENDPOINT_UNIT,,deepseek8b:seq128:forward:298:output_0,deepseek8b,128,forward:graph0:bmm_32,NOT_MEASURED,NOT_MEASURED,NOT_MEASURED,UNRESOLVED,NOT_CAPTURED,population_screening.csv,NORMAL_REFERENCE,NOT_CAPTURED_EXISTING_ARTIFACT_ONLY
endpoint::deepseek8b:seq128:forward:29:in_out_ptr0,ENDPOINT_UNIT,,deepseek8b:seq128:forward:29:in_out_ptr0,deepseek8b,128,forward:graph0:add_16,NOT_MEASURED,NOT_MEASURED,NOT_MEASURED,UNRESOLVED,NOT_CAPTURED,population_screening.csv,NORMAL_REFERENCE,NOT_CAPTURED_EXISTING_ARTIFACT_ONLY
endpoint::deepseek8b:seq128:forward:316:output_0,ENDPOINT_UNIT,,deepseek8b:seq128:forward:316:output_0,deepseek8b,128,forward:graph0:bmm_34,NOT_MEASURED,NOT_MEASURED,NOT_MEASURED,UNRESOLVED,NOT_CAPTURED,population_screening.csv,NORMAL_REFERENCE,NOT_CAPTURED_EXISTING_ARTIFACT_ONLY
endpoint::deepseek8b:seq128:forward:317:in_out_ptr0,ENDPOINT_UNIT,,deepseek8b:seq128:forward:317:in_out_ptr0,deepseek8b,128,forward:graph0:add_176,NOT_MEASURED,NOT_MEASURED,NOT_MEASURED,UNRESOLVED,NOT_CAPTURED,population_screening.csv,COHERENT_F_B_BIAS,NOT_CAPTURED_EXISTING_ARTIFACT_ONLY
endpoint::deepseek8b:seq128:forward:334:output_0,ENDPOINT_UNIT,,deepseek8b:seq128:forward:334:output_0,deepseek8b,128,forward:graph0:bmm_36,NOT_MEASURED,NOT_MEASURED,NOT_MEASURED,UNRESOLVED,NOT_CAPTURED,population_screening.csv,NORMAL_REFERENCE,NOT_CAPTURED_EXISTING_ARTIFACT_ONLY
endpoint::deepseek8b:seq128:forward:335:in_out_ptr0,ENDPOINT_UNIT,,deepseek8b:seq128:forward:335:in_out_ptr0,deepseek8b,128,forward:graph0:add_186,NOT_MEASURED,NOT_MEASURED,NOT_MEASURED,UNRESOLVED,NOT_CAPTURED,population_screening.csv,NORMAL_REFERENCE,NOT_CAPTURED_EXISTING_ARTIFACT_ONLY
endpoint::deepseek8b:seq128:forward:347:in_out_ptr0,ENDPOINT_UNIT,,deepseek8b:seq128:forward:347:in_out_ptr0,deepseek8b,128,forward:graph0:rsqrt_77,NOT_MEASURED,NOT_MEASURED,NOT_MEASURED,UNRESOLVED,NOT_CAPTURED,population_screening.csv,NORMAL_REFERENCE,NOT_CAPTURED_EXISTING_ARTIFACT_ONLY
endpoint::deepseek8b:seq128:forward:34:in_out_ptr1,ENDPOINT_UNIT,,deepseek8b:seq128:forward:34:in_out_ptr1,deepseek8b,128,forward:graph0:rsqrt_7,NOT_MEASURED,NOT_MEASURED,NOT_MEASURED,UNRESOLVED,NOT_CAPTURED,population_screening.csv,NORMAL_REFERENCE,NOT_CAPTURED_EXISTING_ARTIFACT_ONLY
endpoint::deepseek8b:seq128:forward:367:in_out_ptr0,ENDPOINT_UNIT,,deepseek8b:seq128:forward:367:in_out_ptr0,deepseek8b,128,forward:graph0:rsqrt_82,NOT_MEASURED,NOT_MEASURED,NOT_MEASURED,UNRESOLVED,NOT_CAPTURED,population_screening.csv,NORMAL_REFERENCE,NOT_CAPTURED_EXISTING_ARTIFACT_ONLY
endpoint::deepseek8b:seq128:forward:39:in_out_ptr1,ENDPOINT_UNIT,,deepseek8b:seq128:forward:39:in_out_ptr1,deepseek8b,128,forward:graph0:rsqrt_8,NOT_MEASURED,NOT_MEASURED,NOT_MEASURED,UNRESOLVED,NOT_CAPTURED,population_screening.csv,NORMAL_REFERENCE,NOT_CAPTURED_EXISTING_ARTIFACT_ONLY
endpoint::deepseek8b:seq128:forward:406:output_0,ENDPOINT_UNIT,,deepseek8b:seq128:forward:406:output_0,deepseek8b,128,forward:graph0:bmm_44,NOT_MEASURED,NOT_MEASURED,NOT_MEASURED,UNRESOLVED,NOT_CAPTURED,population_screening.csv,NORMAL_REFERENCE,NOT_CAPTURED_EXISTING_ARTIFACT_ONLY
endpoint::deepseek8b:seq128:forward:407:in_out_ptr0,ENDPOINT_UNIT,,deepseek8b:seq128:forward:407:in_out_ptr0,deepseek8b,128,forward:graph0:add_226,NOT_MEASURED,NOT_MEASURED,NOT_MEASURED,UNRESOLVED,NOT_CAPTURED,population_screening.csv,NORMAL_REFERENCE,NOT_CAPTURED_EXISTING_ARTIFACT_ONLY
endpoint::deepseek8b:seq128:forward:419:in_out_ptr0,ENDPOINT_UNIT,,deepseek8b:seq128:forward:419:in_out_ptr0,deepseek8b,128,forward:graph0:rsqrt_93,NOT_MEASURED,NOT_MEASURED,NOT_MEASURED,UNRESOLVED,NOT_CAPTURED,population_screening.csv,NORMAL_REFERENCE,NOT_CAPTURED_EXISTING_ARTIFACT_ONLY
endpoint::deepseek8b:seq128:forward:41:out_ptr2,ENDPOINT_UNIT,,deepseek8b:seq128:forward:41:out_ptr2,deepseek8b,128,forward:graph0:permute_1678,NOT_MEASURED,NOT_MEASURED,NOT_MEASURED,UNRESOLVED,NOT_CAPTURED,population_screening.csv,NORMAL_REFERENCE,NOT_CAPTURED_EXISTING_ARTIFACT_ONLY
endpoint::deepseek8b:seq128:forward:439:in_out_ptr0,ENDPOINT_UNIT,,deepseek8b:seq128:forward:439:in_out_ptr0,deepseek8b,128,forward:graph0:rsqrt_98,NOT_MEASURED,NOT_MEASURED,NOT_MEASURED,UNRESOLVED,NOT_CAPTURED,population_screening.csv,NORMAL_REFERENCE,NOT_CAPTURED_EXISTING_ARTIFACT_ONLY
endpoint::deepseek8b:seq128:forward:442:output_0,ENDPOINT_UNIT,,deepseek8b:seq128:forward:442:output_0,deepseek8b,128,forward:graph0:bmm_48,NOT_MEASURED,NOT_MEASURED,NOT_MEASURED,UNRESOLVED,NOT_CAPTURED,population_screening.csv,NORMAL_REFERENCE,NOT_CAPTURED_EXISTING_ARTIFACT_ONLY
endpoint::deepseek8b:seq128:forward:443:in_out_ptr0,ENDPOINT_UNIT,,deepseek8b:seq128:forward:443:in_out_ptr0,deepseek8b,128,forward:graph0:add_246,NOT_MEASURED,NOT_MEASURED,NOT_MEASURED,UNRESOLVED,NOT_CAPTURED,population_screening.csv,COHERENT_F_B_BIAS,NOT_CAPTURED_EXISTING_ARTIFACT_ONLY
endpoint::deepseek8b:seq128:forward:460:output_0,ENDPOINT_UNIT,,deepseek8b:seq128:forward:460:output_0,deepseek8b,128,forward:graph0:bmm_50,NOT_MEASURED,NOT_MEASURED,NOT_MEASURED,UNRESOLVED,NOT_CAPTURED,population_screening.csv,NORMAL_REFERENCE,NOT_CAPTURED_EXISTING_ARTIFACT_ONLY
endpoint::deepseek8b:seq128:forward:46:output_0,ENDPOINT_UNIT,,deepseek8b:seq128:forward:46:output_0,deepseek8b,128,forward:graph0:bmm_4,NOT_MEASURED,NOT_MEASURED,NOT_MEASURED,UNRESOLVED,NOT_CAPTURED,population_screening.csv,NORMAL_REFERENCE,NOT_CAPTURED_EXISTING_ARTIFACT_ONLY
endpoint::deepseek8b:seq128:forward:473:in_out_ptr0,ENDPOINT_UNIT,,deepseek8b:seq128:forward:473:in_out_ptr0,deepseek8b,128,forward:graph0:rsqrt_105,NOT_MEASURED,NOT_MEASURED,NOT_MEASURED,UNRESOLVED,NOT_CAPTURED,population_screening.csv,NORMAL_REFERENCE,NOT_CAPTURED_EXISTING_ARTIFACT_ONLY
endpoint::deepseek8b:seq128:forward:475:in_out_ptr0,ENDPOINT_UNIT,,deepseek8b:seq128:forward:475:in_out_ptr0,deepseek8b,128,forward:graph0:rsqrt_106,NOT_MEASURED,NOT_MEASURED,NOT_MEASURED,UNRESOLVED,NOT_CAPTURED,population_screening.csv,NORMAL_REFERENCE,NOT_CAPTURED_EXISTING_ARTIFACT_ONLY
endpoint::deepseek8b:seq128:forward:478:output_0,ENDPOINT_UNIT,,deepseek8b:seq128:forward:478:output_0,deepseek8b,128,forward:graph0:bmm_52,NOT_MEASURED,NOT_MEASURED,NOT_MEASURED,UNRESOLVED,NOT_CAPTURED,population_screening.csv,NORMAL_REFERENCE,NOT_CAPTURED_EXISTING_ARTIFACT_ONLY
endpoint::deepseek8b:seq128:forward:47:in_out_ptr0,ENDPOINT_UNIT,,deepseek8b:seq128:forward:47:in_out_ptr0,deepseek8b,128,forward:graph0:add_26,NOT_MEASURED,NOT_MEASURED,NOT_MEASURED,UNRESOLVED,NOT_CAPTURED,population_screening.csv,NORMAL_REFERENCE,NOT_CAPTURED_EXISTING_ARTIFACT_ONLY
endpoint::deepseek8b:seq128:forward:496:output_0,ENDPOINT_UNIT,,deepseek8b:seq128:forward:496:output_0,deepseek8b,128,forward:graph0:bmm_54,NOT_MEASURED,NOT_MEASURED,NOT_MEASURED,UNRESOLVED,NOT_CAPTURED,population_screening.csv,NORMAL_REFERENCE,NOT_CAPTURED_EXISTING_ARTIFACT_ONLY
endpoint::deepseek8b:seq128:forward:497:in_out_ptr0,ENDPOINT_UNIT,,deepseek8b:seq128:forward:497:in_out_ptr0,deepseek8b,128,forward:graph0:add_276,NOT_MEASURED,NOT_MEASURED,NOT_MEASURED,UNRESOLVED,NOT_CAPTURED,population_screening.csv,NORMAL_REFERENCE,NOT_CAPTURED_EXISTING_ARTIFACT_ONLY
endpoint::deepseek8b:seq128:forward:514:output_0,ENDPOINT_UNIT,,deepseek8b:seq128:forward:514:output_0,deepseek8b,128,forward:graph0:bmm_56,NOT_MEASURED,NOT_MEASURED,NOT_MEASURED,UNRESOLVED,NOT_CAPTURED,population_screening.csv,NORMAL_REFERENCE,NOT_CAPTURED_EXISTING_ARTIFACT_ONLY
endpoint::deepseek8b:seq128:forward:515:in_out_ptr0,ENDPOINT_UNIT,,deepseek8b:seq128:forward:515:in_out_ptr0,deepseek8b,128,forward:graph0:add_286,NOT_MEASURED,NOT_MEASURED,NOT_MEASURED,UNRESOLVED,NOT_CAPTURED,population_screening.csv,COHERENT_F_B_BIAS,NOT_CAPTURED_EXISTING_ARTIFACT_ONLY
endpoint::deepseek8b:seq128:forward:529:in_out_ptr0,ENDPOINT_UNIT,,deepseek8b:seq128:forward:529:in_out_ptr0,deepseek8b,128,forward:graph0:rsqrt_118,NOT_MEASURED,NOT_MEASURED,NOT_MEASURED,UNRESOLVED,NOT_CAPTURED,population_screening.csv,NORMAL_REFERENCE,NOT_CAPTURED_EXISTING_ARTIFACT_ONLY
endpoint::deepseek8b:seq128:forward:52:in_out_ptr1,ENDPOINT_UNIT,,deepseek8b:seq128:forward:52:in_out_ptr1,deepseek8b,128,forward:graph0:rsqrt_11,NOT_MEASURED,NOT_MEASURED,NOT_MEASURED,UNRESOLVED,NOT_CAPTURED,population_screening.csv,NORMAL_REFERENCE,NOT_CAPTURED_EXISTING_ARTIFACT_ONLY
endpoint::deepseek8b:seq128:forward:547:in_out_ptr0,ENDPOINT_UNIT,,deepseek8b:seq128:forward:547:in_out_ptr0,deepseek8b,128,forward:graph0:rsqrt_122,NOT_MEASURED,NOT_MEASURED,NOT_MEASURED,UNRESOLVED,NOT_CAPTURED,population_screening.csv,NORMAL_REFERENCE,NOT_CAPTURED_EXISTING_ARTIFACT_ONLY
endpoint::deepseek8b:seq128:forward:551:in_out_ptr0,ENDPOINT_UNIT,,deepseek8b:seq128:forward:551:in_out_ptr0,deepseek8b,128,forward:graph0:add_306,NOT_MEASURED,NOT_MEASURED,NOT_MEASURED,UNRESOLVED,NOT_CAPTURED,population_screening.csv,COHERENT_F_B_BIAS,NOT_CAPTURED_EXISTING_ARTIFACT_ONLY
endpoint::deepseek8b:seq128:forward:565:in_out_ptr0,ENDPOINT_UNIT,,deepseek8b:seq128:forward:565:in_out_ptr0,deepseek8b,128,forward:graph0:rsqrt_126,NOT_MEASURED,NOT_MEASURED,NOT_MEASURED,UNRESOLVED,NOT_CAPTURED,population_screening.csv,NORMAL_REFERENCE,NOT_CAPTURED_EXISTING_ARTIFACT_ONLY
endpoint::deepseek8b:seq128:forward:568:output_0,ENDPOINT_UNIT,,deepseek8b:seq128:forward:568:output_0,deepseek8b,128,forward:graph0:bmm_62,NOT_MEASURED,NOT_MEASURED,NOT_MEASURED,UNRESOLVED,NOT_CAPTURED,population_screening.csv,NORMAL_REFERENCE,NOT_CAPTURED_EXISTING_ARTIFACT_ONLY
endpoint::deepseek8b:seq128:forward:569:in_out_ptr0,ENDPOINT_UNIT,,deepseek8b:seq128:forward:569:in_out_ptr0,deepseek8b,128,forward:graph0:add_316,NOT_MEASURED,NOT_MEASURED,NOT_MEASURED,UNRESOLVED,NOT_CAPTURED,population_screening.csv,COHERENT_F_B_BIAS,NOT_CAPTURED_EXISTING_ARTIFACT_ONLY
endpoint::deepseek8b:seq128:forward:57:in_out_ptr1,ENDPOINT_UNIT,,deepseek8b:seq128:forward:57:in_out_ptr1,deepseek8b,128,forward:graph0:rsqrt_12,NOT_MEASURED,NOT_MEASURED,NOT_MEASURED,UNRESOLVED,NOT_CAPTURED,population_screening.csv,NORMAL_REFERENCE,NOT_CAPTURED_EXISTING_ARTIFACT_ONLY
endpoint::deepseek8b:seq128:forward:581:in_out_ptr0,ENDPOINT_UNIT,,deepseek8b:seq128:forward:581:in_out_ptr0,deepseek8b,128,forward:graph0:rsqrt_129,NOT_MEASURED,NOT_MEASURED,NOT_MEASURED,UNRESOLVED,NOT_CAPTURED,population_screening.csv,NORMAL_REFERENCE,NOT_CAPTURED_EXISTING_ARTIFACT_ONLY
endpoint::deepseek8b:seq128:forward:5:out_ptr2,ENDPOINT_UNIT,,deepseek8b:seq128:forward:5:out_ptr2,deepseek8b,128,forward:graph0:permute_1752,NOT_MEASURED,NOT_MEASURED,NOT_MEASURED,UNRESOLVED,NOT_CAPTURED,population_screening.csv,NORMAL_REFERENCE,NOT_CAPTURED_EXISTING_ARTIFACT_ONLY
endpoint::deepseek8b:seq128:forward:601:in_out_ptr0,ENDPOINT_UNIT,,deepseek8b:seq128:forward:601:in_out_ptr0,deepseek8b,128,forward:graph0:rsqrt_134,NOT_MEASURED,NOT_MEASURED,NOT_MEASURED,UNRESOLVED,NOT_CAPTURED,population_screening.csv,NORMAL_REFERENCE,NOT_CAPTURED_EXISTING_ARTIFACT_ONLY
endpoint::deepseek8b:seq128:forward:606:out_ptr0,ENDPOINT_UNIT,,deepseek8b:seq128:forward:606:out_ptr0,deepseek8b,128,forward:graph0:clone_135,NOT_MEASURED,NOT_MEASURED,NOT_MEASURED,UNRESOLVED,NOT_CAPTURED,population_screening.csv,NORMAL_REFERENCE,NOT_CAPTURED_EXISTING_ARTIFACT_ONLY
endpoint::deepseek8b:seq128:forward:617:in_out_ptr0,ENDPOINT_UNIT,,deepseek8b:seq128:forward:617:in_out_ptr0,deepseek8b,128,forward:graph0:rsqrt_137,NOT_MEASURED,NOT_MEASURED,NOT_MEASURED,UNRESOLVED,NOT_CAPTURED,population_screening.csv,NORMAL_REFERENCE,NOT_CAPTURED_EXISTING_ARTIFACT_ONLY
endpoint::deepseek8b:seq128:forward:619:in_out_ptr0,ENDPOINT_UNIT,,deepseek8b:seq128:forward:619:in_out_ptr0,deepseek8b,128,forward:graph0:rsqrt_138,NOT_MEASURED,NOT_MEASURED,NOT_MEASURED,UNRESOLVED,NOT_CAPTURED,population_screening.csv,COHERENT_F_B_BIAS,NOT_CAPTURED_EXISTING_ARTIFACT_ONLY
endpoint::deepseek8b:seq128:forward:637:in_out_ptr0,ENDPOINT_UNIT,,deepseek8b:seq128:forward:637:in_out_ptr0,deepseek8b,128,forward:graph0:rsqrt_142,NOT_MEASURED,NOT_MEASURED,NOT_MEASURED,UNRESOLVED,NOT_CAPTURED,population_screening.csv,NORMAL_REFERENCE,NOT_CAPTURED_EXISTING_ARTIFACT_ONLY
endpoint::deepseek8b:seq128:forward:639:out_ptr0,ENDPOINT_UNIT,,deepseek8b:seq128:forward:639:out_ptr0,deepseek8b,128,forward:graph0:clone_142,NOT_MEASURED,NOT_MEASURED,NOT_MEASURED,UNRESOLVED,NOT_CAPTURED,population_screening.csv,NORMAL_REFERENCE,NOT_CAPTURED_EXISTING_ARTIFACT_ONLY
endpoint::deepseek8b:seq128:forward:63:out_ptr0,ENDPOINT_UNIT,,deepseek8b:seq128:forward:63:out_ptr0,deepseek8b,128,forward:graph0:clone_14,NOT_MEASURED,NOT_MEASURED,NOT_MEASURED,UNRESOLVED,NOT_CAPTURED,population_screening.csv,NORMAL_REFERENCE,NOT_CAPTURED_EXISTING_ARTIFACT_ONLY
endpoint::deepseek8b:seq128:forward:64:output_0,ENDPOINT_UNIT,,deepseek8b:seq128:forward:64:output_0,deepseek8b,128,forward:graph0:bmm_6,NOT_MEASURED,NOT_MEASURED,NOT_MEASURED,UNRESOLVED,NOT_CAPTURED,population_screening.csv,NORMAL_REFERENCE,NOT_CAPTURED_EXISTING_ARTIFACT_ONLY
endpoint::deepseek8b:seq128:forward:65:in_out_ptr0,ENDPOINT_UNIT,,deepseek8b:seq128:forward:65:in_out_ptr0,deepseek8b,128,forward:graph0:add_36,NOT_MEASURED,NOT_MEASURED,NOT_MEASURED,UNRESOLVED,NOT_CAPTURED,population_screening.csv,NORMAL_REFERENCE,NOT_CAPTURED_EXISTING_ARTIFACT_ONLY
endpoint::deepseek8b:seq128:forward:70:in_out_ptr1,ENDPOINT_UNIT,,deepseek8b:seq128:forward:70:in_out_ptr1,deepseek8b,128,forward:graph0:rsqrt_15,NOT_MEASURED,NOT_MEASURED,NOT_MEASURED,UNRESOLVED,NOT_CAPTURED,population_screening.csv,NORMAL_REFERENCE,NOT_CAPTURED_EXISTING_ARTIFACT_ONLY
endpoint::deepseek8b:seq128:forward:75:in_out_ptr1,ENDPOINT_UNIT,,deepseek8b:seq128:forward:75:in_out_ptr1,deepseek8b,128,forward:graph0:rsqrt_16,NOT_MEASURED,NOT_MEASURED,NOT_MEASURED,UNRESOLVED,NOT_CAPTURED,population_screening.csv,NORMAL_REFERENCE,NOT_CAPTURED_EXISTING_ARTIFACT_ONLY
endpoint::deepseek8b:seq128:forward:7:in_out_ptr1,ENDPOINT_UNIT,,deepseek8b:seq128:forward:7:in_out_ptr1,deepseek8b,128,forward:graph0:add_5,NOT_MEASURED,NOT_MEASURED,NOT_MEASURED,UNRESOLVED,NOT_CAPTURED,population_screening.csv,NORMAL_REFERENCE,NOT_CAPTURED_EXISTING_ARTIFACT_ONLY
endpoint::deepseek8b:seq128:forward:81:out_ptr0,ENDPOINT_UNIT,,deepseek8b:seq128:forward:81:out_ptr0,deepseek8b,128,forward:graph0:clone_18,NOT_MEASURED,NOT_MEASURED,NOT_MEASURED,UNRESOLVED,NOT_CAPTURED,population_screening.csv,NORMAL_REFERENCE,NOT_CAPTURED_EXISTING_ARTIFACT_ONLY
endpoint::deepseek8b:seq128:forward:82:output_0,ENDPOINT_UNIT,,deepseek8b:seq128:forward:82:output_0,deepseek8b,128,forward:graph0:bmm_8,NOT_MEASURED,NOT_MEASURED,NOT_MEASURED,UNRESOLVED,NOT_CAPTURED,population_screening.csv,NORMAL_REFERENCE,NOT_CAPTURED_EXISTING_ARTIFACT_ONLY
endpoint::deepseek8b:seq128:forward:83:in_out_ptr0,ENDPOINT_UNIT,,deepseek8b:seq128:forward:83:in_out_ptr0,deepseek8b,128,forward:graph0:add_46,NOT_MEASURED,NOT_MEASURED,NOT_MEASURED,UNRESOLVED,NOT_CAPTURED,population_screening.csv,NORMAL_REFERENCE,NOT_CAPTURED_EXISTING_ARTIFACT_ONLY
endpoint::deepseek8b:seq128:forward:88:in_out_ptr1,ENDPOINT_UNIT,,deepseek8b:seq128:forward:88:in_out_ptr1,deepseek8b,128,forward:graph0:rsqrt_19,NOT_MEASURED,NOT_MEASURED,NOT_MEASURED,UNRESOLVED,NOT_CAPTURED,population_screening.csv,NORMAL_REFERENCE,NOT_CAPTURED_EXISTING_ARTIFACT_ONLY
endpoint::deepseek8b:seq128:forward:93:in_out_ptr1,ENDPOINT_UNIT,,deepseek8b:seq128:forward:93:in_out_ptr1,deepseek8b,128,forward:graph0:rsqrt_20,NOT_MEASURED,NOT_MEASURED,NOT_MEASURED,UNRESOLVED,NOT_CAPTURED,population_screening.csv,NORMAL_REFERENCE,NOT_CAPTURED_EXISTING_ARTIFACT_ONLY
endpoint::deepseek8b:seq128:forward:9:out_ptr0,ENDPOINT_UNIT,,deepseek8b:seq128:forward:9:out_ptr0,deepseek8b,128,forward:graph0:clone_2,NOT_MEASURED,NOT_MEASURED,NOT_MEASURED,UNRESOLVED,NOT_CAPTURED,population_screening.csv,NORMAL_REFERENCE,NOT_CAPTURED_EXISTING_ARTIFACT_ONLY
endpoint::deepseek8b:seq256:backward:1290:in_out_ptr0,ENDPOINT_UNIT,,deepseek8b:seq256:backward:1290:in_out_ptr0,deepseek8b,256,backward:graph0:mul_1282,NOT_MEASURED,NOT_MEASURED,NOT_MEASURED,UNRESOLVED,NOT_CAPTURED,population_screening.csv,NORMAL_REFERENCE,NOT_CAPTURED_EXISTING_ARTIFACT_ONLY
endpoint::deepseek8b:seq256:backward:1359:output_0,ENDPOINT_UNIT,,deepseek8b:seq256:backward:1359:output_0,deepseek8b,256,backward:graph0:bmm_148,NOT_MEASURED,NOT_MEASURED,NOT_MEASURED,UNRESOLVED,NOT_CAPTURED,population_screening.csv,NORMAL_REFERENCE,NOT_CAPTURED_EXISTING_ARTIFACT_ONLY
endpoint::deepseek8b:seq256:backward:1611:output_0,ENDPOINT_UNIT,,deepseek8b:seq256:backward:1611:output_0,deepseek8b,256,backward:graph0:bmm_176,NOT_MEASURED,NOT_MEASURED,NOT_MEASURED,UNRESOLVED,NOT_CAPTURED,population_screening.csv,NORMAL_REFERENCE,NOT_CAPTURED_EXISTING_ARTIFACT_ONLY
endpoint::deepseek8b:seq256:backward:658:output_0,ENDPOINT_UNIT,,deepseek8b:seq256:backward:658:output_0,deepseek8b,256,backward:graph0:mm_253,NOT_MEASURED,NOT_MEASURED,NOT_MEASURED,UNRESOLVED,NOT_CAPTURED,population_screening.csv,NORMAL_REFERENCE,NOT_CAPTURED_EXISTING_ARTIFACT_ONLY
endpoint::deepseek8b:seq256:backward:871:output_0,ENDPOINT_UNIT,,deepseek8b:seq256:backward:871:output_0,deepseek8b,256,backward:graph0:mm_338,NOT_MEASURED,NOT_MEASURED,NOT_MEASURED,UNRESOLVED,NOT_CAPTURED,population_screening.csv,COHERENT_F_B_BIAS,NOT_CAPTURED_EXISTING_ARTIFACT_ONLY
endpoint::deepseek8b:seq256:forward:0:in_out_ptr0,ENDPOINT_UNIT,,deepseek8b:seq256:forward:0:in_out_ptr0,deepseek8b,256,forward:graph0:rsqrt,NOT_MEASURED,NOT_MEASURED,NOT_MEASURED,UNRESOLVED,NOT_CAPTURED,population_screening.csv,NORMAL_REFERENCE,NOT_CAPTURED_EXISTING_ARTIFACT_ONLY
endpoint::deepseek8b:seq256:forward:100:output_0,ENDPOINT_UNIT,,deepseek8b:seq256:forward:100:output_0,deepseek8b,256,forward:graph0:bmm_10,NOT_MEASURED,NOT_MEASURED,NOT_MEASURED,UNRESOLVED,NOT_CAPTURED,population_screening.csv,NORMAL_REFERENCE,NOT_CAPTURED_EXISTING_ARTIFACT_ONLY
endpoint::deepseek8b:seq256:forward:101:in_out_ptr0,ENDPOINT_UNIT,,deepseek8b:seq256:forward:101:in_out_ptr0,deepseek8b,256,forward:graph0:add_56,NOT_MEASURED,NOT_MEASURED,NOT_MEASURED,UNRESOLVED,NOT_CAPTURED,population_screening.csv,NORMAL_REFERENCE,NOT_CAPTURED_EXISTING_ARTIFACT_ONLY
endpoint::deepseek8b:seq256:forward:106:in_out_ptr1,ENDPOINT_UNIT,,deepseek8b:seq256:forward:106:in_out_ptr1,deepseek8b,256,forward:graph0:rsqrt_23,NOT_MEASURED,NOT_MEASURED,NOT_MEASURED,UNRESOLVED,NOT_CAPTURED,population_screening.csv,NORMAL_REFERENCE,NOT_CAPTURED_EXISTING_ARTIFACT_ONLY
endpoint::deepseek8b:seq256:forward:10:output_0,ENDPOINT_UNIT,,deepseek8b:seq256:forward:10:output_0,deepseek8b,256,forward:graph0:bmm,NOT_MEASURED,NOT_MEASURED,NOT_MEASURED,UNRESOLVED,NOT_CAPTURED,population_screening.csv,NORMAL_REFERENCE,NOT_CAPTURED_EXISTING_ARTIFACT_ONLY
endpoint::deepseek8b:seq256:forward:111:in_out_ptr1,ENDPOINT_UNIT,,deepseek8b:seq256:forward:111:in_out_ptr1,deepseek8b,256,forward:graph0:rsqrt_24,NOT_MEASURED,NOT_MEASURED,NOT_MEASURED,UNRESOLVED,NOT_CAPTURED,population_screening.csv,NORMAL_REFERENCE,NOT_CAPTURED_EXISTING_ARTIFACT_ONLY
endpoint::deepseek8b:seq256:forward:117:out_ptr0,ENDPOINT_UNIT,,deepseek8b:seq256:forward:117:out_ptr0,deepseek8b,256,forward:graph0:clone_26,NOT_MEASURED,NOT_MEASURED,NOT_MEASURED,UNRESOLVED,NOT_CAPTURED,population_screening.csv,NORMAL_REFERENCE,NOT_CAPTURED_EXISTING_ARTIFACT_ONLY
endpoint::deepseek8b:seq256:forward:118:output_0,ENDPOINT_UNIT,,deepseek8b:seq256:forward:118:output_0,deepseek8b,256,forward:graph0:bmm_12,NOT_MEASURED,NOT_MEASURED,NOT_MEASURED,UNRESOLVED,NOT_CAPTURED,population_screening.csv,NORMAL_REFERENCE,NOT_CAPTURED_EXISTING_ARTIFACT_ONLY
endpoint::deepseek8b:seq256:forward:119:in_out_ptr0,ENDPOINT_UNIT,,deepseek8b:seq256:forward:119:in_out_ptr0,deepseek8b,256,forward:graph0:add_66,NOT_MEASURED,NOT_MEASURED,NOT_MEASURED,UNRESOLVED,NOT_CAPTURED,population_screening.csv,NORMAL_REFERENCE,NOT_CAPTURED_EXISTING_ARTIFACT_ONLY
endpoint::deepseek8b:seq256:forward:11:in_out_ptr0,ENDPOINT_UNIT,,deepseek8b:seq256:forward:11:in_out_ptr0,deepseek8b,256,forward:graph0:add_6,NOT_MEASURED,NOT_MEASURED,NOT_MEASURED,UNRESOLVED,NOT_CAPTURED,population_screening.csv,NORMAL_REFERENCE,NOT_CAPTURED_EXISTING_ARTIFACT_ONLY
endpoint::deepseek8b:seq256:forward:129:in_out_ptr1,ENDPOINT_UNIT,,deepseek8b:seq256:forward:129:in_out_ptr1,deepseek8b,256,forward:graph0:rsqrt_28,NOT_MEASURED,NOT_MEASURED,NOT_MEASURED,UNRESOLVED,NOT_CAPTURED,population_screening.csv,NORMAL_REFERENCE,NOT_CAPTURED_EXISTING_ARTIFACT_ONLY
endpoint::deepseek8b:seq256:forward:131:out_ptr2,ENDPOINT_UNIT,,deepseek8b:seq256:forward:131:out_ptr2,deepseek8b,256,forward:graph0:permute_1493,NOT_MEASURED,NOT_MEASURED,NOT_MEASURED,UNRESOLVED,NOT_CAPTURED,population_screening.csv,NORMAL_REFERENCE,NOT_CAPTURED_EXISTING_ARTIFACT_ONLY
endpoint::deepseek8b:seq256:forward:133:in_out_ptr1,ENDPOINT_UNIT,,deepseek8b:seq256:forward:133:in_out_ptr1,deepseek8b,256,forward:graph0:add_75,NOT_MEASURED,NOT_MEASURED,NOT_MEASURED,UNRESOLVED,NOT_CAPTURED,population_screening.csv,NORMAL_REFERENCE,NOT_CAPTURED_EXISTING_ARTIFACT_ONLY
endpoint::deepseek8b:seq256:forward:135:out_ptr0,ENDPOINT_UNIT,,deepseek8b:seq256:forward:135:out_ptr0,deepseek8b,256,forward:graph0:clone_30,NOT_MEASURED,NOT_MEASURED,NOT_MEASURED,UNRESOLVED,NOT_CAPTURED,population_screening.csv,NORMAL_REFERENCE,NOT_CAPTURED_EXISTING_ARTIFACT_ONLY
endpoint::deepseek8b:seq256:forward:136:output_0,ENDPOINT_UNIT,,deepseek8b:seq256:forward:136:output_0,deepseek8b,256,forward:graph0:bmm_14,NOT_MEASURED,NOT_MEASURED,NOT_MEASURED,UNRESOLVED,NOT_CAPTURED,population_screening.csv,NORMAL_REFERENCE,NOT_CAPTURED_EXISTING_ARTIFACT_ONLY
endpoint::deepseek8b:seq256:forward:137:in_out_ptr0,ENDPOINT_UNIT,,deepseek8b:seq256:forward:137:in_out_ptr0,deepseek8b,256,forward:graph0:add_76,NOT_MEASURED,NOT_MEASURED,NOT_MEASURED,UNRESOLVED,NOT_CAPTURED,population_screening.csv,NORMAL_REFERENCE,NOT_CAPTURED_EXISTING_ARTIFACT_ONLY
endpoint::deepseek8b:seq256:forward:142:in_out_ptr1,ENDPOINT_UNIT,,deepseek8b:seq256:forward:142:in_out_ptr1,deepseek8b,256,forward:graph0:rsqrt_31,NOT_MEASURED,NOT_MEASURED,NOT_MEASURED,UNRESOLVED,NOT_CAPTURED,population_screening.csv,NORMAL_REFERENCE,NOT_CAPTURED_EXISTING_ARTIFACT_ONLY
endpoint::deepseek8b:seq256:forward:147:in_out_ptr1,ENDPOINT_UNIT,,deepseek8b:seq256:forward:147:in_out_ptr1,deepseek8b,256,forward:graph0:rsqrt_32,NOT_MEASURED,NOT_MEASURED,NOT_MEASURED,UNRESOLVED,NOT_CAPTURED,population_screening.csv,NORMAL_REFERENCE,NOT_CAPTURED_EXISTING_ARTIFACT_ONLY
endpoint::deepseek8b:seq256:forward:151:in_out_ptr0,ENDPOINT_UNIT,,deepseek8b:seq256:forward:151:in_out_ptr0,deepseek8b,256,forward:graph0:rsqrt_34,NOT_MEASURED,NOT_MEASURED,NOT_MEASURED,UNRESOLVED,NOT_CAPTURED,population_screening.csv,NORMAL_REFERENCE,NOT_CAPTURED_EXISTING_ARTIFACT_ONLY
endpoint::deepseek8b:seq256:forward:154:output_0,ENDPOINT_UNIT,,deepseek8b:seq256:forward:154:output_0,deepseek8b,256,forward:graph0:bmm_16,NOT_MEASURED,NOT_MEASURED,NOT_MEASURED,UNRESOLVED,NOT_CAPTURED,population_screening.csv,NORMAL_REFERENCE,NOT_CAPTURED_EXISTING_ARTIFACT_ONLY
endpoint::deepseek8b:seq256:forward:155:in_out_ptr0,ENDPOINT_UNIT,,deepseek8b:seq256:forward:155:in_out_ptr0,deepseek8b,256,forward:graph0:add_86,NOT_MEASURED,NOT_MEASURED,NOT_MEASURED,UNRESOLVED,NOT_CAPTURED,population_screening.csv,NORMAL_REFERENCE,NOT_CAPTURED_EXISTING_ARTIFACT_ONLY
endpoint::deepseek8b:seq256:forward:159:output_0,ENDPOINT_UNIT,,deepseek8b:seq256:forward:159:output_0,deepseek8b,256,forward:graph0:mm_59,NOT_MEASURED,NOT_MEASURED,NOT_MEASURED,UNRESOLVED,NOT_CAPTURED,population_screening.csv,NORMAL_REFERENCE,NOT_CAPTURED_EXISTING_ARTIFACT_ONLY
endpoint::deepseek8b:seq256:forward:160:in_out_ptr1,ENDPOINT_UNIT,,deepseek8b:seq256:forward:160:in_out_ptr1,deepseek8b,256,forward:graph0:rsqrt_35,NOT_MEASURED,NOT_MEASURED,NOT_MEASURED,UNRESOLVED,NOT_CAPTURED,population_screening.csv,NORMAL_REFERENCE,NOT_CAPTURED_EXISTING_ARTIFACT_ONLY
endpoint::deepseek8b:seq256:forward:161:output_0,ENDPOINT_UNIT,,deepseek8b:seq256:forward:161:output_0,deepseek8b,256,forward:graph0:mm_60,NOT_MEASURED,NOT_MEASURED,NOT_MEASURED,UNRESOLVED,NOT_CAPTURED,population_screening.csv,NORMAL_REFERENCE,NOT_CAPTURED_EXISTING_ARTIFACT_ONLY
endpoint::deepseek8b:seq256:forward:162:output_0,ENDPOINT_UNIT,,deepseek8b:seq256:forward:162:output_0,deepseek8b,256,forward:graph0:mm_61,NOT_MEASURED,NOT_MEASURED,NOT_MEASURED,UNRESOLVED,NOT_CAPTURED,population_screening.csv,NORMAL_REFERENCE,NOT_CAPTURED_EXISTING_ARTIFACT_ONLY
endpoint::deepseek8b:seq256:forward:165:in_out_ptr1,ENDPOINT_UNIT,,deepseek8b:seq256:forward:165:in_out_ptr1,deepseek8b,256,forward:graph0:rsqrt_36,NOT_MEASURED,NOT_MEASURED,NOT_MEASURED,UNRESOLVED,NOT_CAPTURED,population_screening.csv,NORMAL_REFERENCE,NOT_CAPTURED_EXISTING_ARTIFACT_ONLY
endpoint::deepseek8b:seq256:forward:166:output_0,ENDPOINT_UNIT,,deepseek8b:seq256:forward:166:output_0,deepseek8b,256,forward:graph0:mm_63,NOT_MEASURED,NOT_MEASURED,NOT_MEASURED,UNRESOLVED,NOT_CAPTURED,population_screening.csv,NORMAL_REFERENCE,NOT_CAPTURED_EXISTING_ARTIFACT_ONLY
endpoint::deepseek8b:seq256:forward:167:in_out_ptr0,ENDPOINT_UNIT,,deepseek8b:seq256:forward:167:in_out_ptr0,deepseek8b,256,forward:graph0:rsqrt_37,NOT_MEASURED,NOT_MEASURED,NOT_MEASURED,UNRESOLVED,NOT_CAPTURED,population_screening.csv,NORMAL_REFERENCE,NOT_CAPTURED_EXISTING_ARTIFACT_ONLY
endpoint::deepseek8b:seq256:forward:167:out_ptr2,ENDPOINT_UNIT,,deepseek8b:seq256:forward:167:out_ptr2,deepseek8b,256,forward:graph0:permute_1419,NOT_MEASURED,NOT_MEASURED,NOT_MEASURED,UNRESOLVED,NOT_CAPTURED,population_screening.csv,NORMAL_REFERENCE,NOT_CAPTURED_EXISTING_ARTIFACT_ONLY
endpoint::deepseek8b:seq256:forward:168:output_0,ENDPOINT_UNIT,,deepseek8b:seq256:forward:168:output_0,deepseek8b,256,forward:graph0:mm_64,NOT_MEASURED,NOT_MEASURED,NOT_MEASURED,UNRESOLVED,NOT_CAPTURED,population_screening.csv,NORMAL_REFERENCE,NOT_CAPTURED_EXISTING_ARTIFACT_ONLY
endpoint::deepseek8b:seq256:forward:169:in_out_ptr0,ENDPOINT_UNIT,,deepseek8b:seq256:forward:169:in_out_ptr0,deepseek8b,256,forward:graph0:rsqrt_38,NOT_MEASURED,NOT_MEASURED,NOT_MEASURED,UNRESOLVED,NOT_CAPTURED,population_screening.csv,NORMAL_REFERENCE,NOT_CAPTURED_EXISTING_ARTIFACT_ONLY
endpoint::deepseek8b:seq256:forward:16:in_out_ptr0,ENDPOINT_UNIT,,deepseek8b:seq256:forward:16:in_out_ptr0,deepseek8b,256,forward:graph0:rsqrt_3,NOT_MEASURED,NOT_MEASURED,NOT_MEASURED,UNRESOLVED,NOT_CAPTURED,population_screening.csv,NORMAL_REFERENCE,NOT_CAPTURED_EXISTING_ARTIFACT_ONLY
endpoint::deepseek8b:seq256:forward:170:output_0,ENDPOINT_UNIT,,deepseek8b:seq256:forward:170:output_0,deepseek8b,256,forward:graph0:mm_65,NOT_MEASURED,NOT_MEASURED,NOT_MEASURED,UNRESOLVED,NOT_CAPTURED,population_screening.csv,NORMAL_REFERENCE,NOT_CAPTURED_EXISTING_ARTIFACT_ONLY
endpoint::deepseek8b:seq256:forward:172:output_0,ENDPOINT_UNIT,,deepseek8b:seq256:forward:172:output_0,deepseek8b,256,forward:graph0:bmm_18,NOT_MEASURED,NOT_MEASURED,NOT_MEASURED,UNRESOLVED,NOT_CAPTURED,population_screening.csv,NORMAL_REFERENCE,NOT_CAPTURED_EXISTING_ARTIFACT_ONLY
endpoint::deepseek8b:seq256:forward:173:in_out_ptr0,ENDPOINT_UNIT,,deepseek8b:seq256:forward:173:in_out_ptr0,deepseek8b,256,forward:graph0:add_96,NOT_MEASURED,NOT_MEASURED,NOT_MEASURED,UNRESOLVED,NOT_CAPTURED,population_screening.csv,NORMAL_REFERENCE,NOT_CAPTURED_EXISTING_ARTIFACT_ONLY
endpoint::deepseek8b:seq256:forward:175:output_0,ENDPOINT_UNIT,,deepseek8b:seq256:forward:175:output_0,deepseek8b,256,forward:graph0:bmm_19,NOT_MEASURED,NOT_MEASURED,NOT_MEASURED,UNRESOLVED,NOT_CAPTURED,population_screening.csv,NORMAL_REFERENCE,NOT_CAPTURED_EXISTING_ARTIFACT_ONLY
endpoint::deepseek8b:seq256:forward:177:output_0,ENDPOINT_UNIT,,deepseek8b:seq256:forward:177:output_0,deepseek8b,256,forward:graph0:mm_66,NOT_MEASURED,NOT_MEASURED,NOT_MEASURED,UNRESOLVED,NOT_CAPTURED,population_screening.csv,NORMAL_REFERENCE,NOT_CAPTURED_EXISTING_ARTIFACT_ONLY
endpoint::deepseek8b:seq256:forward:178:in_out_ptr1,ENDPOINT_UNIT,,deepseek8b:seq256:forward:178:in_out_ptr1,deepseek8b,256,forward:graph0:rsqrt_39,NOT_MEASURED,NOT_MEASURED,NOT_MEASURED,UNRESOLVED,NOT_CAPTURED,population_screening.csv,NORMAL_REFERENCE,NOT_CAPTURED_EXISTING_ARTIFACT_ONLY
endpoint::deepseek8b:seq256:forward:187:in_out_ptr1,ENDPOINT_UNIT,,deepseek8b:seq256:forward:187:in_out_ptr1,deepseek8b,256,forward:graph0:add_105,NOT_MEASURED,NOT_MEASURED,NOT_MEASURED,UNRESOLVED,NOT_CAPTURED,population_screening.csv,NORMAL_REFERENCE,NOT_CAPTURED_EXISTING_ARTIFACT_ONLY
endpoint::deepseek8b:seq256:forward:190:output_0,ENDPOINT_UNIT,,deepseek8b:seq256:forward:190:output_0,deepseek8b,256,forward:graph0:bmm_20,NOT_MEASURED,NOT_MEASURED,NOT_MEASURED,UNRESOLVED,NOT_CAPTURED,population_screening.csv,NORMAL_REFERENCE,NOT_CAPTURED_EXISTING_ARTIFACT_ONLY
endpoint::deepseek8b:seq256:forward:191:in_out_ptr0,ENDPOINT_UNIT,,deepseek8b:seq256:forward:191:in_out_ptr0,deepseek8b,256,forward:graph0:add_106,NOT_MEASURED,NOT_MEASURED,NOT_MEASURED,UNRESOLVED,NOT_CAPTURED,population_screening.csv,NORMAL_REFERENCE,NOT_CAPTURED_EXISTING_ARTIFACT_ONLY
endpoint::deepseek8b:seq256:forward:193:output_0,ENDPOINT_UNIT,,deepseek8b:seq256:forward:193:output_0,deepseek8b,256,forward:graph0:bmm_21,NOT_MEASURED,NOT_MEASURED,NOT_MEASURED,UNRESOLVED,NOT_CAPTURED,population_screening.csv,NORMAL_REFERENCE,NOT_CAPTURED_EXISTING_ARTIFACT_ONLY
endpoint::deepseek8b:seq256:forward:196:in_out_ptr1,ENDPOINT_UNIT,,deepseek8b:seq256:forward:196:in_out_ptr1,deepseek8b,256,forward:graph0:rsqrt_43,NOT_MEASURED,NOT_MEASURED,NOT_MEASURED,UNRESOLVED,NOT_CAPTURED,population_screening.csv,NORMAL_REFERENCE,NOT_CAPTURED_EXISTING_ARTIFACT_ONLY
endpoint::deepseek8b:seq256:forward:201:in_out_ptr1,ENDPOINT_UNIT,,deepseek8b:seq256:forward:201:in_out_ptr1,deepseek8b,256,forward:graph0:rsqrt_44,NOT_MEASURED,NOT_MEASURED,NOT_MEASURED,UNRESOLVED,NOT_CAPTURED,population_screening.csv,NORMAL_REFERENCE,NOT_CAPTURED_EXISTING_ARTIFACT_ONLY
endpoint::deepseek8b:seq256:forward:203:out_ptr2,ENDPOINT_UNIT,,deepseek8b:seq256:forward:203:out_ptr2,deepseek8b,256,forward:graph0:permute_1345,NOT_MEASURED,NOT_MEASURED,NOT_MEASURED,UNRESOLVED,NOT_CAPTURED,population_screening.csv,NORMAL_REFERENCE,NOT_CAPTURED_EXISTING_ARTIFACT_ONLY
endpoint::deepseek8b:seq256:forward:208:output_0,ENDPOINT_UNIT,,deepseek8b:seq256:forward:208:output_0,deepseek8b,256,forward:graph0:bmm_22,NOT_MEASURED,NOT_MEASURED,NOT_MEASURED,UNRESOLVED,NOT_CAPTURED,population_screening.csv,NORMAL_REFERENCE,NOT_CAPTURED_EXISTING_ARTIFACT_ONLY
endpoint::deepseek8b:seq256:forward:209:in_out_ptr0,ENDPOINT_UNIT,,deepseek8b:seq256:forward:209:in_out_ptr0,deepseek8b,256,forward:graph0:add_116,NOT_MEASURED,NOT_MEASURED,NOT_MEASURED,UNRESOLVED,NOT_CAPTURED,population_screening.csv,NORMAL_REFERENCE,NOT_CAPTURED_EXISTING_ARTIFACT_ONLY
endpoint::deepseek8b:seq256:forward:211:output_0,ENDPOINT_UNIT,,deepseek8b:seq256:forward:211:output_0,deepseek8b,256,forward:graph0:bmm_23,NOT_MEASURED,NOT_MEASURED,NOT_MEASURED,UNRESOLVED,NOT_CAPTURED,population_screening.csv,NORMAL_REFERENCE,NOT_CAPTURED_EXISTING_ARTIFACT_ONLY
endpoint::deepseek8b:seq256:forward:212:out_ptr0,ENDPOINT_UNIT,,deepseek8b:seq256:forward:212:out_ptr0,deepseek8b,256,forward:graph0:clone_49,NOT_MEASURED,NOT_MEASURED,NOT_MEASURED,UNRESOLVED,NOT_CAPTURED,population_screening.csv,NORMAL_REFERENCE,NOT_CAPTURED_EXISTING_ARTIFACT_ONLY
endpoint::deepseek8b:seq256:forward:213:output_0,ENDPOINT_UNIT,,deepseek8b:seq256:forward:213:output_0,deepseek8b,256,forward:graph0:mm_80,NOT_MEASURED,NOT_MEASURED,NOT_MEASURED,UNRESOLVED,NOT_CAPTURED,population_screening.csv,NORMAL_REFERENCE,NOT_CAPTURED_EXISTING_ARTIFACT_ONLY
endpoint::deepseek8b:seq256:forward:219:in_out_ptr1,ENDPOINT_UNIT,,deepseek8b:seq256:forward:219:in_out_ptr1,deepseek8b,256,forward:graph0:rsqrt_48,NOT_MEASURED,NOT_MEASURED,NOT_MEASURED,UNRESOLVED,NOT_CAPTURED,population_screening.csv,NORMAL_REFERENCE,NOT_CAPTURED_EXISTING_ARTIFACT_ONLY
endpoint::deepseek8b:seq256:forward:21:in_out_ptr1,ENDPOINT_UNIT,,deepseek8b:seq256:forward:21:in_out_ptr1,deepseek8b,256,forward:graph0:rsqrt_4,NOT_MEASURED,NOT_MEASURED,NOT_MEASURED,UNRESOLVED,NOT_CAPTURED,population_screening.csv,NORMAL_REFERENCE,NOT_CAPTURED_EXISTING_ARTIFACT_ONLY
endpoint::deepseek8b:seq256:forward:226:output_0,ENDPOINT_UNIT,,deepseek8b:seq256:forward:226:output_0,deepseek8b,256,forward:graph0:bmm_24,NOT_MEASURED,NOT_MEASURED,NOT_MEASURED,UNRESOLVED,NOT_CAPTURED,population_screening.csv,NORMAL_REFERENCE,NOT_CAPTURED_EXISTING_ARTIFACT_ONLY
endpoint::deepseek8b:seq256:forward:227:in_out_ptr0,ENDPOINT_UNIT,,deepseek8b:seq256:forward:227:in_out_ptr0,deepseek8b,256,forward:graph0:add_126,NOT_MEASURED,NOT_MEASURED,NOT_MEASURED,UNRESOLVED,NOT_CAPTURED,population_screening.csv,NORMAL_REFERENCE,NOT_CAPTURED_EXISTING_ARTIFACT_ONLY
endpoint::deepseek8b:seq256:forward:22:output_0,ENDPOINT_UNIT,,deepseek8b:seq256:forward:22:output_0,deepseek8b,256,forward:graph0:mm_7,NOT_MEASURED,NOT_MEASURED,NOT_MEASURED,UNRESOLVED,NOT_CAPTURED,population_screening.csv,NORMAL_REFERENCE,NOT_CAPTURED_EXISTING_ARTIFACT_ONLY
endpoint::deepseek8b:seq256:forward:232:in_out_ptr1,ENDPOINT_UNIT,,deepseek8b:seq256:forward:232:in_out_ptr1,deepseek8b,256,forward:graph0:rsqrt_51,NOT_MEASURED,NOT_MEASURED,NOT_MEASURED,UNRESOLVED,NOT_CAPTURED,population_screening.csv,NORMAL_REFERENCE,NOT_CAPTURED_EXISTING_ARTIFACT_ONLY
endpoint::deepseek8b:seq256:forward:23:out_ptr2,ENDPOINT_UNIT,,deepseek8b:seq256:forward:23:out_ptr2,deepseek8b,256,forward:graph0:permute_1715,NOT_MEASURED,NOT_MEASURED,NOT_MEASURED,UNRESOLVED,NOT_CAPTURED,population_screening.csv,NORMAL_REFERENCE,NOT_CAPTURED_EXISTING_ARTIFACT_ONLY
endpoint::deepseek8b:seq256:forward:244:output_0,ENDPOINT_UNIT,,deepseek8b:seq256:forward:244:output_0,deepseek8b,256,forward:graph0:bmm_26,NOT_MEASURED,NOT_MEASURED,NOT_MEASURED,UNRESOLVED,NOT_CAPTURED,population_screening.csv,NORMAL_REFERENCE,NOT_CAPTURED_EXISTING_ARTIFACT_ONLY
endpoint::deepseek8b:seq256:forward:245:in_out_ptr0,ENDPOINT_UNIT,,deepseek8b:seq256:forward:245:in_out_ptr0,deepseek8b,256,forward:graph0:add_136,NOT_MEASURED,NOT_MEASURED,NOT_MEASURED,UNRESOLVED,NOT_CAPTURED,population_screening.csv,NORMAL_REFERENCE,NOT_CAPTURED_EXISTING_ARTIFACT_ONLY
endpoint::deepseek8b:seq256:forward:25:in_out_ptr1,ENDPOINT_UNIT,,deepseek8b:seq256:forward:25:in_out_ptr1,deepseek8b,256,forward:graph0:add_15,NOT_MEASURED,NOT_MEASURED,NOT_MEASURED,UNRESOLVED,NOT_CAPTURED,population_screening.csv,NORMAL_REFERENCE,NOT_CAPTURED_EXISTING_ARTIFACT_ONLY
endpoint::deepseek8b:seq256:forward:268:in_out_ptr1,ENDPOINT_UNIT,,deepseek8b:seq256:forward:268:in_out_ptr1,deepseek8b,256,forward:graph0:rsqrt_59,NOT_MEASURED,NOT_MEASURED,NOT_MEASURED,UNRESOLVED,NOT_CAPTURED,population_screening.csv,NORMAL_REFERENCE,NOT_CAPTURED_EXISTING_ARTIFACT_ONLY
endpoint::deepseek8b:seq256:forward:27:out_ptr0,ENDPOINT_UNIT,,deepseek8b:seq256:forward:27:out_ptr0,deepseek8b,256,forward:graph0:clone_6,NOT_MEASURED,NOT_MEASURED,NOT_MEASURED,UNRESOLVED,NOT_CAPTURED,population_screening.csv,NORMAL_REFERENCE,NOT_CAPTURED_EXISTING_ARTIFACT_ONLY
endpoint::deepseek8b:seq256:forward:280:output_0,ENDPOINT_UNIT,,deepseek8b:seq256:forward:280:output_0,deepseek8b,256,forward:graph0:bmm_30,NOT_MEASURED,NOT_MEASURED,NOT_MEASURED,UNRESOLVED,NOT_CAPTURED,population_screening.csv,NORMAL_REFERENCE,NOT_CAPTURED_EXISTING_ARTIFACT_ONLY
endpoint::deepseek8b:seq256:forward:281:in_out_ptr0,ENDPOINT_UNIT,,deepseek8b:seq256:forward:281:in_out_ptr0,deepseek8b,256,forward:graph0:add_156,NOT_MEASURED,NOT_MEASURED,NOT_MEASURED,UNRESOLVED,NOT_CAPTURED,population_screening.csv,NORMAL_REFERENCE,NOT_CAPTURED_EXISTING_ARTIFACT_ONLY
endpoint::deepseek8b:seq256:forward:28:output_0,ENDPOINT_UNIT,,deepseek8b:seq256:forward:28:output_0,deepseek8b,256,forward:graph0:bmm_2,NOT_MEASURED,NOT_MEASURED,NOT_MEASURED,UNRESOLVED,NOT_CAPTURED,population_screening.csv,NORMAL_REFERENCE,NOT_CAPTURED_EXISTING_ARTIFACT_ONLY
endpoint::deepseek8b:seq256:forward:29:in_out_ptr0,ENDPOINT_UNIT,,deepseek8b:seq256:forward:29:in_out_ptr0,deepseek8b,256,forward:graph0:add_16,NOT_MEASURED,NOT_MEASURED,NOT_MEASURED,UNRESOLVED,NOT_CAPTURED,population_screening.csv,NORMAL_REFERENCE,NOT_CAPTURED_EXISTING_ARTIFACT_ONLY
endpoint::deepseek8b:seq256:forward:316:output_0,ENDPOINT_UNIT,,deepseek8b:seq256:forward:316:output_0,deepseek8b,256,forward:graph0:bmm_34,NOT_MEASURED,NOT_MEASURED,NOT_MEASURED,UNRESOLVED,NOT_CAPTURED,population_screening.csv,NORMAL_REFERENCE,NOT_CAPTURED_EXISTING_ARTIFACT_ONLY
endpoint::deepseek8b:seq256:forward:317:in_out_ptr0,ENDPOINT_UNIT,,deepseek8b:seq256:forward:317:in_out_ptr0,deepseek8b,256,forward:graph0:add_176,NOT_MEASURED,NOT_MEASURED,NOT_MEASURED,UNRESOLVED,NOT_CAPTURED,population_screening.csv,COHERENT_F_B_BIAS,NOT_CAPTURED_EXISTING_ARTIFACT_ONLY
endpoint::deepseek8b:seq256:forward:334:output_0,ENDPOINT_UNIT,,deepseek8b:seq256:forward:334:output_0,deepseek8b,256,forward:graph0:bmm_36,NOT_MEASURED,NOT_MEASURED,NOT_MEASURED,UNRESOLVED,NOT_CAPTURED,population_screening.csv,NORMAL_REFERENCE,NOT_CAPTURED_EXISTING_ARTIFACT_ONLY
endpoint::deepseek8b:seq256:forward:347:in_out_ptr0,ENDPOINT_UNIT,,deepseek8b:seq256:forward:347:in_out_ptr0,deepseek8b,256,forward:graph0:rsqrt_77,NOT_MEASURED,NOT_MEASURED,NOT_MEASURED,UNRESOLVED,NOT_CAPTURED,population_screening.csv,NORMAL_REFERENCE,NOT_CAPTURED_EXISTING_ARTIFACT_ONLY
endpoint::deepseek8b:seq256:forward:34:in_out_ptr1,ENDPOINT_UNIT,,deepseek8b:seq256:forward:34:in_out_ptr1,deepseek8b,256,forward:graph0:rsqrt_7,NOT_MEASURED,NOT_MEASURED,NOT_MEASURED,UNRESOLVED,NOT_CAPTURED,population_screening.csv,NORMAL_REFERENCE,NOT_CAPTURED_EXISTING_ARTIFACT_ONLY
endpoint::deepseek8b:seq256:forward:352:output_0,ENDPOINT_UNIT,,deepseek8b:seq256:forward:352:output_0,deepseek8b,256,forward:graph0:bmm_38,NOT_MEASURED,NOT_MEASURED,NOT_MEASURED,UNRESOLVED,NOT_CAPTURED,population_screening.csv,NORMAL_REFERENCE,NOT_CAPTURED_EXISTING_ARTIFACT_ONLY
endpoint::deepseek8b:seq256:forward:353:in_out_ptr0,ENDPOINT_UNIT,,deepseek8b:seq256:forward:353:in_out_ptr0,deepseek8b,256,forward:graph0:add_196,NOT_MEASURED,NOT_MEASURED,NOT_MEASURED,UNRESOLVED,NOT_CAPTURED,population_screening.csv,NORMAL_REFERENCE,NOT_CAPTURED_EXISTING_ARTIFACT_ONLY
endpoint::deepseek8b:seq256:forward:367:in_out_ptr0,ENDPOINT_UNIT,,deepseek8b:seq256:forward:367:in_out_ptr0,deepseek8b,256,forward:graph0:rsqrt_82,NOT_MEASURED,NOT_MEASURED,NOT_MEASURED,UNRESOLVED,NOT_CAPTURED,population_screening.csv,NORMAL_REFERENCE,NOT_CAPTURED_EXISTING_ARTIFACT_ONLY
endpoint::deepseek8b:seq256:forward:370:output_0,ENDPOINT_UNIT,,deepseek8b:seq256:forward:370:output_0,deepseek8b,256,forward:graph0:bmm_40,NOT_MEASURED,NOT_MEASURED,NOT_MEASURED,UNRESOLVED,NOT_CAPTURED,population_screening.csv,NORMAL_REFERENCE,NOT_CAPTURED_EXISTING_ARTIFACT_ONLY
endpoint::deepseek8b:seq256:forward:39:in_out_ptr1,ENDPOINT_UNIT,,deepseek8b:seq256:forward:39:in_out_ptr1,deepseek8b,256,forward:graph0:rsqrt_8,NOT_MEASURED,NOT_MEASURED,NOT_MEASURED,UNRESOLVED,NOT_CAPTURED,population_screening.csv,NORMAL_REFERENCE,NOT_CAPTURED_EXISTING_ARTIFACT_ONLY
endpoint::deepseek8b:seq256:forward:406:output_0,ENDPOINT_UNIT,,deepseek8b:seq256:forward:406:output_0,deepseek8b,256,forward:graph0:bmm_44,NOT_MEASURED,NOT_MEASURED,NOT_MEASURED,UNRESOLVED,NOT_CAPTURED,population_screening.csv,NORMAL_REFERENCE,NOT_CAPTURED_EXISTING_ARTIFACT_ONLY
endpoint::deepseek8b:seq256:forward:407:in_out_ptr0,ENDPOINT_UNIT,,deepseek8b:seq256:forward:407:in_out_ptr0,deepseek8b,256,forward:graph0:add_226,NOT_MEASURED,NOT_MEASURED,NOT_MEASURED,UNRESOLVED,NOT_CAPTURED,population_screening.csv,NORMAL_REFERENCE,NOT_CAPTURED_EXISTING_ARTIFACT_ONLY
endpoint::deepseek8b:seq256:forward:424:output_0,ENDPOINT_UNIT,,deepseek8b:seq256:forward:424:output_0,deepseek8b,256,forward:graph0:bmm_46,NOT_MEASURED,NOT_MEASURED,NOT_MEASURED,UNRESOLVED,NOT_CAPTURED,population_screening.csv,NORMAL_REFERENCE,NOT_CAPTURED_EXISTING_ARTIFACT_ONLY
endpoint::deepseek8b:seq256:forward:439:in_out_ptr0,ENDPOINT_UNIT,,deepseek8b:seq256:forward:439:in_out_ptr0,deepseek8b,256,forward:graph0:rsqrt_98,NOT_MEASURED,NOT_MEASURED,NOT_MEASURED,UNRESOLVED,NOT_CAPTURED,population_screening.csv,NORMAL_REFERENCE,NOT_CAPTURED_EXISTING_ARTIFACT_ONLY
endpoint::deepseek8b:seq256:forward:43:in_out_ptr1,ENDPOINT_UNIT,,deepseek8b:seq256:forward:43:in_out_ptr1,deepseek8b,256,forward:graph0:add_25,NOT_MEASURED,NOT_MEASURED,NOT_MEASURED,UNRESOLVED,NOT_CAPTURED,population_screening.csv,NORMAL_REFERENCE,NOT_CAPTURED_EXISTING_ARTIFACT_ONLY
endpoint::deepseek8b:seq256:forward:460:output_0,ENDPOINT_UNIT,,deepseek8b:seq256:forward:460:output_0,deepseek8b,256,forward:graph0:bmm_50,NOT_MEASURED,NOT_MEASURED,NOT_MEASURED,UNRESOLVED,NOT_CAPTURED,population_screening.csv,COHERENT_F_B_BIAS,NOT_CAPTURED_EXISTING_ARTIFACT_ONLY
endpoint::deepseek8b:seq256:forward:461:in_out_ptr0,ENDPOINT_UNIT,,deepseek8b:seq256:forward:461:in_out_ptr0,deepseek8b,256,forward:graph0:add_256,NOT_MEASURED,NOT_MEASURED,NOT_MEASURED,UNRESOLVED,NOT_CAPTURED,population_screening.csv,COHERENT_F_B_BIAS,NOT_CAPTURED_EXISTING_ARTIFACT_ONLY
endpoint::deepseek8b:seq256:forward:46:output_0,ENDPOINT_UNIT,,deepseek8b:seq256:forward:46:output_0,deepseek8b,256,forward:graph0:bmm_4,NOT_MEASURED,NOT_MEASURED,NOT_MEASURED,UNRESOLVED,NOT_CAPTURED,population_screening.csv,NORMAL_REFERENCE,NOT_CAPTURED_EXISTING_ARTIFACT_ONLY
endpoint::deepseek8b:seq256:forward:475:in_out_ptr0,ENDPOINT_UNIT,,deepseek8b:seq256:forward:475:in_out_ptr0,deepseek8b,256,forward:graph0:rsqrt_106,NOT_MEASURED,NOT_MEASURED,NOT_MEASURED,UNRESOLVED,NOT_CAPTURED,population_screening.csv,NORMAL_REFERENCE,NOT_CAPTURED_EXISTING_ARTIFACT_ONLY
endpoint::deepseek8b:seq256:forward:479:in_out_ptr0,ENDPOINT_UNIT,,deepseek8b:seq256:forward:479:in_out_ptr0,deepseek8b,256,forward:graph0:add_266,NOT_MEASURED,NOT_MEASURED,NOT_MEASURED,UNRESOLVED,NOT_CAPTURED,population_screening.csv,NORMAL_REFERENCE,NOT_CAPTURED_EXISTING_ARTIFACT_ONLY
endpoint::deepseek8b:seq256:forward:47:in_out_ptr0,ENDPOINT_UNIT,,deepseek8b:seq256:forward:47:in_out_ptr0,deepseek8b,256,forward:graph0:add_26,NOT_MEASURED,NOT_MEASURED,NOT_MEASURED,UNRESOLVED,NOT_CAPTURED,population_screening.csv,NORMAL_REFERENCE,NOT_CAPTURED_EXISTING_ARTIFACT_ONLY
endpoint::deepseek8b:seq256:forward:493:in_out_ptr0,ENDPOINT_UNIT,,deepseek8b:seq256:forward:493:in_out_ptr0,deepseek8b,256,forward:graph0:rsqrt_110,NOT_MEASURED,NOT_MEASURED,NOT_MEASURED,UNRESOLVED,NOT_CAPTURED,population_screening.csv,NORMAL_REFERENCE,NOT_CAPTURED_EXISTING_ARTIFACT_ONLY
endpoint::deepseek8b:seq256:forward:529:in_out_ptr0,ENDPOINT_UNIT,,deepseek8b:seq256:forward:529:in_out_ptr0,deepseek8b,256,forward:graph0:rsqrt_118,NOT_MEASURED,NOT_MEASURED,NOT_MEASURED,UNRESOLVED,NOT_CAPTURED,population_screening.csv,NORMAL_REFERENCE,NOT_CAPTURED_EXISTING_ARTIFACT_ONLY
endpoint::deepseek8b:seq256:forward:52:in_out_ptr1,ENDPOINT_UNIT,,deepseek8b:seq256:forward:52:in_out_ptr1,deepseek8b,256,forward:graph0:rsqrt_11,NOT_MEASURED,NOT_MEASURED,NOT_MEASURED,UNRESOLVED,NOT_CAPTURED,population_screening.csv,NORMAL_REFERENCE,NOT_CAPTURED_EXISTING_ARTIFACT_ONLY
endpoint::deepseek8b:seq256:forward:532:output_0,ENDPOINT_UNIT,,deepseek8b:seq256:forward:532:output_0,deepseek8b,256,forward:graph0:bmm_58,NOT_MEASURED,NOT_MEASURED,NOT_MEASURED,UNRESOLVED,NOT_CAPTURED,population_screening.csv,NORMAL_REFERENCE,NOT_CAPTURED_EXISTING_ARTIFACT_ONLY
endpoint::deepseek8b:seq256:forward:550:output_0,ENDPOINT_UNIT,,deepseek8b:seq256:forward:550:output_0,deepseek8b,256,forward:graph0:bmm_60,NOT_MEASURED,NOT_MEASURED,NOT_MEASURED,UNRESOLVED,NOT_CAPTURED,population_screening.csv,COHERENT_F_B_BIAS,NOT_CAPTURED_EXISTING_ARTIFACT_ONLY
endpoint::deepseek8b:seq256:forward:551:in_out_ptr0,ENDPOINT_UNIT,,deepseek8b:seq256:forward:551:in_out_ptr0,deepseek8b,256,forward:graph0:add_306,NOT_MEASURED,NOT_MEASURED,NOT_MEASURED,UNRESOLVED,NOT_CAPTURED,population_screening.csv,COHERENT_F_B_BIAS,NOT_CAPTURED_EXISTING_ARTIFACT_ONLY
endpoint::deepseek8b:seq256:forward:565:in_out_ptr0,ENDPOINT_UNIT,,deepseek8b:seq256:forward:565:in_out_ptr0,deepseek8b,256,forward:graph0:rsqrt_126,NOT_MEASURED,NOT_MEASURED,NOT_MEASURED,UNRESOLVED,NOT_CAPTURED,population_screening.csv,NORMAL_REFERENCE,NOT_CAPTURED_EXISTING_ARTIFACT_ONLY
endpoint::deepseek8b:seq256:forward:568:output_0,ENDPOINT_UNIT,,deepseek8b:seq256:forward:568:output_0,deepseek8b,256,forward:graph0:bmm_62,NOT_MEASURED,NOT_MEASURED,NOT_MEASURED,UNRESOLVED,NOT_CAPTURED,population_screening.csv,NORMAL_REFERENCE,NOT_CAPTURED_EXISTING_ARTIFACT_ONLY
endpoint::deepseek8b:seq256:forward:569:in_out_ptr0,ENDPOINT_UNIT,,deepseek8b:seq256:forward:569:in_out_ptr0,deepseek8b,256,forward:graph0:add_316,NOT_MEASURED,NOT_MEASURED,NOT_MEASURED,UNRESOLVED,NOT_CAPTURED,population_screening.csv,COHERENT_F_B_BIAS,NOT_CAPTURED_EXISTING_ARTIFACT_ONLY
endpoint::deepseek8b:seq256:forward:57:in_out_ptr1,ENDPOINT_UNIT,,deepseek8b:seq256:forward:57:in_out_ptr1,deepseek8b,256,forward:graph0:rsqrt_12,NOT_MEASURED,NOT_MEASURED,NOT_MEASURED,UNRESOLVED,NOT_CAPTURED,population_screening.csv,NORMAL_REFERENCE,NOT_CAPTURED_EXISTING_ARTIFACT_ONLY
endpoint::deepseek8b:seq256:forward:5:out_ptr2,ENDPOINT_UNIT,,deepseek8b:seq256:forward:5:out_ptr2,deepseek8b,256,forward:graph0:permute_1752,NOT_MEASURED,NOT_MEASURED,NOT_MEASURED,UNRESOLVED,NOT_CAPTURED,population_screening.csv,NORMAL_REFERENCE,NOT_CAPTURED_EXISTING_ARTIFACT_ONLY
endpoint::deepseek8b:seq256:forward:604:output_0,ENDPOINT_UNIT,,deepseek8b:seq256:forward:604:output_0,deepseek8b,256,forward:graph0:bmm_66,NOT_MEASURED,NOT_MEASURED,NOT_MEASURED,UNRESOLVED,NOT_CAPTURED,population_screening.csv,NORMAL_REFERENCE,NOT_CAPTURED_EXISTING_ARTIFACT_ONLY
endpoint::deepseek8b:seq256:forward:605:in_out_ptr0,ENDPOINT_UNIT,,deepseek8b:seq256:forward:605:in_out_ptr0,deepseek8b,256,forward:graph0:add_336,NOT_MEASURED,NOT_MEASURED,NOT_MEASURED,UNRESOLVED,NOT_CAPTURED,population_screening.csv,COHERENT_F_B_BIAS,NOT_CAPTURED_EXISTING_ARTIFACT_ONLY
endpoint::deepseek8b:seq256:forward:617:in_out_ptr0,ENDPOINT_UNIT,,deepseek8b:seq256:forward:617:in_out_ptr0,deepseek8b,256,forward:graph0:rsqrt_137,NOT_MEASURED,NOT_MEASURED,NOT_MEASURED,UNRESOLVED,NOT_CAPTURED,population_screening.csv,NORMAL_REFERENCE,NOT_CAPTURED_EXISTING_ARTIFACT_ONLY
endpoint::deepseek8b:seq256:forward:619:in_out_ptr0,ENDPOINT_UNIT,,deepseek8b:seq256:forward:619:in_out_ptr0,deepseek8b,256,forward:graph0:rsqrt_138,NOT_MEASURED,NOT_MEASURED,NOT_MEASURED,UNRESOLVED,NOT_CAPTURED,population_screening.csv,COHERENT_F_B_BIAS,NOT_CAPTURED_EXISTING_ARTIFACT_ONLY
endpoint::deepseek8b:seq256:forward:61:in_out_ptr1,ENDPOINT_UNIT,,deepseek8b:seq256:forward:61:in_out_ptr1,deepseek8b,256,forward:graph0:add_35,NOT_MEASURED,NOT_MEASURED,NOT_MEASURED,UNRESOLVED,NOT_CAPTURED,population_screening.csv,NORMAL_REFERENCE,NOT_CAPTURED_EXISTING_ARTIFACT_ONLY
endpoint::deepseek8b:seq256:forward:64:output_0,ENDPOINT_UNIT,,deepseek8b:seq256:forward:64:output_0,deepseek8b,256,forward:graph0:bmm_6,NOT_MEASURED,NOT_MEASURED,NOT_MEASURED,UNRESOLVED,NOT_CAPTURED,population_screening.csv,NORMAL_REFERENCE,NOT_CAPTURED_EXISTING_ARTIFACT_ONLY
endpoint::deepseek8b:seq256:forward:65:in_out_ptr0,ENDPOINT_UNIT,,deepseek8b:seq256:forward:65:in_out_ptr0,deepseek8b,256,forward:graph0:add_36,NOT_MEASURED,NOT_MEASURED,NOT_MEASURED,UNRESOLVED,NOT_CAPTURED,population_screening.csv,NORMAL_REFERENCE,NOT_CAPTURED_EXISTING_ARTIFACT_ONLY
endpoint::deepseek8b:seq256:forward:6:output_0,ENDPOINT_UNIT,,deepseek8b:seq256:forward:6:output_0,deepseek8b,256,forward:graph0:mm_1,NOT_MEASURED,NOT_MEASURED,NOT_MEASURED,UNRESOLVED,NOT_CAPTURED,population_screening.csv,NORMAL_REFERENCE,NOT_CAPTURED_EXISTING_ARTIFACT_ONLY
endpoint::deepseek8b:seq256:forward:70:in_out_ptr1,ENDPOINT_UNIT,,deepseek8b:seq256:forward:70:in_out_ptr1,deepseek8b,256,forward:graph0:rsqrt_15,NOT_MEASURED,NOT_MEASURED,NOT_MEASURED,UNRESOLVED,NOT_CAPTURED,population_screening.csv,NORMAL_REFERENCE,NOT_CAPTURED_EXISTING_ARTIFACT_ONLY
endpoint::deepseek8b:seq256:forward:75:in_out_ptr1,ENDPOINT_UNIT,,deepseek8b:seq256:forward:75:in_out_ptr1,deepseek8b,256,forward:graph0:rsqrt_16,NOT_MEASURED,NOT_MEASURED,NOT_MEASURED,UNRESOLVED,NOT_CAPTURED,population_screening.csv,NORMAL_REFERENCE,NOT_CAPTURED_EXISTING_ARTIFACT_ONLY
endpoint::deepseek8b:seq256:forward:79:in_out_ptr1,ENDPOINT_UNIT,,deepseek8b:seq256:forward:79:in_out_ptr1,deepseek8b,256,forward:graph0:add_45,NOT_MEASURED,NOT_MEASURED,NOT_MEASURED,UNRESOLVED,NOT_CAPTURED,population_screening.csv,NORMAL_REFERENCE,NOT_CAPTURED_EXISTING_ARTIFACT_ONLY
endpoint::deepseek8b:seq256:forward:7:in_out_ptr1,ENDPOINT_UNIT,,deepseek8b:seq256:forward:7:in_out_ptr1,deepseek8b,256,forward:graph0:add_5,NOT_MEASURED,NOT_MEASURED,NOT_MEASURED,UNRESOLVED,NOT_CAPTURED,population_screening.csv,NORMAL_REFERENCE,NOT_CAPTURED_EXISTING_ARTIFACT_ONLY
endpoint::deepseek8b:seq256:forward:81:out_ptr0,ENDPOINT_UNIT,,deepseek8b:seq256:forward:81:out_ptr0,deepseek8b,256,forward:graph0:clone_18,NOT_MEASURED,NOT_MEASURED,NOT_MEASURED,UNRESOLVED,NOT_CAPTURED,population_screening.csv,NORMAL_REFERENCE,NOT_CAPTURED_EXISTING_ARTIFACT_ONLY
endpoint::deepseek8b:seq256:forward:82:output_0,ENDPOINT_UNIT,,deepseek8b:seq256:forward:82:output_0,deepseek8b,256,forward:graph0:bmm_8,NOT_MEASURED,NOT_MEASURED,NOT_MEASURED,UNRESOLVED,NOT_CAPTURED,population_screening.csv,NORMAL_REFERENCE,NOT_CAPTURED_EXISTING_ARTIFACT_ONLY
endpoint::deepseek8b:seq256:forward:83:in_out_ptr0,ENDPOINT_UNIT,,deepseek8b:seq256:forward:83:in_out_ptr0,deepseek8b,256,forward:graph0:add_46,NOT_MEASURED,NOT_MEASURED,NOT_MEASURED,UNRESOLVED,NOT_CAPTURED,population_screening.csv,COHERENT_F_B_BIAS,NOT_CAPTURED_EXISTING_ARTIFACT_ONLY
endpoint::deepseek8b:seq256:forward:88:in_out_ptr1,ENDPOINT_UNIT,,deepseek8b:seq256:forward:88:in_out_ptr1,deepseek8b,256,forward:graph0:rsqrt_19,NOT_MEASURED,NOT_MEASURED,NOT_MEASURED,UNRESOLVED,NOT_CAPTURED,population_screening.csv,NORMAL_REFERENCE,NOT_CAPTURED_EXISTING_ARTIFACT_ONLY
endpoint::deepseek8b:seq256:forward:93:in_out_ptr1,ENDPOINT_UNIT,,deepseek8b:seq256:forward:93:in_out_ptr1,deepseek8b,256,forward:graph0:rsqrt_20,NOT_MEASURED,NOT_MEASURED,NOT_MEASURED,UNRESOLVED,NOT_CAPTURED,population_screening.csv,NORMAL_REFERENCE,NOT_CAPTURED_EXISTING_ARTIFACT_ONLY
endpoint::deepseek8b:seq256:forward:9:out_ptr0,ENDPOINT_UNIT,,deepseek8b:seq256:forward:9:out_ptr0,deepseek8b,256,forward:graph0:clone_2,NOT_MEASURED,NOT_MEASURED,NOT_MEASURED,UNRESOLVED,NOT_CAPTURED,population_screening.csv,NORMAL_REFERENCE,NOT_CAPTURED_EXISTING_ARTIFACT_ONLY
endpoint::deepseek8b:seq64:backward:1781:out_ptr0,ENDPOINT_UNIT,,deepseek8b:seq64:backward:1781:out_ptr0,deepseek8b,64,backward:graph0:sum_400,NOT_MEASURED,NOT_MEASURED,NOT_MEASURED,UNRESOLVED,NOT_CAPTURED,population_screening.csv,NORMAL_REFERENCE,NOT_CAPTURED_EXISTING_ARTIFACT_ONLY
endpoint::deepseek8b:seq64:backward:1786:out_ptr0,ENDPOINT_UNIT,,deepseek8b:seq64:backward:1786:out_ptr0,deepseek8b,64,backward:graph0:sum_402,NOT_MEASURED,NOT_MEASURED,NOT_MEASURED,UNRESOLVED,NOT_CAPTURED,population_screening.csv,NORMAL_REFERENCE,NOT_CAPTURED_EXISTING_ARTIFACT_ONLY
endpoint::deepseek8b:seq64:backward:1854:out_ptr0,ENDPOINT_UNIT,,deepseek8b:seq64:backward:1854:out_ptr0,deepseek8b,64,backward:graph0:sum_424,NOT_MEASURED,NOT_MEASURED,NOT_MEASURED,UNRESOLVED,NOT_CAPTURED,population_screening.csv,COHERENT_F_B_BIAS,NOT_CAPTURED_EXISTING_ARTIFACT_ONLY
endpoint::deepseek8b:seq64:backward:844:output_0,ENDPOINT_UNIT,,deepseek8b:seq64:backward:844:output_0,deepseek8b,64,backward:graph0:mm_331,NOT_MEASURED,NOT_MEASURED,NOT_MEASURED,UNRESOLVED,NOT_CAPTURED,population_screening.csv,NORMAL_REFERENCE,NOT_CAPTURED_EXISTING_ARTIFACT_ONLY
endpoint::deepseek8b:seq64:forward:0:in_out_ptr0,ENDPOINT_UNIT,,deepseek8b:seq64:forward:0:in_out_ptr0,deepseek8b,64,forward:graph0:rsqrt,NOT_MEASURED,NOT_MEASURED,NOT_MEASURED,UNRESOLVED,NOT_CAPTURED,population_screening.csv,NORMAL_REFERENCE,NOT_CAPTURED_EXISTING_ARTIFACT_ONLY
endpoint::deepseek8b:seq64:forward:100:output_0,ENDPOINT_UNIT,,deepseek8b:seq64:forward:100:output_0,deepseek8b,64,forward:graph0:bmm_10,NOT_MEASURED,NOT_MEASURED,NOT_MEASURED,UNRESOLVED,NOT_CAPTURED,population_screening.csv,NORMAL_REFERENCE,NOT_CAPTURED_EXISTING_ARTIFACT_ONLY
endpoint::deepseek8b:seq64:forward:101:in_out_ptr0,ENDPOINT_UNIT,,deepseek8b:seq64:forward:101:in_out_ptr0,deepseek8b,64,forward:graph0:add_56,NOT_MEASURED,NOT_MEASURED,NOT_MEASURED,UNRESOLVED,NOT_CAPTURED,population_screening.csv,NORMAL_REFERENCE,NOT_CAPTURED_EXISTING_ARTIFACT_ONLY
endpoint::deepseek8b:seq64:forward:106:in_out_ptr1,ENDPOINT_UNIT,,deepseek8b:seq64:forward:106:in_out_ptr1,deepseek8b,64,forward:graph0:rsqrt_23,NOT_MEASURED,NOT_MEASURED,NOT_MEASURED,UNRESOLVED,NOT_CAPTURED,population_screening.csv,NORMAL_REFERENCE,NOT_CAPTURED_EXISTING_ARTIFACT_ONLY
endpoint::deepseek8b:seq64:forward:10:output_0,ENDPOINT_UNIT,,deepseek8b:seq64:forward:10:output_0,deepseek8b,64,forward:graph0:bmm,NOT_MEASURED,NOT_MEASURED,NOT_MEASURED,UNRESOLVED,NOT_CAPTURED,population_screening.csv,NORMAL_REFERENCE,NOT_CAPTURED_EXISTING_ARTIFACT_ONLY
endpoint::deepseek8b:seq64:forward:111:in_out_ptr1,ENDPOINT_UNIT,,deepseek8b:seq64:forward:111:in_out_ptr1,deepseek8b,64,forward:graph0:rsqrt_24,NOT_MEASURED,NOT_MEASURED,NOT_MEASURED,UNRESOLVED,NOT_CAPTURED,population_screening.csv,NORMAL_REFERENCE,NOT_CAPTURED_EXISTING_ARTIFACT_ONLY
endpoint::deepseek8b:seq64:forward:118:output_0,ENDPOINT_UNIT,,deepseek8b:seq64:forward:118:output_0,deepseek8b,64,forward:graph0:bmm_12,NOT_MEASURED,NOT_MEASURED,NOT_MEASURED,UNRESOLVED,NOT_CAPTURED,population_screening.csv,NORMAL_REFERENCE,NOT_CAPTURED_EXISTING_ARTIFACT_ONLY
endpoint::deepseek8b:seq64:forward:119:in_out_ptr0,ENDPOINT_UNIT,,deepseek8b:seq64:forward:119:in_out_ptr0,deepseek8b,64,forward:graph0:add_66,NOT_MEASURED,NOT_MEASURED,NOT_MEASURED,UNRESOLVED,NOT_CAPTURED,population_screening.csv,NORMAL_REFERENCE,NOT_CAPTURED_EXISTING_ARTIFACT_ONLY
endpoint::deepseek8b:seq64:forward:11:in_out_ptr0,ENDPOINT_UNIT,,deepseek8b:seq64:forward:11:in_out_ptr0,deepseek8b,64,forward:graph0:add_6,NOT_MEASURED,NOT_MEASURED,NOT_MEASURED,UNRESOLVED,NOT_CAPTURED,population_screening.csv,NORMAL_REFERENCE,NOT_CAPTURED_EXISTING_ARTIFACT_ONLY
endpoint::deepseek8b:seq64:forward:124:in_out_ptr1,ENDPOINT_UNIT,,deepseek8b:seq64:forward:124:in_out_ptr1,deepseek8b,64,forward:graph0:rsqrt_27,NOT_MEASURED,NOT_MEASURED,NOT_MEASURED,UNRESOLVED,NOT_CAPTURED,population_screening.csv,NORMAL_REFERENCE,NOT_CAPTURED_EXISTING_ARTIFACT_ONLY
endpoint::deepseek8b:seq64:forward:129:in_out_ptr1,ENDPOINT_UNIT,,deepseek8b:seq64:forward:129:in_out_ptr1,deepseek8b,64,forward:graph0:rsqrt_28,NOT_MEASURED,NOT_MEASURED,NOT_MEASURED,UNRESOLVED,NOT_CAPTURED,population_screening.csv,NORMAL_REFERENCE,NOT_CAPTURED_EXISTING_ARTIFACT_ONLY
endpoint::deepseek8b:seq64:forward:136:output_0,ENDPOINT_UNIT,,deepseek8b:seq64:forward:136:output_0,deepseek8b,64,forward:graph0:bmm_14,NOT_MEASURED,NOT_MEASURED,NOT_MEASURED,UNRESOLVED,NOT_CAPTURED,population_screening.csv,NORMAL_REFERENCE,NOT_CAPTURED_EXISTING_ARTIFACT_ONLY
endpoint::deepseek8b:seq64:forward:137:in_out_ptr0,ENDPOINT_UNIT,,deepseek8b:seq64:forward:137:in_out_ptr0,deepseek8b,64,forward:graph0:add_76,NOT_MEASURED,NOT_MEASURED,NOT_MEASURED,UNRESOLVED,NOT_CAPTURED,population_screening.csv,NORMAL_REFERENCE,NOT_CAPTURED_EXISTING_ARTIFACT_ONLY
endpoint::deepseek8b:seq64:forward:142:in_out_ptr1,ENDPOINT_UNIT,,deepseek8b:seq64:forward:142:in_out_ptr1,deepseek8b,64,forward:graph0:rsqrt_31,NOT_MEASURED,NOT_MEASURED,NOT_MEASURED,UNRESOLVED,NOT_CAPTURED,population_screening.csv,NORMAL_REFERENCE,NOT_CAPTURED_EXISTING_ARTIFACT_ONLY
endpoint::deepseek8b:seq64:forward:147:in_out_ptr1,ENDPOINT_UNIT,,deepseek8b:seq64:forward:147:in_out_ptr1,deepseek8b,64,forward:graph0:rsqrt_32,NOT_MEASURED,NOT_MEASURED,NOT_MEASURED,UNRESOLVED,NOT_CAPTURED,population_screening.csv,NORMAL_REFERENCE,NOT_CAPTURED_EXISTING_ARTIFACT_ONLY
endpoint::deepseek8b:seq64:forward:151:in_out_ptr0,ENDPOINT_UNIT,,deepseek8b:seq64:forward:151:in_out_ptr0,deepseek8b,64,forward:graph0:rsqrt_34,NOT_MEASURED,NOT_MEASURED,NOT_MEASURED,UNRESOLVED,NOT_CAPTURED,population_screening.csv,NORMAL_REFERENCE,NOT_CAPTURED_EXISTING_ARTIFACT_ONLY
endpoint::deepseek8b:seq64:forward:151:in_out_ptr1,ENDPOINT_UNIT,,deepseek8b:seq64:forward:151:in_out_ptr1,deepseek8b,64,forward:graph0:add_85,NOT_MEASURED,NOT_MEASURED,NOT_MEASURED,UNRESOLVED,NOT_CAPTURED,population_screening.csv,NORMAL_REFERENCE,NOT_CAPTURED_EXISTING_ARTIFACT_ONLY
endpoint::deepseek8b:seq64:forward:154:output_0,ENDPOINT_UNIT,,deepseek8b:seq64:forward:154:output_0,deepseek8b,64,forward:graph0:bmm_16,NOT_MEASURED,NOT_MEASURED,NOT_MEASURED,UNRESOLVED,NOT_CAPTURED,population_screening.csv,NORMAL_REFERENCE,NOT_CAPTURED_EXISTING_ARTIFACT_ONLY
endpoint::deepseek8b:seq64:forward:155:in_out_ptr0,ENDPOINT_UNIT,,deepseek8b:seq64:forward:155:in_out_ptr0,deepseek8b,64,forward:graph0:add_86,NOT_MEASURED,NOT_MEASURED,NOT_MEASURED,UNRESOLVED,NOT_CAPTURED,population_screening.csv,NORMAL_REFERENCE,NOT_CAPTURED_EXISTING_ARTIFACT_ONLY
endpoint::deepseek8b:seq64:forward:159:output_0,ENDPOINT_UNIT,,deepseek8b:seq64:forward:159:output_0,deepseek8b,64,forward:graph0:mm_59,NOT_MEASURED,NOT_MEASURED,NOT_MEASURED,UNRESOLVED,NOT_CAPTURED,population_screening.csv,NORMAL_REFERENCE,NOT_CAPTURED_EXISTING_ARTIFACT_ONLY
endpoint::deepseek8b:seq64:forward:160:in_out_ptr0,ENDPOINT_UNIT,,deepseek8b:seq64:forward:160:in_out_ptr0,deepseek8b,64,forward:graph0:add_87,NOT_MEASURED,NOT_MEASURED,NOT_MEASURED,UNRESOLVED,NOT_CAPTURED,population_screening.csv,NORMAL_REFERENCE,NOT_CAPTURED_EXISTING_ARTIFACT_ONLY
endpoint::deepseek8b:seq64:forward:160:in_out_ptr1,ENDPOINT_UNIT,,deepseek8b:seq64:forward:160:in_out_ptr1,deepseek8b,64,forward:graph0:rsqrt_35,NOT_MEASURED,NOT_MEASURED,NOT_MEASURED,UNRESOLVED,NOT_CAPTURED,population_screening.csv,NORMAL_REFERENCE,NOT_CAPTURED_EXISTING_ARTIFACT_ONLY
endpoint::deepseek8b:seq64:forward:161:output_0,ENDPOINT_UNIT,,deepseek8b:seq64:forward:161:output_0,deepseek8b,64,forward:graph0:mm_60,NOT_MEASURED,NOT_MEASURED,NOT_MEASURED,UNRESOLVED,NOT_CAPTURED,population_screening.csv,NORMAL_REFERENCE,NOT_CAPTURED_EXISTING_ARTIFACT_ONLY
endpoint::deepseek8b:seq64:forward:165:in_out_ptr1,ENDPOINT_UNIT,,deepseek8b:seq64:forward:165:in_out_ptr1,deepseek8b,64,forward:graph0:rsqrt_36,NOT_MEASURED,NOT_MEASURED,NOT_MEASURED,UNRESOLVED,NOT_CAPTURED,population_screening.csv,NORMAL_REFERENCE,NOT_CAPTURED_EXISTING_ARTIFACT_ONLY
endpoint::deepseek8b:seq64:forward:166:output_0,ENDPOINT_UNIT,,deepseek8b:seq64:forward:166:output_0,deepseek8b,64,forward:graph0:mm_63,NOT_MEASURED,NOT_MEASURED,NOT_MEASURED,UNRESOLVED,NOT_CAPTURED,population_screening.csv,NORMAL_REFERENCE,NOT_CAPTURED_EXISTING_ARTIFACT_ONLY
endpoint::deepseek8b:seq64:forward:167:in_out_ptr0,ENDPOINT_UNIT,,deepseek8b:seq64:forward:167:in_out_ptr0,deepseek8b,64,forward:graph0:rsqrt_37,NOT_MEASURED,NOT_MEASURED,NOT_MEASURED,UNRESOLVED,NOT_CAPTURED,population_screening.csv,NORMAL_REFERENCE,NOT_CAPTURED_EXISTING_ARTIFACT_ONLY
endpoint::deepseek8b:seq64:forward:169:in_out_ptr0,ENDPOINT_UNIT,,deepseek8b:seq64:forward:169:in_out_ptr0,deepseek8b,64,forward:graph0:rsqrt_38,NOT_MEASURED,NOT_MEASURED,NOT_MEASURED,UNRESOLVED,NOT_CAPTURED,population_screening.csv,NORMAL_REFERENCE,NOT_CAPTURED_EXISTING_ARTIFACT_ONLY
endpoint::deepseek8b:seq64:forward:16:in_out_ptr0,ENDPOINT_UNIT,,deepseek8b:seq64:forward:16:in_out_ptr0,deepseek8b,64,forward:graph0:rsqrt_3,NOT_MEASURED,NOT_MEASURED,NOT_MEASURED,UNRESOLVED,NOT_CAPTURED,population_screening.csv,NORMAL_REFERENCE,NOT_CAPTURED_EXISTING_ARTIFACT_ONLY
endpoint::deepseek8b:seq64:forward:172:output_0,ENDPOINT_UNIT,,deepseek8b:seq64:forward:172:output_0,deepseek8b,64,forward:graph0:bmm_18,NOT_MEASURED,NOT_MEASURED,NOT_MEASURED,UNRESOLVED,NOT_CAPTURED,population_screening.csv,NORMAL_REFERENCE,NOT_CAPTURED_EXISTING_ARTIFACT_ONLY
endpoint::deepseek8b:seq64:forward:173:in_out_ptr0,ENDPOINT_UNIT,,deepseek8b:seq64:forward:173:in_out_ptr0,deepseek8b,64,forward:graph0:add_96,NOT_MEASURED,NOT_MEASURED,NOT_MEASURED,UNRESOLVED,NOT_CAPTURED,population_screening.csv,NORMAL_REFERENCE,NOT_CAPTURED_EXISTING_ARTIFACT_ONLY
endpoint::deepseek8b:seq64:forward:178:in_out_ptr1,ENDPOINT_UNIT,,deepseek8b:seq64:forward:178:in_out_ptr1,deepseek8b,64,forward:graph0:rsqrt_39,NOT_MEASURED,NOT_MEASURED,NOT_MEASURED,UNRESOLVED,NOT_CAPTURED,population_screening.csv,NORMAL_REFERENCE,NOT_CAPTURED_EXISTING_ARTIFACT_ONLY
endpoint::deepseek8b:seq64:forward:187:in_out_ptr0,ENDPOINT_UNIT,,deepseek8b:seq64:forward:187:in_out_ptr0,deepseek8b,64,forward:graph0:rsqrt_42,NOT_MEASURED,NOT_MEASURED,NOT_MEASURED,UNRESOLVED,NOT_CAPTURED,population_screening.csv,NORMAL_REFERENCE,NOT_CAPTURED_EXISTING_ARTIFACT_ONLY
endpoint::deepseek8b:seq64:forward:189:out_ptr0,ENDPOINT_UNIT,,deepseek8b:seq64:forward:189:out_ptr0,deepseek8b,64,forward:graph0:clone_42,NOT_MEASURED,NOT_MEASURED,NOT_MEASURED,UNRESOLVED,NOT_CAPTURED,population_screening.csv,NORMAL_REFERENCE,NOT_CAPTURED_EXISTING_ARTIFACT_ONLY
endpoint::deepseek8b:seq64:forward:190:output_0,ENDPOINT_UNIT,,deepseek8b:seq64:forward:190:output_0,deepseek8b,64,forward:graph0:bmm_20,NOT_MEASURED,NOT_MEASURED,NOT_MEASURED,UNRESOLVED,NOT_CAPTURED,population_screening.csv,NORMAL_REFERENCE,NOT_CAPTURED_EXISTING_ARTIFACT_ONLY
endpoint::deepseek8b:seq64:forward:191:in_out_ptr0,ENDPOINT_UNIT,,deepseek8b:seq64:forward:191:in_out_ptr0,deepseek8b,64,forward:graph0:add_106,NOT_MEASURED,NOT_MEASURED,NOT_MEASURED,UNRESOLVED,NOT_CAPTURED,population_screening.csv,NORMAL_REFERENCE,NOT_CAPTURED_EXISTING_ARTIFACT_ONLY
endpoint::deepseek8b:seq64:forward:196:in_out_ptr1,ENDPOINT_UNIT,,deepseek8b:seq64:forward:196:in_out_ptr1,deepseek8b,64,forward:graph0:rsqrt_43,NOT_MEASURED,NOT_MEASURED,NOT_MEASURED,UNRESOLVED,NOT_CAPTURED,population_screening.csv,NORMAL_REFERENCE,NOT_CAPTURED_EXISTING_ARTIFACT_ONLY
endpoint::deepseek8b:seq64:forward:208:output_0,ENDPOINT_UNIT,,deepseek8b:seq64:forward:208:output_0,deepseek8b,64,forward:graph0:bmm_22,NOT_MEASURED,NOT_MEASURED,NOT_MEASURED,UNRESOLVED,NOT_CAPTURED,population_screening.csv,NORMAL_REFERENCE,NOT_CAPTURED_EXISTING_ARTIFACT_ONLY
endpoint::deepseek8b:seq64:forward:209:in_out_ptr0,ENDPOINT_UNIT,,deepseek8b:seq64:forward:209:in_out_ptr0,deepseek8b,64,forward:graph0:add_116,NOT_MEASURED,NOT_MEASURED,NOT_MEASURED,UNRESOLVED,NOT_CAPTURED,population_screening.csv,NORMAL_REFERENCE,NOT_CAPTURED_EXISTING_ARTIFACT_ONLY
endpoint::deepseek8b:seq64:forward:211:output_0,ENDPOINT_UNIT,,deepseek8b:seq64:forward:211:output_0,deepseek8b,64,forward:graph0:bmm_23,NOT_MEASURED,NOT_MEASURED,NOT_MEASURED,UNRESOLVED,NOT_CAPTURED,population_screening.csv,NORMAL_REFERENCE,NOT_CAPTURED_EXISTING_ARTIFACT_ONLY
endpoint::deepseek8b:seq64:forward:212:out_ptr0,ENDPOINT_UNIT,,deepseek8b:seq64:forward:212:out_ptr0,deepseek8b,64,forward:graph0:clone_49,NOT_MEASURED,NOT_MEASURED,NOT_MEASURED,UNRESOLVED,NOT_CAPTURED,population_screening.csv,NORMAL_REFERENCE,NOT_CAPTURED_EXISTING_ARTIFACT_ONLY
endpoint::deepseek8b:seq64:forward:214:in_out_ptr0,ENDPOINT_UNIT,,deepseek8b:seq64:forward:214:in_out_ptr0,deepseek8b,64,forward:graph0:add_117,NOT_MEASURED,NOT_MEASURED,NOT_MEASURED,UNRESOLVED,NOT_CAPTURED,population_screening.csv,NORMAL_REFERENCE,NOT_CAPTURED_EXISTING_ARTIFACT_ONLY
endpoint::deepseek8b:seq64:forward:21:in_out_ptr1,ENDPOINT_UNIT,,deepseek8b:seq64:forward:21:in_out_ptr1,deepseek8b,64,forward:graph0:rsqrt_4,NOT_MEASURED,NOT_MEASURED,NOT_MEASURED,UNRESOLVED,NOT_CAPTURED,population_screening.csv,NORMAL_REFERENCE,NOT_CAPTURED_EXISTING_ARTIFACT_ONLY
endpoint::deepseek8b:seq64:forward:221:in_out_ptr0,ENDPOINT_UNIT,,deepseek8b:seq64:forward:221:in_out_ptr0,deepseek8b,64,forward:graph0:rsqrt_49,NOT_MEASURED,NOT_MEASURED,NOT_MEASURED,UNRESOLVED,NOT_CAPTURED,population_screening.csv,NORMAL_REFERENCE,NOT_CAPTURED_EXISTING_ARTIFACT_ONLY
endpoint::deepseek8b:seq64:forward:226:output_0,ENDPOINT_UNIT,,deepseek8b:seq64:forward:226:output_0,deepseek8b,64,forward:graph0:bmm_24,NOT_MEASURED,NOT_MEASURED,NOT_MEASURED,UNRESOLVED,NOT_CAPTURED,population_screening.csv,NORMAL_REFERENCE,NOT_CAPTURED_EXISTING_ARTIFACT_ONLY
endpoint::deepseek8b:seq64:forward:227:in_out_ptr0,ENDPOINT_UNIT,,deepseek8b:seq64:forward:227:in_out_ptr0,deepseek8b,64,forward:graph0:add_126,NOT_MEASURED,NOT_MEASURED,NOT_MEASURED,UNRESOLVED,NOT_CAPTURED,population_screening.csv,NORMAL_REFERENCE,NOT_CAPTURED_EXISTING_ARTIFACT_ONLY
endpoint::deepseek8b:seq64:forward:230:out_ptr0,ENDPOINT_UNIT,,deepseek8b:seq64:forward:230:out_ptr0,deepseek8b,64,forward:graph0:clone_53,NOT_MEASURED,NOT_MEASURED,NOT_MEASURED,UNRESOLVED,NOT_CAPTURED,population_screening.csv,NORMAL_REFERENCE,NOT_CAPTURED_EXISTING_ARTIFACT_ONLY
endpoint::deepseek8b:seq64:forward:232:in_out_ptr0,ENDPOINT_UNIT,,deepseek8b:seq64:forward:232:in_out_ptr0,deepseek8b,64,forward:graph0:add_127,NOT_MEASURED,NOT_MEASURED,NOT_MEASURED,UNRESOLVED,NOT_CAPTURED,population_screening.csv,NORMAL_REFERENCE,NOT_CAPTURED_EXISTING_ARTIFACT_ONLY
endpoint::deepseek8b:seq64:forward:237:in_out_ptr0,ENDPOINT_UNIT,,deepseek8b:seq64:forward:237:in_out_ptr0,deepseek8b,64,forward:graph0:add_130,NOT_MEASURED,NOT_MEASURED,NOT_MEASURED,UNRESOLVED,NOT_CAPTURED,population_screening.csv,NORMAL_REFERENCE,NOT_CAPTURED_EXISTING_ARTIFACT_ONLY
endpoint::deepseek8b:seq64:forward:239:in_out_ptr0,ENDPOINT_UNIT,,deepseek8b:seq64:forward:239:in_out_ptr0,deepseek8b,64,forward:graph0:rsqrt_53,NOT_MEASURED,NOT_MEASURED,NOT_MEASURED,UNRESOLVED,NOT_CAPTURED,population_screening.csv,NORMAL_REFERENCE,NOT_CAPTURED_EXISTING_ARTIFACT_ONLY
endpoint::deepseek8b:seq64:forward:244:output_0,ENDPOINT_UNIT,,deepseek8b:seq64:forward:244:output_0,deepseek8b,64,forward:graph0:bmm_26,NOT_MEASURED,NOT_MEASURED,NOT_MEASURED,UNRESOLVED,NOT_CAPTURED,population_screening.csv,NORMAL_REFERENCE,NOT_CAPTURED_EXISTING_ARTIFACT_ONLY
endpoint::deepseek8b:seq64:forward:245:in_out_ptr0,ENDPOINT_UNIT,,deepseek8b:seq64:forward:245:in_out_ptr0,deepseek8b,64,forward:graph0:add_136,NOT_MEASURED,NOT_MEASURED,NOT_MEASURED,UNRESOLVED,NOT_CAPTURED,population_screening.csv,NORMAL_REFERENCE,NOT_CAPTURED_EXISTING_ARTIFACT_ONLY
endpoint::deepseek8b:seq64:forward:262:output_0,ENDPOINT_UNIT,,deepseek8b:seq64:forward:262:output_0,deepseek8b,64,forward:graph0:bmm_28,NOT_MEASURED,NOT_MEASURED,NOT_MEASURED,UNRESOLVED,NOT_CAPTURED,population_screening.csv,NORMAL_REFERENCE,NOT_CAPTURED_EXISTING_ARTIFACT_ONLY
endpoint::deepseek8b:seq64:forward:263:in_out_ptr0,ENDPOINT_UNIT,,deepseek8b:seq64:forward:263:in_out_ptr0,deepseek8b,64,forward:graph0:add_146,NOT_MEASURED,NOT_MEASURED,NOT_MEASURED,UNRESOLVED,NOT_CAPTURED,population_screening.csv,NORMAL_REFERENCE,NOT_CAPTURED_EXISTING_ARTIFACT_ONLY
endpoint::deepseek8b:seq64:forward:27:out_ptr0,ENDPOINT_UNIT,,deepseek8b:seq64:forward:27:out_ptr0,deepseek8b,64,forward:graph0:clone_6,NOT_MEASURED,NOT_MEASURED,NOT_MEASURED,UNRESOLVED,NOT_CAPTURED,population_screening.csv,NORMAL_REFERENCE,NOT_CAPTURED_EXISTING_ARTIFACT_ONLY
endpoint::deepseek8b:seq64:forward:280:output_0,ENDPOINT_UNIT,,deepseek8b:seq64:forward:280:output_0,deepseek8b,64,forward:graph0:bmm_30,NOT_MEASURED,NOT_MEASURED,NOT_MEASURED,UNRESOLVED,NOT_CAPTURED,population_screening.csv,NORMAL_REFERENCE,NOT_CAPTURED_EXISTING_ARTIFACT_ONLY
endpoint::deepseek8b:seq64:forward:281:in_out_ptr0,ENDPOINT_UNIT,,deepseek8b:seq64:forward:281:in_out_ptr0,deepseek8b,64,forward:graph0:add_156,NOT_MEASURED,NOT_MEASURED,NOT_MEASURED,UNRESOLVED,NOT_CAPTURED,population_screening.csv,NORMAL_REFERENCE,NOT_CAPTURED_EXISTING_ARTIFACT_ONLY
endpoint::deepseek8b:seq64:forward:28:output_0,ENDPOINT_UNIT,,deepseek8b:seq64:forward:28:output_0,deepseek8b,64,forward:graph0:bmm_2,NOT_MEASURED,NOT_MEASURED,NOT_MEASURED,UNRESOLVED,NOT_CAPTURED,population_screening.csv,NORMAL_REFERENCE,NOT_CAPTURED_EXISTING_ARTIFACT_ONLY
endpoint::deepseek8b:seq64:forward:298:output_0,ENDPOINT_UNIT,,deepseek8b:seq64:forward:298:output_0,deepseek8b,64,forward:graph0:bmm_32,NOT_MEASURED,NOT_MEASURED,NOT_MEASURED,UNRESOLVED,NOT_CAPTURED,population_screening.csv,NORMAL_REFERENCE,NOT_CAPTURED_EXISTING_ARTIFACT_ONLY
endpoint::deepseek8b:seq64:forward:299:in_out_ptr0,ENDPOINT_UNIT,,deepseek8b:seq64:forward:299:in_out_ptr0,deepseek8b,64,forward:graph0:add_166,NOT_MEASURED,NOT_MEASURED,NOT_MEASURED,UNRESOLVED,NOT_CAPTURED,population_screening.csv,COHERENT_F_B_BIAS,NOT_CAPTURED_EXISTING_ARTIFACT_ONLY
endpoint::deepseek8b:seq64:forward:29:in_out_ptr0,ENDPOINT_UNIT,,deepseek8b:seq64:forward:29:in_out_ptr0,deepseek8b,64,forward:graph0:add_16,NOT_MEASURED,NOT_MEASURED,NOT_MEASURED,UNRESOLVED,NOT_CAPTURED,population_screening.csv,NORMAL_REFERENCE,NOT_CAPTURED_EXISTING_ARTIFACT_ONLY
endpoint::deepseek8b:seq64:forward:316:output_0,ENDPOINT_UNIT,,deepseek8b:seq64:forward:316:output_0,deepseek8b,64,forward:graph0:bmm_34,NOT_MEASURED,NOT_MEASURED,NOT_MEASURED,UNRESOLVED,NOT_CAPTURED,population_screening.csv,NORMAL_REFERENCE,NOT_CAPTURED_EXISTING_ARTIFACT_ONLY
endpoint::deepseek8b:seq64:forward:317:in_out_ptr0,ENDPOINT_UNIT,,deepseek8b:seq64:forward:317:in_out_ptr0,deepseek8b,64,forward:graph0:add_176,NOT_MEASURED,NOT_MEASURED,NOT_MEASURED,UNRESOLVED,NOT_CAPTURED,population_screening.csv,COHERENT_F_B_BIAS,NOT_CAPTURED_EXISTING_ARTIFACT_ONLY
endpoint::deepseek8b:seq64:forward:334:output_0,ENDPOINT_UNIT,,deepseek8b:seq64:forward:334:output_0,deepseek8b,64,forward:graph0:bmm_36,NOT_MEASURED,NOT_MEASURED,NOT_MEASURED,UNRESOLVED,NOT_CAPTURED,population_screening.csv,NORMAL_REFERENCE,NOT_CAPTURED_EXISTING_ARTIFACT_ONLY
endpoint::deepseek8b:seq64:forward:335:in_out_ptr0,ENDPOINT_UNIT,,deepseek8b:seq64:forward:335:in_out_ptr0,deepseek8b,64,forward:graph0:add_186,NOT_MEASURED,NOT_MEASURED,NOT_MEASURED,UNRESOLVED,NOT_CAPTURED,population_screening.csv,NORMAL_REFERENCE,NOT_CAPTURED_EXISTING_ARTIFACT_ONLY
endpoint::deepseek8b:seq64:forward:347:in_out_ptr0,ENDPOINT_UNIT,,deepseek8b:seq64:forward:347:in_out_ptr0,deepseek8b,64,forward:graph0:rsqrt_77,NOT_MEASURED,NOT_MEASURED,NOT_MEASURED,UNRESOLVED,NOT_CAPTURED,population_screening.csv,NORMAL_REFERENCE,NOT_CAPTURED_EXISTING_ARTIFACT_ONLY
endpoint::deepseek8b:seq64:forward:34:in_out_ptr1,ENDPOINT_UNIT,,deepseek8b:seq64:forward:34:in_out_ptr1,deepseek8b,64,forward:graph0:rsqrt_7,NOT_MEASURED,NOT_MEASURED,NOT_MEASURED,UNRESOLVED,NOT_CAPTURED,population_screening.csv,NORMAL_REFERENCE,NOT_CAPTURED_EXISTING_ARTIFACT_ONLY
endpoint::deepseek8b:seq64:forward:352:output_0,ENDPOINT_UNIT,,deepseek8b:seq64:forward:352:output_0,deepseek8b,64,forward:graph0:bmm_38,NOT_MEASURED,NOT_MEASURED,NOT_MEASURED,UNRESOLVED,NOT_CAPTURED,population_screening.csv,NORMAL_REFERENCE,NOT_CAPTURED_EXISTING_ARTIFACT_ONLY
endpoint::deepseek8b:seq64:forward:353:in_out_ptr0,ENDPOINT_UNIT,,deepseek8b:seq64:forward:353:in_out_ptr0,deepseek8b,64,forward:graph0:add_196,NOT_MEASURED,NOT_MEASURED,NOT_MEASURED,UNRESOLVED,NOT_CAPTURED,population_screening.csv,NORMAL_REFERENCE,NOT_CAPTURED_EXISTING_ARTIFACT_ONLY
endpoint::deepseek8b:seq64:forward:367:in_out_ptr0,ENDPOINT_UNIT,,deepseek8b:seq64:forward:367:in_out_ptr0,deepseek8b,64,forward:graph0:rsqrt_82,NOT_MEASURED,NOT_MEASURED,NOT_MEASURED,UNRESOLVED,NOT_CAPTURED,population_screening.csv,NORMAL_REFERENCE,NOT_CAPTURED_EXISTING_ARTIFACT_ONLY
endpoint::deepseek8b:seq64:forward:370:output_0,ENDPOINT_UNIT,,deepseek8b:seq64:forward:370:output_0,deepseek8b,64,forward:graph0:bmm_40,NOT_MEASURED,NOT_MEASURED,NOT_MEASURED,UNRESOLVED,NOT_CAPTURED,population_screening.csv,NORMAL_REFERENCE,NOT_CAPTURED_EXISTING_ARTIFACT_ONLY
endpoint::deepseek8b:seq64:forward:371:in_out_ptr0,ENDPOINT_UNIT,,deepseek8b:seq64:forward:371:in_out_ptr0,deepseek8b,64,forward:graph0:add_206,NOT_MEASURED,NOT_MEASURED,NOT_MEASURED,UNRESOLVED,NOT_CAPTURED,population_screening.csv,COHERENT_F_B_BIAS,NOT_CAPTURED_EXISTING_ARTIFACT_ONLY
endpoint::deepseek8b:seq64:forward:388:output_0,ENDPOINT_UNIT,,deepseek8b:seq64:forward:388:output_0,deepseek8b,64,forward:graph0:bmm_42,NOT_MEASURED,NOT_MEASURED,NOT_MEASURED,UNRESOLVED,NOT_CAPTURED,population_screening.csv,NORMAL_REFERENCE,NOT_CAPTURED_EXISTING_ARTIFACT_ONLY
endpoint::deepseek8b:seq64:forward:389:in_out_ptr0,ENDPOINT_UNIT,,deepseek8b:seq64:forward:389:in_out_ptr0,deepseek8b,64,forward:graph0:add_216,NOT_MEASURED,NOT_MEASURED,NOT_MEASURED,UNRESOLVED,NOT_CAPTURED,population_screening.csv,COHERENT_F_B_BIAS,NOT_CAPTURED_EXISTING_ARTIFACT_ONLY
endpoint::deepseek8b:seq64:forward:39:in_out_ptr1,ENDPOINT_UNIT,,deepseek8b:seq64:forward:39:in_out_ptr1,deepseek8b,64,forward:graph0:rsqrt_8,NOT_MEASURED,NOT_MEASURED,NOT_MEASURED,UNRESOLVED,NOT_CAPTURED,population_screening.csv,NORMAL_REFERENCE,NOT_CAPTURED_EXISTING_ARTIFACT_ONLY
endpoint::deepseek8b:seq64:forward:403:in_out_ptr0,ENDPOINT_UNIT,,deepseek8b:seq64:forward:403:in_out_ptr0,deepseek8b,64,forward:graph0:rsqrt_90,NOT_MEASURED,NOT_MEASURED,NOT_MEASURED,UNRESOLVED,NOT_CAPTURED,population_screening.csv,NORMAL_REFERENCE,NOT_CAPTURED_EXISTING_ARTIFACT_ONLY
endpoint::deepseek8b:seq64:forward:406:output_0,ENDPOINT_UNIT,,deepseek8b:seq64:forward:406:output_0,deepseek8b,64,forward:graph0:bmm_44,NOT_MEASURED,NOT_MEASURED,NOT_MEASURED,UNRESOLVED,NOT_CAPTURED,population_screening.csv,NORMAL_REFERENCE,NOT_CAPTURED_EXISTING_ARTIFACT_ONLY
endpoint::deepseek8b:seq64:forward:407:in_out_ptr0,ENDPOINT_UNIT,,deepseek8b:seq64:forward:407:in_out_ptr0,deepseek8b,64,forward:graph0:add_226,NOT_MEASURED,NOT_MEASURED,NOT_MEASURED,UNRESOLVED,NOT_CAPTURED,population_screening.csv,COHERENT_F_B_BIAS,NOT_CAPTURED_EXISTING_ARTIFACT_ONLY
endpoint::deepseek8b:seq64:forward:423:out_ptr0,ENDPOINT_UNIT,,deepseek8b:seq64:forward:423:out_ptr0,deepseek8b,64,forward:graph0:clone_94,NOT_MEASURED,NOT_MEASURED,NOT_MEASURED,UNRESOLVED,NOT_CAPTURED,population_screening.csv,NORMAL_REFERENCE,NOT_CAPTURED_EXISTING_ARTIFACT_ONLY
endpoint::deepseek8b:seq64:forward:424:output_0,ENDPOINT_UNIT,,deepseek8b:seq64:forward:424:output_0,deepseek8b,64,forward:graph0:bmm_46,NOT_MEASURED,NOT_MEASURED,NOT_MEASURED,UNRESOLVED,NOT_CAPTURED,population_screening.csv,NORMAL_REFERENCE,NOT_CAPTURED_EXISTING_ARTIFACT_ONLY
endpoint::deepseek8b:seq64:forward:425:in_out_ptr0,ENDPOINT_UNIT,,deepseek8b:seq64:forward:425:in_out_ptr0,deepseek8b,64,forward:graph0:add_236,NOT_MEASURED,NOT_MEASURED,NOT_MEASURED,UNRESOLVED,NOT_CAPTURED,population_screening.csv,NORMAL_REFERENCE,NOT_CAPTURED_EXISTING_ARTIFACT_ONLY
endpoint::deepseek8b:seq64:forward:439:in_out_ptr0,ENDPOINT_UNIT,,deepseek8b:seq64:forward:439:in_out_ptr0,deepseek8b,64,forward:graph0:rsqrt_98,NOT_MEASURED,NOT_MEASURED,NOT_MEASURED,UNRESOLVED,NOT_CAPTURED,population_screening.csv,NORMAL_REFERENCE,NOT_CAPTURED_EXISTING_ARTIFACT_ONLY
endpoint::deepseek8b:seq64:forward:442:output_0,ENDPOINT_UNIT,,deepseek8b:seq64:forward:442:output_0,deepseek8b,64,forward:graph0:bmm_48,NOT_MEASURED,NOT_MEASURED,NOT_MEASURED,UNRESOLVED,NOT_CAPTURED,population_screening.csv,NORMAL_REFERENCE,NOT_CAPTURED_EXISTING_ARTIFACT_ONLY
endpoint::deepseek8b:seq64:forward:443:in_out_ptr0,ENDPOINT_UNIT,,deepseek8b:seq64:forward:443:in_out_ptr0,deepseek8b,64,forward:graph0:add_246,NOT_MEASURED,NOT_MEASURED,NOT_MEASURED,UNRESOLVED,NOT_CAPTURED,population_screening.csv,COHERENT_F_B_BIAS,NOT_CAPTURED_EXISTING_ARTIFACT_ONLY
endpoint::deepseek8b:seq64:forward:45:out_ptr0,ENDPOINT_UNIT,,deepseek8b:seq64:forward:45:out_ptr0,deepseek8b,64,forward:graph0:clone_10,NOT_MEASURED,NOT_MEASURED,NOT_MEASURED,UNRESOLVED,NOT_CAPTURED,population_screening.csv,NORMAL_REFERENCE,NOT_CAPTURED_EXISTING_ARTIFACT_ONLY
endpoint::deepseek8b:seq64:forward:460:output_0,ENDPOINT_UNIT,,deepseek8b:seq64:forward:460:output_0,deepseek8b,64,forward:graph0:bmm_50,NOT_MEASURED,NOT_MEASURED,NOT_MEASURED,UNRESOLVED,NOT_CAPTURED,population_screening.csv,COHERENT_F_B_BIAS,NOT_CAPTURED_EXISTING_ARTIFACT_ONLY
endpoint::deepseek8b:seq64:forward:461:in_out_ptr0,ENDPOINT_UNIT,,deepseek8b:seq64:forward:461:in_out_ptr0,deepseek8b,64,forward:graph0:add_256,NOT_MEASURED,NOT_MEASURED,NOT_MEASURED,UNRESOLVED,NOT_CAPTURED,population_screening.csv,COHERENT_F_B_BIAS,NOT_CAPTURED_EXISTING_ARTIFACT_ONLY
endpoint::deepseek8b:seq64:forward:464:out_ptr0,ENDPOINT_UNIT,,deepseek8b:seq64:forward:464:out_ptr0,deepseek8b,64,forward:graph0:clone_105,NOT_MEASURED,NOT_MEASURED,NOT_MEASURED,UNRESOLVED,NOT_CAPTURED,population_screening.csv,NORMAL_REFERENCE,NOT_CAPTURED_EXISTING_ARTIFACT_ONLY
endpoint::deepseek8b:seq64:forward:466:in_out_ptr1,ENDPOINT_UNIT,,deepseek8b:seq64:forward:466:in_out_ptr1,deepseek8b,64,forward:graph0:rsqrt_103,NOT_MEASURED,NOT_MEASURED,NOT_MEASURED,UNRESOLVED,NOT_CAPTURED,population_screening.csv,NORMAL_REFERENCE,NOT_CAPTURED_EXISTING_ARTIFACT_ONLY
endpoint::deepseek8b:seq64:forward:46:output_0,ENDPOINT_UNIT,,deepseek8b:seq64:forward:46:output_0,deepseek8b,64,forward:graph0:bmm_4,NOT_MEASURED,NOT_MEASURED,NOT_MEASURED,UNRESOLVED,NOT_CAPTURED,population_screening.csv,NORMAL_REFERENCE,NOT_CAPTURED_EXISTING_ARTIFACT_ONLY
endpoint::deepseek8b:seq64:forward:475:in_out_ptr0,ENDPOINT_UNIT,,deepseek8b:seq64:forward:475:in_out_ptr0,deepseek8b,64,forward:graph0:rsqrt_106,NOT_MEASURED,NOT_MEASURED,NOT_MEASURED,UNRESOLVED,NOT_CAPTURED,population_screening.csv,NORMAL_REFERENCE,NOT_CAPTURED_EXISTING_ARTIFACT_ONLY
endpoint::deepseek8b:seq64:forward:478:output_0,ENDPOINT_UNIT,,deepseek8b:seq64:forward:478:output_0,deepseek8b,64,forward:graph0:bmm_52,NOT_MEASURED,NOT_MEASURED,NOT_MEASURED,UNRESOLVED,NOT_CAPTURED,population_screening.csv,NORMAL_REFERENCE,NOT_CAPTURED_EXISTING_ARTIFACT_ONLY
endpoint::deepseek8b:seq64:forward:479:in_out_ptr0,ENDPOINT_UNIT,,deepseek8b:seq64:forward:479:in_out_ptr0,deepseek8b,64,forward:graph0:add_266,NOT_MEASURED,NOT_MEASURED,NOT_MEASURED,UNRESOLVED,NOT_CAPTURED,population_screening.csv,NORMAL_REFERENCE,NOT_CAPTURED_EXISTING_ARTIFACT_ONLY
endpoint::deepseek8b:seq64:forward:47:in_out_ptr0,ENDPOINT_UNIT,,deepseek8b:seq64:forward:47:in_out_ptr0,deepseek8b,64,forward:graph0:add_26,NOT_MEASURED,NOT_MEASURED,NOT_MEASURED,UNRESOLVED,NOT_CAPTURED,population_screening.csv,COHERENT_F_B_BIAS,NOT_CAPTURED_EXISTING_ARTIFACT_ONLY
endpoint::deepseek8b:seq64:forward:496:output_0,ENDPOINT_UNIT,,deepseek8b:seq64:forward:496:output_0,deepseek8b,64,forward:graph0:bmm_54,NOT_MEASURED,NOT_MEASURED,NOT_MEASURED,UNRESOLVED,NOT_CAPTURED,population_screening.csv,NORMAL_REFERENCE,NOT_CAPTURED_EXISTING_ARTIFACT_ONLY
endpoint::deepseek8b:seq64:forward:497:in_out_ptr0,ENDPOINT_UNIT,,deepseek8b:seq64:forward:497:in_out_ptr0,deepseek8b,64,forward:graph0:add_276,NOT_MEASURED,NOT_MEASURED,NOT_MEASURED,UNRESOLVED,NOT_CAPTURED,population_screening.csv,NORMAL_REFERENCE,NOT_CAPTURED_EXISTING_ARTIFACT_ONLY
endpoint::deepseek8b:seq64:forward:514:output_0,ENDPOINT_UNIT,,deepseek8b:seq64:forward:514:output_0,deepseek8b,64,forward:graph0:bmm_56,NOT_MEASURED,NOT_MEASURED,NOT_MEASURED,UNRESOLVED,NOT_CAPTURED,population_screening.csv,NORMAL_REFERENCE,NOT_CAPTURED_EXISTING_ARTIFACT_ONLY
endpoint::deepseek8b:seq64:forward:515:in_out_ptr0,ENDPOINT_UNIT,,deepseek8b:seq64:forward:515:in_out_ptr0,deepseek8b,64,forward:graph0:add_286,NOT_MEASURED,NOT_MEASURED,NOT_MEASURED,UNRESOLVED,NOT_CAPTURED,population_screening.csv,COHERENT_F_B_BIAS,NOT_CAPTURED_EXISTING_ARTIFACT_ONLY
endpoint::deepseek8b:seq64:forward:529:in_out_ptr0,ENDPOINT_UNIT,,deepseek8b:seq64:forward:529:in_out_ptr0,deepseek8b,64,forward:graph0:rsqrt_118,NOT_MEASURED,NOT_MEASURED,NOT_MEASURED,UNRESOLVED,NOT_CAPTURED,population_screening.csv,NORMAL_REFERENCE,NOT_CAPTURED_EXISTING_ARTIFACT_ONLY
endpoint::deepseek8b:seq64:forward:52:in_out_ptr1,ENDPOINT_UNIT,,deepseek8b:seq64:forward:52:in_out_ptr1,deepseek8b,64,forward:graph0:rsqrt_11,NOT_MEASURED,NOT_MEASURED,NOT_MEASURED,UNRESOLVED,NOT_CAPTURED,population_screening.csv,NORMAL_REFERENCE,NOT_CAPTURED_EXISTING_ARTIFACT_ONLY
endpoint::deepseek8b:seq64:forward:532:output_0,ENDPOINT_UNIT,,deepseek8b:seq64:forward:532:output_0,deepseek8b,64,forward:graph0:bmm_58,NOT_MEASURED,NOT_MEASURED,NOT_MEASURED,UNRESOLVED,NOT_CAPTURED,population_screening.csv,NORMAL_REFERENCE,NOT_CAPTURED_EXISTING_ARTIFACT_ONLY
endpoint::deepseek8b:seq64:forward:533:in_out_ptr0,ENDPOINT_UNIT,,deepseek8b:seq64:forward:533:in_out_ptr0,deepseek8b,64,forward:graph0:add_296,NOT_MEASURED,NOT_MEASURED,NOT_MEASURED,UNRESOLVED,NOT_CAPTURED,population_screening.csv,COHERENT_F_B_BIAS,NOT_CAPTURED_EXISTING_ARTIFACT_ONLY
endpoint::deepseek8b:seq64:forward:53:output_0,ENDPOINT_UNIT,,deepseek8b:seq64:forward:53:output_0,deepseek8b,64,forward:graph0:mm_18,NOT_MEASURED,NOT_MEASURED,NOT_MEASURED,UNRESOLVED,NOT_CAPTURED,population_screening.csv,NORMAL_REFERENCE,NOT_CAPTURED_EXISTING_ARTIFACT_ONLY
endpoint::deepseek8b:seq64:forward:545:in_out_ptr0,ENDPOINT_UNIT,,deepseek8b:seq64:forward:545:in_out_ptr0,deepseek8b,64,forward:graph0:rsqrt_121,NOT_MEASURED,NOT_MEASURED,NOT_MEASURED,UNRESOLVED,NOT_CAPTURED,population_screening.csv,NORMAL_REFERENCE,NOT_CAPTURED_EXISTING_ARTIFACT_ONLY
endpoint::deepseek8b:seq64:forward:547:in_out_ptr0,ENDPOINT_UNIT,,deepseek8b:seq64:forward:547:in_out_ptr0,deepseek8b,64,forward:graph0:rsqrt_122,NOT_MEASURED,NOT_MEASURED,NOT_MEASURED,UNRESOLVED,NOT_CAPTURED,population_screening.csv,NORMAL_REFERENCE,NOT_CAPTURED_EXISTING_ARTIFACT_ONLY
endpoint::deepseek8b:seq64:forward:550:output_0,ENDPOINT_UNIT,,deepseek8b:seq64:forward:550:output_0,deepseek8b,64,forward:graph0:bmm_60,NOT_MEASURED,NOT_MEASURED,NOT_MEASURED,UNRESOLVED,NOT_CAPTURED,population_screening.csv,COHERENT_F_B_BIAS,NOT_CAPTURED_EXISTING_ARTIFACT_ONLY
endpoint::deepseek8b:seq64:forward:551:in_out_ptr0,ENDPOINT_UNIT,,deepseek8b:seq64:forward:551:in_out_ptr0,deepseek8b,64,forward:graph0:add_306,NOT_MEASURED,NOT_MEASURED,NOT_MEASURED,UNRESOLVED,NOT_CAPTURED,population_screening.csv,COHERENT_F_B_BIAS,NOT_CAPTURED_EXISTING_ARTIFACT_ONLY
endpoint::deepseek8b:seq64:forward:565:in_out_ptr0,ENDPOINT_UNIT,,deepseek8b:seq64:forward:565:in_out_ptr0,deepseek8b,64,forward:graph0:rsqrt_126,NOT_MEASURED,NOT_MEASURED,NOT_MEASURED,UNRESOLVED,NOT_CAPTURED,population_screening.csv,NORMAL_REFERENCE,NOT_CAPTURED_EXISTING_ARTIFACT_ONLY
endpoint::deepseek8b:seq64:forward:568:output_0,ENDPOINT_UNIT,,deepseek8b:seq64:forward:568:output_0,deepseek8b,64,forward:graph0:bmm_62,NOT_MEASURED,NOT_MEASURED,NOT_MEASURED,UNRESOLVED,NOT_CAPTURED,population_screening.csv,COHERENT_F_B_BIAS,NOT_CAPTURED_EXISTING_ARTIFACT_ONLY
endpoint::deepseek8b:seq64:forward:569:in_out_ptr0,ENDPOINT_UNIT,,deepseek8b:seq64:forward:569:in_out_ptr0,deepseek8b,64,forward:graph0:add_316,NOT_MEASURED,NOT_MEASURED,NOT_MEASURED,UNRESOLVED,NOT_CAPTURED,population_screening.csv,NORMAL_REFERENCE,NOT_CAPTURED_EXISTING_ARTIFACT_ONLY
endpoint::deepseek8b:seq64:forward:57:in_out_ptr1,ENDPOINT_UNIT,,deepseek8b:seq64:forward:57:in_out_ptr1,deepseek8b,64,forward:graph0:rsqrt_12,NOT_MEASURED,NOT_MEASURED,NOT_MEASURED,UNRESOLVED,NOT_CAPTURED,population_screening.csv,NORMAL_REFERENCE,NOT_CAPTURED_EXISTING_ARTIFACT_ONLY
endpoint::deepseek8b:seq64:forward:581:in_out_ptr0,ENDPOINT_UNIT,,deepseek8b:seq64:forward:581:in_out_ptr0,deepseek8b,64,forward:graph0:rsqrt_129,NOT_MEASURED,NOT_MEASURED,NOT_MEASURED,UNRESOLVED,NOT_CAPTURED,population_screening.csv,NORMAL_REFERENCE,NOT_CAPTURED_EXISTING_ARTIFACT_ONLY
endpoint::deepseek8b:seq64:forward:586:output_0,ENDPOINT_UNIT,,deepseek8b:seq64:forward:586:output_0,deepseek8b,64,forward:graph0:bmm_64,NOT_MEASURED,NOT_MEASURED,NOT_MEASURED,UNRESOLVED,NOT_CAPTURED,population_screening.csv,COHERENT_F_B_BIAS,NOT_CAPTURED_EXISTING_ARTIFACT_ONLY
endpoint::deepseek8b:seq64:forward:587:in_out_ptr0,ENDPOINT_UNIT,,deepseek8b:seq64:forward:587:in_out_ptr0,deepseek8b,64,forward:graph0:add_326,NOT_MEASURED,NOT_MEASURED,NOT_MEASURED,UNRESOLVED,NOT_CAPTURED,population_screening.csv,COHERENT_F_B_BIAS,NOT_CAPTURED_EXISTING_ARTIFACT_ONLY
endpoint::deepseek8b:seq64:forward:599:in_out_ptr0,ENDPOINT_UNIT,,deepseek8b:seq64:forward:599:in_out_ptr0,deepseek8b,64,forward:graph0:rsqrt_133,NOT_MEASURED,NOT_MEASURED,NOT_MEASURED,UNRESOLVED,NOT_CAPTURED,population_screening.csv,NORMAL_REFERENCE,NOT_CAPTURED_EXISTING_ARTIFACT_ONLY
endpoint::deepseek8b:seq64:forward:5:out_ptr2,ENDPOINT_UNIT,,deepseek8b:seq64:forward:5:out_ptr2,deepseek8b,64,forward:graph0:permute_1752,NOT_MEASURED,NOT_MEASURED,NOT_MEASURED,UNRESOLVED,NOT_CAPTURED,population_screening.csv,NORMAL_REFERENCE,NOT_CAPTURED_EXISTING_ARTIFACT_ONLY
endpoint::deepseek8b:seq64:forward:604:output_0,ENDPOINT_UNIT,,deepseek8b:seq64:forward:604:output_0,deepseek8b,64,forward:graph0:bmm_66,NOT_MEASURED,NOT_MEASURED,NOT_MEASURED,UNRESOLVED,NOT_CAPTURED,population_screening.csv,NORMAL_REFERENCE,NOT_CAPTURED_EXISTING_ARTIFACT_ONLY
endpoint::deepseek8b:seq64:forward:605:in_out_ptr0,ENDPOINT_UNIT,,deepseek8b:seq64:forward:605:in_out_ptr0,deepseek8b,64,forward:graph0:add_336,NOT_MEASURED,NOT_MEASURED,NOT_MEASURED,UNRESOLVED,NOT_CAPTURED,population_screening.csv,COHERENT_F_B_BIAS,NOT_CAPTURED_EXISTING_ARTIFACT_ONLY
endpoint::deepseek8b:seq64:forward:619:in_out_ptr0,ENDPOINT_UNIT,,deepseek8b:seq64:forward:619:in_out_ptr0,deepseek8b,64,forward:graph0:rsqrt_138,NOT_MEASURED,NOT_MEASURED,NOT_MEASURED,UNRESOLVED,NOT_CAPTURED,population_screening.csv,COHERENT_F_B_BIAS,NOT_CAPTURED_EXISTING_ARTIFACT_ONLY
endpoint::deepseek8b:seq64:forward:61:in_out_ptr1,ENDPOINT_UNIT,,deepseek8b:seq64:forward:61:in_out_ptr1,deepseek8b,64,forward:graph0:add_35,NOT_MEASURED,NOT_MEASURED,NOT_MEASURED,UNRESOLVED,NOT_CAPTURED,population_screening.csv,NORMAL_REFERENCE,NOT_CAPTURED_EXISTING_ARTIFACT_ONLY
endpoint::deepseek8b:seq64:forward:622:output_0,ENDPOINT_UNIT,,deepseek8b:seq64:forward:622:output_0,deepseek8b,64,forward:graph0:bmm_68,NOT_MEASURED,NOT_MEASURED,NOT_MEASURED,UNRESOLVED,NOT_CAPTURED,population_screening.csv,COHERENT_F_B_BIAS,NOT_CAPTURED_EXISTING_ARTIFACT_ONLY
endpoint::deepseek8b:seq64:forward:623:in_out_ptr0,ENDPOINT_UNIT,,deepseek8b:seq64:forward:623:in_out_ptr0,deepseek8b,64,forward:graph0:add_346,NOT_MEASURED,NOT_MEASURED,NOT_MEASURED,UNRESOLVED,NOT_CAPTURED,population_screening.csv,COHERENT_F_B_BIAS,NOT_CAPTURED_EXISTING_ARTIFACT_ONLY
endpoint::deepseek8b:seq64:forward:649:out_ptr0,ENDPOINT_UNIT,,deepseek8b:seq64:forward:649:out_ptr0,deepseek8b,64,forward:graph0:mul_506,NOT_MEASURED,NOT_MEASURED,NOT_MEASURED,UNRESOLVED,NOT_CAPTURED,population_screening.csv,NORMAL_REFERENCE,NOT_CAPTURED_EXISTING_ARTIFACT_ONLY
endpoint::deepseek8b:seq64:forward:64:output_0,ENDPOINT_UNIT,,deepseek8b:seq64:forward:64:output_0,deepseek8b,64,forward:graph0:bmm_6,NOT_MEASURED,NOT_MEASURED,NOT_MEASURED,UNRESOLVED,NOT_CAPTURED,population_screening.csv,NORMAL_REFERENCE,NOT_CAPTURED_EXISTING_ARTIFACT_ONLY
endpoint::deepseek8b:seq64:forward:65:in_out_ptr0,ENDPOINT_UNIT,,deepseek8b:seq64:forward:65:in_out_ptr0,deepseek8b,64,forward:graph0:add_36,NOT_MEASURED,NOT_MEASURED,NOT_MEASURED,UNRESOLVED,NOT_CAPTURED,population_screening.csv,NORMAL_REFERENCE,NOT_CAPTURED_EXISTING_ARTIFACT_ONLY
endpoint::deepseek8b:seq64:forward:6:output_0,ENDPOINT_UNIT,,deepseek8b:seq64:forward:6:output_0,deepseek8b,64,forward:graph0:mm_1,NOT_MEASURED,NOT_MEASURED,NOT_MEASURED,UNRESOLVED,NOT_CAPTURED,population_screening.csv,NORMAL_REFERENCE,NOT_CAPTURED_EXISTING_ARTIFACT_ONLY
endpoint::deepseek8b:seq64:forward:70:in_out_ptr1,ENDPOINT_UNIT,,deepseek8b:seq64:forward:70:in_out_ptr1,deepseek8b,64,forward:graph0:rsqrt_15,NOT_MEASURED,NOT_MEASURED,NOT_MEASURED,UNRESOLVED,NOT_CAPTURED,population_screening.csv,NORMAL_REFERENCE,NOT_CAPTURED_EXISTING_ARTIFACT_ONLY
endpoint::deepseek8b:seq64:forward:75:in_out_ptr1,ENDPOINT_UNIT,,deepseek8b:seq64:forward:75:in_out_ptr1,deepseek8b,64,forward:graph0:rsqrt_16,NOT_MEASURED,NOT_MEASURED,NOT_MEASURED,UNRESOLVED,NOT_CAPTURED,population_screening.csv,NORMAL_REFERENCE,NOT_CAPTURED_EXISTING_ARTIFACT_ONLY
endpoint::deepseek8b:seq64:forward:77:out_ptr2,ENDPOINT_UNIT,,deepseek8b:seq64:forward:77:out_ptr2,deepseek8b,64,forward:graph0:permute_1604,NOT_MEASURED,NOT_MEASURED,NOT_MEASURED,UNRESOLVED,NOT_CAPTURED,population_screening.csv,NORMAL_REFERENCE,NOT_CAPTURED_EXISTING_ARTIFACT_ONLY
endpoint::deepseek8b:seq64:forward:7:in_out_ptr1,ENDPOINT_UNIT,,deepseek8b:seq64:forward:7:in_out_ptr1,deepseek8b,64,forward:graph0:add_5,NOT_MEASURED,NOT_MEASURED,NOT_MEASURED,UNRESOLVED,NOT_CAPTURED,population_screening.csv,NORMAL_REFERENCE,NOT_CAPTURED_EXISTING_ARTIFACT_ONLY
endpoint::deepseek8b:seq64:forward:82:output_0,ENDPOINT_UNIT,,deepseek8b:seq64:forward:82:output_0,deepseek8b,64,forward:graph0:bmm_8,NOT_MEASURED,NOT_MEASURED,NOT_MEASURED,UNRESOLVED,NOT_CAPTURED,population_screening.csv,NORMAL_REFERENCE,NOT_CAPTURED_EXISTING_ARTIFACT_ONLY
endpoint::deepseek8b:seq64:forward:83:in_out_ptr0,ENDPOINT_UNIT,,deepseek8b:seq64:forward:83:in_out_ptr0,deepseek8b,64,forward:graph0:add_46,NOT_MEASURED,NOT_MEASURED,NOT_MEASURED,UNRESOLVED,NOT_CAPTURED,population_screening.csv,NORMAL_REFERENCE,NOT_CAPTURED_EXISTING_ARTIFACT_ONLY
endpoint::deepseek8b:seq64:forward:88:in_out_ptr1,ENDPOINT_UNIT,,deepseek8b:seq64:forward:88:in_out_ptr1,deepseek8b,64,forward:graph0:rsqrt_19,NOT_MEASURED,NOT_MEASURED,NOT_MEASURED,UNRESOLVED,NOT_CAPTURED,population_screening.csv,NORMAL_REFERENCE,NOT_CAPTURED_EXISTING_ARTIFACT_ONLY
endpoint::deepseek8b:seq64:forward:93:in_out_ptr1,ENDPOINT_UNIT,,deepseek8b:seq64:forward:93:in_out_ptr1,deepseek8b,64,forward:graph0:rsqrt_20,NOT_MEASURED,NOT_MEASURED,NOT_MEASURED,UNRESOLVED,NOT_CAPTURED,population_screening.csv,NORMAL_REFERENCE,NOT_CAPTURED_EXISTING_ARTIFACT_ONLY
endpoint::deepseek8b:seq64:forward:97:in_out_ptr1,ENDPOINT_UNIT,,deepseek8b:seq64:forward:97:in_out_ptr1,deepseek8b,64,forward:graph0:add_55,NOT_MEASURED,NOT_MEASURED,NOT_MEASURED,UNRESOLVED,NOT_CAPTURED,population_screening.csv,NORMAL_REFERENCE,NOT_CAPTURED_EXISTING_ARTIFACT_ONLY
endpoint::deepseek8b:seq64:forward:99:out_ptr0,ENDPOINT_UNIT,,deepseek8b:seq64:forward:99:out_ptr0,deepseek8b,64,forward:graph0:clone_22,NOT_MEASURED,NOT_MEASURED,NOT_MEASURED,UNRESOLVED,NOT_CAPTURED,population_screening.csv,NORMAL_REFERENCE,NOT_CAPTURED_EXISTING_ARTIFACT_ONLY
endpoint::deepseek8b:seq64:forward:9:out_ptr0,ENDPOINT_UNIT,,deepseek8b:seq64:forward:9:out_ptr0,deepseek8b,64,forward:graph0:clone_2,NOT_MEASURED,NOT_MEASURED,NOT_MEASURED,UNRESOLVED,NOT_CAPTURED,population_screening.csv,NORMAL_REFERENCE,NOT_CAPTURED_EXISTING_ARTIFACT_ONLY
endpoint::mamba:seq128:backward:10253:output_0,ENDPOINT_UNIT,,mamba:seq128:backward:10253:output_0,mamba,128,backward:graph0:mm_default_2751,NOT_MEASURED,NOT_MEASURED,NOT_MEASURED,UNRESOLVED,NOT_CAPTURED,population_screening.csv,UNRESOLVED,NOT_CAPTURED_EXISTING_ARTIFACT_ONLY
endpoint::mamba:seq128:backward:10482:output_0,ENDPOINT_UNIT,,mamba:seq128:backward:10482:output_0,mamba,128,backward:graph0:mm_default_2675,NOT_MEASURED,NOT_MEASURED,NOT_MEASURED,UNRESOLVED,NOT_CAPTURED,population_screening.csv,UNRESOLVED,NOT_CAPTURED_EXISTING_ARTIFACT_ONLY
endpoint::mamba:seq128:backward:11158:output_0,ENDPOINT_UNIT,,mamba:seq128:backward:11158:output_0,mamba,128,backward:graph0:mm_default_2305,NOT_MEASURED,NOT_MEASURED,NOT_MEASURED,UNRESOLVED,NOT_CAPTURED,population_screening.csv,UNRESOLVED,NOT_CAPTURED_EXISTING_ARTIFACT_ONLY
endpoint::mamba:seq128:backward:11171:out_ptr0,ENDPOINT_UNIT,,mamba:seq128:backward:11171:out_ptr0,mamba,128,backward:graph0:sum_64,NOT_MEASURED,NOT_MEASURED,NOT_MEASURED,UNRESOLVED,NOT_CAPTURED,population_screening.csv,NORMAL_REFERENCE,NOT_CAPTURED_EXISTING_ARTIFACT_ONLY
endpoint::mamba:seq128:backward:11343:output_0,ENDPOINT_UNIT,,mamba:seq128:backward:11343:output_0,mamba,128,backward:graph0:mm_default_2273,NOT_MEASURED,NOT_MEASURED,NOT_MEASURED,UNRESOLVED,NOT_CAPTURED,population_screening.csv,UNRESOLVED,NOT_CAPTURED_EXISTING_ARTIFACT_ONLY
endpoint::mamba:seq128:backward:11694:output_0,ENDPOINT_UNIT,,mamba:seq128:backward:11694:output_0,mamba,128,backward:graph0:mm_default_2075,NOT_MEASURED,NOT_MEASURED,NOT_MEASURED,UNRESOLVED,NOT_CAPTURED,population_screening.csv,UNRESOLVED,NOT_CAPTURED_EXISTING_ARTIFACT_ONLY
endpoint::mamba:seq128:backward:11807:output_0,ENDPOINT_UNIT,,mamba:seq128:backward:11807:output_0,mamba,128,backward:graph0:mm_default_2044,NOT_MEASURED,NOT_MEASURED,NOT_MEASURED,UNRESOLVED,NOT_CAPTURED,population_screening.csv,UNRESOLVED,NOT_CAPTURED_EXISTING_ARTIFACT_ONLY
endpoint::mamba:seq128:backward:12173:output_0,ENDPOINT_UNIT,,mamba:seq128:backward:12173:output_0,mamba,128,backward:graph0:mm_default_1902,NOT_MEASURED,NOT_MEASURED,NOT_MEASURED,UNRESOLVED,NOT_CAPTURED,population_screening.csv,UNRESOLVED,NOT_CAPTURED_EXISTING_ARTIFACT_ONLY
endpoint::mamba:seq128:backward:12490:output_0,ENDPOINT_UNIT,,mamba:seq128:backward:12490:output_0,mamba,128,backward:graph0:mm_default_1738,NOT_MEASURED,NOT_MEASURED,NOT_MEASURED,UNRESOLVED,NOT_CAPTURED,population_screening.csv,UNRESOLVED,NOT_CAPTURED_EXISTING_ARTIFACT_ONLY
endpoint::mamba:seq128:backward:12585:out_ptr0,ENDPOINT_UNIT,,mamba:seq128:backward:12585:out_ptr0,mamba,128,backward:graph0:sum_117,NOT_MEASURED,NOT_MEASURED,NOT_MEASURED,UNRESOLVED,NOT_CAPTURED,population_screening.csv,NORMAL_REFERENCE,NOT_CAPTURED_EXISTING_ARTIFACT_ONLY
endpoint::mamba:seq128:backward:13058:output_0,ENDPOINT_UNIT,,mamba:seq128:backward:13058:output_0,mamba,128,backward:graph0:mm_default_1476,NOT_MEASURED,NOT_MEASURED,NOT_MEASURED,UNRESOLVED,NOT_CAPTURED,population_screening.csv,UNRESOLVED,NOT_CAPTURED_EXISTING_ARTIFACT_ONLY
endpoint::mamba:seq128:backward:13118:output_0,ENDPOINT_UNIT,,mamba:seq128:backward:13118:output_0,mamba,128,backward:graph0:mm_default_1416,NOT_MEASURED,NOT_MEASURED,NOT_MEASURED,UNRESOLVED,NOT_CAPTURED,population_screening.csv,UNRESOLVED,NOT_CAPTURED_EXISTING_ARTIFACT_ONLY
endpoint::mamba:seq128:backward:13120:output_0,ENDPOINT_UNIT,,mamba:seq128:backward:13120:output_0,mamba,128,backward:graph0:mm_default_1414,NOT_MEASURED,NOT_MEASURED,NOT_MEASURED,UNRESOLVED,NOT_CAPTURED,population_screening.csv,UNRESOLVED,NOT_CAPTURED_EXISTING_ARTIFACT_ONLY
endpoint::mamba:seq128:backward:13860:output_0,ENDPOINT_UNIT,,mamba:seq128:backward:13860:output_0,mamba,128,backward:graph0:mm_default_1133,NOT_MEASURED,NOT_MEASURED,NOT_MEASURED,UNRESOLVED,NOT_CAPTURED,population_screening.csv,UNRESOLVED,NOT_CAPTURED_EXISTING_ARTIFACT_ONLY
endpoint::mamba:seq128:backward:14488:output_0,ENDPOINT_UNIT,,mamba:seq128:backward:14488:output_0,mamba,128,backward:graph0:mm_default_811,NOT_MEASURED,NOT_MEASURED,NOT_MEASURED,UNRESOLVED,NOT_CAPTURED,population_screening.csv,UNRESOLVED,NOT_CAPTURED_EXISTING_ARTIFACT_ONLY
endpoint::mamba:seq128:backward:15314:output_0,ENDPOINT_UNIT,,mamba:seq128:backward:15314:output_0,mamba,128,backward:graph0:mm_default_397,NOT_MEASURED,NOT_MEASURED,NOT_MEASURED,UNRESOLVED,NOT_CAPTURED,population_screening.csv,UNRESOLVED,NOT_CAPTURED_EXISTING_ARTIFACT_ONLY
endpoint::mamba:seq128:backward:16196:output_0,ENDPOINT_UNIT,,mamba:seq128:backward:16196:output_0,mamba,128,backward:graph0:mm_default_22,NOT_MEASURED,NOT_MEASURED,NOT_MEASURED,UNRESOLVED,NOT_CAPTURED,population_screening.csv,UNRESOLVED,NOT_CAPTURED_EXISTING_ARTIFACT_ONLY
endpoint::mamba:seq128:backward:16209:output_0,ENDPOINT_UNIT,,mamba:seq128:backward:16209:output_0,mamba,128,backward:graph0:mm_default_9,NOT_MEASURED,NOT_MEASURED,NOT_MEASURED,UNRESOLVED,NOT_CAPTURED,population_screening.csv,UNRESOLVED,NOT_CAPTURED_EXISTING_ARTIFACT_ONLY
endpoint::mamba:seq128:backward:9742:output_0,ENDPOINT_UNIT,,mamba:seq128:backward:9742:output_0,mamba,128,backward:graph0:mm_default_3059,NOT_MEASURED,NOT_MEASURED,NOT_MEASURED,UNRESOLVED,NOT_CAPTURED,population_screening.csv,UNRESOLVED,NOT_CAPTURED_EXISTING_ARTIFACT_ONLY
endpoint::mamba:seq128:backward:9769:output_0,ENDPOINT_UNIT,,mamba:seq128:backward:9769:output_0,mamba,128,backward:graph0:mm_105,NOT_MEASURED,NOT_MEASURED,NOT_MEASURED,UNRESOLVED,NOT_CAPTURED,population_screening.csv,NORMAL_REFERENCE,NOT_CAPTURED_EXISTING_ARTIFACT_ONLY
endpoint::mamba:seq128:backward:9838:out_ptr11,ENDPOINT_UNIT,,mamba:seq128:backward:9838:out_ptr11,mamba,128,backward:graph0:add_3783,NOT_MEASURED,NOT_MEASURED,NOT_MEASURED,UNRESOLVED,NOT_CAPTURED,population_screening.csv,NORMAL_REFERENCE,NOT_CAPTURED_EXISTING_ARTIFACT_ONLY
endpoint::mamba:seq128:forward:0:in_out_ptr0,ENDPOINT_UNIT,,mamba:seq128:forward:0:in_out_ptr0,mamba,128,forward:graph0:rsqrt,NOT_MEASURED,NOT_MEASURED,NOT_MEASURED,UNRESOLVED,NOT_CAPTURED,population_screening.csv,NORMAL_REFERENCE,NOT_CAPTURED_EXISTING_ARTIFACT_ONLY
endpoint::mamba:seq128:forward:1354:output_0,ENDPOINT_UNIT,,mamba:seq128:forward:1354:output_0,mamba,128,forward:graph0:mm_default_5680,NOT_MEASURED,NOT_MEASURED,NOT_MEASURED,UNRESOLVED,NOT_CAPTURED,population_screening.csv,NORMAL_REFERENCE,NOT_CAPTURED_EXISTING_ARTIFACT_ONLY
endpoint::mamba:seq128:forward:137:out_ptr41,ENDPOINT_UNIT,,mamba:seq128:forward:137:out_ptr41,mamba,128,forward:graph0:add_108,NOT_MEASURED,NOT_MEASURED,NOT_MEASURED,UNRESOLVED,NOT_CAPTURED,population_screening.csv,UNRESOLVED,NOT_CAPTURED_EXISTING_ARTIFACT_ONLY
endpoint::mamba:seq128:forward:137:out_ptr42,ENDPOINT_UNIT,,mamba:seq128:forward:137:out_ptr42,mamba,128,forward:graph0:add_109,NOT_MEASURED,NOT_MEASURED,NOT_MEASURED,UNRESOLVED,NOT_CAPTURED,population_screening.csv,UNRESOLVED,NOT_CAPTURED_EXISTING_ARTIFACT_ONLY
endpoint::mamba:seq128:forward:137:out_ptr45,ENDPOINT_UNIT,,mamba:seq128:forward:137:out_ptr45,mamba,128,forward:graph0:add_112,NOT_MEASURED,NOT_MEASURED,NOT_MEASURED,UNRESOLVED,NOT_CAPTURED,population_screening.csv,UNRESOLVED,NOT_CAPTURED_EXISTING_ARTIFACT_ONLY
endpoint::mamba:seq128:forward:137:out_ptr46,ENDPOINT_UNIT,,mamba:seq128:forward:137:out_ptr46,mamba,128,forward:graph0:add_113,NOT_MEASURED,NOT_MEASURED,NOT_MEASURED,UNRESOLVED,NOT_CAPTURED,population_screening.csv,UNRESOLVED,NOT_CAPTURED_EXISTING_ARTIFACT_ONLY
endpoint::mamba:seq128:forward:137:out_ptr47,ENDPOINT_UNIT,,mamba:seq128:forward:137:out_ptr47,mamba,128,forward:graph0:add_114,NOT_MEASURED,NOT_MEASURED,NOT_MEASURED,UNRESOLVED,NOT_CAPTURED,population_screening.csv,UNRESOLVED,NOT_CAPTURED_EXISTING_ARTIFACT_ONLY
endpoint::mamba:seq128:forward:137:out_ptr57,ENDPOINT_UNIT,,mamba:seq128:forward:137:out_ptr57,mamba,128,forward:graph0:add_124,NOT_MEASURED,NOT_MEASURED,NOT_MEASURED,UNRESOLVED,NOT_CAPTURED,population_screening.csv,UNRESOLVED,NOT_CAPTURED_EXISTING_ARTIFACT_ONLY
endpoint::mamba:seq128:forward:137:out_ptr60,ENDPOINT_UNIT,,mamba:seq128:forward:137:out_ptr60,mamba,128,forward:graph0:add_127,NOT_MEASURED,NOT_MEASURED,NOT_MEASURED,UNRESOLVED,NOT_CAPTURED,population_screening.csv,UNRESOLVED,NOT_CAPTURED_EXISTING_ARTIFACT_ONLY
endpoint::mamba:seq128:forward:1588:out_ptr23,ENDPOINT_UNIT,,mamba:seq128:forward:1588:out_ptr23,mamba,128,forward:graph0:add_562,NOT_MEASURED,NOT_MEASURED,NOT_MEASURED,UNRESOLVED,NOT_CAPTURED,population_screening.csv,UNRESOLVED,NOT_CAPTURED_EXISTING_ARTIFACT_ONLY
endpoint::mamba:seq128:forward:1588:out_ptr26,ENDPOINT_UNIT,,mamba:seq128:forward:1588:out_ptr26,mamba,128,forward:graph0:add_565,NOT_MEASURED,NOT_MEASURED,NOT_MEASURED,UNRESOLVED,NOT_CAPTURED,population_screening.csv,UNRESOLVED,NOT_CAPTURED_EXISTING_ARTIFACT_ONLY
endpoint::mamba:seq128:forward:1588:out_ptr37,ENDPOINT_UNIT,,mamba:seq128:forward:1588:out_ptr37,mamba,128,forward:graph0:add_576,NOT_MEASURED,NOT_MEASURED,NOT_MEASURED,UNRESOLVED,NOT_CAPTURED,population_screening.csv,UNRESOLVED,NOT_CAPTURED_EXISTING_ARTIFACT_ONLY
endpoint::mamba:seq128:forward:1588:out_ptr59,ENDPOINT_UNIT,,mamba:seq128:forward:1588:out_ptr59,mamba,128,forward:graph0:add_598,NOT_MEASURED,NOT_MEASURED,NOT_MEASURED,UNRESOLVED,NOT_CAPTURED,population_screening.csv,UNRESOLVED,NOT_CAPTURED_EXISTING_ARTIFACT_ONLY
endpoint::mamba:seq128:forward:1656:output_0,ENDPOINT_UNIT,,mamba:seq128:forward:1656:output_0,mamba,128,forward:graph0:mm_default_5598,NOT_MEASURED,NOT_MEASURED,NOT_MEASURED,UNRESOLVED,NOT_CAPTURED,population_screening.csv,NORMAL_REFERENCE,NOT_CAPTURED_EXISTING_ARTIFACT_ONLY
endpoint::mamba:seq128:forward:1670:output_0,ENDPOINT_UNIT,,mamba:seq128:forward:1670:output_0,mamba,128,forward:graph0:mm_default_5591,NOT_MEASURED,NOT_MEASURED,NOT_MEASURED,UNRESOLVED,NOT_CAPTURED,population_screening.csv,NORMAL_REFERENCE,NOT_CAPTURED_EXISTING_ARTIFACT_ONLY
endpoint::mamba:seq128:forward:1717:out_ptr45,ENDPOINT_UNIT,,mamba:seq128:forward:1717:out_ptr45,mamba,128,forward:graph0:add_648,NOT_MEASURED,NOT_MEASURED,NOT_MEASURED,UNRESOLVED,NOT_CAPTURED,population_screening.csv,UNRESOLVED,NOT_CAPTURED_EXISTING_ARTIFACT_ONLY
endpoint::mamba:seq128:forward:1745:output_0,ENDPOINT_UNIT,,mamba:seq128:forward:1745:output_0,mamba,128,forward:graph0:mm_default_5554,NOT_MEASURED,NOT_MEASURED,NOT_MEASURED,UNRESOLVED,NOT_CAPTURED,population_screening.csv,NORMAL_REFERENCE,NOT_CAPTURED_EXISTING_ARTIFACT_ONLY
endpoint::mamba:seq128:forward:1983:out_ptr60,ENDPOINT_UNIT,,mamba:seq128:forward:1983:out_ptr60,mamba,128,forward:graph0:add_733,NOT_MEASURED,NOT_MEASURED,NOT_MEASURED,UNRESOLVED,NOT_CAPTURED,population_screening.csv,UNRESOLVED,NOT_CAPTURED_EXISTING_ARTIFACT_ONLY
endpoint::mamba:seq128:forward:2112:out_ptr11,ENDPOINT_UNIT,,mamba:seq128:forward:2112:out_ptr11,mamba,128,forward:graph0:add_748,NOT_MEASURED,NOT_MEASURED,NOT_MEASURED,UNRESOLVED,NOT_CAPTURED,population_screening.csv,UNRESOLVED,NOT_CAPTURED_EXISTING_ARTIFACT_ONLY
endpoint::mamba:seq128:forward:2112:out_ptr32,ENDPOINT_UNIT,,mamba:seq128:forward:2112:out_ptr32,mamba,128,forward:graph0:add_769,NOT_MEASURED,NOT_MEASURED,NOT_MEASURED,UNRESOLVED,NOT_CAPTURED,population_screening.csv,UNRESOLVED,NOT_CAPTURED_EXISTING_ARTIFACT_ONLY
endpoint::mamba:seq128:forward:2112:out_ptr33,ENDPOINT_UNIT,,mamba:seq128:forward:2112:out_ptr33,mamba,128,forward:graph0:add_770,NOT_MEASURED,NOT_MEASURED,NOT_MEASURED,UNRESOLVED,NOT_CAPTURED,population_screening.csv,UNRESOLVED,NOT_CAPTURED_EXISTING_ARTIFACT_ONLY
endpoint::mamba:seq128:forward:2112:out_ptr34,ENDPOINT_UNIT,,mamba:seq128:forward:2112:out_ptr34,mamba,128,forward:graph0:add_771,NOT_MEASURED,NOT_MEASURED,NOT_MEASURED,UNRESOLVED,NOT_CAPTURED,population_screening.csv,UNRESOLVED,NOT_CAPTURED_EXISTING_ARTIFACT_ONLY
endpoint::mamba:seq128:forward:2112:out_ptr37,ENDPOINT_UNIT,,mamba:seq128:forward:2112:out_ptr37,mamba,128,forward:graph0:add_774,NOT_MEASURED,NOT_MEASURED,NOT_MEASURED,UNRESOLVED,NOT_CAPTURED,population_screening.csv,UNRESOLVED,NOT_CAPTURED_EXISTING_ARTIFACT_ONLY
endpoint::mamba:seq128:forward:2112:out_ptr41,ENDPOINT_UNIT,,mamba:seq128:forward:2112:out_ptr41,mamba,128,forward:graph0:add_778,NOT_MEASURED,NOT_MEASURED,NOT_MEASURED,UNRESOLVED,NOT_CAPTURED,population_screening.csv,UNRESOLVED,NOT_CAPTURED_EXISTING_ARTIFACT_ONLY
endpoint::mamba:seq128:forward:2112:out_ptr5,ENDPOINT_UNIT,,mamba:seq128:forward:2112:out_ptr5,mamba,128,forward:graph0:add_742,NOT_MEASURED,NOT_MEASURED,NOT_MEASURED,UNRESOLVED,NOT_CAPTURED,population_screening.csv,UNRESOLVED,NOT_CAPTURED_EXISTING_ARTIFACT_ONLY
endpoint::mamba:seq128:forward:2112:out_ptr53,ENDPOINT_UNIT,,mamba:seq128:forward:2112:out_ptr53,mamba,128,forward:graph0:add_790,NOT_MEASURED,NOT_MEASURED,NOT_MEASURED,UNRESOLVED,NOT_CAPTURED,population_screening.csv,UNRESOLVED,NOT_CAPTURED_EXISTING_ARTIFACT_ONLY
endpoint::mamba:seq128:forward:2112:out_ptr8,ENDPOINT_UNIT,,mamba:seq128:forward:2112:out_ptr8,mamba,128,forward:graph0:add_745,NOT_MEASURED,NOT_MEASURED,NOT_MEASURED,UNRESOLVED,NOT_CAPTURED,population_screening.csv,UNRESOLVED,NOT_CAPTURED_EXISTING_ARTIFACT_ONLY
endpoint::mamba:seq128:forward:2238:output_0,ENDPOINT_UNIT,,mamba:seq128:forward:2238:output_0,mamba,128,forward:graph0:mm_default_5377,NOT_MEASURED,NOT_MEASURED,NOT_MEASURED,UNRESOLVED,NOT_CAPTURED,population_screening.csv,NORMAL_REFERENCE,NOT_CAPTURED_EXISTING_ARTIFACT_ONLY
endpoint::mamba:seq128:forward:2370:in_out_ptr0,ENDPOINT_UNIT,,mamba:seq128:forward:2370:in_out_ptr0,mamba,128,forward:graph0:rsqrt_6,NOT_MEASURED,NOT_MEASURED,NOT_MEASURED,UNRESOLVED,NOT_CAPTURED,population_screening.csv,UNRESOLVED,NOT_CAPTURED_EXISTING_ARTIFACT_ONLY
endpoint::mamba:seq128:forward:24:output_0,ENDPOINT_UNIT,,mamba:seq128:forward:24:output_0,mamba,128,forward:graph0:mm_default_6136,NOT_MEASURED,NOT_MEASURED,NOT_MEASURED,UNRESOLVED,NOT_CAPTURED,population_screening.csv,UNRESOLVED,NOT_CAPTURED_EXISTING_ARTIFACT_ONLY
endpoint::mamba:seq128:forward:2765:in_out_ptr0,ENDPOINT_UNIT,,mamba:seq128:forward:2765:in_out_ptr0,mamba,128,forward:graph0:rsqrt_7,NOT_MEASURED,NOT_MEASURED,NOT_MEASURED,UNRESOLVED,NOT_CAPTURED,population_screening.csv,UNRESOLVED,NOT_CAPTURED_EXISTING_ARTIFACT_ONLY
endpoint::mamba:seq128:forward:403:out_ptr23,ENDPOINT_UNIT,,mamba:seq128:forward:403:out_ptr23,mamba,128,forward:graph0:add_160,NOT_MEASURED,NOT_MEASURED,NOT_MEASURED,UNRESOLVED,NOT_CAPTURED,population_screening.csv,UNRESOLVED,NOT_CAPTURED_EXISTING_ARTIFACT_ONLY
endpoint::mamba:seq128:forward:403:out_ptr28,ENDPOINT_UNIT,,mamba:seq128:forward:403:out_ptr28,mamba,128,forward:graph0:add_165,NOT_MEASURED,NOT_MEASURED,NOT_MEASURED,UNRESOLVED,NOT_CAPTURED,population_screening.csv,UNRESOLVED,NOT_CAPTURED_EXISTING_ARTIFACT_ONLY
endpoint::mamba:seq128:forward:403:out_ptr47,ENDPOINT_UNIT,,mamba:seq128:forward:403:out_ptr47,mamba,128,forward:graph0:add_184,NOT_MEASURED,NOT_MEASURED,NOT_MEASURED,UNRESOLVED,NOT_CAPTURED,population_screening.csv,UNRESOLVED,NOT_CAPTURED_EXISTING_ARTIFACT_ONLY
endpoint::mamba:seq128:forward:403:out_ptr50,ENDPOINT_UNIT,,mamba:seq128:forward:403:out_ptr50,mamba,128,forward:graph0:add_187,NOT_MEASURED,NOT_MEASURED,NOT_MEASURED,UNRESOLVED,NOT_CAPTURED,population_screening.csv,UNRESOLVED,NOT_CAPTURED_EXISTING_ARTIFACT_ONLY
endpoint::mamba:seq128:forward:403:out_ptr51,ENDPOINT_UNIT,,mamba:seq128:forward:403:out_ptr51,mamba,128,forward:graph0:add_188,NOT_MEASURED,NOT_MEASURED,NOT_MEASURED,UNRESOLVED,NOT_CAPTURED,population_screening.csv,UNRESOLVED,NOT_CAPTURED_EXISTING_ARTIFACT_ONLY
endpoint::mamba:seq128:forward:403:out_ptr54,ENDPOINT_UNIT,,mamba:seq128:forward:403:out_ptr54,mamba,128,forward:graph0:add_191,NOT_MEASURED,NOT_MEASURED,NOT_MEASURED,UNRESOLVED,NOT_CAPTURED,population_screening.csv,UNRESOLVED,NOT_CAPTURED_EXISTING_ARTIFACT_ONLY
endpoint::mamba:seq128:forward:403:out_ptr55,ENDPOINT_UNIT,,mamba:seq128:forward:403:out_ptr55,mamba,128,forward:graph0:add_192,NOT_MEASURED,NOT_MEASURED,NOT_MEASURED,UNRESOLVED,NOT_CAPTURED,population_screening.csv,UNRESOLVED,NOT_CAPTURED_EXISTING_ARTIFACT_ONLY
endpoint::mamba:seq128:forward:403:out_ptr56,ENDPOINT_UNIT,,mamba:seq128:forward:403:out_ptr56,mamba,128,forward:graph0:add_193,NOT_MEASURED,NOT_MEASURED,NOT_MEASURED,UNRESOLVED,NOT_CAPTURED,population_screening.csv,UNRESOLVED,NOT_CAPTURED_EXISTING_ARTIFACT_ONLY
endpoint::mamba:seq128:forward:403:out_ptr57,ENDPOINT_UNIT,,mamba:seq128:forward:403:out_ptr57,mamba,128,forward:graph0:add_194,NOT_MEASURED,NOT_MEASURED,NOT_MEASURED,UNRESOLVED,NOT_CAPTURED,population_screening.csv,UNRESOLVED,NOT_CAPTURED_EXISTING_ARTIFACT_ONLY
endpoint::mamba:seq128:forward:403:out_ptr58,ENDPOINT_UNIT,,mamba:seq128:forward:403:out_ptr58,mamba,128,forward:graph0:add_195,NOT_MEASURED,NOT_MEASURED,NOT_MEASURED,UNRESOLVED,NOT_CAPTURED,population_screening.csv,UNRESOLVED,NOT_CAPTURED_EXISTING_ARTIFACT_ONLY
endpoint::mamba:seq128:forward:403:out_ptr60,ENDPOINT_UNIT,,mamba:seq128:forward:403:out_ptr60,mamba,128,forward:graph0:add_197,NOT_MEASURED,NOT_MEASURED,NOT_MEASURED,UNRESOLVED,NOT_CAPTURED,population_screening.csv,UNRESOLVED,NOT_CAPTURED_EXISTING_ARTIFACT_ONLY
endpoint::mamba:seq128:forward:403:out_ptr61,ENDPOINT_UNIT,,mamba:seq128:forward:403:out_ptr61,mamba,128,forward:graph0:add_198,NOT_MEASURED,NOT_MEASURED,NOT_MEASURED,UNRESOLVED,NOT_CAPTURED,population_screening.csv,UNRESOLVED,NOT_CAPTURED_EXISTING_ARTIFACT_ONLY
endpoint::mamba:seq128:forward:403:out_ptr62,ENDPOINT_UNIT,,mamba:seq128:forward:403:out_ptr62,mamba,128,forward:graph0:add_199,NOT_MEASURED,NOT_MEASURED,NOT_MEASURED,UNRESOLVED,NOT_CAPTURED,population_screening.csv,UNRESOLVED,NOT_CAPTURED_EXISTING_ARTIFACT_ONLY
endpoint::mamba:seq128:forward:449:output_0,ENDPOINT_UNIT,,mamba:seq128:forward:449:output_0,mamba,128,forward:graph0:mm_default_5993,NOT_MEASURED,NOT_MEASURED,NOT_MEASURED,UNRESOLVED,NOT_CAPTURED,population_screening.csv,UNRESOLVED,NOT_CAPTURED_EXISTING_ARTIFACT_ONLY
endpoint::mamba:seq128:forward:4528:output_0,ENDPOINT_UNIT,,mamba:seq128:forward:4528:output_0,mamba,128,forward:graph0:mm_default_4649,NOT_MEASURED,NOT_MEASURED,NOT_MEASURED,UNRESOLVED,NOT_CAPTURED,population_screening.csv,UNRESOLVED,NOT_CAPTURED_EXISTING_ARTIFACT_ONLY
endpoint::mamba:seq128:forward:479:output_0,ENDPOINT_UNIT,,mamba:seq128:forward:479:output_0,mamba,128,forward:graph0:mm_default_5978,NOT_MEASURED,NOT_MEASURED,NOT_MEASURED,UNRESOLVED,NOT_CAPTURED,population_screening.csv,UNRESOLVED,NOT_CAPTURED_EXISTING_ARTIFACT_ONLY
endpoint::mamba:seq128:forward:5272:out_ptr53,ENDPOINT_UNIT,,mamba:seq128:forward:5272:out_ptr53,mamba,128,forward:graph0:add_1862,NOT_MEASURED,NOT_MEASURED,NOT_MEASURED,UNRESOLVED,NOT_CAPTURED,population_screening.csv,UNRESOLVED,NOT_CAPTURED_EXISTING_ARTIFACT_ONLY
endpoint::mamba:seq128:forward:5272:out_ptr54,ENDPOINT_UNIT,,mamba:seq128:forward:5272:out_ptr54,mamba,128,forward:graph0:add_1863,NOT_MEASURED,NOT_MEASURED,NOT_MEASURED,UNRESOLVED,NOT_CAPTURED,population_screening.csv,UNRESOLVED,NOT_CAPTURED_EXISTING_ARTIFACT_ONLY
endpoint::mamba:seq128:forward:5272:out_ptr55,ENDPOINT_UNIT,,mamba:seq128:forward:5272:out_ptr55,mamba,128,forward:graph0:add_1864,NOT_MEASURED,NOT_MEASURED,NOT_MEASURED,UNRESOLVED,NOT_CAPTURED,population_screening.csv,UNRESOLVED,NOT_CAPTURED_EXISTING_ARTIFACT_ONLY
endpoint::mamba:seq128:forward:5272:out_ptr56,ENDPOINT_UNIT,,mamba:seq128:forward:5272:out_ptr56,mamba,128,forward:graph0:add_1865,NOT_MEASURED,NOT_MEASURED,NOT_MEASURED,UNRESOLVED,NOT_CAPTURED,population_screening.csv,UNRESOLVED,NOT_CAPTURED_EXISTING_ARTIFACT_ONLY
endpoint::mamba:seq128:forward:5272:out_ptr57,ENDPOINT_UNIT,,mamba:seq128:forward:5272:out_ptr57,mamba,128,forward:graph0:add_1866,NOT_MEASURED,NOT_MEASURED,NOT_MEASURED,UNRESOLVED,NOT_CAPTURED,population_screening.csv,UNRESOLVED,NOT_CAPTURED_EXISTING_ARTIFACT_ONLY
endpoint::mamba:seq128:forward:5272:out_ptr58,ENDPOINT_UNIT,,mamba:seq128:forward:5272:out_ptr58,mamba,128,forward:graph0:add_1867,NOT_MEASURED,NOT_MEASURED,NOT_MEASURED,UNRESOLVED,NOT_CAPTURED,population_screening.csv,UNRESOLVED,NOT_CAPTURED_EXISTING_ARTIFACT_ONLY
endpoint::mamba:seq128:forward:5272:out_ptr59,ENDPOINT_UNIT,,mamba:seq128:forward:5272:out_ptr59,mamba,128,forward:graph0:add_1868,NOT_MEASURED,NOT_MEASURED,NOT_MEASURED,UNRESOLVED,NOT_CAPTURED,population_screening.csv,UNRESOLVED,NOT_CAPTURED_EXISTING_ARTIFACT_ONLY
endpoint::mamba:seq128:forward:5298:output_0,ENDPOINT_UNIT,,mamba:seq128:forward:5298:output_0,mamba,128,forward:graph0:mm_default_4403,NOT_MEASURED,NOT_MEASURED,NOT_MEASURED,UNRESOLVED,NOT_CAPTURED,population_screening.csv,NORMAL_REFERENCE,NOT_CAPTURED_EXISTING_ARTIFACT_ONLY
endpoint::mamba:seq128:forward:532:out_ptr0,ENDPOINT_UNIT,,mamba:seq128:forward:532:out_ptr0,mamba,128,forward:graph0:add_201,NOT_MEASURED,NOT_MEASURED,NOT_MEASURED,UNRESOLVED,NOT_CAPTURED,population_screening.csv,UNRESOLVED,NOT_CAPTURED_EXISTING_ARTIFACT_ONLY
endpoint::mamba:seq128:forward:532:out_ptr1,ENDPOINT_UNIT,,mamba:seq128:forward:532:out_ptr1,mamba,128,forward:graph0:add_202,NOT_MEASURED,NOT_MEASURED,NOT_MEASURED,UNRESOLVED,NOT_CAPTURED,population_screening.csv,UNRESOLVED,NOT_CAPTURED_EXISTING_ARTIFACT_ONLY
endpoint::mamba:seq128:forward:532:out_ptr10,ENDPOINT_UNIT,,mamba:seq128:forward:532:out_ptr10,mamba,128,forward:graph0:add_211,NOT_MEASURED,NOT_MEASURED,NOT_MEASURED,UNRESOLVED,NOT_CAPTURED,population_screening.csv,UNRESOLVED,NOT_CAPTURED_EXISTING_ARTIFACT_ONLY
endpoint::mamba:seq128:forward:532:out_ptr11,ENDPOINT_UNIT,,mamba:seq128:forward:532:out_ptr11,mamba,128,forward:graph0:add_212,NOT_MEASURED,NOT_MEASURED,NOT_MEASURED,UNRESOLVED,NOT_CAPTURED,population_screening.csv,UNRESOLVED,NOT_CAPTURED_EXISTING_ARTIFACT_ONLY
endpoint::mamba:seq128:forward:532:out_ptr12,ENDPOINT_UNIT,,mamba:seq128:forward:532:out_ptr12,mamba,128,forward:graph0:add_213,NOT_MEASURED,NOT_MEASURED,NOT_MEASURED,UNRESOLVED,NOT_CAPTURED,population_screening.csv,UNRESOLVED,NOT_CAPTURED_EXISTING_ARTIFACT_ONLY
endpoint::mamba:seq128:forward:532:out_ptr13,ENDPOINT_UNIT,,mamba:seq128:forward:532:out_ptr13,mamba,128,forward:graph0:add_214,NOT_MEASURED,NOT_MEASURED,NOT_MEASURED,UNRESOLVED,NOT_CAPTURED,population_screening.csv,UNRESOLVED,NOT_CAPTURED_EXISTING_ARTIFACT_ONLY
endpoint::mamba:seq128:forward:532:out_ptr14,ENDPOINT_UNIT,,mamba:seq128:forward:532:out_ptr14,mamba,128,forward:graph0:add_215,NOT_MEASURED,NOT_MEASURED,NOT_MEASURED,UNRESOLVED,NOT_CAPTURED,population_screening.csv,UNRESOLVED,NOT_CAPTURED_EXISTING_ARTIFACT_ONLY
endpoint::mamba:seq128:forward:532:out_ptr15,ENDPOINT_UNIT,,mamba:seq128:forward:532:out_ptr15,mamba,128,forward:graph0:add_216,NOT_MEASURED,NOT_MEASURED,NOT_MEASURED,UNRESOLVED,NOT_CAPTURED,population_screening.csv,UNRESOLVED,NOT_CAPTURED_EXISTING_ARTIFACT_ONLY
endpoint::mamba:seq128:forward:532:out_ptr16,ENDPOINT_UNIT,,mamba:seq128:forward:532:out_ptr16,mamba,128,forward:graph0:add_217,NOT_MEASURED,NOT_MEASURED,NOT_MEASURED,UNRESOLVED,NOT_CAPTURED,population_screening.csv,UNRESOLVED,NOT_CAPTURED_EXISTING_ARTIFACT_ONLY
endpoint::mamba:seq128:forward:532:out_ptr17,ENDPOINT_UNIT,,mamba:seq128:forward:532:out_ptr17,mamba,128,forward:graph0:add_218,NOT_MEASURED,NOT_MEASURED,NOT_MEASURED,UNRESOLVED,NOT_CAPTURED,population_screening.csv,UNRESOLVED,NOT_CAPTURED_EXISTING_ARTIFACT_ONLY
endpoint::mamba:seq128:forward:532:out_ptr18,ENDPOINT_UNIT,,mamba:seq128:forward:532:out_ptr18,mamba,128,forward:graph0:add_219,NOT_MEASURED,NOT_MEASURED,NOT_MEASURED,UNRESOLVED,NOT_CAPTURED,population_screening.csv,UNRESOLVED,NOT_CAPTURED_EXISTING_ARTIFACT_ONLY
endpoint::mamba:seq128:forward:532:out_ptr19,ENDPOINT_UNIT,,mamba:seq128:forward:532:out_ptr19,mamba,128,forward:graph0:add_220,NOT_MEASURED,NOT_MEASURED,NOT_MEASURED,UNRESOLVED,NOT_CAPTURED,population_screening.csv,UNRESOLVED,NOT_CAPTURED_EXISTING_ARTIFACT_ONLY
endpoint::mamba:seq128:forward:532:out_ptr2,ENDPOINT_UNIT,,mamba:seq128:forward:532:out_ptr2,mamba,128,forward:graph0:add_203,NOT_MEASURED,NOT_MEASURED,NOT_MEASURED,UNRESOLVED,NOT_CAPTURED,population_screening.csv,UNRESOLVED,NOT_CAPTURED_EXISTING_ARTIFACT_ONLY
endpoint::mamba:seq128:forward:532:out_ptr20,ENDPOINT_UNIT,,mamba:seq128:forward:532:out_ptr20,mamba,128,forward:graph0:add_221,NOT_MEASURED,NOT_MEASURED,NOT_MEASURED,UNRESOLVED,NOT_CAPTURED,population_screening.csv,UNRESOLVED,NOT_CAPTURED_EXISTING_ARTIFACT_ONLY
endpoint::mamba:seq128:forward:532:out_ptr21,ENDPOINT_UNIT,,mamba:seq128:forward:532:out_ptr21,mamba,128,forward:graph0:add_222,NOT_MEASURED,NOT_MEASURED,NOT_MEASURED,UNRESOLVED,NOT_CAPTURED,population_screening.csv,UNRESOLVED,NOT_CAPTURED_EXISTING_ARTIFACT_ONLY
endpoint::mamba:seq128:forward:532:out_ptr22,ENDPOINT_UNIT,,mamba:seq128:forward:532:out_ptr22,mamba,128,forward:graph0:add_223,NOT_MEASURED,NOT_MEASURED,NOT_MEASURED,UNRESOLVED,NOT_CAPTURED,population_screening.csv,UNRESOLVED,NOT_CAPTURED_EXISTING_ARTIFACT_ONLY
endpoint::mamba:seq128:forward:532:out_ptr23,ENDPOINT_UNIT,,mamba:seq128:forward:532:out_ptr23,mamba,128,forward:graph0:add_224,NOT_MEASURED,NOT_MEASURED,NOT_MEASURED,UNRESOLVED,NOT_CAPTURED,population_screening.csv,UNRESOLVED,NOT_CAPTURED_EXISTING_ARTIFACT_ONLY
endpoint::mamba:seq128:forward:532:out_ptr24,ENDPOINT_UNIT,,mamba:seq128:forward:532:out_ptr24,mamba,128,forward:graph0:add_225,NOT_MEASURED,NOT_MEASURED,NOT_MEASURED,UNRESOLVED,NOT_CAPTURED,population_screening.csv,UNRESOLVED,NOT_CAPTURED_EXISTING_ARTIFACT_ONLY
endpoint::mamba:seq128:forward:532:out_ptr25,ENDPOINT_UNIT,,mamba:seq128:forward:532:out_ptr25,mamba,128,forward:graph0:add_226,NOT_MEASURED,NOT_MEASURED,NOT_MEASURED,UNRESOLVED,NOT_CAPTURED,population_screening.csv,UNRESOLVED,NOT_CAPTURED_EXISTING_ARTIFACT_ONLY
endpoint::mamba:seq128:forward:532:out_ptr26,ENDPOINT_UNIT,,mamba:seq128:forward:532:out_ptr26,mamba,128,forward:graph0:add_227,NOT_MEASURED,NOT_MEASURED,NOT_MEASURED,UNRESOLVED,NOT_CAPTURED,population_screening.csv,UNRESOLVED,NOT_CAPTURED_EXISTING_ARTIFACT_ONLY
endpoint::mamba:seq128:forward:532:out_ptr27,ENDPOINT_UNIT,,mamba:seq128:forward:532:out_ptr27,mamba,128,forward:graph0:add_228,NOT_MEASURED,NOT_MEASURED,NOT_MEASURED,UNRESOLVED,NOT_CAPTURED,population_screening.csv,UNRESOLVED,NOT_CAPTURED_EXISTING_ARTIFACT_ONLY
endpoint::mamba:seq128:forward:532:out_ptr28,ENDPOINT_UNIT,,mamba:seq128:forward:532:out_ptr28,mamba,128,forward:graph0:add_229,NOT_MEASURED,NOT_MEASURED,NOT_MEASURED,UNRESOLVED,NOT_CAPTURED,population_screening.csv,UNRESOLVED,NOT_CAPTURED_EXISTING_ARTIFACT_ONLY
endpoint::mamba:seq128:forward:532:out_ptr29,ENDPOINT_UNIT,,mamba:seq128:forward:532:out_ptr29,mamba,128,forward:graph0:add_230,NOT_MEASURED,NOT_MEASURED,NOT_MEASURED,UNRESOLVED,NOT_CAPTURED,population_screening.csv,UNRESOLVED,NOT_CAPTURED_EXISTING_ARTIFACT_ONLY
endpoint::mamba:seq128:forward:532:out_ptr3,ENDPOINT_UNIT,,mamba:seq128:forward:532:out_ptr3,mamba,128,forward:graph0:add_204,NOT_MEASURED,NOT_MEASURED,NOT_MEASURED,UNRESOLVED,NOT_CAPTURED,population_screening.csv,UNRESOLVED,NOT_CAPTURED_EXISTING_ARTIFACT_ONLY
endpoint::mamba:seq128:forward:532:out_ptr30,ENDPOINT_UNIT,,mamba:seq128:forward:532:out_ptr30,mamba,128,forward:graph0:add_231,NOT_MEASURED,NOT_MEASURED,NOT_MEASURED,UNRESOLVED,NOT_CAPTURED,population_screening.csv,UNRESOLVED,NOT_CAPTURED_EXISTING_ARTIFACT_ONLY
endpoint::mamba:seq128:forward:532:out_ptr31,ENDPOINT_UNIT,,mamba:seq128:forward:532:out_ptr31,mamba,128,forward:graph0:add_232,NOT_MEASURED,NOT_MEASURED,NOT_MEASURED,UNRESOLVED,NOT_CAPTURED,population_screening.csv,UNRESOLVED,NOT_CAPTURED_EXISTING_ARTIFACT_ONLY
endpoint::mamba:seq128:forward:532:out_ptr32,ENDPOINT_UNIT,,mamba:seq128:forward:532:out_ptr32,mamba,128,forward:graph0:add_233,NOT_MEASURED,NOT_MEASURED,NOT_MEASURED,UNRESOLVED,NOT_CAPTURED,population_screening.csv,UNRESOLVED,NOT_CAPTURED_EXISTING_ARTIFACT_ONLY
endpoint::mamba:seq128:forward:532:out_ptr33,ENDPOINT_UNIT,,mamba:seq128:forward:532:out_ptr33,mamba,128,forward:graph0:add_234,NOT_MEASURED,NOT_MEASURED,NOT_MEASURED,UNRESOLVED,NOT_CAPTURED,population_screening.csv,UNRESOLVED,NOT_CAPTURED_EXISTING_ARTIFACT_ONLY
endpoint::mamba:seq128:forward:532:out_ptr34,ENDPOINT_UNIT,,mamba:seq128:forward:532:out_ptr34,mamba,128,forward:graph0:add_235,NOT_MEASURED,NOT_MEASURED,NOT_MEASURED,UNRESOLVED,NOT_CAPTURED,population_screening.csv,UNRESOLVED,NOT_CAPTURED_EXISTING_ARTIFACT_ONLY
endpoint::mamba:seq128:forward:532:out_ptr35,ENDPOINT_UNIT,,mamba:seq128:forward:532:out_ptr35,mamba,128,forward:graph0:add_236,NOT_MEASURED,NOT_MEASURED,NOT_MEASURED,UNRESOLVED,NOT_CAPTURED,population_screening.csv,UNRESOLVED,NOT_CAPTURED_EXISTING_ARTIFACT_ONLY
endpoint::mamba:seq128:forward:532:out_ptr36,ENDPOINT_UNIT,,mamba:seq128:forward:532:out_ptr36,mamba,128,forward:graph0:add_237,NOT_MEASURED,NOT_MEASURED,NOT_MEASURED,UNRESOLVED,NOT_CAPTURED,population_screening.csv,UNRESOLVED,NOT_CAPTURED_EXISTING_ARTIFACT_ONLY
endpoint::mamba:seq128:forward:532:out_ptr37,ENDPOINT_UNIT,,mamba:seq128:forward:532:out_ptr37,mamba,128,forward:graph0:add_238,NOT_MEASURED,NOT_MEASURED,NOT_MEASURED,UNRESOLVED,NOT_CAPTURED,population_screening.csv,UNRESOLVED,NOT_CAPTURED_EXISTING_ARTIFACT_ONLY
endpoint::mamba:seq128:forward:532:out_ptr38,ENDPOINT_UNIT,,mamba:seq128:forward:532:out_ptr38,mamba,128,forward:graph0:add_239,NOT_MEASURED,NOT_MEASURED,NOT_MEASURED,UNRESOLVED,NOT_CAPTURED,population_screening.csv,UNRESOLVED,NOT_CAPTURED_EXISTING_ARTIFACT_ONLY
endpoint::mamba:seq128:forward:532:out_ptr39,ENDPOINT_UNIT,,mamba:seq128:forward:532:out_ptr39,mamba,128,forward:graph0:add_240,NOT_MEASURED,NOT_MEASURED,NOT_MEASURED,UNRESOLVED,NOT_CAPTURED,population_screening.csv,UNRESOLVED,NOT_CAPTURED_EXISTING_ARTIFACT_ONLY
endpoint::mamba:seq128:forward:532:out_ptr4,ENDPOINT_UNIT,,mamba:seq128:forward:532:out_ptr4,mamba,128,forward:graph0:add_205,NOT_MEASURED,NOT_MEASURED,NOT_MEASURED,UNRESOLVED,NOT_CAPTURED,population_screening.csv,UNRESOLVED,NOT_CAPTURED_EXISTING_ARTIFACT_ONLY
endpoint::mamba:seq128:forward:532:out_ptr40,ENDPOINT_UNIT,,mamba:seq128:forward:532:out_ptr40,mamba,128,forward:graph0:add_241,NOT_MEASURED,NOT_MEASURED,NOT_MEASURED,UNRESOLVED,NOT_CAPTURED,population_screening.csv,UNRESOLVED,NOT_CAPTURED_EXISTING_ARTIFACT_ONLY
endpoint::mamba:seq128:forward:532:out_ptr41,ENDPOINT_UNIT,,mamba:seq128:forward:532:out_ptr41,mamba,128,forward:graph0:add_242,NOT_MEASURED,NOT_MEASURED,NOT_MEASURED,UNRESOLVED,NOT_CAPTURED,population_screening.csv,UNRESOLVED,NOT_CAPTURED_EXISTING_ARTIFACT_ONLY
endpoint::mamba:seq128:forward:532:out_ptr42,ENDPOINT_UNIT,,mamba:seq128:forward:532:out_ptr42,mamba,128,forward:graph0:add_243,NOT_MEASURED,NOT_MEASURED,NOT_MEASURED,UNRESOLVED,NOT_CAPTURED,population_screening.csv,UNRESOLVED,NOT_CAPTURED_EXISTING_ARTIFACT_ONLY
endpoint::mamba:seq128:forward:532:out_ptr43,ENDPOINT_UNIT,,mamba:seq128:forward:532:out_ptr43,mamba,128,forward:graph0:add_244,NOT_MEASURED,NOT_MEASURED,NOT_MEASURED,UNRESOLVED,NOT_CAPTURED,population_screening.csv,UNRESOLVED,NOT_CAPTURED_EXISTING_ARTIFACT_ONLY
endpoint::mamba:seq128:forward:532:out_ptr44,ENDPOINT_UNIT,,mamba:seq128:forward:532:out_ptr44,mamba,128,forward:graph0:add_245,NOT_MEASURED,NOT_MEASURED,NOT_MEASURED,UNRESOLVED,NOT_CAPTURED,population_screening.csv,UNRESOLVED,NOT_CAPTURED_EXISTING_ARTIFACT_ONLY
endpoint::mamba:seq128:forward:532:out_ptr45,ENDPOINT_UNIT,,mamba:seq128:forward:532:out_ptr45,mamba,128,forward:graph0:add_246,NOT_MEASURED,NOT_MEASURED,NOT_MEASURED,UNRESOLVED,NOT_CAPTURED,population_screening.csv,UNRESOLVED,NOT_CAPTURED_EXISTING_ARTIFACT_ONLY
endpoint::mamba:seq128:forward:532:out_ptr46,ENDPOINT_UNIT,,mamba:seq128:forward:532:out_ptr46,mamba,128,forward:graph0:add_247,NOT_MEASURED,NOT_MEASURED,NOT_MEASURED,UNRESOLVED,NOT_CAPTURED,population_screening.csv,UNRESOLVED,NOT_CAPTURED_EXISTING_ARTIFACT_ONLY
endpoint::mamba:seq128:forward:532:out_ptr47,ENDPOINT_UNIT,,mamba:seq128:forward:532:out_ptr47,mamba,128,forward:graph0:add_248,NOT_MEASURED,NOT_MEASURED,NOT_MEASURED,UNRESOLVED,NOT_CAPTURED,population_screening.csv,UNRESOLVED,NOT_CAPTURED_EXISTING_ARTIFACT_ONLY
endpoint::mamba:seq128:forward:532:out_ptr48,ENDPOINT_UNIT,,mamba:seq128:forward:532:out_ptr48,mamba,128,forward:graph0:add_249,NOT_MEASURED,NOT_MEASURED,NOT_MEASURED,UNRESOLVED,NOT_CAPTURED,population_screening.csv,UNRESOLVED,NOT_CAPTURED_EXISTING_ARTIFACT_ONLY
endpoint::mamba:seq128:forward:532:out_ptr49,ENDPOINT_UNIT,,mamba:seq128:forward:532:out_ptr49,mamba,128,forward:graph0:add_250,NOT_MEASURED,NOT_MEASURED,NOT_MEASURED,UNRESOLVED,NOT_CAPTURED,population_screening.csv,UNRESOLVED,NOT_CAPTURED_EXISTING_ARTIFACT_ONLY
endpoint::mamba:seq128:forward:532:out_ptr5,ENDPOINT_UNIT,,mamba:seq128:forward:532:out_ptr5,mamba,128,forward:graph0:add_206,NOT_MEASURED,NOT_MEASURED,NOT_MEASURED,UNRESOLVED,NOT_CAPTURED,population_screening.csv,UNRESOLVED,NOT_CAPTURED_EXISTING_ARTIFACT_ONLY
endpoint::mamba:seq128:forward:532:out_ptr50,ENDPOINT_UNIT,,mamba:seq128:forward:532:out_ptr50,mamba,128,forward:graph0:add_251,NOT_MEASURED,NOT_MEASURED,NOT_MEASURED,UNRESOLVED,NOT_CAPTURED,population_screening.csv,UNRESOLVED,NOT_CAPTURED_EXISTING_ARTIFACT_ONLY
endpoint::mamba:seq128:forward:532:out_ptr51,ENDPOINT_UNIT,,mamba:seq128:forward:532:out_ptr51,mamba,128,forward:graph0:add_252,NOT_MEASURED,NOT_MEASURED,NOT_MEASURED,UNRESOLVED,NOT_CAPTURED,population_screening.csv,UNRESOLVED,NOT_CAPTURED_EXISTING_ARTIFACT_ONLY
endpoint::mamba:seq128:forward:532:out_ptr52,ENDPOINT_UNIT,,mamba:seq128:forward:532:out_ptr52,mamba,128,forward:graph0:add_253,NOT_MEASURED,NOT_MEASURED,NOT_MEASURED,UNRESOLVED,NOT_CAPTURED,population_screening.csv,UNRESOLVED,NOT_CAPTURED_EXISTING_ARTIFACT_ONLY
endpoint::mamba:seq128:forward:532:out_ptr53,ENDPOINT_UNIT,,mamba:seq128:forward:532:out_ptr53,mamba,128,forward:graph0:add_254,NOT_MEASURED,NOT_MEASURED,NOT_MEASURED,UNRESOLVED,NOT_CAPTURED,population_screening.csv,UNRESOLVED,NOT_CAPTURED_EXISTING_ARTIFACT_ONLY
endpoint::mamba:seq128:forward:532:out_ptr54,ENDPOINT_UNIT,,mamba:seq128:forward:532:out_ptr54,mamba,128,forward:graph0:add_255,NOT_MEASURED,NOT_MEASURED,NOT_MEASURED,UNRESOLVED,NOT_CAPTURED,population_screening.csv,UNRESOLVED,NOT_CAPTURED_EXISTING_ARTIFACT_ONLY
endpoint::mamba:seq128:forward:532:out_ptr55,ENDPOINT_UNIT,,mamba:seq128:forward:532:out_ptr55,mamba,128,forward:graph0:add_256,NOT_MEASURED,NOT_MEASURED,NOT_MEASURED,UNRESOLVED,NOT_CAPTURED,population_screening.csv,UNRESOLVED,NOT_CAPTURED_EXISTING_ARTIFACT_ONLY
endpoint::mamba:seq128:forward:532:out_ptr56,ENDPOINT_UNIT,,mamba:seq128:forward:532:out_ptr56,mamba,128,forward:graph0:add_257,NOT_MEASURED,NOT_MEASURED,NOT_MEASURED,UNRESOLVED,NOT_CAPTURED,population_screening.csv,UNRESOLVED,NOT_CAPTURED_EXISTING_ARTIFACT_ONLY
endpoint::mamba:seq128:forward:532:out_ptr57,ENDPOINT_UNIT,,mamba:seq128:forward:532:out_ptr57,mamba,128,forward:graph0:add_258,NOT_MEASURED,NOT_MEASURED,NOT_MEASURED,UNRESOLVED,NOT_CAPTURED,population_screening.csv,UNRESOLVED,NOT_CAPTURED_EXISTING_ARTIFACT_ONLY
endpoint::mamba:seq128:forward:532:out_ptr58,ENDPOINT_UNIT,,mamba:seq128:forward:532:out_ptr58,mamba,128,forward:graph0:add_259,NOT_MEASURED,NOT_MEASURED,NOT_MEASURED,UNRESOLVED,NOT_CAPTURED,population_screening.csv,UNRESOLVED,NOT_CAPTURED_EXISTING_ARTIFACT_ONLY
endpoint::mamba:seq128:forward:532:out_ptr59,ENDPOINT_UNIT,,mamba:seq128:forward:532:out_ptr59,mamba,128,forward:graph0:add_260,NOT_MEASURED,NOT_MEASURED,NOT_MEASURED,UNRESOLVED,NOT_CAPTURED,population_screening.csv,UNRESOLVED,NOT_CAPTURED_EXISTING_ARTIFACT_ONLY
endpoint::mamba:seq128:forward:532:out_ptr6,ENDPOINT_UNIT,,mamba:seq128:forward:532:out_ptr6,mamba,128,forward:graph0:add_207,NOT_MEASURED,NOT_MEASURED,NOT_MEASURED,UNRESOLVED,NOT_CAPTURED,population_screening.csv,UNRESOLVED,NOT_CAPTURED_EXISTING_ARTIFACT_ONLY
endpoint::mamba:seq128:forward:532:out_ptr60,ENDPOINT_UNIT,,mamba:seq128:forward:532:out_ptr60,mamba,128,forward:graph0:add_261,NOT_MEASURED,NOT_MEASURED,NOT_MEASURED,UNRESOLVED,NOT_CAPTURED,population_screening.csv,UNRESOLVED,NOT_CAPTURED_EXISTING_ARTIFACT_ONLY
endpoint::mamba:seq128:forward:532:out_ptr61,ENDPOINT_UNIT,,mamba:seq128:forward:532:out_ptr61,mamba,128,forward:graph0:add_262,NOT_MEASURED,NOT_MEASURED,NOT_MEASURED,UNRESOLVED,NOT_CAPTURED,population_screening.csv,UNRESOLVED,NOT_CAPTURED_EXISTING_ARTIFACT_ONLY
endpoint::mamba:seq128:forward:532:out_ptr62,ENDPOINT_UNIT,,mamba:seq128:forward:532:out_ptr62,mamba,128,forward:graph0:add_263,NOT_MEASURED,NOT_MEASURED,NOT_MEASURED,UNRESOLVED,NOT_CAPTURED,population_screening.csv,UNRESOLVED,NOT_CAPTURED_EXISTING_ARTIFACT_ONLY
endpoint::mamba:seq128:forward:532:out_ptr7,ENDPOINT_UNIT,,mamba:seq128:forward:532:out_ptr7,mamba,128,forward:graph0:add_208,NOT_MEASURED,NOT_MEASURED,NOT_MEASURED,UNRESOLVED,NOT_CAPTURED,population_screening.csv,UNRESOLVED,NOT_CAPTURED_EXISTING_ARTIFACT_ONLY
endpoint::mamba:seq128:forward:532:out_ptr8,ENDPOINT_UNIT,,mamba:seq128:forward:532:out_ptr8,mamba,128,forward:graph0:add_209,NOT_MEASURED,NOT_MEASURED,NOT_MEASURED,UNRESOLVED,NOT_CAPTURED,population_screening.csv,UNRESOLVED,NOT_CAPTURED_EXISTING_ARTIFACT_ONLY
endpoint::mamba:seq128:forward:532:out_ptr9,ENDPOINT_UNIT,,mamba:seq128:forward:532:out_ptr9,mamba,128,forward:graph0:add_210,NOT_MEASURED,NOT_MEASURED,NOT_MEASURED,UNRESOLVED,NOT_CAPTURED,population_screening.csv,UNRESOLVED,NOT_CAPTURED_EXISTING_ARTIFACT_ONLY
endpoint::mamba:seq128:forward:5382:output_0,ENDPOINT_UNIT,,mamba:seq128:forward:5382:output_0,mamba,128,forward:graph0:mm_default_4361,NOT_MEASURED,NOT_MEASURED,NOT_MEASURED,UNRESOLVED,NOT_CAPTURED,population_screening.csv,NORMAL_REFERENCE,NOT_CAPTURED_EXISTING_ARTIFACT_ONLY
endpoint::mamba:seq128:forward:5386:output_0,ENDPOINT_UNIT,,mamba:seq128:forward:5386:output_0,mamba,128,forward:graph0:mm_default_4359,NOT_MEASURED,NOT_MEASURED,NOT_MEASURED,UNRESOLVED,NOT_CAPTURED,population_screening.csv,NORMAL_REFERENCE,NOT_CAPTURED_EXISTING_ARTIFACT_ONLY
endpoint::mamba:seq128:forward:5703:output_0,ENDPOINT_UNIT,,mamba:seq128:forward:5703:output_0,mamba,128,forward:graph0:mm_default_4270,NOT_MEASURED,NOT_MEASURED,NOT_MEASURED,UNRESOLVED,NOT_CAPTURED,population_screening.csv,NORMAL_REFERENCE,NOT_CAPTURED_EXISTING_ARTIFACT_ONLY
endpoint::mamba:seq128:forward:5723:output_0,ENDPOINT_UNIT,,mamba:seq128:forward:5723:output_0,mamba,128,forward:graph0:mm_default_4260,NOT_MEASURED,NOT_MEASURED,NOT_MEASURED,UNRESOLVED,NOT_CAPTURED,population_screening.csv,UNRESOLVED,NOT_CAPTURED_EXISTING_ARTIFACT_ONLY
endpoint::mamba:seq128:forward:586:output_0,ENDPOINT_UNIT,,mamba:seq128:forward:586:output_0,mamba,128,forward:graph0:mm_default_5925,NOT_MEASURED,NOT_MEASURED,NOT_MEASURED,UNRESOLVED,NOT_CAPTURED,population_screening.csv,UNRESOLVED,NOT_CAPTURED_EXISTING_ARTIFACT_ONLY
endpoint::mamba:seq128:forward:620:output_0,ENDPOINT_UNIT,,mamba:seq128:forward:620:output_0,mamba,128,forward:graph0:mm_default_5908,NOT_MEASURED,NOT_MEASURED,NOT_MEASURED,UNRESOLVED,NOT_CAPTURED,population_screening.csv,UNRESOLVED,NOT_CAPTURED_EXISTING_ARTIFACT_ONLY
endpoint::mamba:seq128:forward:6328:out_ptr36,ENDPOINT_UNIT,,mamba:seq128:forward:6328:out_ptr36,mamba,128,forward:graph0:add_2183,NOT_MEASURED,NOT_MEASURED,NOT_MEASURED,UNRESOLVED,NOT_CAPTURED,population_screening.csv,NORMAL_REFERENCE,NOT_CAPTURED_EXISTING_ARTIFACT_ONLY
endpoint::mamba:seq128:forward:6457:out_ptr10,ENDPOINT_UNIT,,mamba:seq128:forward:6457:out_ptr10,mamba,128,forward:graph0:add_2221,NOT_MEASURED,NOT_MEASURED,NOT_MEASURED,UNRESOLVED,NOT_CAPTURED,population_screening.csv,UNRESOLVED,NOT_CAPTURED_EXISTING_ARTIFACT_ONLY
endpoint::mamba:seq128:forward:6457:out_ptr12,ENDPOINT_UNIT,,mamba:seq128:forward:6457:out_ptr12,mamba,128,forward:graph0:add_2223,NOT_MEASURED,NOT_MEASURED,NOT_MEASURED,UNRESOLVED,NOT_CAPTURED,population_screening.csv,UNRESOLVED,NOT_CAPTURED_EXISTING_ARTIFACT_ONLY
endpoint::mamba:seq128:forward:6457:out_ptr47,ENDPOINT_UNIT,,mamba:seq128:forward:6457:out_ptr47,mamba,128,forward:graph0:add_2258,NOT_MEASURED,NOT_MEASURED,NOT_MEASURED,UNRESOLVED,NOT_CAPTURED,population_screening.csv,NORMAL_REFERENCE,NOT_CAPTURED_EXISTING_ARTIFACT_ONLY
endpoint::mamba:seq128:forward:6457:out_ptr48,ENDPOINT_UNIT,,mamba:seq128:forward:6457:out_ptr48,mamba,128,forward:graph0:add_2259,NOT_MEASURED,NOT_MEASURED,NOT_MEASURED,UNRESOLVED,NOT_CAPTURED,population_screening.csv,UNRESOLVED,NOT_CAPTURED_EXISTING_ARTIFACT_ONLY
endpoint::mamba:seq128:forward:6457:out_ptr49,ENDPOINT_UNIT,,mamba:seq128:forward:6457:out_ptr49,mamba,128,forward:graph0:add_2260,NOT_MEASURED,NOT_MEASURED,NOT_MEASURED,UNRESOLVED,NOT_CAPTURED,population_screening.csv,NORMAL_REFERENCE,NOT_CAPTURED_EXISTING_ARTIFACT_ONLY
endpoint::mamba:seq128:forward:6457:out_ptr50,ENDPOINT_UNIT,,mamba:seq128:forward:6457:out_ptr50,mamba,128,forward:graph0:add_2261,NOT_MEASURED,NOT_MEASURED,NOT_MEASURED,UNRESOLVED,NOT_CAPTURED,population_screening.csv,UNRESOLVED,NOT_CAPTURED_EXISTING_ARTIFACT_ONLY
endpoint::mamba:seq128:forward:6457:out_ptr53,ENDPOINT_UNIT,,mamba:seq128:forward:6457:out_ptr53,mamba,128,forward:graph0:add_2264,NOT_MEASURED,NOT_MEASURED,NOT_MEASURED,UNRESOLVED,NOT_CAPTURED,population_screening.csv,UNRESOLVED,NOT_CAPTURED_EXISTING_ARTIFACT_ONLY
endpoint::mamba:seq128:forward:6457:out_ptr54,ENDPOINT_UNIT,,mamba:seq128:forward:6457:out_ptr54,mamba,128,forward:graph0:add_2265,NOT_MEASURED,NOT_MEASURED,NOT_MEASURED,UNRESOLVED,NOT_CAPTURED,population_screening.csv,UNRESOLVED,NOT_CAPTURED_EXISTING_ARTIFACT_ONLY
endpoint::mamba:seq128:forward:6457:out_ptr55,ENDPOINT_UNIT,,mamba:seq128:forward:6457:out_ptr55,mamba,128,forward:graph0:add_2266,NOT_MEASURED,NOT_MEASURED,NOT_MEASURED,UNRESOLVED,NOT_CAPTURED,population_screening.csv,UNRESOLVED,NOT_CAPTURED_EXISTING_ARTIFACT_ONLY
endpoint::mamba:seq128:forward:6457:out_ptr56,ENDPOINT_UNIT,,mamba:seq128:forward:6457:out_ptr56,mamba,128,forward:graph0:add_2267,NOT_MEASURED,NOT_MEASURED,NOT_MEASURED,UNRESOLVED,NOT_CAPTURED,population_screening.csv,UNRESOLVED,NOT_CAPTURED_EXISTING_ARTIFACT_ONLY
endpoint::mamba:seq128:forward:6457:out_ptr57,ENDPOINT_UNIT,,mamba:seq128:forward:6457:out_ptr57,mamba,128,forward:graph0:add_2268,NOT_MEASURED,NOT_MEASURED,NOT_MEASURED,UNRESOLVED,NOT_CAPTURED,population_screening.csv,UNRESOLVED,NOT_CAPTURED_EXISTING_ARTIFACT_ONLY
endpoint::mamba:seq128:forward:6457:out_ptr58,ENDPOINT_UNIT,,mamba:seq128:forward:6457:out_ptr58,mamba,128,forward:graph0:add_2269,NOT_MEASURED,NOT_MEASURED,NOT_MEASURED,UNRESOLVED,NOT_CAPTURED,population_screening.csv,UNRESOLVED,NOT_CAPTURED_EXISTING_ARTIFACT_ONLY
endpoint::mamba:seq128:forward:6457:out_ptr62,ENDPOINT_UNIT,,mamba:seq128:forward:6457:out_ptr62,mamba,128,forward:graph0:add_2273,NOT_MEASURED,NOT_MEASURED,NOT_MEASURED,UNRESOLVED,NOT_CAPTURED,population_screening.csv,UNRESOLVED,NOT_CAPTURED_EXISTING_ARTIFACT_ONLY
endpoint::mamba:seq128:forward:6475:output_0,ENDPOINT_UNIT,,mamba:seq128:forward:6475:output_0,mamba,128,forward:graph0:mm_default_4023,NOT_MEASURED,NOT_MEASURED,NOT_MEASURED,UNRESOLVED,NOT_CAPTURED,population_screening.csv,NORMAL_REFERENCE,NOT_CAPTURED_EXISTING_ARTIFACT_ONLY
endpoint::mamba:seq128:forward:6477:output_0,ENDPOINT_UNIT,,mamba:seq128:forward:6477:output_0,mamba,128,forward:graph0:mm_default_4022,NOT_MEASURED,NOT_MEASURED,NOT_MEASURED,UNRESOLVED,NOT_CAPTURED,population_screening.csv,NORMAL_REFERENCE,NOT_CAPTURED_EXISTING_ARTIFACT_ONLY
endpoint::mamba:seq128:forward:6479:output_0,ENDPOINT_UNIT,,mamba:seq128:forward:6479:output_0,mamba,128,forward:graph0:mm_default_4021,NOT_MEASURED,NOT_MEASURED,NOT_MEASURED,UNRESOLVED,NOT_CAPTURED,population_screening.csv,NORMAL_REFERENCE,NOT_CAPTURED_EXISTING_ARTIFACT_ONLY
endpoint::mamba:seq128:forward:6481:output_0,ENDPOINT_UNIT,,mamba:seq128:forward:6481:output_0,mamba,128,forward:graph0:mm_default_4020,NOT_MEASURED,NOT_MEASURED,NOT_MEASURED,UNRESOLVED,NOT_CAPTURED,population_screening.csv,UNRESOLVED,NOT_CAPTURED_EXISTING_ARTIFACT_ONLY
endpoint::mamba:seq128:forward:6483:output_0,ENDPOINT_UNIT,,mamba:seq128:forward:6483:output_0,mamba,128,forward:graph0:mm_default_4019,NOT_MEASURED,NOT_MEASURED,NOT_MEASURED,UNRESOLVED,NOT_CAPTURED,population_screening.csv,NORMAL_REFERENCE,NOT_CAPTURED_EXISTING_ARTIFACT_ONLY
endpoint::mamba:seq128:forward:6485:output_0,ENDPOINT_UNIT,,mamba:seq128:forward:6485:output_0,mamba,128,forward:graph0:mm_default_4018,NOT_MEASURED,NOT_MEASURED,NOT_MEASURED,UNRESOLVED,NOT_CAPTURED,population_screening.csv,NORMAL_REFERENCE,NOT_CAPTURED_EXISTING_ARTIFACT_ONLY
endpoint::mamba:seq128:forward:6495:output_0,ENDPOINT_UNIT,,mamba:seq128:forward:6495:output_0,mamba,128,forward:graph0:mm_default_4013,NOT_MEASURED,NOT_MEASURED,NOT_MEASURED,UNRESOLVED,NOT_CAPTURED,population_screening.csv,NORMAL_REFERENCE,NOT_CAPTURED_EXISTING_ARTIFACT_ONLY
endpoint::mamba:seq128:forward:6499:output_0,ENDPOINT_UNIT,,mamba:seq128:forward:6499:output_0,mamba,128,forward:graph0:mm_default_4011,NOT_MEASURED,NOT_MEASURED,NOT_MEASURED,UNRESOLVED,NOT_CAPTURED,population_screening.csv,UNRESOLVED,NOT_CAPTURED_EXISTING_ARTIFACT_ONLY
endpoint::mamba:seq128:forward:6503:output_0,ENDPOINT_UNIT,,mamba:seq128:forward:6503:output_0,mamba,128,forward:graph0:mm_default_4009,NOT_MEASURED,NOT_MEASURED,NOT_MEASURED,UNRESOLVED,NOT_CAPTURED,population_screening.csv,NORMAL_REFERENCE,NOT_CAPTURED_EXISTING_ARTIFACT_ONLY
endpoint::mamba:seq128:forward:6543:output_0,ENDPOINT_UNIT,,mamba:seq128:forward:6543:output_0,mamba,128,forward:graph0:mm_default_3989,NOT_MEASURED,NOT_MEASURED,NOT_MEASURED,UNRESOLVED,NOT_CAPTURED,population_screening.csv,NORMAL_REFERENCE,NOT_CAPTURED_EXISTING_ARTIFACT_ONLY
endpoint::mamba:seq128:forward:7513:out_ptr39,ENDPOINT_UNIT,,mamba:seq128:forward:7513:out_ptr39,mamba,128,forward:graph0:add_2588,NOT_MEASURED,NOT_MEASURED,NOT_MEASURED,UNRESOLVED,NOT_CAPTURED,population_screening.csv,NORMAL_REFERENCE,NOT_CAPTURED_EXISTING_ARTIFACT_ONLY
endpoint::mamba:seq128:forward:7513:out_ptr4,ENDPOINT_UNIT,,mamba:seq128:forward:7513:out_ptr4,mamba,128,forward:graph0:add_2553,NOT_MEASURED,NOT_MEASURED,NOT_MEASURED,UNRESOLVED,NOT_CAPTURED,population_screening.csv,NORMAL_REFERENCE,NOT_CAPTURED_EXISTING_ARTIFACT_ONLY
endpoint::mamba:seq128:forward:7513:out_ptr8,ENDPOINT_UNIT,,mamba:seq128:forward:7513:out_ptr8,mamba,128,forward:graph0:add_2557,NOT_MEASURED,NOT_MEASURED,NOT_MEASURED,UNRESOLVED,NOT_CAPTURED,population_screening.csv,NORMAL_REFERENCE,NOT_CAPTURED_EXISTING_ARTIFACT_ONLY
endpoint::mamba:seq128:forward:7513:out_ptr9,ENDPOINT_UNIT,,mamba:seq128:forward:7513:out_ptr9,mamba,128,forward:graph0:add_2558,NOT_MEASURED,NOT_MEASURED,NOT_MEASURED,UNRESOLVED,NOT_CAPTURED,population_screening.csv,NORMAL_REFERENCE,NOT_CAPTURED_EXISTING_ARTIFACT_ONLY
endpoint::mamba:seq128:forward:7551:output_0,ENDPOINT_UNIT,,mamba:seq128:forward:7551:output_0,mamba,128,forward:graph0:mm_default_3693,NOT_MEASURED,NOT_MEASURED,NOT_MEASURED,UNRESOLVED,NOT_CAPTURED,population_screening.csv,UNRESOLVED,NOT_CAPTURED_EXISTING_ARTIFACT_ONLY
endpoint::mamba:seq128:forward:7561:output_0,ENDPOINT_UNIT,,mamba:seq128:forward:7561:output_0,mamba,128,forward:graph0:mm_default_3688,NOT_MEASURED,NOT_MEASURED,NOT_MEASURED,UNRESOLVED,NOT_CAPTURED,population_screening.csv,UNRESOLVED,NOT_CAPTURED_EXISTING_ARTIFACT_ONLY
endpoint::mamba:seq128:forward:7565:output_0,ENDPOINT_UNIT,,mamba:seq128:forward:7565:output_0,mamba,128,forward:graph0:mm_default_3686,NOT_MEASURED,NOT_MEASURED,NOT_MEASURED,UNRESOLVED,NOT_CAPTURED,population_screening.csv,UNRESOLVED,NOT_CAPTURED_EXISTING_ARTIFACT_ONLY
endpoint::mamba:seq128:forward:7587:output_0,ENDPOINT_UNIT,,mamba:seq128:forward:7587:output_0,mamba,128,forward:graph0:mm_default_3675,NOT_MEASURED,NOT_MEASURED,NOT_MEASURED,UNRESOLVED,NOT_CAPTURED,population_screening.csv,UNRESOLVED,NOT_CAPTURED_EXISTING_ARTIFACT_ONLY
endpoint::mamba:seq128:forward:7595:output_0,ENDPOINT_UNIT,,mamba:seq128:forward:7595:output_0,mamba,128,forward:graph0:mm_default_3671,NOT_MEASURED,NOT_MEASURED,NOT_MEASURED,UNRESOLVED,NOT_CAPTURED,population_screening.csv,UNRESOLVED,NOT_CAPTURED_EXISTING_ARTIFACT_ONLY
endpoint::mamba:seq128:forward:7646:output_0,ENDPOINT_UNIT,,mamba:seq128:forward:7646:output_0,mamba,128,forward:graph0:mm_default_3646,NOT_MEASURED,NOT_MEASURED,NOT_MEASURED,UNRESOLVED,NOT_CAPTURED,population_screening.csv,UNRESOLVED,NOT_CAPTURED_EXISTING_ARTIFACT_ONLY
endpoint::mamba:seq128:forward:7664:output_0,ENDPOINT_UNIT,,mamba:seq128:forward:7664:output_0,mamba,128,forward:graph0:mm_default_3637,NOT_MEASURED,NOT_MEASURED,NOT_MEASURED,UNRESOLVED,NOT_CAPTURED,population_screening.csv,UNRESOLVED,NOT_CAPTURED_EXISTING_ARTIFACT_ONLY
endpoint::mamba:seq128:forward:7694:output_0,ENDPOINT_UNIT,,mamba:seq128:forward:7694:output_0,mamba,128,forward:graph0:mm_default_3622,NOT_MEASURED,NOT_MEASURED,NOT_MEASURED,UNRESOLVED,NOT_CAPTURED,population_screening.csv,NORMAL_REFERENCE,NOT_CAPTURED_EXISTING_ARTIFACT_ONLY
endpoint::mamba:seq128:forward:7696:output_0,ENDPOINT_UNIT,,mamba:seq128:forward:7696:output_0,mamba,128,forward:graph0:mm_default_3621,NOT_MEASURED,NOT_MEASURED,NOT_MEASURED,UNRESOLVED,NOT_CAPTURED,population_screening.csv,UNRESOLVED,NOT_CAPTURED_EXISTING_ARTIFACT_ONLY
endpoint::mamba:seq128:forward:7742:output_0,ENDPOINT_UNIT,,mamba:seq128:forward:7742:output_0,mamba,128,forward:graph0:mm_default_3598,NOT_MEASURED,NOT_MEASURED,NOT_MEASURED,UNRESOLVED,NOT_CAPTURED,population_screening.csv,NORMAL_REFERENCE,NOT_CAPTURED_EXISTING_ARTIFACT_ONLY
endpoint::mamba:seq128:forward:7964:output_0,ENDPOINT_UNIT,,mamba:seq128:forward:7964:output_0,mamba,128,forward:graph0:mm_default_3556,NOT_MEASURED,NOT_MEASURED,NOT_MEASURED,UNRESOLVED,NOT_CAPTURED,population_screening.csv,NORMAL_REFERENCE,NOT_CAPTURED_EXISTING_ARTIFACT_ONLY
endpoint::mamba:seq128:forward:798:out_ptr15,ENDPOINT_UNIT,,mamba:seq128:forward:798:out_ptr15,mamba,128,forward:graph0:add_286,NOT_MEASURED,NOT_MEASURED,NOT_MEASURED,UNRESOLVED,NOT_CAPTURED,population_screening.csv,UNRESOLVED,NOT_CAPTURED_EXISTING_ARTIFACT_ONLY
endpoint::mamba:seq128:forward:798:out_ptr22,ENDPOINT_UNIT,,mamba:seq128:forward:798:out_ptr22,mamba,128,forward:graph0:add_293,NOT_MEASURED,NOT_MEASURED,NOT_MEASURED,UNRESOLVED,NOT_CAPTURED,population_screening.csv,UNRESOLVED,NOT_CAPTURED_EXISTING_ARTIFACT_ONLY
endpoint::mamba:seq128:forward:798:out_ptr25,ENDPOINT_UNIT,,mamba:seq128:forward:798:out_ptr25,mamba,128,forward:graph0:add_296,NOT_MEASURED,NOT_MEASURED,NOT_MEASURED,UNRESOLVED,NOT_CAPTURED,population_screening.csv,UNRESOLVED,NOT_CAPTURED_EXISTING_ARTIFACT_ONLY
endpoint::mamba:seq128:forward:798:out_ptr27,ENDPOINT_UNIT,,mamba:seq128:forward:798:out_ptr27,mamba,128,forward:graph0:add_298,NOT_MEASURED,NOT_MEASURED,NOT_MEASURED,UNRESOLVED,NOT_CAPTURED,population_screening.csv,UNRESOLVED,NOT_CAPTURED_EXISTING_ARTIFACT_ONLY
endpoint::mamba:seq128:forward:798:out_ptr30,ENDPOINT_UNIT,,mamba:seq128:forward:798:out_ptr30,mamba,128,forward:graph0:add_301,NOT_MEASURED,NOT_MEASURED,NOT_MEASURED,UNRESOLVED,NOT_CAPTURED,population_screening.csv,UNRESOLVED,NOT_CAPTURED_EXISTING_ARTIFACT_ONLY
endpoint::mamba:seq128:forward:798:out_ptr31,ENDPOINT_UNIT,,mamba:seq128:forward:798:out_ptr31,mamba,128,forward:graph0:add_302,NOT_MEASURED,NOT_MEASURED,NOT_MEASURED,UNRESOLVED,NOT_CAPTURED,population_screening.csv,UNRESOLVED,NOT_CAPTURED_EXISTING_ARTIFACT_ONLY
endpoint::mamba:seq128:forward:798:out_ptr37,ENDPOINT_UNIT,,mamba:seq128:forward:798:out_ptr37,mamba,128,forward:graph0:add_308,NOT_MEASURED,NOT_MEASURED,NOT_MEASURED,UNRESOLVED,NOT_CAPTURED,population_screening.csv,UNRESOLVED,NOT_CAPTURED_EXISTING_ARTIFACT_ONLY
endpoint::mamba:seq128:forward:798:out_ptr39,ENDPOINT_UNIT,,mamba:seq128:forward:798:out_ptr39,mamba,128,forward:graph0:add_310,NOT_MEASURED,NOT_MEASURED,NOT_MEASURED,UNRESOLVED,NOT_CAPTURED,population_screening.csv,UNRESOLVED,NOT_CAPTURED_EXISTING_ARTIFACT_ONLY
endpoint::mamba:seq128:forward:798:out_ptr40,ENDPOINT_UNIT,,mamba:seq128:forward:798:out_ptr40,mamba,128,forward:graph0:add_311,NOT_MEASURED,NOT_MEASURED,NOT_MEASURED,UNRESOLVED,NOT_CAPTURED,population_screening.csv,UNRESOLVED,NOT_CAPTURED_EXISTING_ARTIFACT_ONLY
endpoint::mamba:seq128:forward:798:out_ptr42,ENDPOINT_UNIT,,mamba:seq128:forward:798:out_ptr42,mamba,128,forward:graph0:add_313,NOT_MEASURED,NOT_MEASURED,NOT_MEASURED,UNRESOLVED,NOT_CAPTURED,population_screening.csv,UNRESOLVED,NOT_CAPTURED_EXISTING_ARTIFACT_ONLY
endpoint::mamba:seq128:forward:798:out_ptr43,ENDPOINT_UNIT,,mamba:seq128:forward:798:out_ptr43,mamba,128,forward:graph0:add_314,NOT_MEASURED,NOT_MEASURED,NOT_MEASURED,UNRESOLVED,NOT_CAPTURED,population_screening.csv,UNRESOLVED,NOT_CAPTURED_EXISTING_ARTIFACT_ONLY
endpoint::mamba:seq128:forward:798:out_ptr44,ENDPOINT_UNIT,,mamba:seq128:forward:798:out_ptr44,mamba,128,forward:graph0:add_315,NOT_MEASURED,NOT_MEASURED,NOT_MEASURED,UNRESOLVED,NOT_CAPTURED,population_screening.csv,UNRESOLVED,NOT_CAPTURED_EXISTING_ARTIFACT_ONLY
endpoint::mamba:seq128:forward:798:out_ptr45,ENDPOINT_UNIT,,mamba:seq128:forward:798:out_ptr45,mamba,128,forward:graph0:add_316,NOT_MEASURED,NOT_MEASURED,NOT_MEASURED,UNRESOLVED,NOT_CAPTURED,population_screening.csv,UNRESOLVED,NOT_CAPTURED_EXISTING_ARTIFACT_ONLY
endpoint::mamba:seq128:forward:798:out_ptr46,ENDPOINT_UNIT,,mamba:seq128:forward:798:out_ptr46,mamba,128,forward:graph0:add_317,NOT_MEASURED,NOT_MEASURED,NOT_MEASURED,UNRESOLVED,NOT_CAPTURED,population_screening.csv,UNRESOLVED,NOT_CAPTURED_EXISTING_ARTIFACT_ONLY
endpoint::mamba:seq128:forward:798:out_ptr47,ENDPOINT_UNIT,,mamba:seq128:forward:798:out_ptr47,mamba,128,forward:graph0:add_318,NOT_MEASURED,NOT_MEASURED,NOT_MEASURED,UNRESOLVED,NOT_CAPTURED,population_screening.csv,UNRESOLVED,NOT_CAPTURED_EXISTING_ARTIFACT_ONLY
endpoint::mamba:seq128:forward:798:out_ptr48,ENDPOINT_UNIT,,mamba:seq128:forward:798:out_ptr48,mamba,128,forward:graph0:add_319,NOT_MEASURED,NOT_MEASURED,NOT_MEASURED,UNRESOLVED,NOT_CAPTURED,population_screening.csv,UNRESOLVED,NOT_CAPTURED_EXISTING_ARTIFACT_ONLY
endpoint::mamba:seq128:forward:798:out_ptr49,ENDPOINT_UNIT,,mamba:seq128:forward:798:out_ptr49,mamba,128,forward:graph0:add_320,NOT_MEASURED,NOT_MEASURED,NOT_MEASURED,UNRESOLVED,NOT_CAPTURED,population_screening.csv,UNRESOLVED,NOT_CAPTURED_EXISTING_ARTIFACT_ONLY
endpoint::mamba:seq128:forward:798:out_ptr50,ENDPOINT_UNIT,,mamba:seq128:forward:798:out_ptr50,mamba,128,forward:graph0:add_321,NOT_MEASURED,NOT_MEASURED,NOT_MEASURED,UNRESOLVED,NOT_CAPTURED,population_screening.csv,UNRESOLVED,NOT_CAPTURED_EXISTING_ARTIFACT_ONLY
endpoint::mamba:seq128:forward:798:out_ptr51,ENDPOINT_UNIT,,mamba:seq128:forward:798:out_ptr51,mamba,128,forward:graph0:add_322,NOT_MEASURED,NOT_MEASURED,NOT_MEASURED,UNRESOLVED,NOT_CAPTURED,population_screening.csv,UNRESOLVED,NOT_CAPTURED_EXISTING_ARTIFACT_ONLY
endpoint::mamba:seq128:forward:798:out_ptr53,ENDPOINT_UNIT,,mamba:seq128:forward:798:out_ptr53,mamba,128,forward:graph0:add_324,NOT_MEASURED,NOT_MEASURED,NOT_MEASURED,UNRESOLVED,NOT_CAPTURED,population_screening.csv,UNRESOLVED,NOT_CAPTURED_EXISTING_ARTIFACT_ONLY
endpoint::mamba:seq128:forward:798:out_ptr54,ENDPOINT_UNIT,,mamba:seq128:forward:798:out_ptr54,mamba,128,forward:graph0:add_325,NOT_MEASURED,NOT_MEASURED,NOT_MEASURED,UNRESOLVED,NOT_CAPTURED,population_screening.csv,UNRESOLVED,NOT_CAPTURED_EXISTING_ARTIFACT_ONLY
endpoint::mamba:seq128:forward:798:out_ptr55,ENDPOINT_UNIT,,mamba:seq128:forward:798:out_ptr55,mamba,128,forward:graph0:add_326,NOT_MEASURED,NOT_MEASURED,NOT_MEASURED,UNRESOLVED,NOT_CAPTURED,population_screening.csv,UNRESOLVED,NOT_CAPTURED_EXISTING_ARTIFACT_ONLY
endpoint::mamba:seq128:forward:798:out_ptr56,ENDPOINT_UNIT,,mamba:seq128:forward:798:out_ptr56,mamba,128,forward:graph0:add_327,NOT_MEASURED,NOT_MEASURED,NOT_MEASURED,UNRESOLVED,NOT_CAPTURED,population_screening.csv,UNRESOLVED,NOT_CAPTURED_EXISTING_ARTIFACT_ONLY
endpoint::mamba:seq128:forward:798:out_ptr57,ENDPOINT_UNIT,,mamba:seq128:forward:798:out_ptr57,mamba,128,forward:graph0:add_328,NOT_MEASURED,NOT_MEASURED,NOT_MEASURED,UNRESOLVED,NOT_CAPTURED,population_screening.csv,UNRESOLVED,NOT_CAPTURED_EXISTING_ARTIFACT_ONLY
endpoint::mamba:seq128:forward:798:out_ptr58,ENDPOINT_UNIT,,mamba:seq128:forward:798:out_ptr58,mamba,128,forward:graph0:add_329,NOT_MEASURED,NOT_MEASURED,NOT_MEASURED,UNRESOLVED,NOT_CAPTURED,population_screening.csv,UNRESOLVED,NOT_CAPTURED_EXISTING_ARTIFACT_ONLY
endpoint::mamba:seq128:forward:798:out_ptr59,ENDPOINT_UNIT,,mamba:seq128:forward:798:out_ptr59,mamba,128,forward:graph0:add_330,NOT_MEASURED,NOT_MEASURED,NOT_MEASURED,UNRESOLVED,NOT_CAPTURED,population_screening.csv,UNRESOLVED,NOT_CAPTURED_EXISTING_ARTIFACT_ONLY
endpoint::mamba:seq128:forward:798:out_ptr60,ENDPOINT_UNIT,,mamba:seq128:forward:798:out_ptr60,mamba,128,forward:graph0:add_331,NOT_MEASURED,NOT_MEASURED,NOT_MEASURED,UNRESOLVED,NOT_CAPTURED,population_screening.csv,UNRESOLVED,NOT_CAPTURED_EXISTING_ARTIFACT_ONLY
endpoint::mamba:seq128:forward:798:out_ptr61,ENDPOINT_UNIT,,mamba:seq128:forward:798:out_ptr61,mamba,128,forward:graph0:add_332,NOT_MEASURED,NOT_MEASURED,NOT_MEASURED,UNRESOLVED,NOT_CAPTURED,population_screening.csv,UNRESOLVED,NOT_CAPTURED_EXISTING_ARTIFACT_ONLY
endpoint::mamba:seq128:forward:798:out_ptr62,ENDPOINT_UNIT,,mamba:seq128:forward:798:out_ptr62,mamba,128,forward:graph0:add_333,NOT_MEASURED,NOT_MEASURED,NOT_MEASURED,UNRESOLVED,NOT_CAPTURED,population_screening.csv,UNRESOLVED,NOT_CAPTURED_EXISTING_ARTIFACT_ONLY
endpoint::mamba:seq128:forward:798:out_ptr63,ENDPOINT_UNIT,,mamba:seq128:forward:798:out_ptr63,mamba,128,forward:graph0:add_334,NOT_MEASURED,NOT_MEASURED,NOT_MEASURED,UNRESOLVED,NOT_CAPTURED,population_screening.csv,UNRESOLVED,NOT_CAPTURED_EXISTING_ARTIFACT_ONLY
endpoint::mamba:seq128:forward:824:output_0,ENDPOINT_UNIT,,mamba:seq128:forward:824:output_0,mamba,128,forward:graph0:mm_default_5875,NOT_MEASURED,NOT_MEASURED,NOT_MEASURED,UNRESOLVED,NOT_CAPTURED,population_screening.csv,NORMAL_REFERENCE,NOT_CAPTURED_EXISTING_ARTIFACT_ONLY
endpoint::mamba:seq128:forward:838:output_0,ENDPOINT_UNIT,,mamba:seq128:forward:838:output_0,mamba,128,forward:graph0:mm_default_5868,NOT_MEASURED,NOT_MEASURED,NOT_MEASURED,UNRESOLVED,NOT_CAPTURED,population_screening.csv,NORMAL_REFERENCE,NOT_CAPTURED_EXISTING_ARTIFACT_ONLY
endpoint::mamba:seq128:forward:8397:output_0,ENDPOINT_UNIT,,mamba:seq128:forward:8397:output_0,mamba,128,forward:graph0:mm_default_3409,NOT_MEASURED,NOT_MEASURED,NOT_MEASURED,UNRESOLVED,NOT_CAPTURED,population_screening.csv,NORMAL_REFERENCE,NOT_CAPTURED_EXISTING_ARTIFACT_ONLY
endpoint::mamba:seq128:forward:848:output_0,ENDPOINT_UNIT,,mamba:seq128:forward:848:output_0,mamba,128,forward:graph0:mm_default_5863,NOT_MEASURED,NOT_MEASURED,NOT_MEASURED,UNRESOLVED,NOT_CAPTURED,population_screening.csv,UNRESOLVED,NOT_CAPTURED_EXISTING_ARTIFACT_ONLY
endpoint::mamba:seq128:forward:856:output_0,ENDPOINT_UNIT,,mamba:seq128:forward:856:output_0,mamba,128,forward:graph0:mm_default_5859,NOT_MEASURED,NOT_MEASURED,NOT_MEASURED,UNRESOLVED,NOT_CAPTURED,population_screening.csv,UNRESOLVED,NOT_CAPTURED_EXISTING_ARTIFACT_ONLY
endpoint::mamba:seq128:forward:872:output_0,ENDPOINT_UNIT,,mamba:seq128:forward:872:output_0,mamba,128,forward:graph0:mm_default_5851,NOT_MEASURED,NOT_MEASURED,NOT_MEASURED,UNRESOLVED,NOT_CAPTURED,population_screening.csv,UNRESOLVED,NOT_CAPTURED_EXISTING_ARTIFACT_ONLY
endpoint::mamba:seq128:forward:8800:output_0,ENDPOINT_UNIT,,mamba:seq128:forward:8800:output_0,mamba,128,forward:graph0:mm_default_3277,NOT_MEASURED,NOT_MEASURED,NOT_MEASURED,UNRESOLVED,NOT_CAPTURED,population_screening.csv,UNRESOLVED,NOT_CAPTURED_EXISTING_ARTIFACT_ONLY
endpoint::mamba:seq128:forward:8827:out_ptr56,ENDPOINT_UNIT,,mamba:seq128:forward:8827:out_ptr56,mamba,128,forward:graph0:add_3071,NOT_MEASURED,NOT_MEASURED,NOT_MEASURED,UNRESOLVED,NOT_CAPTURED,population_screening.csv,NORMAL_REFERENCE,NOT_CAPTURED_EXISTING_ARTIFACT_ONLY
endpoint::mamba:seq128:forward:8827:out_ptr7,ENDPOINT_UNIT,,mamba:seq128:forward:8827:out_ptr7,mamba,128,forward:graph0:add_3022,NOT_MEASURED,NOT_MEASURED,NOT_MEASURED,UNRESOLVED,NOT_CAPTURED,population_screening.csv,NORMAL_REFERENCE,NOT_CAPTURED_EXISTING_ARTIFACT_ONLY
endpoint::mamba:seq128:forward:886:output_0,ENDPOINT_UNIT,,mamba:seq128:forward:886:output_0,mamba,128,forward:graph0:mm_default_5844,NOT_MEASURED,NOT_MEASURED,NOT_MEASURED,UNRESOLVED,NOT_CAPTURED,population_screening.csv,UNRESOLVED,NOT_CAPTURED_EXISTING_ARTIFACT_ONLY
endpoint::mamba:seq128:forward:888:output_0,ENDPOINT_UNIT,,mamba:seq128:forward:888:output_0,mamba,128,forward:graph0:mm_default_5843,NOT_MEASURED,NOT_MEASURED,NOT_MEASURED,UNRESOLVED,NOT_CAPTURED,population_screening.csv,UNRESOLVED,NOT_CAPTURED_EXISTING_ARTIFACT_ONLY
endpoint::mamba:seq128:forward:894:output_0,ENDPOINT_UNIT,,mamba:seq128:forward:894:output_0,mamba,128,forward:graph0:mm_default_5840,NOT_MEASURED,NOT_MEASURED,NOT_MEASURED,UNRESOLVED,NOT_CAPTURED,population_screening.csv,UNRESOLVED,NOT_CAPTURED_EXISTING_ARTIFACT_ONLY
endpoint::mamba:seq128:forward:898:output_0,ENDPOINT_UNIT,,mamba:seq128:forward:898:output_0,mamba,128,forward:graph0:mm_default_5838,NOT_MEASURED,NOT_MEASURED,NOT_MEASURED,UNRESOLVED,NOT_CAPTURED,population_screening.csv,UNRESOLVED,NOT_CAPTURED_EXISTING_ARTIFACT_ONLY
endpoint::mamba:seq128:forward:908:output_0,ENDPOINT_UNIT,,mamba:seq128:forward:908:output_0,mamba,128,forward:graph0:mm_default_5833,NOT_MEASURED,NOT_MEASURED,NOT_MEASURED,UNRESOLVED,NOT_CAPTURED,population_screening.csv,UNRESOLVED,NOT_CAPTURED_EXISTING_ARTIFACT_ONLY
endpoint::mamba:seq128:forward:9189:output_0,ENDPOINT_UNIT,,mamba:seq128:forward:9189:output_0,mamba,128,forward:graph0:mm_default_3152,NOT_MEASURED,NOT_MEASURED,NOT_MEASURED,UNRESOLVED,NOT_CAPTURED,population_screening.csv,NORMAL_REFERENCE,NOT_CAPTURED_EXISTING_ARTIFACT_ONLY
endpoint::mamba:seq128:forward:927:out_ptr0,ENDPOINT_UNIT,,mamba:seq128:forward:927:out_ptr0,mamba,128,forward:graph0:add_335,NOT_MEASURED,NOT_MEASURED,NOT_MEASURED,UNRESOLVED,NOT_CAPTURED,population_screening.csv,UNRESOLVED,NOT_CAPTURED_EXISTING_ARTIFACT_ONLY
endpoint::mamba:seq128:forward:927:out_ptr1,ENDPOINT_UNIT,,mamba:seq128:forward:927:out_ptr1,mamba,128,forward:graph0:add_336,NOT_MEASURED,NOT_MEASURED,NOT_MEASURED,UNRESOLVED,NOT_CAPTURED,population_screening.csv,UNRESOLVED,NOT_CAPTURED_EXISTING_ARTIFACT_ONLY
endpoint::mamba:seq128:forward:927:out_ptr10,ENDPOINT_UNIT,,mamba:seq128:forward:927:out_ptr10,mamba,128,forward:graph0:add_345,NOT_MEASURED,NOT_MEASURED,NOT_MEASURED,UNRESOLVED,NOT_CAPTURED,population_screening.csv,UNRESOLVED,NOT_CAPTURED_EXISTING_ARTIFACT_ONLY
endpoint::mamba:seq128:forward:927:out_ptr11,ENDPOINT_UNIT,,mamba:seq128:forward:927:out_ptr11,mamba,128,forward:graph0:add_346,NOT_MEASURED,NOT_MEASURED,NOT_MEASURED,UNRESOLVED,NOT_CAPTURED,population_screening.csv,UNRESOLVED,NOT_CAPTURED_EXISTING_ARTIFACT_ONLY
endpoint::mamba:seq128:forward:927:out_ptr12,ENDPOINT_UNIT,,mamba:seq128:forward:927:out_ptr12,mamba,128,forward:graph0:add_347,NOT_MEASURED,NOT_MEASURED,NOT_MEASURED,UNRESOLVED,NOT_CAPTURED,population_screening.csv,UNRESOLVED,NOT_CAPTURED_EXISTING_ARTIFACT_ONLY
endpoint::mamba:seq128:forward:927:out_ptr13,ENDPOINT_UNIT,,mamba:seq128:forward:927:out_ptr13,mamba,128,forward:graph0:add_348,NOT_MEASURED,NOT_MEASURED,NOT_MEASURED,UNRESOLVED,NOT_CAPTURED,population_screening.csv,UNRESOLVED,NOT_CAPTURED_EXISTING_ARTIFACT_ONLY
endpoint::mamba:seq128:forward:927:out_ptr14,ENDPOINT_UNIT,,mamba:seq128:forward:927:out_ptr14,mamba,128,forward:graph0:add_349,NOT_MEASURED,NOT_MEASURED,NOT_MEASURED,UNRESOLVED,NOT_CAPTURED,population_screening.csv,UNRESOLVED,NOT_CAPTURED_EXISTING_ARTIFACT_ONLY
endpoint::mamba:seq128:forward:927:out_ptr15,ENDPOINT_UNIT,,mamba:seq128:forward:927:out_ptr15,mamba,128,forward:graph0:add_350,NOT_MEASURED,NOT_MEASURED,NOT_MEASURED,UNRESOLVED,NOT_CAPTURED,population_screening.csv,UNRESOLVED,NOT_CAPTURED_EXISTING_ARTIFACT_ONLY
endpoint::mamba:seq128:forward:927:out_ptr16,ENDPOINT_UNIT,,mamba:seq128:forward:927:out_ptr16,mamba,128,forward:graph0:add_351,NOT_MEASURED,NOT_MEASURED,NOT_MEASURED,UNRESOLVED,NOT_CAPTURED,population_screening.csv,UNRESOLVED,NOT_CAPTURED_EXISTING_ARTIFACT_ONLY
endpoint::mamba:seq128:forward:927:out_ptr17,ENDPOINT_UNIT,,mamba:seq128:forward:927:out_ptr17,mamba,128,forward:graph0:add_352,NOT_MEASURED,NOT_MEASURED,NOT_MEASURED,UNRESOLVED,NOT_CAPTURED,population_screening.csv,UNRESOLVED,NOT_CAPTURED_EXISTING_ARTIFACT_ONLY
endpoint::mamba:seq128:forward:927:out_ptr18,ENDPOINT_UNIT,,mamba:seq128:forward:927:out_ptr18,mamba,128,forward:graph0:add_353,NOT_MEASURED,NOT_MEASURED,NOT_MEASURED,UNRESOLVED,NOT_CAPTURED,population_screening.csv,UNRESOLVED,NOT_CAPTURED_EXISTING_ARTIFACT_ONLY
endpoint::mamba:seq128:forward:927:out_ptr19,ENDPOINT_UNIT,,mamba:seq128:forward:927:out_ptr19,mamba,128,forward:graph0:add_354,NOT_MEASURED,NOT_MEASURED,NOT_MEASURED,UNRESOLVED,NOT_CAPTURED,population_screening.csv,UNRESOLVED,NOT_CAPTURED_EXISTING_ARTIFACT_ONLY
endpoint::mamba:seq128:forward:927:out_ptr2,ENDPOINT_UNIT,,mamba:seq128:forward:927:out_ptr2,mamba,128,forward:graph0:add_337,NOT_MEASURED,NOT_MEASURED,NOT_MEASURED,UNRESOLVED,NOT_CAPTURED,population_screening.csv,UNRESOLVED,NOT_CAPTURED_EXISTING_ARTIFACT_ONLY
endpoint::mamba:seq128:forward:927:out_ptr20,ENDPOINT_UNIT,,mamba:seq128:forward:927:out_ptr20,mamba,128,forward:graph0:add_355,NOT_MEASURED,NOT_MEASURED,NOT_MEASURED,UNRESOLVED,NOT_CAPTURED,population_screening.csv,UNRESOLVED,NOT_CAPTURED_EXISTING_ARTIFACT_ONLY
endpoint::mamba:seq128:forward:927:out_ptr21,ENDPOINT_UNIT,,mamba:seq128:forward:927:out_ptr21,mamba,128,forward:graph0:add_356,NOT_MEASURED,NOT_MEASURED,NOT_MEASURED,UNRESOLVED,NOT_CAPTURED,population_screening.csv,UNRESOLVED,NOT_CAPTURED_EXISTING_ARTIFACT_ONLY
endpoint::mamba:seq128:forward:927:out_ptr22,ENDPOINT_UNIT,,mamba:seq128:forward:927:out_ptr22,mamba,128,forward:graph0:add_357,NOT_MEASURED,NOT_MEASURED,NOT_MEASURED,UNRESOLVED,NOT_CAPTURED,population_screening.csv,UNRESOLVED,NOT_CAPTURED_EXISTING_ARTIFACT_ONLY
endpoint::mamba:seq128:forward:927:out_ptr23,ENDPOINT_UNIT,,mamba:seq128:forward:927:out_ptr23,mamba,128,forward:graph0:add_358,NOT_MEASURED,NOT_MEASURED,NOT_MEASURED,UNRESOLVED,NOT_CAPTURED,population_screening.csv,UNRESOLVED,NOT_CAPTURED_EXISTING_ARTIFACT_ONLY
endpoint::mamba:seq128:forward:927:out_ptr25,ENDPOINT_UNIT,,mamba:seq128:forward:927:out_ptr25,mamba,128,forward:graph0:add_360,NOT_MEASURED,NOT_MEASURED,NOT_MEASURED,UNRESOLVED,NOT_CAPTURED,population_screening.csv,UNRESOLVED,NOT_CAPTURED_EXISTING_ARTIFACT_ONLY
endpoint::mamba:seq128:forward:927:out_ptr26,ENDPOINT_UNIT,,mamba:seq128:forward:927:out_ptr26,mamba,128,forward:graph0:add_361,NOT_MEASURED,NOT_MEASURED,NOT_MEASURED,UNRESOLVED,NOT_CAPTURED,population_screening.csv,UNRESOLVED,NOT_CAPTURED_EXISTING_ARTIFACT_ONLY
endpoint::mamba:seq128:forward:927:out_ptr27,ENDPOINT_UNIT,,mamba:seq128:forward:927:out_ptr27,mamba,128,forward:graph0:add_362,NOT_MEASURED,NOT_MEASURED,NOT_MEASURED,UNRESOLVED,NOT_CAPTURED,population_screening.csv,UNRESOLVED,NOT_CAPTURED_EXISTING_ARTIFACT_ONLY
endpoint::mamba:seq128:forward:927:out_ptr28,ENDPOINT_UNIT,,mamba:seq128:forward:927:out_ptr28,mamba,128,forward:graph0:add_363,NOT_MEASURED,NOT_MEASURED,NOT_MEASURED,UNRESOLVED,NOT_CAPTURED,population_screening.csv,UNRESOLVED,NOT_CAPTURED_EXISTING_ARTIFACT_ONLY
endpoint::mamba:seq128:forward:927:out_ptr29,ENDPOINT_UNIT,,mamba:seq128:forward:927:out_ptr29,mamba,128,forward:graph0:add_364,NOT_MEASURED,NOT_MEASURED,NOT_MEASURED,UNRESOLVED,NOT_CAPTURED,population_screening.csv,UNRESOLVED,NOT_CAPTURED_EXISTING_ARTIFACT_ONLY
endpoint::mamba:seq128:forward:927:out_ptr3,ENDPOINT_UNIT,,mamba:seq128:forward:927:out_ptr3,mamba,128,forward:graph0:add_338,NOT_MEASURED,NOT_MEASURED,NOT_MEASURED,UNRESOLVED,NOT_CAPTURED,population_screening.csv,UNRESOLVED,NOT_CAPTURED_EXISTING_ARTIFACT_ONLY
endpoint::mamba:seq128:forward:927:out_ptr30,ENDPOINT_UNIT,,mamba:seq128:forward:927:out_ptr30,mamba,128,forward:graph0:add_365,NOT_MEASURED,NOT_MEASURED,NOT_MEASURED,UNRESOLVED,NOT_CAPTURED,population_screening.csv,UNRESOLVED,NOT_CAPTURED_EXISTING_ARTIFACT_ONLY
endpoint::mamba:seq128:forward:927:out_ptr31,ENDPOINT_UNIT,,mamba:seq128:forward:927:out_ptr31,mamba,128,forward:graph0:add_366,NOT_MEASURED,NOT_MEASURED,NOT_MEASURED,UNRESOLVED,NOT_CAPTURED,population_screening.csv,UNRESOLVED,NOT_CAPTURED_EXISTING_ARTIFACT_ONLY
endpoint::mamba:seq128:forward:927:out_ptr32,ENDPOINT_UNIT,,mamba:seq128:forward:927:out_ptr32,mamba,128,forward:graph0:add_367,NOT_MEASURED,NOT_MEASURED,NOT_MEASURED,UNRESOLVED,NOT_CAPTURED,population_screening.csv,UNRESOLVED,NOT_CAPTURED_EXISTING_ARTIFACT_ONLY
endpoint::mamba:seq128:forward:927:out_ptr33,ENDPOINT_UNIT,,mamba:seq128:forward:927:out_ptr33,mamba,128,forward:graph0:add_368,NOT_MEASURED,NOT_MEASURED,NOT_MEASURED,UNRESOLVED,NOT_CAPTURED,population_screening.csv,UNRESOLVED,NOT_CAPTURED_EXISTING_ARTIFACT_ONLY
endpoint::mamba:seq128:forward:927:out_ptr34,ENDPOINT_UNIT,,mamba:seq128:forward:927:out_ptr34,mamba,128,forward:graph0:add_369,NOT_MEASURED,NOT_MEASURED,NOT_MEASURED,UNRESOLVED,NOT_CAPTURED,population_screening.csv,UNRESOLVED,NOT_CAPTURED_EXISTING_ARTIFACT_ONLY
endpoint::mamba:seq128:forward:927:out_ptr35,ENDPOINT_UNIT,,mamba:seq128:forward:927:out_ptr35,mamba,128,forward:graph0:add_370,NOT_MEASURED,NOT_MEASURED,NOT_MEASURED,UNRESOLVED,NOT_CAPTURED,population_screening.csv,UNRESOLVED,NOT_CAPTURED_EXISTING_ARTIFACT_ONLY
endpoint::mamba:seq128:forward:927:out_ptr36,ENDPOINT_UNIT,,mamba:seq128:forward:927:out_ptr36,mamba,128,forward:graph0:add_371,NOT_MEASURED,NOT_MEASURED,NOT_MEASURED,UNRESOLVED,NOT_CAPTURED,population_screening.csv,UNRESOLVED,NOT_CAPTURED_EXISTING_ARTIFACT_ONLY
endpoint::mamba:seq128:forward:927:out_ptr37,ENDPOINT_UNIT,,mamba:seq128:forward:927:out_ptr37,mamba,128,forward:graph0:add_372,NOT_MEASURED,NOT_MEASURED,NOT_MEASURED,UNRESOLVED,NOT_CAPTURED,population_screening.csv,UNRESOLVED,NOT_CAPTURED_EXISTING_ARTIFACT_ONLY
endpoint::mamba:seq128:forward:927:out_ptr38,ENDPOINT_UNIT,,mamba:seq128:forward:927:out_ptr38,mamba,128,forward:graph0:add_373,NOT_MEASURED,NOT_MEASURED,NOT_MEASURED,UNRESOLVED,NOT_CAPTURED,population_screening.csv,UNRESOLVED,NOT_CAPTURED_EXISTING_ARTIFACT_ONLY
endpoint::mamba:seq128:forward:927:out_ptr39,ENDPOINT_UNIT,,mamba:seq128:forward:927:out_ptr39,mamba,128,forward:graph0:add_374,NOT_MEASURED,NOT_MEASURED,NOT_MEASURED,UNRESOLVED,NOT_CAPTURED,population_screening.csv,UNRESOLVED,NOT_CAPTURED_EXISTING_ARTIFACT_ONLY
endpoint::mamba:seq128:forward:927:out_ptr4,ENDPOINT_UNIT,,mamba:seq128:forward:927:out_ptr4,mamba,128,forward:graph0:add_339,NOT_MEASURED,NOT_MEASURED,NOT_MEASURED,UNRESOLVED,NOT_CAPTURED,population_screening.csv,UNRESOLVED,NOT_CAPTURED_EXISTING_ARTIFACT_ONLY
endpoint::mamba:seq128:forward:927:out_ptr40,ENDPOINT_UNIT,,mamba:seq128:forward:927:out_ptr40,mamba,128,forward:graph0:add_375,NOT_MEASURED,NOT_MEASURED,NOT_MEASURED,UNRESOLVED,NOT_CAPTURED,population_screening.csv,UNRESOLVED,NOT_CAPTURED_EXISTING_ARTIFACT_ONLY
endpoint::mamba:seq128:forward:927:out_ptr41,ENDPOINT_UNIT,,mamba:seq128:forward:927:out_ptr41,mamba,128,forward:graph0:add_376,NOT_MEASURED,NOT_MEASURED,NOT_MEASURED,UNRESOLVED,NOT_CAPTURED,population_screening.csv,UNRESOLVED,NOT_CAPTURED_EXISTING_ARTIFACT_ONLY
endpoint::mamba:seq128:forward:927:out_ptr42,ENDPOINT_UNIT,,mamba:seq128:forward:927:out_ptr42,mamba,128,forward:graph0:add_377,NOT_MEASURED,NOT_MEASURED,NOT_MEASURED,UNRESOLVED,NOT_CAPTURED,population_screening.csv,UNRESOLVED,NOT_CAPTURED_EXISTING_ARTIFACT_ONLY
endpoint::mamba:seq128:forward:927:out_ptr43,ENDPOINT_UNIT,,mamba:seq128:forward:927:out_ptr43,mamba,128,forward:graph0:add_378,NOT_MEASURED,NOT_MEASURED,NOT_MEASURED,UNRESOLVED,NOT_CAPTURED,population_screening.csv,UNRESOLVED,NOT_CAPTURED_EXISTING_ARTIFACT_ONLY
endpoint::mamba:seq128:forward:927:out_ptr44,ENDPOINT_UNIT,,mamba:seq128:forward:927:out_ptr44,mamba,128,forward:graph0:add_379,NOT_MEASURED,NOT_MEASURED,NOT_MEASURED,UNRESOLVED,NOT_CAPTURED,population_screening.csv,UNRESOLVED,NOT_CAPTURED_EXISTING_ARTIFACT_ONLY
endpoint::mamba:seq128:forward:927:out_ptr45,ENDPOINT_UNIT,,mamba:seq128:forward:927:out_ptr45,mamba,128,forward:graph0:add_380,NOT_MEASURED,NOT_MEASURED,NOT_MEASURED,UNRESOLVED,NOT_CAPTURED,population_screening.csv,UNRESOLVED,NOT_CAPTURED_EXISTING_ARTIFACT_ONLY
endpoint::mamba:seq128:forward:927:out_ptr46,ENDPOINT_UNIT,,mamba:seq128:forward:927:out_ptr46,mamba,128,forward:graph0:add_381,NOT_MEASURED,NOT_MEASURED,NOT_MEASURED,UNRESOLVED,NOT_CAPTURED,population_screening.csv,UNRESOLVED,NOT_CAPTURED_EXISTING_ARTIFACT_ONLY
endpoint::mamba:seq128:forward:927:out_ptr47,ENDPOINT_UNIT,,mamba:seq128:forward:927:out_ptr47,mamba,128,forward:graph0:add_382,NOT_MEASURED,NOT_MEASURED,NOT_MEASURED,UNRESOLVED,NOT_CAPTURED,population_screening.csv,UNRESOLVED,NOT_CAPTURED_EXISTING_ARTIFACT_ONLY
endpoint::mamba:seq128:forward:927:out_ptr48,ENDPOINT_UNIT,,mamba:seq128:forward:927:out_ptr48,mamba,128,forward:graph0:add_383,NOT_MEASURED,NOT_MEASURED,NOT_MEASURED,UNRESOLVED,NOT_CAPTURED,population_screening.csv,UNRESOLVED,NOT_CAPTURED_EXISTING_ARTIFACT_ONLY
endpoint::mamba:seq128:forward:927:out_ptr49,ENDPOINT_UNIT,,mamba:seq128:forward:927:out_ptr49,mamba,128,forward:graph0:add_384,NOT_MEASURED,NOT_MEASURED,NOT_MEASURED,UNRESOLVED,NOT_CAPTURED,population_screening.csv,UNRESOLVED,NOT_CAPTURED_EXISTING_ARTIFACT_ONLY
endpoint::mamba:seq128:forward:927:out_ptr5,ENDPOINT_UNIT,,mamba:seq128:forward:927:out_ptr5,mamba,128,forward:graph0:add_340,NOT_MEASURED,NOT_MEASURED,NOT_MEASURED,UNRESOLVED,NOT_CAPTURED,population_screening.csv,UNRESOLVED,NOT_CAPTURED_EXISTING_ARTIFACT_ONLY
endpoint::mamba:seq128:forward:927:out_ptr50,ENDPOINT_UNIT,,mamba:seq128:forward:927:out_ptr50,mamba,128,forward:graph0:add_385,NOT_MEASURED,NOT_MEASURED,NOT_MEASURED,UNRESOLVED,NOT_CAPTURED,population_screening.csv,UNRESOLVED,NOT_CAPTURED_EXISTING_ARTIFACT_ONLY
endpoint::mamba:seq128:forward:927:out_ptr51,ENDPOINT_UNIT,,mamba:seq128:forward:927:out_ptr51,mamba,128,forward:graph0:add_386,NOT_MEASURED,NOT_MEASURED,NOT_MEASURED,UNRESOLVED,NOT_CAPTURED,population_screening.csv,UNRESOLVED,NOT_CAPTURED_EXISTING_ARTIFACT_ONLY
endpoint::mamba:seq128:forward:927:out_ptr52,ENDPOINT_UNIT,,mamba:seq128:forward:927:out_ptr52,mamba,128,forward:graph0:add_387,NOT_MEASURED,NOT_MEASURED,NOT_MEASURED,UNRESOLVED,NOT_CAPTURED,population_screening.csv,UNRESOLVED,NOT_CAPTURED_EXISTING_ARTIFACT_ONLY
endpoint::mamba:seq128:forward:927:out_ptr53,ENDPOINT_UNIT,,mamba:seq128:forward:927:out_ptr53,mamba,128,forward:graph0:add_388,NOT_MEASURED,NOT_MEASURED,NOT_MEASURED,UNRESOLVED,NOT_CAPTURED,population_screening.csv,UNRESOLVED,NOT_CAPTURED_EXISTING_ARTIFACT_ONLY
endpoint::mamba:seq128:forward:927:out_ptr54,ENDPOINT_UNIT,,mamba:seq128:forward:927:out_ptr54,mamba,128,forward:graph0:add_389,NOT_MEASURED,NOT_MEASURED,NOT_MEASURED,UNRESOLVED,NOT_CAPTURED,population_screening.csv,UNRESOLVED,NOT_CAPTURED_EXISTING_ARTIFACT_ONLY
endpoint::mamba:seq128:forward:927:out_ptr55,ENDPOINT_UNIT,,mamba:seq128:forward:927:out_ptr55,mamba,128,forward:graph0:add_390,NOT_MEASURED,NOT_MEASURED,NOT_MEASURED,UNRESOLVED,NOT_CAPTURED,population_screening.csv,UNRESOLVED,NOT_CAPTURED_EXISTING_ARTIFACT_ONLY
endpoint::mamba:seq128:forward:927:out_ptr56,ENDPOINT_UNIT,,mamba:seq128:forward:927:out_ptr56,mamba,128,forward:graph0:add_391,NOT_MEASURED,NOT_MEASURED,NOT_MEASURED,UNRESOLVED,NOT_CAPTURED,population_screening.csv,UNRESOLVED,NOT_CAPTURED_EXISTING_ARTIFACT_ONLY
endpoint::mamba:seq128:forward:927:out_ptr58,ENDPOINT_UNIT,,mamba:seq128:forward:927:out_ptr58,mamba,128,forward:graph0:add_393,NOT_MEASURED,NOT_MEASURED,NOT_MEASURED,UNRESOLVED,NOT_CAPTURED,population_screening.csv,UNRESOLVED,NOT_CAPTURED_EXISTING_ARTIFACT_ONLY
endpoint::mamba:seq128:forward:927:out_ptr59,ENDPOINT_UNIT,,mamba:seq128:forward:927:out_ptr59,mamba,128,forward:graph0:add_394,NOT_MEASURED,NOT_MEASURED,NOT_MEASURED,UNRESOLVED,NOT_CAPTURED,population_screening.csv,UNRESOLVED,NOT_CAPTURED_EXISTING_ARTIFACT_ONLY
endpoint::mamba:seq128:forward:927:out_ptr6,ENDPOINT_UNIT,,mamba:seq128:forward:927:out_ptr6,mamba,128,forward:graph0:add_341,NOT_MEASURED,NOT_MEASURED,NOT_MEASURED,UNRESOLVED,NOT_CAPTURED,population_screening.csv,UNRESOLVED,NOT_CAPTURED_EXISTING_ARTIFACT_ONLY
endpoint::mamba:seq128:forward:927:out_ptr60,ENDPOINT_UNIT,,mamba:seq128:forward:927:out_ptr60,mamba,128,forward:graph0:add_395,NOT_MEASURED,NOT_MEASURED,NOT_MEASURED,UNRESOLVED,NOT_CAPTURED,population_screening.csv,UNRESOLVED,NOT_CAPTURED_EXISTING_ARTIFACT_ONLY
endpoint::mamba:seq128:forward:927:out_ptr61,ENDPOINT_UNIT,,mamba:seq128:forward:927:out_ptr61,mamba,128,forward:graph0:add_396,NOT_MEASURED,NOT_MEASURED,NOT_MEASURED,UNRESOLVED,NOT_CAPTURED,population_screening.csv,UNRESOLVED,NOT_CAPTURED_EXISTING_ARTIFACT_ONLY
endpoint::mamba:seq128:forward:927:out_ptr62,ENDPOINT_UNIT,,mamba:seq128:forward:927:out_ptr62,mamba,128,forward:graph0:add_397,NOT_MEASURED,NOT_MEASURED,NOT_MEASURED,UNRESOLVED,NOT_CAPTURED,population_screening.csv,UNRESOLVED,NOT_CAPTURED_EXISTING_ARTIFACT_ONLY
endpoint::mamba:seq128:forward:927:out_ptr7,ENDPOINT_UNIT,,mamba:seq128:forward:927:out_ptr7,mamba,128,forward:graph0:add_342,NOT_MEASURED,NOT_MEASURED,NOT_MEASURED,UNRESOLVED,NOT_CAPTURED,population_screening.csv,UNRESOLVED,NOT_CAPTURED_EXISTING_ARTIFACT_ONLY
endpoint::mamba:seq128:forward:927:out_ptr8,ENDPOINT_UNIT,,mamba:seq128:forward:927:out_ptr8,mamba,128,forward:graph0:add_343,NOT_MEASURED,NOT_MEASURED,NOT_MEASURED,UNRESOLVED,NOT_CAPTURED,population_screening.csv,UNRESOLVED,NOT_CAPTURED_EXISTING_ARTIFACT_ONLY
endpoint::mamba:seq128:forward:927:out_ptr9,ENDPOINT_UNIT,,mamba:seq128:forward:927:out_ptr9,mamba,128,forward:graph0:add_344,NOT_MEASURED,NOT_MEASURED,NOT_MEASURED,UNRESOLVED,NOT_CAPTURED,population_screening.csv,UNRESOLVED,NOT_CAPTURED_EXISTING_ARTIFACT_ONLY
endpoint::mamba:seq128:forward:929:output_0,ENDPOINT_UNIT,,mamba:seq128:forward:929:output_0,mamba,128,forward:graph0:mm_default_5823,NOT_MEASURED,NOT_MEASURED,NOT_MEASURED,UNRESOLVED,NOT_CAPTURED,population_screening.csv,UNRESOLVED,NOT_CAPTURED_EXISTING_ARTIFACT_ONLY
endpoint::mamba:seq128:forward:949:output_0,ENDPOINT_UNIT,,mamba:seq128:forward:949:output_0,mamba,128,forward:graph0:mm_default_5813,NOT_MEASURED,NOT_MEASURED,NOT_MEASURED,UNRESOLVED,NOT_CAPTURED,population_screening.csv,UNRESOLVED,NOT_CAPTURED_EXISTING_ARTIFACT_ONLY
endpoint::mamba:seq128:forward:979:output_0,ENDPOINT_UNIT,,mamba:seq128:forward:979:output_0,mamba,128,forward:graph0:mm_default_5798,NOT_MEASURED,NOT_MEASURED,NOT_MEASURED,UNRESOLVED,NOT_CAPTURED,population_screening.csv,UNRESOLVED,NOT_CAPTURED_EXISTING_ARTIFACT_ONLY
endpoint::mamba:seq128:forward:981:output_0,ENDPOINT_UNIT,,mamba:seq128:forward:981:output_0,mamba,128,forward:graph0:mm_default_5797,NOT_MEASURED,NOT_MEASURED,NOT_MEASURED,UNRESOLVED,NOT_CAPTURED,population_screening.csv,UNRESOLVED,NOT_CAPTURED_EXISTING_ARTIFACT_ONLY
endpoint::mamba:seq128:forward:987:output_0,ENDPOINT_UNIT,,mamba:seq128:forward:987:output_0,mamba,128,forward:graph0:mm_default_5794,NOT_MEASURED,NOT_MEASURED,NOT_MEASURED,UNRESOLVED,NOT_CAPTURED,population_screening.csv,UNRESOLVED,NOT_CAPTURED_EXISTING_ARTIFACT_ONLY
endpoint::mamba:seq128:forward:995:output_0,ENDPOINT_UNIT,,mamba:seq128:forward:995:output_0,mamba,128,forward:graph0:mm_default_5790,NOT_MEASURED,NOT_MEASURED,NOT_MEASURED,UNRESOLVED,NOT_CAPTURED,population_screening.csv,UNRESOLVED,NOT_CAPTURED_EXISTING_ARTIFACT_ONLY
endpoint::mamba:seq128:forward:999:output_0,ENDPOINT_UNIT,,mamba:seq128:forward:999:output_0,mamba,128,forward:graph0:mm_default_5788,NOT_MEASURED,NOT_MEASURED,NOT_MEASURED,UNRESOLVED,NOT_CAPTURED,population_screening.csv,UNRESOLVED,NOT_CAPTURED_EXISTING_ARTIFACT_ONLY
endpoint::mamba:seq256:backward:18748:out_ptr0,ENDPOINT_UNIT,,mamba:seq256:backward:18748:out_ptr0,mamba,256,backward:graph0:sum_4,NOT_MEASURED,NOT_MEASURED,NOT_MEASURED,UNRESOLVED,NOT_CAPTURED,population_screening.csv,UNRESOLVED,NOT_CAPTURED_EXISTING_ARTIFACT_ONLY
endpoint::mamba:seq256:backward:20781:output_0,ENDPOINT_UNIT,,mamba:seq256:backward:20781:output_0,mamba,256,backward:graph0:mm_default_5236,NOT_MEASURED,NOT_MEASURED,NOT_MEASURED,UNRESOLVED,NOT_CAPTURED,population_screening.csv,UNRESOLVED,NOT_CAPTURED_EXISTING_ARTIFACT_ONLY
endpoint::mamba:seq256:backward:22298:output_0,ENDPOINT_UNIT,,mamba:seq256:backward:22298:output_0,mamba,256,backward:graph0:mm_default_4574,NOT_MEASURED,NOT_MEASURED,NOT_MEASURED,UNRESOLVED,NOT_CAPTURED,population_screening.csv,UNRESOLVED,NOT_CAPTURED_EXISTING_ARTIFACT_ONLY
endpoint::mamba:seq256:backward:22791:out_ptr23,ENDPOINT_UNIT,,mamba:seq256:backward:22791:out_ptr23,mamba,256,backward:graph0:add_14311,NOT_MEASURED,NOT_MEASURED,NOT_MEASURED,UNRESOLVED,NOT_CAPTURED,population_screening.csv,UNRESOLVED,NOT_CAPTURED_EXISTING_ARTIFACT_ONLY
endpoint::mamba:seq256:backward:22791:out_ptr24,ENDPOINT_UNIT,,mamba:seq256:backward:22791:out_ptr24,mamba,256,backward:graph0:add_14315,NOT_MEASURED,NOT_MEASURED,NOT_MEASURED,UNRESOLVED,NOT_CAPTURED,population_screening.csv,UNRESOLVED,NOT_CAPTURED_EXISTING_ARTIFACT_ONLY
endpoint::mamba:seq256:backward:22791:out_ptr25,ENDPOINT_UNIT,,mamba:seq256:backward:22791:out_ptr25,mamba,256,backward:graph0:add_14319,NOT_MEASURED,NOT_MEASURED,NOT_MEASURED,UNRESOLVED,NOT_CAPTURED,population_screening.csv,UNRESOLVED,NOT_CAPTURED_EXISTING_ARTIFACT_ONLY
endpoint::mamba:seq256:backward:22791:out_ptr26,ENDPOINT_UNIT,,mamba:seq256:backward:22791:out_ptr26,mamba,256,backward:graph0:add_14323,NOT_MEASURED,NOT_MEASURED,NOT_MEASURED,UNRESOLVED,NOT_CAPTURED,population_screening.csv,UNRESOLVED,NOT_CAPTURED_EXISTING_ARTIFACT_ONLY
endpoint::mamba:seq256:backward:22791:out_ptr27,ENDPOINT_UNIT,,mamba:seq256:backward:22791:out_ptr27,mamba,256,backward:graph0:add_14327,NOT_MEASURED,NOT_MEASURED,NOT_MEASURED,UNRESOLVED,NOT_CAPTURED,population_screening.csv,UNRESOLVED,NOT_CAPTURED_EXISTING_ARTIFACT_ONLY
endpoint::mamba:seq256:backward:22791:out_ptr28,ENDPOINT_UNIT,,mamba:seq256:backward:22791:out_ptr28,mamba,256,backward:graph0:add_14331,NOT_MEASURED,NOT_MEASURED,NOT_MEASURED,UNRESOLVED,NOT_CAPTURED,population_screening.csv,UNRESOLVED,NOT_CAPTURED_EXISTING_ARTIFACT_ONLY
endpoint::mamba:seq256:backward:22791:out_ptr29,ENDPOINT_UNIT,,mamba:seq256:backward:22791:out_ptr29,mamba,256,backward:graph0:add_14335,NOT_MEASURED,NOT_MEASURED,NOT_MEASURED,UNRESOLVED,NOT_CAPTURED,population_screening.csv,UNRESOLVED,NOT_CAPTURED_EXISTING_ARTIFACT_ONLY
endpoint::mamba:seq256:backward:22791:out_ptr30,ENDPOINT_UNIT,,mamba:seq256:backward:22791:out_ptr30,mamba,256,backward:graph0:add_14339,NOT_MEASURED,NOT_MEASURED,NOT_MEASURED,UNRESOLVED,NOT_CAPTURED,population_screening.csv,UNRESOLVED,NOT_CAPTURED_EXISTING_ARTIFACT_ONLY
endpoint::mamba:seq256:backward:22791:out_ptr31,ENDPOINT_UNIT,,mamba:seq256:backward:22791:out_ptr31,mamba,256,backward:graph0:add_14343,NOT_MEASURED,NOT_MEASURED,NOT_MEASURED,UNRESOLVED,NOT_CAPTURED,population_screening.csv,UNRESOLVED,NOT_CAPTURED_EXISTING_ARTIFACT_ONLY
endpoint::mamba:seq256:backward:22791:out_ptr32,ENDPOINT_UNIT,,mamba:seq256:backward:22791:out_ptr32,mamba,256,backward:graph0:add_14347,NOT_MEASURED,NOT_MEASURED,NOT_MEASURED,UNRESOLVED,NOT_CAPTURED,population_screening.csv,UNRESOLVED,NOT_CAPTURED_EXISTING_ARTIFACT_ONLY
endpoint::mamba:seq256:backward:22791:out_ptr33,ENDPOINT_UNIT,,mamba:seq256:backward:22791:out_ptr33,mamba,256,backward:graph0:add_14351,NOT_MEASURED,NOT_MEASURED,NOT_MEASURED,UNRESOLVED,NOT_CAPTURED,population_screening.csv,UNRESOLVED,NOT_CAPTURED_EXISTING_ARTIFACT_ONLY
endpoint::mamba:seq256:backward:22791:out_ptr34,ENDPOINT_UNIT,,mamba:seq256:backward:22791:out_ptr34,mamba,256,backward:graph0:add_14355,NOT_MEASURED,NOT_MEASURED,NOT_MEASURED,UNRESOLVED,NOT_CAPTURED,population_screening.csv,UNRESOLVED,NOT_CAPTURED_EXISTING_ARTIFACT_ONLY
endpoint::mamba:seq256:backward:22791:out_ptr35,ENDPOINT_UNIT,,mamba:seq256:backward:22791:out_ptr35,mamba,256,backward:graph0:add_14359,NOT_MEASURED,NOT_MEASURED,NOT_MEASURED,UNRESOLVED,NOT_CAPTURED,population_screening.csv,UNRESOLVED,NOT_CAPTURED_EXISTING_ARTIFACT_ONLY
endpoint::mamba:seq256:backward:22791:out_ptr36,ENDPOINT_UNIT,,mamba:seq256:backward:22791:out_ptr36,mamba,256,backward:graph0:add_14363,NOT_MEASURED,NOT_MEASURED,NOT_MEASURED,UNRESOLVED,NOT_CAPTURED,population_screening.csv,UNRESOLVED,NOT_CAPTURED_EXISTING_ARTIFACT_ONLY
endpoint::mamba:seq256:backward:22791:out_ptr37,ENDPOINT_UNIT,,mamba:seq256:backward:22791:out_ptr37,mamba,256,backward:graph0:add_14367,NOT_MEASURED,NOT_MEASURED,NOT_MEASURED,UNRESOLVED,NOT_CAPTURED,population_screening.csv,UNRESOLVED,NOT_CAPTURED_EXISTING_ARTIFACT_ONLY
endpoint::mamba:seq256:backward:22791:out_ptr38,ENDPOINT_UNIT,,mamba:seq256:backward:22791:out_ptr38,mamba,256,backward:graph0:add_14371,NOT_MEASURED,NOT_MEASURED,NOT_MEASURED,UNRESOLVED,NOT_CAPTURED,population_screening.csv,UNRESOLVED,NOT_CAPTURED_EXISTING_ARTIFACT_ONLY
endpoint::mamba:seq256:backward:22791:out_ptr39,ENDPOINT_UNIT,,mamba:seq256:backward:22791:out_ptr39,mamba,256,backward:graph0:add_14375,NOT_MEASURED,NOT_MEASURED,NOT_MEASURED,UNRESOLVED,NOT_CAPTURED,population_screening.csv,UNRESOLVED,NOT_CAPTURED_EXISTING_ARTIFACT_ONLY
endpoint::mamba:seq256:backward:22791:out_ptr40,ENDPOINT_UNIT,,mamba:seq256:backward:22791:out_ptr40,mamba,256,backward:graph0:add_14379,NOT_MEASURED,NOT_MEASURED,NOT_MEASURED,UNRESOLVED,NOT_CAPTURED,population_screening.csv,UNRESOLVED,NOT_CAPTURED_EXISTING_ARTIFACT_ONLY
endpoint::mamba:seq256:backward:22791:out_ptr41,ENDPOINT_UNIT,,mamba:seq256:backward:22791:out_ptr41,mamba,256,backward:graph0:add_14383,NOT_MEASURED,NOT_MEASURED,NOT_MEASURED,UNRESOLVED,NOT_CAPTURED,population_screening.csv,UNRESOLVED,NOT_CAPTURED_EXISTING_ARTIFACT_ONLY
endpoint::mamba:seq256:backward:22791:out_ptr42,ENDPOINT_UNIT,,mamba:seq256:backward:22791:out_ptr42,mamba,256,backward:graph0:add_14387,NOT_MEASURED,NOT_MEASURED,NOT_MEASURED,UNRESOLVED,NOT_CAPTURED,population_screening.csv,UNRESOLVED,NOT_CAPTURED_EXISTING_ARTIFACT_ONLY
endpoint::mamba:seq256:backward:22791:out_ptr43,ENDPOINT_UNIT,,mamba:seq256:backward:22791:out_ptr43,mamba,256,backward:graph0:add_14391,NOT_MEASURED,NOT_MEASURED,NOT_MEASURED,UNRESOLVED,NOT_CAPTURED,population_screening.csv,UNRESOLVED,NOT_CAPTURED_EXISTING_ARTIFACT_ONLY
endpoint::mamba:seq256:backward:22791:out_ptr44,ENDPOINT_UNIT,,mamba:seq256:backward:22791:out_ptr44,mamba,256,backward:graph0:add_14395,NOT_MEASURED,NOT_MEASURED,NOT_MEASURED,UNRESOLVED,NOT_CAPTURED,population_screening.csv,UNRESOLVED,NOT_CAPTURED_EXISTING_ARTIFACT_ONLY
endpoint::mamba:seq256:backward:22791:out_ptr45,ENDPOINT_UNIT,,mamba:seq256:backward:22791:out_ptr45,mamba,256,backward:graph0:add_14399,NOT_MEASURED,NOT_MEASURED,NOT_MEASURED,UNRESOLVED,NOT_CAPTURED,population_screening.csv,UNRESOLVED,NOT_CAPTURED_EXISTING_ARTIFACT_ONLY
endpoint::mamba:seq256:backward:22791:out_ptr47,ENDPOINT_UNIT,,mamba:seq256:backward:22791:out_ptr47,mamba,256,backward:graph0:add_14407,NOT_MEASURED,NOT_MEASURED,NOT_MEASURED,UNRESOLVED,NOT_CAPTURED,population_screening.csv,UNRESOLVED,NOT_CAPTURED_EXISTING_ARTIFACT_ONLY
endpoint::mamba:seq256:backward:22981:output_0,ENDPOINT_UNIT,,mamba:seq256:backward:22981:output_0,mamba,256,backward:graph0:mm_default_4176,NOT_MEASURED,NOT_MEASURED,NOT_MEASURED,UNRESOLVED,NOT_CAPTURED,population_screening.csv,UNRESOLVED,NOT_CAPTURED_EXISTING_ARTIFACT_ONLY
endpoint::mamba:seq256:backward:23067:in_out_ptr0,ENDPOINT_UNIT,,mamba:seq256:backward:23067:in_out_ptr0,mamba,256,backward:graph0:mul_12692,NOT_MEASURED,NOT_MEASURED,NOT_MEASURED,UNRESOLVED,NOT_CAPTURED,population_screening.csv,UNRESOLVED,NOT_CAPTURED_EXISTING_ARTIFACT_ONLY
endpoint::mamba:seq256:backward:24465:output_0,ENDPOINT_UNIT,,mamba:seq256:backward:24465:output_0,mamba,256,backward:graph0:mm_default_3416,NOT_MEASURED,NOT_MEASURED,NOT_MEASURED,UNRESOLVED,NOT_CAPTURED,population_screening.csv,UNRESOLVED,NOT_CAPTURED_EXISTING_ARTIFACT_ONLY
endpoint::mamba:seq256:backward:25153:output_0,ENDPOINT_UNIT,,mamba:seq256:backward:25153:output_0,mamba,256,backward:graph0:mm_default_3144,NOT_MEASURED,NOT_MEASURED,NOT_MEASURED,UNRESOLVED,NOT_CAPTURED,population_screening.csv,UNRESOLVED,NOT_CAPTURED_EXISTING_ARTIFACT_ONLY
endpoint::mamba:seq256:backward:25651:output_0,ENDPOINT_UNIT,,mamba:seq256:backward:25651:output_0,mamba,256,backward:graph0:mm_default_2931,NOT_MEASURED,NOT_MEASURED,NOT_MEASURED,UNRESOLVED,NOT_CAPTURED,population_screening.csv,UNRESOLVED,NOT_CAPTURED_EXISTING_ARTIFACT_ONLY
endpoint::mamba:seq256:backward:25677:output_0,ENDPOINT_UNIT,,mamba:seq256:backward:25677:output_0,mamba,256,backward:graph0:mm_default_2905,NOT_MEASURED,NOT_MEASURED,NOT_MEASURED,UNRESOLVED,NOT_CAPTURED,population_screening.csv,UNRESOLVED,NOT_CAPTURED_EXISTING_ARTIFACT_ONLY
endpoint::mamba:seq256:backward:25727:output_0,ENDPOINT_UNIT,,mamba:seq256:backward:25727:output_0,mamba,256,backward:graph0:mm_default_2855,NOT_MEASURED,NOT_MEASURED,NOT_MEASURED,UNRESOLVED,NOT_CAPTURED,population_screening.csv,UNRESOLVED,NOT_CAPTURED_EXISTING_ARTIFACT_ONLY
endpoint::mamba:seq256:backward:26863:out_ptr0,ENDPOINT_UNIT,,mamba:seq256:backward:26863:out_ptr0,mamba,256,backward:graph0:cat_53,NOT_MEASURED,NOT_MEASURED,NOT_MEASURED,UNRESOLVED,NOT_CAPTURED,population_screening.csv,UNRESOLVED,NOT_CAPTURED_EXISTING_ARTIFACT_ONLY
endpoint::mamba:seq256:backward:27141:output_0,ENDPOINT_UNIT,,mamba:seq256:backward:27141:output_0,mamba,256,backward:graph0:mm_default_2296,NOT_MEASURED,NOT_MEASURED,NOT_MEASURED,UNRESOLVED,NOT_CAPTURED,population_screening.csv,UNRESOLVED,NOT_CAPTURED_EXISTING_ARTIFACT_ONLY
endpoint::mamba:seq256:backward:27153:output_0,ENDPOINT_UNIT,,mamba:seq256:backward:27153:output_0,mamba,256,backward:graph0:mm_default_2284,NOT_MEASURED,NOT_MEASURED,NOT_MEASURED,UNRESOLVED,NOT_CAPTURED,population_screening.csv,UNRESOLVED,NOT_CAPTURED_EXISTING_ARTIFACT_ONLY
endpoint::mamba:seq256:backward:27261:output_0,ENDPOINT_UNIT,,mamba:seq256:backward:27261:output_0,mamba,256,backward:graph0:mm_default_2176,NOT_MEASURED,NOT_MEASURED,NOT_MEASURED,UNRESOLVED,NOT_CAPTURED,population_screening.csv,UNRESOLVED,NOT_CAPTURED_EXISTING_ARTIFACT_ONLY
endpoint::mamba:seq256:backward:27677:out_ptr10,ENDPOINT_UNIT,,mamba:seq256:backward:27677:out_ptr10,mamba,256,backward:graph0:add_23769,NOT_MEASURED,NOT_MEASURED,NOT_MEASURED,UNRESOLVED,NOT_CAPTURED,population_screening.csv,UNRESOLVED,NOT_CAPTURED_EXISTING_ARTIFACT_ONLY
endpoint::mamba:seq256:backward:28866:output_0,ENDPOINT_UNIT,,mamba:seq256:backward:28866:output_0,mamba,256,backward:graph0:mm_default_1426,NOT_MEASURED,NOT_MEASURED,NOT_MEASURED,UNRESOLVED,NOT_CAPTURED,population_screening.csv,UNRESOLVED,NOT_CAPTURED_EXISTING_ARTIFACT_ONLY
endpoint::mamba:seq256:backward:28940:output_0,ENDPOINT_UNIT,,mamba:seq256:backward:28940:output_0,mamba,256,backward:graph0:mm_default_1352,NOT_MEASURED,NOT_MEASURED,NOT_MEASURED,UNRESOLVED,NOT_CAPTURED,population_screening.csv,UNRESOLVED,NOT_CAPTURED_EXISTING_ARTIFACT_ONLY
endpoint::mamba:seq256:backward:29315:output_0,ENDPOINT_UNIT,,mamba:seq256:backward:29315:output_0,mamba,256,backward:graph0:mm_default_1262,NOT_MEASURED,NOT_MEASURED,NOT_MEASURED,UNRESOLVED,NOT_CAPTURED,population_screening.csv,UNRESOLVED,NOT_CAPTURED_EXISTING_ARTIFACT_ONLY
endpoint::mamba:seq256:backward:29456:output_0,ENDPOINT_UNIT,,mamba:seq256:backward:29456:output_0,mamba,256,backward:graph0:mm_default_1121,NOT_MEASURED,NOT_MEASURED,NOT_MEASURED,UNRESOLVED,NOT_CAPTURED,population_screening.csv,UNRESOLVED,NOT_CAPTURED_EXISTING_ARTIFACT_ONLY
endpoint::mamba:seq256:backward:30044:output_0,ENDPOINT_UNIT,,mamba:seq256:backward:30044:output_0,mamba,256,backward:graph0:mm_default_818,NOT_MEASURED,NOT_MEASURED,NOT_MEASURED,UNRESOLVED,NOT_CAPTURED,population_screening.csv,UNRESOLVED,NOT_CAPTURED_EXISTING_ARTIFACT_ONLY
endpoint::mamba:seq256:backward:30180:out_ptr15,ENDPOINT_UNIT,,mamba:seq256:backward:30180:out_ptr15,mamba,256,backward:graph0:add_27983,NOT_MEASURED,NOT_MEASURED,NOT_MEASURED,UNRESOLVED,NOT_CAPTURED,population_screening.csv,UNRESOLVED,NOT_CAPTURED_EXISTING_ARTIFACT_ONLY
endpoint::mamba:seq256:backward:30180:out_ptr16,ENDPOINT_UNIT,,mamba:seq256:backward:30180:out_ptr16,mamba,256,backward:graph0:add_27987,NOT_MEASURED,NOT_MEASURED,NOT_MEASURED,UNRESOLVED,NOT_CAPTURED,population_screening.csv,UNRESOLVED,NOT_CAPTURED_EXISTING_ARTIFACT_ONLY
endpoint::mamba:seq256:backward:30390:output_0,ENDPOINT_UNIT,,mamba:seq256:backward:30390:output_0,mamba,256,backward:graph0:mm_default_757,NOT_MEASURED,NOT_MEASURED,NOT_MEASURED,UNRESOLVED,NOT_CAPTURED,population_screening.csv,UNRESOLVED,NOT_CAPTURED_EXISTING_ARTIFACT_ONLY
endpoint::mamba:seq256:forward:0:in_out_ptr0,ENDPOINT_UNIT,,mamba:seq256:forward:0:in_out_ptr0,mamba,256,forward:graph0:rsqrt,NOT_MEASURED,NOT_MEASURED,NOT_MEASURED,UNRESOLVED,NOT_CAPTURED,population_screening.csv,UNRESOLVED,NOT_CAPTURED_EXISTING_ARTIFACT_ONLY
endpoint::mamba:seq256:forward:1047:out_ptr0,ENDPOINT_UNIT,,mamba:seq256:forward:1047:out_ptr0,mamba,256,forward:graph0:add_393,NOT_MEASURED,NOT_MEASURED,NOT_MEASURED,UNRESOLVED,NOT_CAPTURED,population_screening.csv,UNRESOLVED,NOT_CAPTURED_EXISTING_ARTIFACT_ONLY
endpoint::mamba:seq256:forward:1047:out_ptr1,ENDPOINT_UNIT,,mamba:seq256:forward:1047:out_ptr1,mamba,256,forward:graph0:add_394,NOT_MEASURED,NOT_MEASURED,NOT_MEASURED,UNRESOLVED,NOT_CAPTURED,population_screening.csv,UNRESOLVED,NOT_CAPTURED_EXISTING_ARTIFACT_ONLY
endpoint::mamba:seq256:forward:1047:out_ptr10,ENDPOINT_UNIT,,mamba:seq256:forward:1047:out_ptr10,mamba,256,forward:graph0:add_403,NOT_MEASURED,NOT_MEASURED,NOT_MEASURED,UNRESOLVED,NOT_CAPTURED,population_screening.csv,UNRESOLVED,NOT_CAPTURED_EXISTING_ARTIFACT_ONLY
endpoint::mamba:seq256:forward:1047:out_ptr11,ENDPOINT_UNIT,,mamba:seq256:forward:1047:out_ptr11,mamba,256,forward:graph0:add_404,NOT_MEASURED,NOT_MEASURED,NOT_MEASURED,UNRESOLVED,NOT_CAPTURED,population_screening.csv,UNRESOLVED,NOT_CAPTURED_EXISTING_ARTIFACT_ONLY
endpoint::mamba:seq256:forward:1047:out_ptr12,ENDPOINT_UNIT,,mamba:seq256:forward:1047:out_ptr12,mamba,256,forward:graph0:add_405,NOT_MEASURED,NOT_MEASURED,NOT_MEASURED,UNRESOLVED,NOT_CAPTURED,population_screening.csv,UNRESOLVED,NOT_CAPTURED_EXISTING_ARTIFACT_ONLY
endpoint::mamba:seq256:forward:1047:out_ptr13,ENDPOINT_UNIT,,mamba:seq256:forward:1047:out_ptr13,mamba,256,forward:graph0:add_406,NOT_MEASURED,NOT_MEASURED,NOT_MEASURED,UNRESOLVED,NOT_CAPTURED,population_screening.csv,UNRESOLVED,NOT_CAPTURED_EXISTING_ARTIFACT_ONLY
endpoint::mamba:seq256:forward:1047:out_ptr14,ENDPOINT_UNIT,,mamba:seq256:forward:1047:out_ptr14,mamba,256,forward:graph0:add_407,NOT_MEASURED,NOT_MEASURED,NOT_MEASURED,UNRESOLVED,NOT_CAPTURED,population_screening.csv,UNRESOLVED,NOT_CAPTURED_EXISTING_ARTIFACT_ONLY
endpoint::mamba:seq256:forward:1047:out_ptr15,ENDPOINT_UNIT,,mamba:seq256:forward:1047:out_ptr15,mamba,256,forward:graph0:add_408,NOT_MEASURED,NOT_MEASURED,NOT_MEASURED,UNRESOLVED,NOT_CAPTURED,population_screening.csv,UNRESOLVED,NOT_CAPTURED_EXISTING_ARTIFACT_ONLY
endpoint::mamba:seq256:forward:1047:out_ptr16,ENDPOINT_UNIT,,mamba:seq256:forward:1047:out_ptr16,mamba,256,forward:graph0:add_409,NOT_MEASURED,NOT_MEASURED,NOT_MEASURED,UNRESOLVED,NOT_CAPTURED,population_screening.csv,UNRESOLVED,NOT_CAPTURED_EXISTING_ARTIFACT_ONLY
endpoint::mamba:seq256:forward:1047:out_ptr17,ENDPOINT_UNIT,,mamba:seq256:forward:1047:out_ptr17,mamba,256,forward:graph0:add_410,NOT_MEASURED,NOT_MEASURED,NOT_MEASURED,UNRESOLVED,NOT_CAPTURED,population_screening.csv,UNRESOLVED,NOT_CAPTURED_EXISTING_ARTIFACT_ONLY
endpoint::mamba:seq256:forward:1047:out_ptr18,ENDPOINT_UNIT,,mamba:seq256:forward:1047:out_ptr18,mamba,256,forward:graph0:add_411,NOT_MEASURED,NOT_MEASURED,NOT_MEASURED,UNRESOLVED,NOT_CAPTURED,population_screening.csv,UNRESOLVED,NOT_CAPTURED_EXISTING_ARTIFACT_ONLY
endpoint::mamba:seq256:forward:1047:out_ptr19,ENDPOINT_UNIT,,mamba:seq256:forward:1047:out_ptr19,mamba,256,forward:graph0:add_412,NOT_MEASURED,NOT_MEASURED,NOT_MEASURED,UNRESOLVED,NOT_CAPTURED,population_screening.csv,UNRESOLVED,NOT_CAPTURED_EXISTING_ARTIFACT_ONLY
endpoint::mamba:seq256:forward:1047:out_ptr2,ENDPOINT_UNIT,,mamba:seq256:forward:1047:out_ptr2,mamba,256,forward:graph0:add_395,NOT_MEASURED,NOT_MEASURED,NOT_MEASURED,UNRESOLVED,NOT_CAPTURED,population_screening.csv,UNRESOLVED,NOT_CAPTURED_EXISTING_ARTIFACT_ONLY
endpoint::mamba:seq256:forward:1047:out_ptr20,ENDPOINT_UNIT,,mamba:seq256:forward:1047:out_ptr20,mamba,256,forward:graph0:add_413,NOT_MEASURED,NOT_MEASURED,NOT_MEASURED,UNRESOLVED,NOT_CAPTURED,population_screening.csv,UNRESOLVED,NOT_CAPTURED_EXISTING_ARTIFACT_ONLY
endpoint::mamba:seq256:forward:1047:out_ptr21,ENDPOINT_UNIT,,mamba:seq256:forward:1047:out_ptr21,mamba,256,forward:graph0:add_414,NOT_MEASURED,NOT_MEASURED,NOT_MEASURED,UNRESOLVED,NOT_CAPTURED,population_screening.csv,UNRESOLVED,NOT_CAPTURED_EXISTING_ARTIFACT_ONLY
endpoint::mamba:seq256:forward:1047:out_ptr22,ENDPOINT_UNIT,,mamba:seq256:forward:1047:out_ptr22,mamba,256,forward:graph0:add_415,NOT_MEASURED,NOT_MEASURED,NOT_MEASURED,UNRESOLVED,NOT_CAPTURED,population_screening.csv,UNRESOLVED,NOT_CAPTURED_EXISTING_ARTIFACT_ONLY
endpoint::mamba:seq256:forward:1047:out_ptr23,ENDPOINT_UNIT,,mamba:seq256:forward:1047:out_ptr23,mamba,256,forward:graph0:add_416,NOT_MEASURED,NOT_MEASURED,NOT_MEASURED,UNRESOLVED,NOT_CAPTURED,population_screening.csv,UNRESOLVED,NOT_CAPTURED_EXISTING_ARTIFACT_ONLY
endpoint::mamba:seq256:forward:1047:out_ptr24,ENDPOINT_UNIT,,mamba:seq256:forward:1047:out_ptr24,mamba,256,forward:graph0:add_417,NOT_MEASURED,NOT_MEASURED,NOT_MEASURED,UNRESOLVED,NOT_CAPTURED,population_screening.csv,UNRESOLVED,NOT_CAPTURED_EXISTING_ARTIFACT_ONLY
endpoint::mamba:seq256:forward:1047:out_ptr25,ENDPOINT_UNIT,,mamba:seq256:forward:1047:out_ptr25,mamba,256,forward:graph0:add_418,NOT_MEASURED,NOT_MEASURED,NOT_MEASURED,UNRESOLVED,NOT_CAPTURED,population_screening.csv,UNRESOLVED,NOT_CAPTURED_EXISTING_ARTIFACT_ONLY
endpoint::mamba:seq256:forward:1047:out_ptr26,ENDPOINT_UNIT,,mamba:seq256:forward:1047:out_ptr26,mamba,256,forward:graph0:add_419,NOT_MEASURED,NOT_MEASURED,NOT_MEASURED,UNRESOLVED,NOT_CAPTURED,population_screening.csv,UNRESOLVED,NOT_CAPTURED_EXISTING_ARTIFACT_ONLY
endpoint::mamba:seq256:forward:1047:out_ptr27,ENDPOINT_UNIT,,mamba:seq256:forward:1047:out_ptr27,mamba,256,forward:graph0:add_420,NOT_MEASURED,NOT_MEASURED,NOT_MEASURED,UNRESOLVED,NOT_CAPTURED,population_screening.csv,UNRESOLVED,NOT_CAPTURED_EXISTING_ARTIFACT_ONLY
endpoint::mamba:seq256:forward:1047:out_ptr28,ENDPOINT_UNIT,,mamba:seq256:forward:1047:out_ptr28,mamba,256,forward:graph0:add_421,NOT_MEASURED,NOT_MEASURED,NOT_MEASURED,UNRESOLVED,NOT_CAPTURED,population_screening.csv,UNRESOLVED,NOT_CAPTURED_EXISTING_ARTIFACT_ONLY
endpoint::mamba:seq256:forward:1047:out_ptr29,ENDPOINT_UNIT,,mamba:seq256:forward:1047:out_ptr29,mamba,256,forward:graph0:add_422,NOT_MEASURED,NOT_MEASURED,NOT_MEASURED,UNRESOLVED,NOT_CAPTURED,population_screening.csv,UNRESOLVED,NOT_CAPTURED_EXISTING_ARTIFACT_ONLY
endpoint::mamba:seq256:forward:1047:out_ptr3,ENDPOINT_UNIT,,mamba:seq256:forward:1047:out_ptr3,mamba,256,forward:graph0:add_396,NOT_MEASURED,NOT_MEASURED,NOT_MEASURED,UNRESOLVED,NOT_CAPTURED,population_screening.csv,UNRESOLVED,NOT_CAPTURED_EXISTING_ARTIFACT_ONLY
endpoint::mamba:seq256:forward:1047:out_ptr30,ENDPOINT_UNIT,,mamba:seq256:forward:1047:out_ptr30,mamba,256,forward:graph0:add_423,NOT_MEASURED,NOT_MEASURED,NOT_MEASURED,UNRESOLVED,NOT_CAPTURED,population_screening.csv,UNRESOLVED,NOT_CAPTURED_EXISTING_ARTIFACT_ONLY
endpoint::mamba:seq256:forward:1047:out_ptr31,ENDPOINT_UNIT,,mamba:seq256:forward:1047:out_ptr31,mamba,256,forward:graph0:add_424,NOT_MEASURED,NOT_MEASURED,NOT_MEASURED,UNRESOLVED,NOT_CAPTURED,population_screening.csv,UNRESOLVED,NOT_CAPTURED_EXISTING_ARTIFACT_ONLY
endpoint::mamba:seq256:forward:1047:out_ptr32,ENDPOINT_UNIT,,mamba:seq256:forward:1047:out_ptr32,mamba,256,forward:graph0:add_425,NOT_MEASURED,NOT_MEASURED,NOT_MEASURED,UNRESOLVED,NOT_CAPTURED,population_screening.csv,UNRESOLVED,NOT_CAPTURED_EXISTING_ARTIFACT_ONLY
endpoint::mamba:seq256:forward:1047:out_ptr33,ENDPOINT_UNIT,,mamba:seq256:forward:1047:out_ptr33,mamba,256,forward:graph0:add_426,NOT_MEASURED,NOT_MEASURED,NOT_MEASURED,UNRESOLVED,NOT_CAPTURED,population_screening.csv,UNRESOLVED,NOT_CAPTURED_EXISTING_ARTIFACT_ONLY
endpoint::mamba:seq256:forward:1047:out_ptr34,ENDPOINT_UNIT,,mamba:seq256:forward:1047:out_ptr34,mamba,256,forward:graph0:add_427,NOT_MEASURED,NOT_MEASURED,NOT_MEASURED,UNRESOLVED,NOT_CAPTURED,population_screening.csv,UNRESOLVED,NOT_CAPTURED_EXISTING_ARTIFACT_ONLY
endpoint::mamba:seq256:forward:1047:out_ptr35,ENDPOINT_UNIT,,mamba:seq256:forward:1047:out_ptr35,mamba,256,forward:graph0:add_428,NOT_MEASURED,NOT_MEASURED,NOT_MEASURED,UNRESOLVED,NOT_CAPTURED,population_screening.csv,UNRESOLVED,NOT_CAPTURED_EXISTING_ARTIFACT_ONLY
endpoint::mamba:seq256:forward:1047:out_ptr36,ENDPOINT_UNIT,,mamba:seq256:forward:1047:out_ptr36,mamba,256,forward:graph0:add_429,NOT_MEASURED,NOT_MEASURED,NOT_MEASURED,UNRESOLVED,NOT_CAPTURED,population_screening.csv,UNRESOLVED,NOT_CAPTURED_EXISTING_ARTIFACT_ONLY
endpoint::mamba:seq256:forward:1047:out_ptr37,ENDPOINT_UNIT,,mamba:seq256:forward:1047:out_ptr37,mamba,256,forward:graph0:add_430,NOT_MEASURED,NOT_MEASURED,NOT_MEASURED,UNRESOLVED,NOT_CAPTURED,population_screening.csv,UNRESOLVED,NOT_CAPTURED_EXISTING_ARTIFACT_ONLY
endpoint::mamba:seq256:forward:1047:out_ptr38,ENDPOINT_UNIT,,mamba:seq256:forward:1047:out_ptr38,mamba,256,forward:graph0:add_431,NOT_MEASURED,NOT_MEASURED,NOT_MEASURED,UNRESOLVED,NOT_CAPTURED,population_screening.csv,UNRESOLVED,NOT_CAPTURED_EXISTING_ARTIFACT_ONLY
endpoint::mamba:seq256:forward:1047:out_ptr39,ENDPOINT_UNIT,,mamba:seq256:forward:1047:out_ptr39,mamba,256,forward:graph0:add_432,NOT_MEASURED,NOT_MEASURED,NOT_MEASURED,UNRESOLVED,NOT_CAPTURED,population_screening.csv,UNRESOLVED,NOT_CAPTURED_EXISTING_ARTIFACT_ONLY
endpoint::mamba:seq256:forward:1047:out_ptr4,ENDPOINT_UNIT,,mamba:seq256:forward:1047:out_ptr4,mamba,256,forward:graph0:add_397,NOT_MEASURED,NOT_MEASURED,NOT_MEASURED,UNRESOLVED,NOT_CAPTURED,population_screening.csv,UNRESOLVED,NOT_CAPTURED_EXISTING_ARTIFACT_ONLY
endpoint::mamba:seq256:forward:1047:out_ptr40,ENDPOINT_UNIT,,mamba:seq256:forward:1047:out_ptr40,mamba,256,forward:graph0:add_433,NOT_MEASURED,NOT_MEASURED,NOT_MEASURED,UNRESOLVED,NOT_CAPTURED,population_screening.csv,UNRESOLVED,NOT_CAPTURED_EXISTING_ARTIFACT_ONLY
endpoint::mamba:seq256:forward:1047:out_ptr41,ENDPOINT_UNIT,,mamba:seq256:forward:1047:out_ptr41,mamba,256,forward:graph0:add_434,NOT_MEASURED,NOT_MEASURED,NOT_MEASURED,UNRESOLVED,NOT_CAPTURED,population_screening.csv,UNRESOLVED,NOT_CAPTURED_EXISTING_ARTIFACT_ONLY
endpoint::mamba:seq256:forward:1047:out_ptr42,ENDPOINT_UNIT,,mamba:seq256:forward:1047:out_ptr42,mamba,256,forward:graph0:add_435,NOT_MEASURED,NOT_MEASURED,NOT_MEASURED,UNRESOLVED,NOT_CAPTURED,population_screening.csv,UNRESOLVED,NOT_CAPTURED_EXISTING_ARTIFACT_ONLY
endpoint::mamba:seq256:forward:1047:out_ptr43,ENDPOINT_UNIT,,mamba:seq256:forward:1047:out_ptr43,mamba,256,forward:graph0:add_436,NOT_MEASURED,NOT_MEASURED,NOT_MEASURED,UNRESOLVED,NOT_CAPTURED,population_screening.csv,UNRESOLVED,NOT_CAPTURED_EXISTING_ARTIFACT_ONLY
endpoint::mamba:seq256:forward:1047:out_ptr44,ENDPOINT_UNIT,,mamba:seq256:forward:1047:out_ptr44,mamba,256,forward:graph0:add_437,NOT_MEASURED,NOT_MEASURED,NOT_MEASURED,UNRESOLVED,NOT_CAPTURED,population_screening.csv,UNRESOLVED,NOT_CAPTURED_EXISTING_ARTIFACT_ONLY
endpoint::mamba:seq256:forward:1047:out_ptr45,ENDPOINT_UNIT,,mamba:seq256:forward:1047:out_ptr45,mamba,256,forward:graph0:add_438,NOT_MEASURED,NOT_MEASURED,NOT_MEASURED,UNRESOLVED,NOT_CAPTURED,population_screening.csv,UNRESOLVED,NOT_CAPTURED_EXISTING_ARTIFACT_ONLY
endpoint::mamba:seq256:forward:1047:out_ptr46,ENDPOINT_UNIT,,mamba:seq256:forward:1047:out_ptr46,mamba,256,forward:graph0:add_439,NOT_MEASURED,NOT_MEASURED,NOT_MEASURED,UNRESOLVED,NOT_CAPTURED,population_screening.csv,UNRESOLVED,NOT_CAPTURED_EXISTING_ARTIFACT_ONLY
endpoint::mamba:seq256:forward:1047:out_ptr47,ENDPOINT_UNIT,,mamba:seq256:forward:1047:out_ptr47,mamba,256,forward:graph0:add_440,NOT_MEASURED,NOT_MEASURED,NOT_MEASURED,UNRESOLVED,NOT_CAPTURED,population_screening.csv,UNRESOLVED,NOT_CAPTURED_EXISTING_ARTIFACT_ONLY
endpoint::mamba:seq256:forward:1047:out_ptr48,ENDPOINT_UNIT,,mamba:seq256:forward:1047:out_ptr48,mamba,256,forward:graph0:add_441,NOT_MEASURED,NOT_MEASURED,NOT_MEASURED,UNRESOLVED,NOT_CAPTURED,population_screening.csv,UNRESOLVED,NOT_CAPTURED_EXISTING_ARTIFACT_ONLY
endpoint::mamba:seq256:forward:1047:out_ptr49,ENDPOINT_UNIT,,mamba:seq256:forward:1047:out_ptr49,mamba,256,forward:graph0:add_442,NOT_MEASURED,NOT_MEASURED,NOT_MEASURED,UNRESOLVED,NOT_CAPTURED,population_screening.csv,UNRESOLVED,NOT_CAPTURED_EXISTING_ARTIFACT_ONLY
endpoint::mamba:seq256:forward:1047:out_ptr5,ENDPOINT_UNIT,,mamba:seq256:forward:1047:out_ptr5,mamba,256,forward:graph0:add_398,NOT_MEASURED,NOT_MEASURED,NOT_MEASURED,UNRESOLVED,NOT_CAPTURED,population_screening.csv,UNRESOLVED,NOT_CAPTURED_EXISTING_ARTIFACT_ONLY
endpoint::mamba:seq256:forward:1047:out_ptr50,ENDPOINT_UNIT,,mamba:seq256:forward:1047:out_ptr50,mamba,256,forward:graph0:add_443,NOT_MEASURED,NOT_MEASURED,NOT_MEASURED,UNRESOLVED,NOT_CAPTURED,population_screening.csv,UNRESOLVED,NOT_CAPTURED_EXISTING_ARTIFACT_ONLY
endpoint::mamba:seq256:forward:1047:out_ptr51,ENDPOINT_UNIT,,mamba:seq256:forward:1047:out_ptr51,mamba,256,forward:graph0:add_444,NOT_MEASURED,NOT_MEASURED,NOT_MEASURED,UNRESOLVED,NOT_CAPTURED,population_screening.csv,UNRESOLVED,NOT_CAPTURED_EXISTING_ARTIFACT_ONLY
endpoint::mamba:seq256:forward:1047:out_ptr52,ENDPOINT_UNIT,,mamba:seq256:forward:1047:out_ptr52,mamba,256,forward:graph0:add_445,NOT_MEASURED,NOT_MEASURED,NOT_MEASURED,UNRESOLVED,NOT_CAPTURED,population_screening.csv,UNRESOLVED,NOT_CAPTURED_EXISTING_ARTIFACT_ONLY
endpoint::mamba:seq256:forward:1047:out_ptr53,ENDPOINT_UNIT,,mamba:seq256:forward:1047:out_ptr53,mamba,256,forward:graph0:add_446,NOT_MEASURED,NOT_MEASURED,NOT_MEASURED,UNRESOLVED,NOT_CAPTURED,population_screening.csv,UNRESOLVED,NOT_CAPTURED_EXISTING_ARTIFACT_ONLY
endpoint::mamba:seq256:forward:1047:out_ptr54,ENDPOINT_UNIT,,mamba:seq256:forward:1047:out_ptr54,mamba,256,forward:graph0:add_447,NOT_MEASURED,NOT_MEASURED,NOT_MEASURED,UNRESOLVED,NOT_CAPTURED,population_screening.csv,UNRESOLVED,NOT_CAPTURED_EXISTING_ARTIFACT_ONLY
endpoint::mamba:seq256:forward:1047:out_ptr55,ENDPOINT_UNIT,,mamba:seq256:forward:1047:out_ptr55,mamba,256,forward:graph0:add_448,NOT_MEASURED,NOT_MEASURED,NOT_MEASURED,UNRESOLVED,NOT_CAPTURED,population_screening.csv,UNRESOLVED,NOT_CAPTURED_EXISTING_ARTIFACT_ONLY
endpoint::mamba:seq256:forward:1047:out_ptr56,ENDPOINT_UNIT,,mamba:seq256:forward:1047:out_ptr56,mamba,256,forward:graph0:add_449,NOT_MEASURED,NOT_MEASURED,NOT_MEASURED,UNRESOLVED,NOT_CAPTURED,population_screening.csv,UNRESOLVED,NOT_CAPTURED_EXISTING_ARTIFACT_ONLY
endpoint::mamba:seq256:forward:1047:out_ptr57,ENDPOINT_UNIT,,mamba:seq256:forward:1047:out_ptr57,mamba,256,forward:graph0:add_450,NOT_MEASURED,NOT_MEASURED,NOT_MEASURED,UNRESOLVED,NOT_CAPTURED,population_screening.csv,UNRESOLVED,NOT_CAPTURED_EXISTING_ARTIFACT_ONLY
endpoint::mamba:seq256:forward:1047:out_ptr58,ENDPOINT_UNIT,,mamba:seq256:forward:1047:out_ptr58,mamba,256,forward:graph0:add_451,NOT_MEASURED,NOT_MEASURED,NOT_MEASURED,UNRESOLVED,NOT_CAPTURED,population_screening.csv,UNRESOLVED,NOT_CAPTURED_EXISTING_ARTIFACT_ONLY
endpoint::mamba:seq256:forward:1047:out_ptr59,ENDPOINT_UNIT,,mamba:seq256:forward:1047:out_ptr59,mamba,256,forward:graph0:add_452,NOT_MEASURED,NOT_MEASURED,NOT_MEASURED,UNRESOLVED,NOT_CAPTURED,population_screening.csv,UNRESOLVED,NOT_CAPTURED_EXISTING_ARTIFACT_ONLY
endpoint::mamba:seq256:forward:1047:out_ptr6,ENDPOINT_UNIT,,mamba:seq256:forward:1047:out_ptr6,mamba,256,forward:graph0:add_399,NOT_MEASURED,NOT_MEASURED,NOT_MEASURED,UNRESOLVED,NOT_CAPTURED,population_screening.csv,UNRESOLVED,NOT_CAPTURED_EXISTING_ARTIFACT_ONLY
endpoint::mamba:seq256:forward:1047:out_ptr60,ENDPOINT_UNIT,,mamba:seq256:forward:1047:out_ptr60,mamba,256,forward:graph0:add_453,NOT_MEASURED,NOT_MEASURED,NOT_MEASURED,UNRESOLVED,NOT_CAPTURED,population_screening.csv,UNRESOLVED,NOT_CAPTURED_EXISTING_ARTIFACT_ONLY
endpoint::mamba:seq256:forward:1047:out_ptr61,ENDPOINT_UNIT,,mamba:seq256:forward:1047:out_ptr61,mamba,256,forward:graph0:add_454,NOT_MEASURED,NOT_MEASURED,NOT_MEASURED,UNRESOLVED,NOT_CAPTURED,population_screening.csv,UNRESOLVED,NOT_CAPTURED_EXISTING_ARTIFACT_ONLY
endpoint::mamba:seq256:forward:1047:out_ptr62,ENDPOINT_UNIT,,mamba:seq256:forward:1047:out_ptr62,mamba,256,forward:graph0:add_455,NOT_MEASURED,NOT_MEASURED,NOT_MEASURED,UNRESOLVED,NOT_CAPTURED,population_screening.csv,UNRESOLVED,NOT_CAPTURED_EXISTING_ARTIFACT_ONLY
endpoint::mamba:seq256:forward:1047:out_ptr63,ENDPOINT_UNIT,,mamba:seq256:forward:1047:out_ptr63,mamba,256,forward:graph0:add_456,NOT_MEASURED,NOT_MEASURED,NOT_MEASURED,UNRESOLVED,NOT_CAPTURED,population_screening.csv,UNRESOLVED,NOT_CAPTURED_EXISTING_ARTIFACT_ONLY
endpoint::mamba:seq256:forward:1047:out_ptr7,ENDPOINT_UNIT,,mamba:seq256:forward:1047:out_ptr7,mamba,256,forward:graph0:add_400,NOT_MEASURED,NOT_MEASURED,NOT_MEASURED,UNRESOLVED,NOT_CAPTURED,population_screening.csv,UNRESOLVED,NOT_CAPTURED_EXISTING_ARTIFACT_ONLY
endpoint::mamba:seq256:forward:1047:out_ptr8,ENDPOINT_UNIT,,mamba:seq256:forward:1047:out_ptr8,mamba,256,forward:graph0:add_401,NOT_MEASURED,NOT_MEASURED,NOT_MEASURED,UNRESOLVED,NOT_CAPTURED,population_screening.csv,UNRESOLVED,NOT_CAPTURED_EXISTING_ARTIFACT_ONLY
endpoint::mamba:seq256:forward:1047:out_ptr9,ENDPOINT_UNIT,,mamba:seq256:forward:1047:out_ptr9,mamba,256,forward:graph0:add_402,NOT_MEASURED,NOT_MEASURED,NOT_MEASURED,UNRESOLVED,NOT_CAPTURED,population_screening.csv,UNRESOLVED,NOT_CAPTURED_EXISTING_ARTIFACT_ONLY
endpoint::mamba:seq256:forward:1065:output_0,ENDPOINT_UNIT,,mamba:seq256:forward:1065:output_0,mamba,256,forward:graph0:mm_default_11895,NOT_MEASURED,NOT_MEASURED,NOT_MEASURED,UNRESOLVED,NOT_CAPTURED,population_screening.csv,UNRESOLVED,NOT_CAPTURED_EXISTING_ARTIFACT_ONLY
endpoint::mamba:seq256:forward:11024:output_0,ENDPOINT_UNIT,,mamba:seq256:forward:11024:output_0,mamba,256,forward:graph0:mm_default_8663,NOT_MEASURED,NOT_MEASURED,NOT_MEASURED,UNRESOLVED,NOT_CAPTURED,population_screening.csv,NORMAL_REFERENCE,NOT_CAPTURED_EXISTING_ARTIFACT_ONLY
endpoint::mamba:seq256:forward:1103:output_0,ENDPOINT_UNIT,,mamba:seq256:forward:1103:output_0,mamba,256,forward:graph0:mm_default_11876,NOT_MEASURED,NOT_MEASURED,NOT_MEASURED,UNRESOLVED,NOT_CAPTURED,population_screening.csv,UNRESOLVED,NOT_CAPTURED_EXISTING_ARTIFACT_ONLY
endpoint::mamba:seq256:forward:1109:output_0,ENDPOINT_UNIT,,mamba:seq256:forward:1109:output_0,mamba,256,forward:graph0:mm_default_11873,NOT_MEASURED,NOT_MEASURED,NOT_MEASURED,UNRESOLVED,NOT_CAPTURED,population_screening.csv,UNRESOLVED,NOT_CAPTURED_EXISTING_ARTIFACT_ONLY
endpoint::mamba:seq256:forward:11393:output_0,ENDPOINT_UNIT,,mamba:seq256:forward:11393:output_0,mamba,256,forward:graph0:mm_default_8480,NOT_MEASURED,NOT_MEASURED,NOT_MEASURED,UNRESOLVED,NOT_CAPTURED,population_screening.csv,UNRESOLVED,NOT_CAPTURED_EXISTING_ARTIFACT_ONLY
endpoint::mamba:seq256:forward:11411:output_0,ENDPOINT_UNIT,,mamba:seq256:forward:11411:output_0,mamba,256,forward:graph0:mm_default_8471,NOT_MEASURED,NOT_MEASURED,NOT_MEASURED,UNRESOLVED,NOT_CAPTURED,population_screening.csv,UNRESOLVED,NOT_CAPTURED_EXISTING_ARTIFACT_ONLY
endpoint::mamba:seq256:forward:11433:output_0,ENDPOINT_UNIT,,mamba:seq256:forward:11433:output_0,mamba,256,forward:graph0:mm_default_8460,NOT_MEASURED,NOT_MEASURED,NOT_MEASURED,UNRESOLVED,NOT_CAPTURED,population_screening.csv,UNRESOLVED,NOT_CAPTURED_EXISTING_ARTIFACT_ONLY
endpoint::mamba:seq256:forward:11435:output_0,ENDPOINT_UNIT,,mamba:seq256:forward:11435:output_0,mamba,256,forward:graph0:mm_default_8459,NOT_MEASURED,NOT_MEASURED,NOT_MEASURED,UNRESOLVED,NOT_CAPTURED,population_screening.csv,UNRESOLVED,NOT_CAPTURED_EXISTING_ARTIFACT_ONLY
endpoint::mamba:seq256:forward:1176:out_ptr0,ENDPOINT_UNIT,,mamba:seq256:forward:1176:out_ptr0,mamba,256,forward:graph0:add_457,NOT_MEASURED,NOT_MEASURED,NOT_MEASURED,UNRESOLVED,NOT_CAPTURED,population_screening.csv,UNRESOLVED,NOT_CAPTURED_EXISTING_ARTIFACT_ONLY
endpoint::mamba:seq256:forward:1176:out_ptr1,ENDPOINT_UNIT,,mamba:seq256:forward:1176:out_ptr1,mamba,256,forward:graph0:add_458,NOT_MEASURED,NOT_MEASURED,NOT_MEASURED,UNRESOLVED,NOT_CAPTURED,population_screening.csv,UNRESOLVED,NOT_CAPTURED_EXISTING_ARTIFACT_ONLY
endpoint::mamba:seq256:forward:1176:out_ptr10,ENDPOINT_UNIT,,mamba:seq256:forward:1176:out_ptr10,mamba,256,forward:graph0:add_467,NOT_MEASURED,NOT_MEASURED,NOT_MEASURED,UNRESOLVED,NOT_CAPTURED,population_screening.csv,UNRESOLVED,NOT_CAPTURED_EXISTING_ARTIFACT_ONLY
endpoint::mamba:seq256:forward:1176:out_ptr11,ENDPOINT_UNIT,,mamba:seq256:forward:1176:out_ptr11,mamba,256,forward:graph0:add_468,NOT_MEASURED,NOT_MEASURED,NOT_MEASURED,UNRESOLVED,NOT_CAPTURED,population_screening.csv,UNRESOLVED,NOT_CAPTURED_EXISTING_ARTIFACT_ONLY
endpoint::mamba:seq256:forward:1176:out_ptr12,ENDPOINT_UNIT,,mamba:seq256:forward:1176:out_ptr12,mamba,256,forward:graph0:add_469,NOT_MEASURED,NOT_MEASURED,NOT_MEASURED,UNRESOLVED,NOT_CAPTURED,population_screening.csv,UNRESOLVED,NOT_CAPTURED_EXISTING_ARTIFACT_ONLY
endpoint::mamba:seq256:forward:1176:out_ptr13,ENDPOINT_UNIT,,mamba:seq256:forward:1176:out_ptr13,mamba,256,forward:graph0:add_470,NOT_MEASURED,NOT_MEASURED,NOT_MEASURED,UNRESOLVED,NOT_CAPTURED,population_screening.csv,UNRESOLVED,NOT_CAPTURED_EXISTING_ARTIFACT_ONLY
endpoint::mamba:seq256:forward:1176:out_ptr14,ENDPOINT_UNIT,,mamba:seq256:forward:1176:out_ptr14,mamba,256,forward:graph0:add_471,NOT_MEASURED,NOT_MEASURED,NOT_MEASURED,UNRESOLVED,NOT_CAPTURED,population_screening.csv,UNRESOLVED,NOT_CAPTURED_EXISTING_ARTIFACT_ONLY
endpoint::mamba:seq256:forward:1176:out_ptr15,ENDPOINT_UNIT,,mamba:seq256:forward:1176:out_ptr15,mamba,256,forward:graph0:add_472,NOT_MEASURED,NOT_MEASURED,NOT_MEASURED,UNRESOLVED,NOT_CAPTURED,population_screening.csv,UNRESOLVED,NOT_CAPTURED_EXISTING_ARTIFACT_ONLY
endpoint::mamba:seq256:forward:1176:out_ptr16,ENDPOINT_UNIT,,mamba:seq256:forward:1176:out_ptr16,mamba,256,forward:graph0:add_473,NOT_MEASURED,NOT_MEASURED,NOT_MEASURED,UNRESOLVED,NOT_CAPTURED,population_screening.csv,UNRESOLVED,NOT_CAPTURED_EXISTING_ARTIFACT_ONLY
endpoint::mamba:seq256:forward:1176:out_ptr17,ENDPOINT_UNIT,,mamba:seq256:forward:1176:out_ptr17,mamba,256,forward:graph0:add_474,NOT_MEASURED,NOT_MEASURED,NOT_MEASURED,UNRESOLVED,NOT_CAPTURED,population_screening.csv,UNRESOLVED,NOT_CAPTURED_EXISTING_ARTIFACT_ONLY
endpoint::mamba:seq256:forward:1176:out_ptr18,ENDPOINT_UNIT,,mamba:seq256:forward:1176:out_ptr18,mamba,256,forward:graph0:add_475,NOT_MEASURED,NOT_MEASURED,NOT_MEASURED,UNRESOLVED,NOT_CAPTURED,population_screening.csv,UNRESOLVED,NOT_CAPTURED_EXISTING_ARTIFACT_ONLY
endpoint::mamba:seq256:forward:1176:out_ptr19,ENDPOINT_UNIT,,mamba:seq256:forward:1176:out_ptr19,mamba,256,forward:graph0:add_476,NOT_MEASURED,NOT_MEASURED,NOT_MEASURED,UNRESOLVED,NOT_CAPTURED,population_screening.csv,UNRESOLVED,NOT_CAPTURED_EXISTING_ARTIFACT_ONLY
endpoint::mamba:seq256:forward:1176:out_ptr2,ENDPOINT_UNIT,,mamba:seq256:forward:1176:out_ptr2,mamba,256,forward:graph0:add_459,NOT_MEASURED,NOT_MEASURED,NOT_MEASURED,UNRESOLVED,NOT_CAPTURED,population_screening.csv,UNRESOLVED,NOT_CAPTURED_EXISTING_ARTIFACT_ONLY
endpoint::mamba:seq256:forward:1176:out_ptr20,ENDPOINT_UNIT,,mamba:seq256:forward:1176:out_ptr20,mamba,256,forward:graph0:add_477,NOT_MEASURED,NOT_MEASURED,NOT_MEASURED,UNRESOLVED,NOT_CAPTURED,population_screening.csv,UNRESOLVED,NOT_CAPTURED_EXISTING_ARTIFACT_ONLY
endpoint::mamba:seq256:forward:1176:out_ptr21,ENDPOINT_UNIT,,mamba:seq256:forward:1176:out_ptr21,mamba,256,forward:graph0:add_478,NOT_MEASURED,NOT_MEASURED,NOT_MEASURED,UNRESOLVED,NOT_CAPTURED,population_screening.csv,UNRESOLVED,NOT_CAPTURED_EXISTING_ARTIFACT_ONLY
endpoint::mamba:seq256:forward:1176:out_ptr22,ENDPOINT_UNIT,,mamba:seq256:forward:1176:out_ptr22,mamba,256,forward:graph0:add_479,NOT_MEASURED,NOT_MEASURED,NOT_MEASURED,UNRESOLVED,NOT_CAPTURED,population_screening.csv,UNRESOLVED,NOT_CAPTURED_EXISTING_ARTIFACT_ONLY
endpoint::mamba:seq256:forward:1176:out_ptr23,ENDPOINT_UNIT,,mamba:seq256:forward:1176:out_ptr23,mamba,256,forward:graph0:add_480,NOT_MEASURED,NOT_MEASURED,NOT_MEASURED,UNRESOLVED,NOT_CAPTURED,population_screening.csv,UNRESOLVED,NOT_CAPTURED_EXISTING_ARTIFACT_ONLY
endpoint::mamba:seq256:forward:1176:out_ptr24,ENDPOINT_UNIT,,mamba:seq256:forward:1176:out_ptr24,mamba,256,forward:graph0:add_481,NOT_MEASURED,NOT_MEASURED,NOT_MEASURED,UNRESOLVED,NOT_CAPTURED,population_screening.csv,UNRESOLVED,NOT_CAPTURED_EXISTING_ARTIFACT_ONLY
endpoint::mamba:seq256:forward:1176:out_ptr25,ENDPOINT_UNIT,,mamba:seq256:forward:1176:out_ptr25,mamba,256,forward:graph0:add_482,NOT_MEASURED,NOT_MEASURED,NOT_MEASURED,UNRESOLVED,NOT_CAPTURED,population_screening.csv,UNRESOLVED,NOT_CAPTURED_EXISTING_ARTIFACT_ONLY
endpoint::mamba:seq256:forward:1176:out_ptr26,ENDPOINT_UNIT,,mamba:seq256:forward:1176:out_ptr26,mamba,256,forward:graph0:add_483,NOT_MEASURED,NOT_MEASURED,NOT_MEASURED,UNRESOLVED,NOT_CAPTURED,population_screening.csv,UNRESOLVED,NOT_CAPTURED_EXISTING_ARTIFACT_ONLY
endpoint::mamba:seq256:forward:1176:out_ptr27,ENDPOINT_UNIT,,mamba:seq256:forward:1176:out_ptr27,mamba,256,forward:graph0:add_484,NOT_MEASURED,NOT_MEASURED,NOT_MEASURED,UNRESOLVED,NOT_CAPTURED,population_screening.csv,UNRESOLVED,NOT_CAPTURED_EXISTING_ARTIFACT_ONLY
endpoint::mamba:seq256:forward:1176:out_ptr28,ENDPOINT_UNIT,,mamba:seq256:forward:1176:out_ptr28,mamba,256,forward:graph0:add_485,NOT_MEASURED,NOT_MEASURED,NOT_MEASURED,UNRESOLVED,NOT_CAPTURED,population_screening.csv,UNRESOLVED,NOT_CAPTURED_EXISTING_ARTIFACT_ONLY
endpoint::mamba:seq256:forward:1176:out_ptr29,ENDPOINT_UNIT,,mamba:seq256:forward:1176:out_ptr29,mamba,256,forward:graph0:add_486,NOT_MEASURED,NOT_MEASURED,NOT_MEASURED,UNRESOLVED,NOT_CAPTURED,population_screening.csv,UNRESOLVED,NOT_CAPTURED_EXISTING_ARTIFACT_ONLY
endpoint::mamba:seq256:forward:1176:out_ptr3,ENDPOINT_UNIT,,mamba:seq256:forward:1176:out_ptr3,mamba,256,forward:graph0:add_460,NOT_MEASURED,NOT_MEASURED,NOT_MEASURED,UNRESOLVED,NOT_CAPTURED,population_screening.csv,UNRESOLVED,NOT_CAPTURED_EXISTING_ARTIFACT_ONLY
endpoint::mamba:seq256:forward:1176:out_ptr30,ENDPOINT_UNIT,,mamba:seq256:forward:1176:out_ptr30,mamba,256,forward:graph0:add_487,NOT_MEASURED,NOT_MEASURED,NOT_MEASURED,UNRESOLVED,NOT_CAPTURED,population_screening.csv,UNRESOLVED,NOT_CAPTURED_EXISTING_ARTIFACT_ONLY
endpoint::mamba:seq256:forward:1176:out_ptr31,ENDPOINT_UNIT,,mamba:seq256:forward:1176:out_ptr31,mamba,256,forward:graph0:add_488,NOT_MEASURED,NOT_MEASURED,NOT_MEASURED,UNRESOLVED,NOT_CAPTURED,population_screening.csv,UNRESOLVED,NOT_CAPTURED_EXISTING_ARTIFACT_ONLY
endpoint::mamba:seq256:forward:1176:out_ptr32,ENDPOINT_UNIT,,mamba:seq256:forward:1176:out_ptr32,mamba,256,forward:graph0:add_489,NOT_MEASURED,NOT_MEASURED,NOT_MEASURED,UNRESOLVED,NOT_CAPTURED,population_screening.csv,UNRESOLVED,NOT_CAPTURED_EXISTING_ARTIFACT_ONLY
endpoint::mamba:seq256:forward:1176:out_ptr33,ENDPOINT_UNIT,,mamba:seq256:forward:1176:out_ptr33,mamba,256,forward:graph0:add_490,NOT_MEASURED,NOT_MEASURED,NOT_MEASURED,UNRESOLVED,NOT_CAPTURED,population_screening.csv,UNRESOLVED,NOT_CAPTURED_EXISTING_ARTIFACT_ONLY
endpoint::mamba:seq256:forward:1176:out_ptr34,ENDPOINT_UNIT,,mamba:seq256:forward:1176:out_ptr34,mamba,256,forward:graph0:add_491,NOT_MEASURED,NOT_MEASURED,NOT_MEASURED,UNRESOLVED,NOT_CAPTURED,population_screening.csv,UNRESOLVED,NOT_CAPTURED_EXISTING_ARTIFACT_ONLY
endpoint::mamba:seq256:forward:1176:out_ptr35,ENDPOINT_UNIT,,mamba:seq256:forward:1176:out_ptr35,mamba,256,forward:graph0:add_492,NOT_MEASURED,NOT_MEASURED,NOT_MEASURED,UNRESOLVED,NOT_CAPTURED,population_screening.csv,UNRESOLVED,NOT_CAPTURED_EXISTING_ARTIFACT_ONLY
endpoint::mamba:seq256:forward:1176:out_ptr36,ENDPOINT_UNIT,,mamba:seq256:forward:1176:out_ptr36,mamba,256,forward:graph0:add_493,NOT_MEASURED,NOT_MEASURED,NOT_MEASURED,UNRESOLVED,NOT_CAPTURED,population_screening.csv,UNRESOLVED,NOT_CAPTURED_EXISTING_ARTIFACT_ONLY
endpoint::mamba:seq256:forward:1176:out_ptr37,ENDPOINT_UNIT,,mamba:seq256:forward:1176:out_ptr37,mamba,256,forward:graph0:add_494,NOT_MEASURED,NOT_MEASURED,NOT_MEASURED,UNRESOLVED,NOT_CAPTURED,population_screening.csv,UNRESOLVED,NOT_CAPTURED_EXISTING_ARTIFACT_ONLY
endpoint::mamba:seq256:forward:1176:out_ptr38,ENDPOINT_UNIT,,mamba:seq256:forward:1176:out_ptr38,mamba,256,forward:graph0:add_495,NOT_MEASURED,NOT_MEASURED,NOT_MEASURED,UNRESOLVED,NOT_CAPTURED,population_screening.csv,UNRESOLVED,NOT_CAPTURED_EXISTING_ARTIFACT_ONLY
endpoint::mamba:seq256:forward:1176:out_ptr39,ENDPOINT_UNIT,,mamba:seq256:forward:1176:out_ptr39,mamba,256,forward:graph0:add_496,NOT_MEASURED,NOT_MEASURED,NOT_MEASURED,UNRESOLVED,NOT_CAPTURED,population_screening.csv,UNRESOLVED,NOT_CAPTURED_EXISTING_ARTIFACT_ONLY
endpoint::mamba:seq256:forward:1176:out_ptr4,ENDPOINT_UNIT,,mamba:seq256:forward:1176:out_ptr4,mamba,256,forward:graph0:add_461,NOT_MEASURED,NOT_MEASURED,NOT_MEASURED,UNRESOLVED,NOT_CAPTURED,population_screening.csv,UNRESOLVED,NOT_CAPTURED_EXISTING_ARTIFACT_ONLY
endpoint::mamba:seq256:forward:1176:out_ptr40,ENDPOINT_UNIT,,mamba:seq256:forward:1176:out_ptr40,mamba,256,forward:graph0:add_497,NOT_MEASURED,NOT_MEASURED,NOT_MEASURED,UNRESOLVED,NOT_CAPTURED,population_screening.csv,UNRESOLVED,NOT_CAPTURED_EXISTING_ARTIFACT_ONLY
endpoint::mamba:seq256:forward:1176:out_ptr41,ENDPOINT_UNIT,,mamba:seq256:forward:1176:out_ptr41,mamba,256,forward:graph0:add_498,NOT_MEASURED,NOT_MEASURED,NOT_MEASURED,UNRESOLVED,NOT_CAPTURED,population_screening.csv,UNRESOLVED,NOT_CAPTURED_EXISTING_ARTIFACT_ONLY
endpoint::mamba:seq256:forward:1176:out_ptr42,ENDPOINT_UNIT,,mamba:seq256:forward:1176:out_ptr42,mamba,256,forward:graph0:add_499,NOT_MEASURED,NOT_MEASURED,NOT_MEASURED,UNRESOLVED,NOT_CAPTURED,population_screening.csv,UNRESOLVED,NOT_CAPTURED_EXISTING_ARTIFACT_ONLY
endpoint::mamba:seq256:forward:1176:out_ptr43,ENDPOINT_UNIT,,mamba:seq256:forward:1176:out_ptr43,mamba,256,forward:graph0:add_500,NOT_MEASURED,NOT_MEASURED,NOT_MEASURED,UNRESOLVED,NOT_CAPTURED,population_screening.csv,UNRESOLVED,NOT_CAPTURED_EXISTING_ARTIFACT_ONLY
endpoint::mamba:seq256:forward:1176:out_ptr44,ENDPOINT_UNIT,,mamba:seq256:forward:1176:out_ptr44,mamba,256,forward:graph0:add_501,NOT_MEASURED,NOT_MEASURED,NOT_MEASURED,UNRESOLVED,NOT_CAPTURED,population_screening.csv,UNRESOLVED,NOT_CAPTURED_EXISTING_ARTIFACT_ONLY
endpoint::mamba:seq256:forward:1176:out_ptr45,ENDPOINT_UNIT,,mamba:seq256:forward:1176:out_ptr45,mamba,256,forward:graph0:add_502,NOT_MEASURED,NOT_MEASURED,NOT_MEASURED,UNRESOLVED,NOT_CAPTURED,population_screening.csv,UNRESOLVED,NOT_CAPTURED_EXISTING_ARTIFACT_ONLY
endpoint::mamba:seq256:forward:1176:out_ptr46,ENDPOINT_UNIT,,mamba:seq256:forward:1176:out_ptr46,mamba,256,forward:graph0:add_503,NOT_MEASURED,NOT_MEASURED,NOT_MEASURED,UNRESOLVED,NOT_CAPTURED,population_screening.csv,UNRESOLVED,NOT_CAPTURED_EXISTING_ARTIFACT_ONLY
endpoint::mamba:seq256:forward:1176:out_ptr47,ENDPOINT_UNIT,,mamba:seq256:forward:1176:out_ptr47,mamba,256,forward:graph0:add_504,NOT_MEASURED,NOT_MEASURED,NOT_MEASURED,UNRESOLVED,NOT_CAPTURED,population_screening.csv,UNRESOLVED,NOT_CAPTURED_EXISTING_ARTIFACT_ONLY
endpoint::mamba:seq256:forward:1176:out_ptr48,ENDPOINT_UNIT,,mamba:seq256:forward:1176:out_ptr48,mamba,256,forward:graph0:add_505,NOT_MEASURED,NOT_MEASURED,NOT_MEASURED,UNRESOLVED,NOT_CAPTURED,population_screening.csv,UNRESOLVED,NOT_CAPTURED_EXISTING_ARTIFACT_ONLY
endpoint::mamba:seq256:forward:1176:out_ptr49,ENDPOINT_UNIT,,mamba:seq256:forward:1176:out_ptr49,mamba,256,forward:graph0:add_506,NOT_MEASURED,NOT_MEASURED,NOT_MEASURED,UNRESOLVED,NOT_CAPTURED,population_screening.csv,UNRESOLVED,NOT_CAPTURED_EXISTING_ARTIFACT_ONLY
endpoint::mamba:seq256:forward:1176:out_ptr5,ENDPOINT_UNIT,,mamba:seq256:forward:1176:out_ptr5,mamba,256,forward:graph0:add_462,NOT_MEASURED,NOT_MEASURED,NOT_MEASURED,UNRESOLVED,NOT_CAPTURED,population_screening.csv,UNRESOLVED,NOT_CAPTURED_EXISTING_ARTIFACT_ONLY
endpoint::mamba:seq256:forward:1176:out_ptr50,ENDPOINT_UNIT,,mamba:seq256:forward:1176:out_ptr50,mamba,256,forward:graph0:add_507,NOT_MEASURED,NOT_MEASURED,NOT_MEASURED,UNRESOLVED,NOT_CAPTURED,population_screening.csv,UNRESOLVED,NOT_CAPTURED_EXISTING_ARTIFACT_ONLY
endpoint::mamba:seq256:forward:1176:out_ptr51,ENDPOINT_UNIT,,mamba:seq256:forward:1176:out_ptr51,mamba,256,forward:graph0:add_508,NOT_MEASURED,NOT_MEASURED,NOT_MEASURED,UNRESOLVED,NOT_CAPTURED,population_screening.csv,UNRESOLVED,NOT_CAPTURED_EXISTING_ARTIFACT_ONLY
endpoint::mamba:seq256:forward:1176:out_ptr52,ENDPOINT_UNIT,,mamba:seq256:forward:1176:out_ptr52,mamba,256,forward:graph0:add_509,NOT_MEASURED,NOT_MEASURED,NOT_MEASURED,UNRESOLVED,NOT_CAPTURED,population_screening.csv,UNRESOLVED,NOT_CAPTURED_EXISTING_ARTIFACT_ONLY
endpoint::mamba:seq256:forward:1176:out_ptr53,ENDPOINT_UNIT,,mamba:seq256:forward:1176:out_ptr53,mamba,256,forward:graph0:add_510,NOT_MEASURED,NOT_MEASURED,NOT_MEASURED,UNRESOLVED,NOT_CAPTURED,population_screening.csv,UNRESOLVED,NOT_CAPTURED_EXISTING_ARTIFACT_ONLY
endpoint::mamba:seq256:forward:1176:out_ptr54,ENDPOINT_UNIT,,mamba:seq256:forward:1176:out_ptr54,mamba,256,forward:graph0:add_511,NOT_MEASURED,NOT_MEASURED,NOT_MEASURED,UNRESOLVED,NOT_CAPTURED,population_screening.csv,UNRESOLVED,NOT_CAPTURED_EXISTING_ARTIFACT_ONLY
endpoint::mamba:seq256:forward:1176:out_ptr55,ENDPOINT_UNIT,,mamba:seq256:forward:1176:out_ptr55,mamba,256,forward:graph0:add_512,NOT_MEASURED,NOT_MEASURED,NOT_MEASURED,UNRESOLVED,NOT_CAPTURED,population_screening.csv,UNRESOLVED,NOT_CAPTURED_EXISTING_ARTIFACT_ONLY
endpoint::mamba:seq256:forward:1176:out_ptr56,ENDPOINT_UNIT,,mamba:seq256:forward:1176:out_ptr56,mamba,256,forward:graph0:add_513,NOT_MEASURED,NOT_MEASURED,NOT_MEASURED,UNRESOLVED,NOT_CAPTURED,population_screening.csv,UNRESOLVED,NOT_CAPTURED_EXISTING_ARTIFACT_ONLY
endpoint::mamba:seq256:forward:1176:out_ptr57,ENDPOINT_UNIT,,mamba:seq256:forward:1176:out_ptr57,mamba,256,forward:graph0:add_514,NOT_MEASURED,NOT_MEASURED,NOT_MEASURED,UNRESOLVED,NOT_CAPTURED,population_screening.csv,UNRESOLVED,NOT_CAPTURED_EXISTING_ARTIFACT_ONLY
endpoint::mamba:seq256:forward:1176:out_ptr58,ENDPOINT_UNIT,,mamba:seq256:forward:1176:out_ptr58,mamba,256,forward:graph0:add_515,NOT_MEASURED,NOT_MEASURED,NOT_MEASURED,UNRESOLVED,NOT_CAPTURED,population_screening.csv,UNRESOLVED,NOT_CAPTURED_EXISTING_ARTIFACT_ONLY
endpoint::mamba:seq256:forward:1176:out_ptr59,ENDPOINT_UNIT,,mamba:seq256:forward:1176:out_ptr59,mamba,256,forward:graph0:add_516,NOT_MEASURED,NOT_MEASURED,NOT_MEASURED,UNRESOLVED,NOT_CAPTURED,population_screening.csv,UNRESOLVED,NOT_CAPTURED_EXISTING_ARTIFACT_ONLY
endpoint::mamba:seq256:forward:1176:out_ptr6,ENDPOINT_UNIT,,mamba:seq256:forward:1176:out_ptr6,mamba,256,forward:graph0:add_463,NOT_MEASURED,NOT_MEASURED,NOT_MEASURED,UNRESOLVED,NOT_CAPTURED,population_screening.csv,UNRESOLVED,NOT_CAPTURED_EXISTING_ARTIFACT_ONLY
endpoint::mamba:seq256:forward:1176:out_ptr60,ENDPOINT_UNIT,,mamba:seq256:forward:1176:out_ptr60,mamba,256,forward:graph0:add_517,NOT_MEASURED,NOT_MEASURED,NOT_MEASURED,UNRESOLVED,NOT_CAPTURED,population_screening.csv,UNRESOLVED,NOT_CAPTURED_EXISTING_ARTIFACT_ONLY
endpoint::mamba:seq256:forward:1176:out_ptr61,ENDPOINT_UNIT,,mamba:seq256:forward:1176:out_ptr61,mamba,256,forward:graph0:add_518,NOT_MEASURED,NOT_MEASURED,NOT_MEASURED,UNRESOLVED,NOT_CAPTURED,population_screening.csv,UNRESOLVED,NOT_CAPTURED_EXISTING_ARTIFACT_ONLY
endpoint::mamba:seq256:forward:1176:out_ptr62,ENDPOINT_UNIT,,mamba:seq256:forward:1176:out_ptr62,mamba,256,forward:graph0:add_519,NOT_MEASURED,NOT_MEASURED,NOT_MEASURED,UNRESOLVED,NOT_CAPTURED,population_screening.csv,UNRESOLVED,NOT_CAPTURED_EXISTING_ARTIFACT_ONLY
endpoint::mamba:seq256:forward:1176:out_ptr7,ENDPOINT_UNIT,,mamba:seq256:forward:1176:out_ptr7,mamba,256,forward:graph0:add_464,NOT_MEASURED,NOT_MEASURED,NOT_MEASURED,UNRESOLVED,NOT_CAPTURED,population_screening.csv,UNRESOLVED,NOT_CAPTURED_EXISTING_ARTIFACT_ONLY
endpoint::mamba:seq256:forward:1176:out_ptr8,ENDPOINT_UNIT,,mamba:seq256:forward:1176:out_ptr8,mamba,256,forward:graph0:add_465,NOT_MEASURED,NOT_MEASURED,NOT_MEASURED,UNRESOLVED,NOT_CAPTURED,population_screening.csv,UNRESOLVED,NOT_CAPTURED_EXISTING_ARTIFACT_ONLY
endpoint::mamba:seq256:forward:1176:out_ptr9,ENDPOINT_UNIT,,mamba:seq256:forward:1176:out_ptr9,mamba,256,forward:graph0:add_466,NOT_MEASURED,NOT_MEASURED,NOT_MEASURED,UNRESOLVED,NOT_CAPTURED,population_screening.csv,UNRESOLVED,NOT_CAPTURED_EXISTING_ARTIFACT_ONLY
endpoint::mamba:seq256:forward:11976:output_0,ENDPOINT_UNIT,,mamba:seq256:forward:11976:output_0,mamba,256,forward:graph0:mm_default_8322,NOT_MEASURED,NOT_MEASURED,NOT_MEASURED,UNRESOLVED,NOT_CAPTURED,population_screening.csv,NORMAL_REFERENCE,NOT_CAPTURED_EXISTING_ARTIFACT_ONLY
endpoint::mamba:seq256:forward:12142:output_0,ENDPOINT_UNIT,,mamba:seq256:forward:12142:output_0,mamba,256,forward:graph0:mm_default_8240,NOT_MEASURED,NOT_MEASURED,NOT_MEASURED,UNRESOLVED,NOT_CAPTURED,population_screening.csv,NORMAL_REFERENCE,NOT_CAPTURED_EXISTING_ARTIFACT_ONLY
endpoint::mamba:seq256:forward:12174:output_0,ENDPOINT_UNIT,,mamba:seq256:forward:12174:output_0,mamba,256,forward:graph0:mm_default_8224,NOT_MEASURED,NOT_MEASURED,NOT_MEASURED,UNRESOLVED,NOT_CAPTURED,population_screening.csv,NORMAL_REFERENCE,NOT_CAPTURED_EXISTING_ARTIFACT_ONLY
endpoint::mamba:seq256:forward:12224:output_0,ENDPOINT_UNIT,,mamba:seq256:forward:12224:output_0,mamba,256,forward:graph0:mm_default_8199,NOT_MEASURED,NOT_MEASURED,NOT_MEASURED,UNRESOLVED,NOT_CAPTURED,population_screening.csv,NORMAL_REFERENCE,NOT_CAPTURED_EXISTING_ARTIFACT_ONLY
endpoint::mamba:seq256:forward:1240:output_0,ENDPOINT_UNIT,,mamba:seq256:forward:1240:output_0,mamba,256,forward:graph0:mm_default_11808,NOT_MEASURED,NOT_MEASURED,NOT_MEASURED,UNRESOLVED,NOT_CAPTURED,population_screening.csv,NORMAL_REFERENCE,NOT_CAPTURED_EXISTING_ARTIFACT_ONLY
endpoint::mamba:seq256:forward:12633:out_ptr47,ENDPOINT_UNIT,,mamba:seq256:forward:12633:out_ptr47,mamba,256,forward:graph0:add_4306,NOT_MEASURED,NOT_MEASURED,NOT_MEASURED,UNRESOLVED,NOT_CAPTURED,population_screening.csv,UNRESOLVED,NOT_CAPTURED_EXISTING_ARTIFACT_ONLY
endpoint::mamba:seq256:forward:12633:out_ptr52,ENDPOINT_UNIT,,mamba:seq256:forward:12633:out_ptr52,mamba,256,forward:graph0:add_4311,NOT_MEASURED,NOT_MEASURED,NOT_MEASURED,UNRESOLVED,NOT_CAPTURED,population_screening.csv,UNRESOLVED,NOT_CAPTURED_EXISTING_ARTIFACT_ONLY
endpoint::mamba:seq256:forward:12665:output_0,ENDPOINT_UNIT,,mamba:seq256:forward:12665:output_0,mamba,256,forward:graph0:mm_default_8112,NOT_MEASURED,NOT_MEASURED,NOT_MEASURED,UNRESOLVED,NOT_CAPTURED,population_screening.csv,NORMAL_REFERENCE,NOT_CAPTURED_EXISTING_ARTIFACT_ONLY
endpoint::mamba:seq256:forward:1280:output_0,ENDPOINT_UNIT,,mamba:seq256:forward:1280:output_0,mamba,256,forward:graph0:mm_default_11788,NOT_MEASURED,NOT_MEASURED,NOT_MEASURED,UNRESOLVED,NOT_CAPTURED,population_screening.csv,NORMAL_REFERENCE,NOT_CAPTURED_EXISTING_ARTIFACT_ONLY
endpoint::mamba:seq256:forward:137:out_ptr36,ENDPOINT_UNIT,,mamba:seq256:forward:137:out_ptr36,mamba,256,forward:graph0:add_103,NOT_MEASURED,NOT_MEASURED,NOT_MEASURED,UNRESOLVED,NOT_CAPTURED,population_screening.csv,UNRESOLVED,NOT_CAPTURED_EXISTING_ARTIFACT_ONLY
endpoint::mamba:seq256:forward:137:out_ptr41,ENDPOINT_UNIT,,mamba:seq256:forward:137:out_ptr41,mamba,256,forward:graph0:add_108,NOT_MEASURED,NOT_MEASURED,NOT_MEASURED,UNRESOLVED,NOT_CAPTURED,population_screening.csv,UNRESOLVED,NOT_CAPTURED_EXISTING_ARTIFACT_ONLY
endpoint::mamba:seq256:forward:137:out_ptr42,ENDPOINT_UNIT,,mamba:seq256:forward:137:out_ptr42,mamba,256,forward:graph0:add_109,NOT_MEASURED,NOT_MEASURED,NOT_MEASURED,UNRESOLVED,NOT_CAPTURED,population_screening.csv,UNRESOLVED,NOT_CAPTURED_EXISTING_ARTIFACT_ONLY
endpoint::mamba:seq256:forward:137:out_ptr44,ENDPOINT_UNIT,,mamba:seq256:forward:137:out_ptr44,mamba,256,forward:graph0:add_111,NOT_MEASURED,NOT_MEASURED,NOT_MEASURED,UNRESOLVED,NOT_CAPTURED,population_screening.csv,UNRESOLVED,NOT_CAPTURED_EXISTING_ARTIFACT_ONLY
endpoint::mamba:seq256:forward:137:out_ptr45,ENDPOINT_UNIT,,mamba:seq256:forward:137:out_ptr45,mamba,256,forward:graph0:add_112,NOT_MEASURED,NOT_MEASURED,NOT_MEASURED,UNRESOLVED,NOT_CAPTURED,population_screening.csv,UNRESOLVED,NOT_CAPTURED_EXISTING_ARTIFACT_ONLY
endpoint::mamba:seq256:forward:137:out_ptr46,ENDPOINT_UNIT,,mamba:seq256:forward:137:out_ptr46,mamba,256,forward:graph0:add_113,NOT_MEASURED,NOT_MEASURED,NOT_MEASURED,UNRESOLVED,NOT_CAPTURED,population_screening.csv,UNRESOLVED,NOT_CAPTURED_EXISTING_ARTIFACT_ONLY
endpoint::mamba:seq256:forward:137:out_ptr47,ENDPOINT_UNIT,,mamba:seq256:forward:137:out_ptr47,mamba,256,forward:graph0:add_114,NOT_MEASURED,NOT_MEASURED,NOT_MEASURED,UNRESOLVED,NOT_CAPTURED,population_screening.csv,UNRESOLVED,NOT_CAPTURED_EXISTING_ARTIFACT_ONLY
endpoint::mamba:seq256:forward:137:out_ptr49,ENDPOINT_UNIT,,mamba:seq256:forward:137:out_ptr49,mamba,256,forward:graph0:add_116,NOT_MEASURED,NOT_MEASURED,NOT_MEASURED,UNRESOLVED,NOT_CAPTURED,population_screening.csv,UNRESOLVED,NOT_CAPTURED_EXISTING_ARTIFACT_ONLY
endpoint::mamba:seq256:forward:137:out_ptr50,ENDPOINT_UNIT,,mamba:seq256:forward:137:out_ptr50,mamba,256,forward:graph0:add_117,NOT_MEASURED,NOT_MEASURED,NOT_MEASURED,UNRESOLVED,NOT_CAPTURED,population_screening.csv,UNRESOLVED,NOT_CAPTURED_EXISTING_ARTIFACT_ONLY
endpoint::mamba:seq256:forward:137:out_ptr51,ENDPOINT_UNIT,,mamba:seq256:forward:137:out_ptr51,mamba,256,forward:graph0:add_118,NOT_MEASURED,NOT_MEASURED,NOT_MEASURED,UNRESOLVED,NOT_CAPTURED,population_screening.csv,UNRESOLVED,NOT_CAPTURED_EXISTING_ARTIFACT_ONLY
endpoint::mamba:seq256:forward:137:out_ptr52,ENDPOINT_UNIT,,mamba:seq256:forward:137:out_ptr52,mamba,256,forward:graph0:add_119,NOT_MEASURED,NOT_MEASURED,NOT_MEASURED,UNRESOLVED,NOT_CAPTURED,population_screening.csv,UNRESOLVED,NOT_CAPTURED_EXISTING_ARTIFACT_ONLY
endpoint::mamba:seq256:forward:137:out_ptr60,ENDPOINT_UNIT,,mamba:seq256:forward:137:out_ptr60,mamba,256,forward:graph0:add_127,NOT_MEASURED,NOT_MEASURED,NOT_MEASURED,UNRESOLVED,NOT_CAPTURED,population_screening.csv,UNRESOLVED,NOT_CAPTURED_EXISTING_ARTIFACT_ONLY
endpoint::mamba:seq256:forward:137:out_ptr61,ENDPOINT_UNIT,,mamba:seq256:forward:137:out_ptr61,mamba,256,forward:graph0:add_128,NOT_MEASURED,NOT_MEASURED,NOT_MEASURED,UNRESOLVED,NOT_CAPTURED,population_screening.csv,UNRESOLVED,NOT_CAPTURED_EXISTING_ARTIFACT_ONLY
endpoint::mamba:seq256:forward:137:out_ptr62,ENDPOINT_UNIT,,mamba:seq256:forward:137:out_ptr62,mamba,256,forward:graph0:add_129,NOT_MEASURED,NOT_MEASURED,NOT_MEASURED,UNRESOLVED,NOT_CAPTURED,population_screening.csv,UNRESOLVED,NOT_CAPTURED_EXISTING_ARTIFACT_ONLY
endpoint::mamba:seq256:forward:14442:output_0,ENDPOINT_UNIT,,mamba:seq256:forward:14442:output_0,mamba,256,forward:graph0:mm_default_7493,NOT_MEASURED,NOT_MEASURED,NOT_MEASURED,UNRESOLVED,NOT_CAPTURED,population_screening.csv,NORMAL_REFERENCE,NOT_CAPTURED_EXISTING_ARTIFACT_ONLY
endpoint::mamba:seq256:forward:14453:out_ptr57,ENDPOINT_UNIT,,mamba:seq256:forward:14453:out_ptr57,mamba,256,forward:graph0:add_4968,NOT_MEASURED,NOT_MEASURED,NOT_MEASURED,UNRESOLVED,NOT_CAPTURED,population_screening.csv,UNRESOLVED,NOT_CAPTURED_EXISTING_ARTIFACT_ONLY
endpoint::mamba:seq256:forward:14453:out_ptr62,ENDPOINT_UNIT,,mamba:seq256:forward:14453:out_ptr62,mamba,256,forward:graph0:add_4973,NOT_MEASURED,NOT_MEASURED,NOT_MEASURED,UNRESOLVED,NOT_CAPTURED,population_screening.csv,UNRESOLVED,NOT_CAPTURED_EXISTING_ARTIFACT_ONLY
endpoint::mamba:seq256:forward:14509:output_0,ENDPOINT_UNIT,,mamba:seq256:forward:14509:output_0,mamba,256,forward:graph0:mm_default_7460,NOT_MEASURED,NOT_MEASURED,NOT_MEASURED,UNRESOLVED,NOT_CAPTURED,population_screening.csv,UNRESOLVED,NOT_CAPTURED_EXISTING_ARTIFACT_ONLY
endpoint::mamba:seq256:forward:14511:output_0,ENDPOINT_UNIT,,mamba:seq256:forward:14511:output_0,mamba,256,forward:graph0:mm_default_7459,NOT_MEASURED,NOT_MEASURED,NOT_MEASURED,UNRESOLVED,NOT_CAPTURED,population_screening.csv,NORMAL_REFERENCE,NOT_CAPTURED_EXISTING_ARTIFACT_ONLY
endpoint::mamba:seq256:forward:14893:output_0,ENDPOINT_UNIT,,mamba:seq256:forward:14893:output_0,mamba,256,forward:graph0:mm_default_7401,NOT_MEASURED,NOT_MEASURED,NOT_MEASURED,UNRESOLVED,NOT_CAPTURED,population_screening.csv,UNRESOLVED,NOT_CAPTURED_EXISTING_ARTIFACT_ONLY
endpoint::mamba:seq256:forward:14905:output_0,ENDPOINT_UNIT,,mamba:seq256:forward:14905:output_0,mamba,256,forward:graph0:mm_default_7395,NOT_MEASURED,NOT_MEASURED,NOT_MEASURED,UNRESOLVED,NOT_CAPTURED,population_screening.csv,UNRESOLVED,NOT_CAPTURED_EXISTING_ARTIFACT_ONLY
endpoint::mamba:seq256:forward:14909:output_0,ENDPOINT_UNIT,,mamba:seq256:forward:14909:output_0,mamba,256,forward:graph0:mm_default_7393,NOT_MEASURED,NOT_MEASURED,NOT_MEASURED,UNRESOLVED,NOT_CAPTURED,population_screening.csv,UNRESOLVED,NOT_CAPTURED_EXISTING_ARTIFACT_ONLY
endpoint::mamba:seq256:forward:14943:output_0,ENDPOINT_UNIT,,mamba:seq256:forward:14943:output_0,mamba,256,forward:graph0:mm_default_7376,NOT_MEASURED,NOT_MEASURED,NOT_MEASURED,UNRESOLVED,NOT_CAPTURED,population_screening.csv,UNRESOLVED,NOT_CAPTURED_EXISTING_ARTIFACT_ONLY
endpoint::mamba:seq256:forward:14949:output_0,ENDPOINT_UNIT,,mamba:seq256:forward:14949:output_0,mamba,256,forward:graph0:mm_default_7373,NOT_MEASURED,NOT_MEASURED,NOT_MEASURED,UNRESOLVED,NOT_CAPTURED,population_screening.csv,NORMAL_REFERENCE,NOT_CAPTURED_EXISTING_ARTIFACT_ONLY
endpoint::mamba:seq256:forward:14951:output_0,ENDPOINT_UNIT,,mamba:seq256:forward:14951:output_0,mamba,256,forward:graph0:mm_default_7372,NOT_MEASURED,NOT_MEASURED,NOT_MEASURED,UNRESOLVED,NOT_CAPTURED,population_screening.csv,UNRESOLVED,NOT_CAPTURED_EXISTING_ARTIFACT_ONLY
endpoint::mamba:seq256:forward:14959:output_0,ENDPOINT_UNIT,,mamba:seq256:forward:14959:output_0,mamba,256,forward:graph0:mm_default_7368,NOT_MEASURED,NOT_MEASURED,NOT_MEASURED,UNRESOLVED,NOT_CAPTURED,population_screening.csv,UNRESOLVED,NOT_CAPTURED_EXISTING_ARTIFACT_ONLY
endpoint::mamba:seq256:forward:14961:output_0,ENDPOINT_UNIT,,mamba:seq256:forward:14961:output_0,mamba,256,forward:graph0:mm_default_7367,NOT_MEASURED,NOT_MEASURED,NOT_MEASURED,UNRESOLVED,NOT_CAPTURED,population_screening.csv,UNRESOLVED,NOT_CAPTURED_EXISTING_ARTIFACT_ONLY
endpoint::mamba:seq256:forward:15012:output_0,ENDPOINT_UNIT,,mamba:seq256:forward:15012:output_0,mamba,256,forward:graph0:mm_default_7342,NOT_MEASURED,NOT_MEASURED,NOT_MEASURED,UNRESOLVED,NOT_CAPTURED,population_screening.csv,UNRESOLVED,NOT_CAPTURED_EXISTING_ARTIFACT_ONLY
endpoint::mamba:seq256:forward:15030:output_0,ENDPOINT_UNIT,,mamba:seq256:forward:15030:output_0,mamba,256,forward:graph0:mm_default_7333,NOT_MEASURED,NOT_MEASURED,NOT_MEASURED,UNRESOLVED,NOT_CAPTURED,population_screening.csv,UNRESOLVED,NOT_CAPTURED_EXISTING_ARTIFACT_ONLY
endpoint::mamba:seq256:forward:15052:output_0,ENDPOINT_UNIT,,mamba:seq256:forward:15052:output_0,mamba,256,forward:graph0:mm_default_7322,NOT_MEASURED,NOT_MEASURED,NOT_MEASURED,UNRESOLVED,NOT_CAPTURED,population_screening.csv,NORMAL_REFERENCE,NOT_CAPTURED_EXISTING_ARTIFACT_ONLY
endpoint::mamba:seq256:forward:15062:output_0,ENDPOINT_UNIT,,mamba:seq256:forward:15062:output_0,mamba,256,forward:graph0:mm_default_7317,NOT_MEASURED,NOT_MEASURED,NOT_MEASURED,UNRESOLVED,NOT_CAPTURED,population_screening.csv,UNRESOLVED,NOT_CAPTURED_EXISTING_ARTIFACT_ONLY
endpoint::mamba:seq256:forward:15244:output_0,ENDPOINT_UNIT,,mamba:seq256:forward:15244:output_0,mamba,256,forward:graph0:mm_default_7227,NOT_MEASURED,NOT_MEASURED,NOT_MEASURED,UNRESOLVED,NOT_CAPTURED,population_screening.csv,NORMAL_REFERENCE,NOT_CAPTURED_EXISTING_ARTIFACT_ONLY
endpoint::mamba:seq256:forward:15338:output_0,ENDPOINT_UNIT,,mamba:seq256:forward:15338:output_0,mamba,256,forward:graph0:mm_default_7180,NOT_MEASURED,NOT_MEASURED,NOT_MEASURED,UNRESOLVED,NOT_CAPTURED,population_screening.csv,UNRESOLVED,NOT_CAPTURED_EXISTING_ARTIFACT_ONLY
endpoint::mamba:seq256:forward:15346:output_0,ENDPOINT_UNIT,,mamba:seq256:forward:15346:output_0,mamba,256,forward:graph0:mm_default_7176,NOT_MEASURED,NOT_MEASURED,NOT_MEASURED,UNRESOLVED,NOT_CAPTURED,population_screening.csv,UNRESOLVED,NOT_CAPTURED_EXISTING_ARTIFACT_ONLY
endpoint::mamba:seq256:forward:15352:output_0,ENDPOINT_UNIT,,mamba:seq256:forward:15352:output_0,mamba,256,forward:graph0:mm_default_7173,NOT_MEASURED,NOT_MEASURED,NOT_MEASURED,UNRESOLVED,NOT_CAPTURED,population_screening.csv,NORMAL_REFERENCE,NOT_CAPTURED_EXISTING_ARTIFACT_ONLY
endpoint::mamba:seq256:forward:15356:output_0,ENDPOINT_UNIT,,mamba:seq256:forward:15356:output_0,mamba,256,forward:graph0:mm_default_7171,NOT_MEASURED,NOT_MEASURED,NOT_MEASURED,UNRESOLVED,NOT_CAPTURED,population_screening.csv,UNRESOLVED,NOT_CAPTURED_EXISTING_ARTIFACT_ONLY
endpoint::mamba:seq256:forward:15621:output_0,ENDPOINT_UNIT,,mamba:seq256:forward:15621:output_0,mamba,256,forward:graph0:mm_80,NOT_MEASURED,NOT_MEASURED,NOT_MEASURED,UNRESOLVED,NOT_CAPTURED,population_screening.csv,UNRESOLVED,NOT_CAPTURED_EXISTING_ARTIFACT_ONLY
endpoint::mamba:seq256:forward:1570:out_ptr31,ENDPOINT_UNIT,,mamba:seq256:forward:1570:out_ptr31,mamba,256,forward:graph0:add_558,NOT_MEASURED,NOT_MEASURED,NOT_MEASURED,UNRESOLVED,NOT_CAPTURED,population_screening.csv,UNRESOLVED,NOT_CAPTURED_EXISTING_ARTIFACT_ONLY
endpoint::mamba:seq256:forward:1570:out_ptr35,ENDPOINT_UNIT,,mamba:seq256:forward:1570:out_ptr35,mamba,256,forward:graph0:add_562,NOT_MEASURED,NOT_MEASURED,NOT_MEASURED,UNRESOLVED,NOT_CAPTURED,population_screening.csv,UNRESOLVED,NOT_CAPTURED_EXISTING_ARTIFACT_ONLY
endpoint::mamba:seq256:forward:1570:out_ptr43,ENDPOINT_UNIT,,mamba:seq256:forward:1570:out_ptr43,mamba,256,forward:graph0:add_570,NOT_MEASURED,NOT_MEASURED,NOT_MEASURED,UNRESOLVED,NOT_CAPTURED,population_screening.csv,UNRESOLVED,NOT_CAPTURED_EXISTING_ARTIFACT_ONLY
endpoint::mamba:seq256:forward:1570:out_ptr54,ENDPOINT_UNIT,,mamba:seq256:forward:1570:out_ptr54,mamba,256,forward:graph0:add_581,NOT_MEASURED,NOT_MEASURED,NOT_MEASURED,UNRESOLVED,NOT_CAPTURED,population_screening.csv,UNRESOLVED,NOT_CAPTURED_EXISTING_ARTIFACT_ONLY
endpoint::mamba:seq256:forward:1570:out_ptr55,ENDPOINT_UNIT,,mamba:seq256:forward:1570:out_ptr55,mamba,256,forward:graph0:add_582,NOT_MEASURED,NOT_MEASURED,NOT_MEASURED,UNRESOLVED,NOT_CAPTURED,population_screening.csv,UNRESOLVED,NOT_CAPTURED_EXISTING_ARTIFACT_ONLY
endpoint::mamba:seq256:forward:1612:output_0,ENDPOINT_UNIT,,mamba:seq256:forward:1612:output_0,mamba,256,forward:graph0:mm_default_11755,NOT_MEASURED,NOT_MEASURED,NOT_MEASURED,UNRESOLVED,NOT_CAPTURED,population_screening.csv,UNRESOLVED,NOT_CAPTURED_EXISTING_ARTIFACT_ONLY
endpoint::mamba:seq256:forward:1660:output_0,ENDPOINT_UNIT,,mamba:seq256:forward:1660:output_0,mamba,256,forward:graph0:mm_default_11731,NOT_MEASURED,NOT_MEASURED,NOT_MEASURED,UNRESOLVED,NOT_CAPTURED,population_screening.csv,NORMAL_REFERENCE,NOT_CAPTURED_EXISTING_ARTIFACT_ONLY
endpoint::mamba:seq256:forward:1662:output_0,ENDPOINT_UNIT,,mamba:seq256:forward:1662:output_0,mamba,256,forward:graph0:mm_default_11730,NOT_MEASURED,NOT_MEASURED,NOT_MEASURED,UNRESOLVED,NOT_CAPTURED,population_screening.csv,NORMAL_REFERENCE,NOT_CAPTURED_EXISTING_ARTIFACT_ONLY
endpoint::mamba:seq256:forward:16667:out_ptr50,ENDPOINT_UNIT,,mamba:seq256:forward:16667:out_ptr50,mamba,256,forward:graph0:add_5683,NOT_MEASURED,NOT_MEASURED,NOT_MEASURED,UNRESOLVED,NOT_CAPTURED,population_screening.csv,UNRESOLVED,NOT_CAPTURED_EXISTING_ARTIFACT_ONLY
endpoint::mamba:seq256:forward:1666:output_0,ENDPOINT_UNIT,,mamba:seq256:forward:1666:output_0,mamba,256,forward:graph0:mm_default_11728,NOT_MEASURED,NOT_MEASURED,NOT_MEASURED,UNRESOLVED,NOT_CAPTURED,population_screening.csv,UNRESOLVED,NOT_CAPTURED_EXISTING_ARTIFACT_ONLY
endpoint::mamba:seq256:forward:1668:output_0,ENDPOINT_UNIT,,mamba:seq256:forward:1668:output_0,mamba,256,forward:graph0:mm_default_11727,NOT_MEASURED,NOT_MEASURED,NOT_MEASURED,UNRESOLVED,NOT_CAPTURED,population_screening.csv,UNRESOLVED,NOT_CAPTURED_EXISTING_ARTIFACT_ONLY
endpoint::mamba:seq256:forward:1699:out_ptr10,ENDPOINT_UNIT,,mamba:seq256:forward:1699:out_ptr10,mamba,256,forward:graph0:add_601,NOT_MEASURED,NOT_MEASURED,NOT_MEASURED,UNRESOLVED,NOT_CAPTURED,population_screening.csv,UNRESOLVED,NOT_CAPTURED_EXISTING_ARTIFACT_ONLY
endpoint::mamba:seq256:forward:1699:out_ptr14,ENDPOINT_UNIT,,mamba:seq256:forward:1699:out_ptr14,mamba,256,forward:graph0:add_605,NOT_MEASURED,NOT_MEASURED,NOT_MEASURED,UNRESOLVED,NOT_CAPTURED,population_screening.csv,UNRESOLVED,NOT_CAPTURED_EXISTING_ARTIFACT_ONLY
endpoint::mamba:seq256:forward:1699:out_ptr2,ENDPOINT_UNIT,,mamba:seq256:forward:1699:out_ptr2,mamba,256,forward:graph0:add_593,NOT_MEASURED,NOT_MEASURED,NOT_MEASURED,UNRESOLVED,NOT_CAPTURED,population_screening.csv,UNRESOLVED,NOT_CAPTURED_EXISTING_ARTIFACT_ONLY
endpoint::mamba:seq256:forward:1699:out_ptr23,ENDPOINT_UNIT,,mamba:seq256:forward:1699:out_ptr23,mamba,256,forward:graph0:add_614,NOT_MEASURED,NOT_MEASURED,NOT_MEASURED,UNRESOLVED,NOT_CAPTURED,population_screening.csv,UNRESOLVED,NOT_CAPTURED_EXISTING_ARTIFACT_ONLY
endpoint::mamba:seq256:forward:1699:out_ptr28,ENDPOINT_UNIT,,mamba:seq256:forward:1699:out_ptr28,mamba,256,forward:graph0:add_619,NOT_MEASURED,NOT_MEASURED,NOT_MEASURED,UNRESOLVED,NOT_CAPTURED,population_screening.csv,UNRESOLVED,NOT_CAPTURED_EXISTING_ARTIFACT_ONLY
endpoint::mamba:seq256:forward:1699:out_ptr31,ENDPOINT_UNIT,,mamba:seq256:forward:1699:out_ptr31,mamba,256,forward:graph0:add_622,NOT_MEASURED,NOT_MEASURED,NOT_MEASURED,UNRESOLVED,NOT_CAPTURED,population_screening.csv,UNRESOLVED,NOT_CAPTURED_EXISTING_ARTIFACT_ONLY
endpoint::mamba:seq256:forward:1699:out_ptr35,ENDPOINT_UNIT,,mamba:seq256:forward:1699:out_ptr35,mamba,256,forward:graph0:add_626,NOT_MEASURED,NOT_MEASURED,NOT_MEASURED,UNRESOLVED,NOT_CAPTURED,population_screening.csv,UNRESOLVED,NOT_CAPTURED_EXISTING_ARTIFACT_ONLY
endpoint::mamba:seq256:forward:1699:out_ptr36,ENDPOINT_UNIT,,mamba:seq256:forward:1699:out_ptr36,mamba,256,forward:graph0:add_627,NOT_MEASURED,NOT_MEASURED,NOT_MEASURED,UNRESOLVED,NOT_CAPTURED,population_screening.csv,UNRESOLVED,NOT_CAPTURED_EXISTING_ARTIFACT_ONLY
endpoint::mamba:seq256:forward:1699:out_ptr37,ENDPOINT_UNIT,,mamba:seq256:forward:1699:out_ptr37,mamba,256,forward:graph0:add_628,NOT_MEASURED,NOT_MEASURED,NOT_MEASURED,UNRESOLVED,NOT_CAPTURED,population_screening.csv,UNRESOLVED,NOT_CAPTURED_EXISTING_ARTIFACT_ONLY
endpoint::mamba:seq256:forward:1699:out_ptr41,ENDPOINT_UNIT,,mamba:seq256:forward:1699:out_ptr41,mamba,256,forward:graph0:add_632,NOT_MEASURED,NOT_MEASURED,NOT_MEASURED,UNRESOLVED,NOT_CAPTURED,population_screening.csv,UNRESOLVED,NOT_CAPTURED_EXISTING_ARTIFACT_ONLY
endpoint::mamba:seq256:forward:1699:out_ptr42,ENDPOINT_UNIT,,mamba:seq256:forward:1699:out_ptr42,mamba,256,forward:graph0:add_633,NOT_MEASURED,NOT_MEASURED,NOT_MEASURED,UNRESOLVED,NOT_CAPTURED,population_screening.csv,UNRESOLVED,NOT_CAPTURED_EXISTING_ARTIFACT_ONLY
endpoint::mamba:seq256:forward:1699:out_ptr44,ENDPOINT_UNIT,,mamba:seq256:forward:1699:out_ptr44,mamba,256,forward:graph0:add_635,NOT_MEASURED,NOT_MEASURED,NOT_MEASURED,UNRESOLVED,NOT_CAPTURED,population_screening.csv,UNRESOLVED,NOT_CAPTURED_EXISTING_ARTIFACT_ONLY
endpoint::mamba:seq256:forward:1699:out_ptr45,ENDPOINT_UNIT,,mamba:seq256:forward:1699:out_ptr45,mamba,256,forward:graph0:add_636,NOT_MEASURED,NOT_MEASURED,NOT_MEASURED,UNRESOLVED,NOT_CAPTURED,population_screening.csv,UNRESOLVED,NOT_CAPTURED_EXISTING_ARTIFACT_ONLY
endpoint::mamba:seq256:forward:1699:out_ptr46,ENDPOINT_UNIT,,mamba:seq256:forward:1699:out_ptr46,mamba,256,forward:graph0:add_637,NOT_MEASURED,NOT_MEASURED,NOT_MEASURED,UNRESOLVED,NOT_CAPTURED,population_screening.csv,UNRESOLVED,NOT_CAPTURED_EXISTING_ARTIFACT_ONLY
endpoint::mamba:seq256:forward:1699:out_ptr47,ENDPOINT_UNIT,,mamba:seq256:forward:1699:out_ptr47,mamba,256,forward:graph0:add_638,NOT_MEASURED,NOT_MEASURED,NOT_MEASURED,UNRESOLVED,NOT_CAPTURED,population_screening.csv,UNRESOLVED,NOT_CAPTURED_EXISTING_ARTIFACT_ONLY
endpoint::mamba:seq256:forward:1699:out_ptr48,ENDPOINT_UNIT,,mamba:seq256:forward:1699:out_ptr48,mamba,256,forward:graph0:add_639,NOT_MEASURED,NOT_MEASURED,NOT_MEASURED,UNRESOLVED,NOT_CAPTURED,population_screening.csv,UNRESOLVED,NOT_CAPTURED_EXISTING_ARTIFACT_ONLY
endpoint::mamba:seq256:forward:1699:out_ptr50,ENDPOINT_UNIT,,mamba:seq256:forward:1699:out_ptr50,mamba,256,forward:graph0:add_641,NOT_MEASURED,NOT_MEASURED,NOT_MEASURED,UNRESOLVED,NOT_CAPTURED,population_screening.csv,UNRESOLVED,NOT_CAPTURED_EXISTING_ARTIFACT_ONLY
endpoint::mamba:seq256:forward:1699:out_ptr51,ENDPOINT_UNIT,,mamba:seq256:forward:1699:out_ptr51,mamba,256,forward:graph0:add_642,NOT_MEASURED,NOT_MEASURED,NOT_MEASURED,UNRESOLVED,NOT_CAPTURED,population_screening.csv,UNRESOLVED,NOT_CAPTURED_EXISTING_ARTIFACT_ONLY
endpoint::mamba:seq256:forward:1699:out_ptr52,ENDPOINT_UNIT,,mamba:seq256:forward:1699:out_ptr52,mamba,256,forward:graph0:add_643,NOT_MEASURED,NOT_MEASURED,NOT_MEASURED,UNRESOLVED,NOT_CAPTURED,population_screening.csv,UNRESOLVED,NOT_CAPTURED_EXISTING_ARTIFACT_ONLY
endpoint::mamba:seq256:forward:1699:out_ptr53,ENDPOINT_UNIT,,mamba:seq256:forward:1699:out_ptr53,mamba,256,forward:graph0:add_644,NOT_MEASURED,NOT_MEASURED,NOT_MEASURED,UNRESOLVED,NOT_CAPTURED,population_screening.csv,UNRESOLVED,NOT_CAPTURED_EXISTING_ARTIFACT_ONLY
endpoint::mamba:seq256:forward:1699:out_ptr54,ENDPOINT_UNIT,,mamba:seq256:forward:1699:out_ptr54,mamba,256,forward:graph0:add_645,NOT_MEASURED,NOT_MEASURED,NOT_MEASURED,UNRESOLVED,NOT_CAPTURED,population_screening.csv,UNRESOLVED,NOT_CAPTURED_EXISTING_ARTIFACT_ONLY
endpoint::mamba:seq256:forward:1699:out_ptr55,ENDPOINT_UNIT,,mamba:seq256:forward:1699:out_ptr55,mamba,256,forward:graph0:add_646,NOT_MEASURED,NOT_MEASURED,NOT_MEASURED,UNRESOLVED,NOT_CAPTURED,population_screening.csv,UNRESOLVED,NOT_CAPTURED_EXISTING_ARTIFACT_ONLY
endpoint::mamba:seq256:forward:1699:out_ptr56,ENDPOINT_UNIT,,mamba:seq256:forward:1699:out_ptr56,mamba,256,forward:graph0:add_647,NOT_MEASURED,NOT_MEASURED,NOT_MEASURED,UNRESOLVED,NOT_CAPTURED,population_screening.csv,UNRESOLVED,NOT_CAPTURED_EXISTING_ARTIFACT_ONLY
endpoint::mamba:seq256:forward:1699:out_ptr58,ENDPOINT_UNIT,,mamba:seq256:forward:1699:out_ptr58,mamba,256,forward:graph0:add_649,NOT_MEASURED,NOT_MEASURED,NOT_MEASURED,UNRESOLVED,NOT_CAPTURED,population_screening.csv,UNRESOLVED,NOT_CAPTURED_EXISTING_ARTIFACT_ONLY
endpoint::mamba:seq256:forward:1699:out_ptr59,ENDPOINT_UNIT,,mamba:seq256:forward:1699:out_ptr59,mamba,256,forward:graph0:add_650,NOT_MEASURED,NOT_MEASURED,NOT_MEASURED,UNRESOLVED,NOT_CAPTURED,population_screening.csv,UNRESOLVED,NOT_CAPTURED_EXISTING_ARTIFACT_ONLY
endpoint::mamba:seq256:forward:1699:out_ptr60,ENDPOINT_UNIT,,mamba:seq256:forward:1699:out_ptr60,mamba,256,forward:graph0:add_651,NOT_MEASURED,NOT_MEASURED,NOT_MEASURED,UNRESOLVED,NOT_CAPTURED,population_screening.csv,UNRESOLVED,NOT_CAPTURED_EXISTING_ARTIFACT_ONLY
endpoint::mamba:seq256:forward:1699:out_ptr61,ENDPOINT_UNIT,,mamba:seq256:forward:1699:out_ptr61,mamba,256,forward:graph0:add_652,NOT_MEASURED,NOT_MEASURED,NOT_MEASURED,UNRESOLVED,NOT_CAPTURED,population_screening.csv,UNRESOLVED,NOT_CAPTURED_EXISTING_ARTIFACT_ONLY
endpoint::mamba:seq256:forward:1699:out_ptr62,ENDPOINT_UNIT,,mamba:seq256:forward:1699:out_ptr62,mamba,256,forward:graph0:add_653,NOT_MEASURED,NOT_MEASURED,NOT_MEASURED,UNRESOLVED,NOT_CAPTURED,population_screening.csv,UNRESOLVED,NOT_CAPTURED_EXISTING_ARTIFACT_ONLY
endpoint::mamba:seq256:forward:1699:out_ptr8,ENDPOINT_UNIT,,mamba:seq256:forward:1699:out_ptr8,mamba,256,forward:graph0:add_599,NOT_MEASURED,NOT_MEASURED,NOT_MEASURED,UNRESOLVED,NOT_CAPTURED,population_screening.csv,UNRESOLVED,NOT_CAPTURED_EXISTING_ARTIFACT_ONLY
endpoint::mamba:seq256:forward:1709:output_0,ENDPOINT_UNIT,,mamba:seq256:forward:1709:output_0,mamba,256,forward:graph0:mm_default_11707,NOT_MEASURED,NOT_MEASURED,NOT_MEASURED,UNRESOLVED,NOT_CAPTURED,population_screening.csv,UNRESOLVED,NOT_CAPTURED_EXISTING_ARTIFACT_ONLY
endpoint::mamba:seq256:forward:17190:out_ptr58,ENDPOINT_UNIT,,mamba:seq256:forward:17190:out_ptr58,mamba,256,forward:graph0:add_5825,NOT_MEASURED,NOT_MEASURED,NOT_MEASURED,UNRESOLVED,NOT_CAPTURED,population_screening.csv,UNRESOLVED,NOT_CAPTURED_EXISTING_ARTIFACT_ONLY
endpoint::mamba:seq256:forward:171:output_0,ENDPOINT_UNIT,,mamba:seq256:forward:171:output_0,mamba,256,forward:graph0:mm_default_12207,NOT_MEASURED,NOT_MEASURED,NOT_MEASURED,UNRESOLVED,NOT_CAPTURED,population_screening.csv,UNRESOLVED,NOT_CAPTURED_EXISTING_ARTIFACT_ONLY
endpoint::mamba:seq256:forward:1737:output_0,ENDPOINT_UNIT,,mamba:seq256:forward:1737:output_0,mamba,256,forward:graph0:mm_default_11693,NOT_MEASURED,NOT_MEASURED,NOT_MEASURED,UNRESOLVED,NOT_CAPTURED,population_screening.csv,UNRESOLVED,NOT_CAPTURED_EXISTING_ARTIFACT_ONLY
endpoint::mamba:seq256:forward:17383:output_0,ENDPOINT_UNIT,,mamba:seq256:forward:17383:output_0,mamba,256,forward:graph0:mm_default_6560,NOT_MEASURED,NOT_MEASURED,NOT_MEASURED,UNRESOLVED,NOT_CAPTURED,population_screening.csv,NORMAL_REFERENCE,NOT_CAPTURED_EXISTING_ARTIFACT_ONLY
endpoint::mamba:seq256:forward:17522:output_0,ENDPOINT_UNIT,,mamba:seq256:forward:17522:output_0,mamba,256,forward:graph0:mm_default_6491,NOT_MEASURED,NOT_MEASURED,NOT_MEASURED,UNRESOLVED,NOT_CAPTURED,population_screening.csv,NORMAL_REFERENCE,NOT_CAPTURED_EXISTING_ARTIFACT_ONLY
endpoint::mamba:seq256:forward:17611:output_0,ENDPOINT_UNIT,,mamba:seq256:forward:17611:output_0,mamba,256,forward:graph0:mm_default_6447,NOT_MEASURED,NOT_MEASURED,NOT_MEASURED,UNRESOLVED,NOT_CAPTURED,population_screening.csv,UNRESOLVED,NOT_CAPTURED_EXISTING_ARTIFACT_ONLY
endpoint::mamba:seq256:forward:1828:out_ptr10,ENDPOINT_UNIT,,mamba:seq256:forward:1828:out_ptr10,mamba,256,forward:graph0:add_665,NOT_MEASURED,NOT_MEASURED,NOT_MEASURED,UNRESOLVED,NOT_CAPTURED,population_screening.csv,UNRESOLVED,NOT_CAPTURED_EXISTING_ARTIFACT_ONLY
endpoint::mamba:seq256:forward:1828:out_ptr11,ENDPOINT_UNIT,,mamba:seq256:forward:1828:out_ptr11,mamba,256,forward:graph0:add_666,NOT_MEASURED,NOT_MEASURED,NOT_MEASURED,UNRESOLVED,NOT_CAPTURED,population_screening.csv,UNRESOLVED,NOT_CAPTURED_EXISTING_ARTIFACT_ONLY
endpoint::mamba:seq256:forward:1828:out_ptr12,ENDPOINT_UNIT,,mamba:seq256:forward:1828:out_ptr12,mamba,256,forward:graph0:add_667,NOT_MEASURED,NOT_MEASURED,NOT_MEASURED,UNRESOLVED,NOT_CAPTURED,population_screening.csv,UNRESOLVED,NOT_CAPTURED_EXISTING_ARTIFACT_ONLY
endpoint::mamba:seq256:forward:1828:out_ptr15,ENDPOINT_UNIT,,mamba:seq256:forward:1828:out_ptr15,mamba,256,forward:graph0:add_670,NOT_MEASURED,NOT_MEASURED,NOT_MEASURED,UNRESOLVED,NOT_CAPTURED,population_screening.csv,UNRESOLVED,NOT_CAPTURED_EXISTING_ARTIFACT_ONLY
endpoint::mamba:seq256:forward:1828:out_ptr16,ENDPOINT_UNIT,,mamba:seq256:forward:1828:out_ptr16,mamba,256,forward:graph0:add_671,NOT_MEASURED,NOT_MEASURED,NOT_MEASURED,UNRESOLVED,NOT_CAPTURED,population_screening.csv,UNRESOLVED,NOT_CAPTURED_EXISTING_ARTIFACT_ONLY
endpoint::mamba:seq256:forward:1828:out_ptr17,ENDPOINT_UNIT,,mamba:seq256:forward:1828:out_ptr17,mamba,256,forward:graph0:add_672,NOT_MEASURED,NOT_MEASURED,NOT_MEASURED,UNRESOLVED,NOT_CAPTURED,population_screening.csv,UNRESOLVED,NOT_CAPTURED_EXISTING_ARTIFACT_ONLY
endpoint::mamba:seq256:forward:1828:out_ptr18,ENDPOINT_UNIT,,mamba:seq256:forward:1828:out_ptr18,mamba,256,forward:graph0:add_673,NOT_MEASURED,NOT_MEASURED,NOT_MEASURED,UNRESOLVED,NOT_CAPTURED,population_screening.csv,UNRESOLVED,NOT_CAPTURED_EXISTING_ARTIFACT_ONLY
endpoint::mamba:seq256:forward:1828:out_ptr19,ENDPOINT_UNIT,,mamba:seq256:forward:1828:out_ptr19,mamba,256,forward:graph0:add_674,NOT_MEASURED,NOT_MEASURED,NOT_MEASURED,UNRESOLVED,NOT_CAPTURED,population_screening.csv,UNRESOLVED,NOT_CAPTURED_EXISTING_ARTIFACT_ONLY
endpoint::mamba:seq256:forward:1828:out_ptr2,ENDPOINT_UNIT,,mamba:seq256:forward:1828:out_ptr2,mamba,256,forward:graph0:add_657,NOT_MEASURED,NOT_MEASURED,NOT_MEASURED,UNRESOLVED,NOT_CAPTURED,population_screening.csv,UNRESOLVED,NOT_CAPTURED_EXISTING_ARTIFACT_ONLY
endpoint::mamba:seq256:forward:1828:out_ptr20,ENDPOINT_UNIT,,mamba:seq256:forward:1828:out_ptr20,mamba,256,forward:graph0:add_675,NOT_MEASURED,NOT_MEASURED,NOT_MEASURED,UNRESOLVED,NOT_CAPTURED,population_screening.csv,UNRESOLVED,NOT_CAPTURED_EXISTING_ARTIFACT_ONLY
endpoint::mamba:seq256:forward:1828:out_ptr21,ENDPOINT_UNIT,,mamba:seq256:forward:1828:out_ptr21,mamba,256,forward:graph0:add_676,NOT_MEASURED,NOT_MEASURED,NOT_MEASURED,UNRESOLVED,NOT_CAPTURED,population_screening.csv,UNRESOLVED,NOT_CAPTURED_EXISTING_ARTIFACT_ONLY
endpoint::mamba:seq256:forward:1828:out_ptr23,ENDPOINT_UNIT,,mamba:seq256:forward:1828:out_ptr23,mamba,256,forward:graph0:add_678,NOT_MEASURED,NOT_MEASURED,NOT_MEASURED,UNRESOLVED,NOT_CAPTURED,population_screening.csv,UNRESOLVED,NOT_CAPTURED_EXISTING_ARTIFACT_ONLY
endpoint::mamba:seq256:forward:1828:out_ptr24,ENDPOINT_UNIT,,mamba:seq256:forward:1828:out_ptr24,mamba,256,forward:graph0:add_679,NOT_MEASURED,NOT_MEASURED,NOT_MEASURED,UNRESOLVED,NOT_CAPTURED,population_screening.csv,UNRESOLVED,NOT_CAPTURED_EXISTING_ARTIFACT_ONLY
endpoint::mamba:seq256:forward:1828:out_ptr25,ENDPOINT_UNIT,,mamba:seq256:forward:1828:out_ptr25,mamba,256,forward:graph0:add_680,NOT_MEASURED,NOT_MEASURED,NOT_MEASURED,UNRESOLVED,NOT_CAPTURED,population_screening.csv,UNRESOLVED,NOT_CAPTURED_EXISTING_ARTIFACT_ONLY
endpoint::mamba:seq256:forward:1828:out_ptr26,ENDPOINT_UNIT,,mamba:seq256:forward:1828:out_ptr26,mamba,256,forward:graph0:add_681,NOT_MEASURED,NOT_MEASURED,NOT_MEASURED,UNRESOLVED,NOT_CAPTURED,population_screening.csv,UNRESOLVED,NOT_CAPTURED_EXISTING_ARTIFACT_ONLY
endpoint::mamba:seq256:forward:1828:out_ptr27,ENDPOINT_UNIT,,mamba:seq256:forward:1828:out_ptr27,mamba,256,forward:graph0:add_682,NOT_MEASURED,NOT_MEASURED,NOT_MEASURED,UNRESOLVED,NOT_CAPTURED,population_screening.csv,UNRESOLVED,NOT_CAPTURED_EXISTING_ARTIFACT_ONLY
endpoint::mamba:seq256:forward:1828:out_ptr28,ENDPOINT_UNIT,,mamba:seq256:forward:1828:out_ptr28,mamba,256,forward:graph0:add_683,NOT_MEASURED,NOT_MEASURED,NOT_MEASURED,UNRESOLVED,NOT_CAPTURED,population_screening.csv,UNRESOLVED,NOT_CAPTURED_EXISTING_ARTIFACT_ONLY
endpoint::mamba:seq256:forward:1828:out_ptr29,ENDPOINT_UNIT,,mamba:seq256:forward:1828:out_ptr29,mamba,256,forward:graph0:add_684,NOT_MEASURED,NOT_MEASURED,NOT_MEASURED,UNRESOLVED,NOT_CAPTURED,population_screening.csv,UNRESOLVED,NOT_CAPTURED_EXISTING_ARTIFACT_ONLY
endpoint::mamba:seq256:forward:1828:out_ptr3,ENDPOINT_UNIT,,mamba:seq256:forward:1828:out_ptr3,mamba,256,forward:graph0:add_658,NOT_MEASURED,NOT_MEASURED,NOT_MEASURED,UNRESOLVED,NOT_CAPTURED,population_screening.csv,UNRESOLVED,NOT_CAPTURED_EXISTING_ARTIFACT_ONLY
endpoint::mamba:seq256:forward:1828:out_ptr30,ENDPOINT_UNIT,,mamba:seq256:forward:1828:out_ptr30,mamba,256,forward:graph0:add_685,NOT_MEASURED,NOT_MEASURED,NOT_MEASURED,UNRESOLVED,NOT_CAPTURED,population_screening.csv,UNRESOLVED,NOT_CAPTURED_EXISTING_ARTIFACT_ONLY
endpoint::mamba:seq256:forward:1828:out_ptr31,ENDPOINT_UNIT,,mamba:seq256:forward:1828:out_ptr31,mamba,256,forward:graph0:add_686,NOT_MEASURED,NOT_MEASURED,NOT_MEASURED,UNRESOLVED,NOT_CAPTURED,population_screening.csv,UNRESOLVED,NOT_CAPTURED_EXISTING_ARTIFACT_ONLY
endpoint::mamba:seq256:forward:1828:out_ptr32,ENDPOINT_UNIT,,mamba:seq256:forward:1828:out_ptr32,mamba,256,forward:graph0:add_687,NOT_MEASURED,NOT_MEASURED,NOT_MEASURED,UNRESOLVED,NOT_CAPTURED,population_screening.csv,UNRESOLVED,NOT_CAPTURED_EXISTING_ARTIFACT_ONLY
endpoint::mamba:seq256:forward:1828:out_ptr33,ENDPOINT_UNIT,,mamba:seq256:forward:1828:out_ptr33,mamba,256,forward:graph0:add_688,NOT_MEASURED,NOT_MEASURED,NOT_MEASURED,UNRESOLVED,NOT_CAPTURED,population_screening.csv,UNRESOLVED,NOT_CAPTURED_EXISTING_ARTIFACT_ONLY
endpoint::mamba:seq256:forward:1828:out_ptr34,ENDPOINT_UNIT,,mamba:seq256:forward:1828:out_ptr34,mamba,256,forward:graph0:add_689,NOT_MEASURED,NOT_MEASURED,NOT_MEASURED,UNRESOLVED,NOT_CAPTURED,population_screening.csv,UNRESOLVED,NOT_CAPTURED_EXISTING_ARTIFACT_ONLY
endpoint::mamba:seq256:forward:1828:out_ptr35,ENDPOINT_UNIT,,mamba:seq256:forward:1828:out_ptr35,mamba,256,forward:graph0:add_690,NOT_MEASURED,NOT_MEASURED,NOT_MEASURED,UNRESOLVED,NOT_CAPTURED,population_screening.csv,UNRESOLVED,NOT_CAPTURED_EXISTING_ARTIFACT_ONLY
endpoint::mamba:seq256:forward:1828:out_ptr36,ENDPOINT_UNIT,,mamba:seq256:forward:1828:out_ptr36,mamba,256,forward:graph0:add_691,NOT_MEASURED,NOT_MEASURED,NOT_MEASURED,UNRESOLVED,NOT_CAPTURED,population_screening.csv,UNRESOLVED,NOT_CAPTURED_EXISTING_ARTIFACT_ONLY
endpoint::mamba:seq256:forward:1828:out_ptr37,ENDPOINT_UNIT,,mamba:seq256:forward:1828:out_ptr37,mamba,256,forward:graph0:add_692,NOT_MEASURED,NOT_MEASURED,NOT_MEASURED,UNRESOLVED,NOT_CAPTURED,population_screening.csv,UNRESOLVED,NOT_CAPTURED_EXISTING_ARTIFACT_ONLY
endpoint::mamba:seq256:forward:1828:out_ptr39,ENDPOINT_UNIT,,mamba:seq256:forward:1828:out_ptr39,mamba,256,forward:graph0:add_694,NOT_MEASURED,NOT_MEASURED,NOT_MEASURED,UNRESOLVED,NOT_CAPTURED,population_screening.csv,UNRESOLVED,NOT_CAPTURED_EXISTING_ARTIFACT_ONLY
endpoint::mamba:seq256:forward:1828:out_ptr4,ENDPOINT_UNIT,,mamba:seq256:forward:1828:out_ptr4,mamba,256,forward:graph0:add_659,NOT_MEASURED,NOT_MEASURED,NOT_MEASURED,UNRESOLVED,NOT_CAPTURED,population_screening.csv,UNRESOLVED,NOT_CAPTURED_EXISTING_ARTIFACT_ONLY
endpoint::mamba:seq256:forward:1828:out_ptr41,ENDPOINT_UNIT,,mamba:seq256:forward:1828:out_ptr41,mamba,256,forward:graph0:add_696,NOT_MEASURED,NOT_MEASURED,NOT_MEASURED,UNRESOLVED,NOT_CAPTURED,population_screening.csv,UNRESOLVED,NOT_CAPTURED_EXISTING_ARTIFACT_ONLY
endpoint::mamba:seq256:forward:1828:out_ptr42,ENDPOINT_UNIT,,mamba:seq256:forward:1828:out_ptr42,mamba,256,forward:graph0:add_697,NOT_MEASURED,NOT_MEASURED,NOT_MEASURED,UNRESOLVED,NOT_CAPTURED,population_screening.csv,UNRESOLVED,NOT_CAPTURED_EXISTING_ARTIFACT_ONLY
endpoint::mamba:seq256:forward:1828:out_ptr43,ENDPOINT_UNIT,,mamba:seq256:forward:1828:out_ptr43,mamba,256,forward:graph0:add_698,NOT_MEASURED,NOT_MEASURED,NOT_MEASURED,UNRESOLVED,NOT_CAPTURED,population_screening.csv,UNRESOLVED,NOT_CAPTURED_EXISTING_ARTIFACT_ONLY
endpoint::mamba:seq256:forward:1828:out_ptr45,ENDPOINT_UNIT,,mamba:seq256:forward:1828:out_ptr45,mamba,256,forward:graph0:add_700,NOT_MEASURED,NOT_MEASURED,NOT_MEASURED,UNRESOLVED,NOT_CAPTURED,population_screening.csv,UNRESOLVED,NOT_CAPTURED_EXISTING_ARTIFACT_ONLY
endpoint::mamba:seq256:forward:1828:out_ptr46,ENDPOINT_UNIT,,mamba:seq256:forward:1828:out_ptr46,mamba,256,forward:graph0:add_701,NOT_MEASURED,NOT_MEASURED,NOT_MEASURED,UNRESOLVED,NOT_CAPTURED,population_screening.csv,UNRESOLVED,NOT_CAPTURED_EXISTING_ARTIFACT_ONLY
endpoint::mamba:seq256:forward:1828:out_ptr48,ENDPOINT_UNIT,,mamba:seq256:forward:1828:out_ptr48,mamba,256,forward:graph0:add_703,NOT_MEASURED,NOT_MEASURED,NOT_MEASURED,UNRESOLVED,NOT_CAPTURED,population_screening.csv,UNRESOLVED,NOT_CAPTURED_EXISTING_ARTIFACT_ONLY
endpoint::mamba:seq256:forward:1828:out_ptr49,ENDPOINT_UNIT,,mamba:seq256:forward:1828:out_ptr49,mamba,256,forward:graph0:add_704,NOT_MEASURED,NOT_MEASURED,NOT_MEASURED,UNRESOLVED,NOT_CAPTURED,population_screening.csv,UNRESOLVED,NOT_CAPTURED_EXISTING_ARTIFACT_ONLY
endpoint::mamba:seq256:forward:1828:out_ptr50,ENDPOINT_UNIT,,mamba:seq256:forward:1828:out_ptr50,mamba,256,forward:graph0:add_705,NOT_MEASURED,NOT_MEASURED,NOT_MEASURED,UNRESOLVED,NOT_CAPTURED,population_screening.csv,UNRESOLVED,NOT_CAPTURED_EXISTING_ARTIFACT_ONLY
endpoint::mamba:seq256:forward:1828:out_ptr51,ENDPOINT_UNIT,,mamba:seq256:forward:1828:out_ptr51,mamba,256,forward:graph0:add_706,NOT_MEASURED,NOT_MEASURED,NOT_MEASURED,UNRESOLVED,NOT_CAPTURED,population_screening.csv,UNRESOLVED,NOT_CAPTURED_EXISTING_ARTIFACT_ONLY
endpoint::mamba:seq256:forward:1828:out_ptr53,ENDPOINT_UNIT,,mamba:seq256:forward:1828:out_ptr53,mamba,256,forward:graph0:add_708,NOT_MEASURED,NOT_MEASURED,NOT_MEASURED,UNRESOLVED,NOT_CAPTURED,population_screening.csv,UNRESOLVED,NOT_CAPTURED_EXISTING_ARTIFACT_ONLY
endpoint::mamba:seq256:forward:1828:out_ptr54,ENDPOINT_UNIT,,mamba:seq256:forward:1828:out_ptr54,mamba,256,forward:graph0:add_709,NOT_MEASURED,NOT_MEASURED,NOT_MEASURED,UNRESOLVED,NOT_CAPTURED,population_screening.csv,UNRESOLVED,NOT_CAPTURED_EXISTING_ARTIFACT_ONLY
endpoint::mamba:seq256:forward:1828:out_ptr55,ENDPOINT_UNIT,,mamba:seq256:forward:1828:out_ptr55,mamba,256,forward:graph0:add_710,NOT_MEASURED,NOT_MEASURED,NOT_MEASURED,UNRESOLVED,NOT_CAPTURED,population_screening.csv,UNRESOLVED,NOT_CAPTURED_EXISTING_ARTIFACT_ONLY
endpoint::mamba:seq256:forward:1828:out_ptr56,ENDPOINT_UNIT,,mamba:seq256:forward:1828:out_ptr56,mamba,256,forward:graph0:add_711,NOT_MEASURED,NOT_MEASURED,NOT_MEASURED,UNRESOLVED,NOT_CAPTURED,population_screening.csv,UNRESOLVED,NOT_CAPTURED_EXISTING_ARTIFACT_ONLY
endpoint::mamba:seq256:forward:1828:out_ptr57,ENDPOINT_UNIT,,mamba:seq256:forward:1828:out_ptr57,mamba,256,forward:graph0:add_712,NOT_MEASURED,NOT_MEASURED,NOT_MEASURED,UNRESOLVED,NOT_CAPTURED,population_screening.csv,UNRESOLVED,NOT_CAPTURED_EXISTING_ARTIFACT_ONLY
endpoint::mamba:seq256:forward:1828:out_ptr58,ENDPOINT_UNIT,,mamba:seq256:forward:1828:out_ptr58,mamba,256,forward:graph0:add_713,NOT_MEASURED,NOT_MEASURED,NOT_MEASURED,UNRESOLVED,NOT_CAPTURED,population_screening.csv,UNRESOLVED,NOT_CAPTURED_EXISTING_ARTIFACT_ONLY
endpoint::mamba:seq256:forward:1828:out_ptr59,ENDPOINT_UNIT,,mamba:seq256:forward:1828:out_ptr59,mamba,256,forward:graph0:add_714,NOT_MEASURED,NOT_MEASURED,NOT_MEASURED,UNRESOLVED,NOT_CAPTURED,population_screening.csv,UNRESOLVED,NOT_CAPTURED_EXISTING_ARTIFACT_ONLY
endpoint::mamba:seq256:forward:1828:out_ptr60,ENDPOINT_UNIT,,mamba:seq256:forward:1828:out_ptr60,mamba,256,forward:graph0:add_715,NOT_MEASURED,NOT_MEASURED,NOT_MEASURED,UNRESOLVED,NOT_CAPTURED,population_screening.csv,UNRESOLVED,NOT_CAPTURED_EXISTING_ARTIFACT_ONLY
endpoint::mamba:seq256:forward:1828:out_ptr61,ENDPOINT_UNIT,,mamba:seq256:forward:1828:out_ptr61,mamba,256,forward:graph0:add_716,NOT_MEASURED,NOT_MEASURED,NOT_MEASURED,UNRESOLVED,NOT_CAPTURED,population_screening.csv,UNRESOLVED,NOT_CAPTURED_EXISTING_ARTIFACT_ONLY
endpoint::mamba:seq256:forward:1828:out_ptr62,ENDPOINT_UNIT,,mamba:seq256:forward:1828:out_ptr62,mamba,256,forward:graph0:add_717,NOT_MEASURED,NOT_MEASURED,NOT_MEASURED,UNRESOLVED,NOT_CAPTURED,population_screening.csv,UNRESOLVED,NOT_CAPTURED_EXISTING_ARTIFACT_ONLY
endpoint::mamba:seq256:forward:1828:out_ptr63,ENDPOINT_UNIT,,mamba:seq256:forward:1828:out_ptr63,mamba,256,forward:graph0:add_718,NOT_MEASURED,NOT_MEASURED,NOT_MEASURED,UNRESOLVED,NOT_CAPTURED,population_screening.csv,UNRESOLVED,NOT_CAPTURED_EXISTING_ARTIFACT_ONLY
endpoint::mamba:seq256:forward:1828:out_ptr7,ENDPOINT_UNIT,,mamba:seq256:forward:1828:out_ptr7,mamba,256,forward:graph0:add_662,NOT_MEASURED,NOT_MEASURED,NOT_MEASURED,UNRESOLVED,NOT_CAPTURED,population_screening.csv,UNRESOLVED,NOT_CAPTURED_EXISTING_ARTIFACT_ONLY
endpoint::mamba:seq256:forward:1828:out_ptr9,ENDPOINT_UNIT,,mamba:seq256:forward:1828:out_ptr9,mamba,256,forward:graph0:add_664,NOT_MEASURED,NOT_MEASURED,NOT_MEASURED,UNRESOLVED,NOT_CAPTURED,population_screening.csv,UNRESOLVED,NOT_CAPTURED_EXISTING_ARTIFACT_ONLY
endpoint::mamba:seq256:forward:1954:output_0,ENDPOINT_UNIT,,mamba:seq256:forward:1954:output_0,mamba,256,forward:graph0:mm_default_11585,NOT_MEASURED,NOT_MEASURED,NOT_MEASURED,UNRESOLVED,NOT_CAPTURED,population_screening.csv,UNRESOLVED,NOT_CAPTURED_EXISTING_ARTIFACT_ONLY
endpoint::mamba:seq256:forward:1956:output_0,ENDPOINT_UNIT,,mamba:seq256:forward:1956:output_0,mamba,256,forward:graph0:mm_default_11584,NOT_MEASURED,NOT_MEASURED,NOT_MEASURED,UNRESOLVED,NOT_CAPTURED,population_screening.csv,UNRESOLVED,NOT_CAPTURED_EXISTING_ARTIFACT_ONLY
endpoint::mamba:seq256:forward:1957:out_ptr0,ENDPOINT_UNIT,,mamba:seq256:forward:1957:out_ptr0,mamba,256,forward:graph0:add_719,NOT_MEASURED,NOT_MEASURED,NOT_MEASURED,UNRESOLVED,NOT_CAPTURED,population_screening.csv,UNRESOLVED,NOT_CAPTURED_EXISTING_ARTIFACT_ONLY
endpoint::mamba:seq256:forward:1957:out_ptr1,ENDPOINT_UNIT,,mamba:seq256:forward:1957:out_ptr1,mamba,256,forward:graph0:add_720,NOT_MEASURED,NOT_MEASURED,NOT_MEASURED,UNRESOLVED,NOT_CAPTURED,population_screening.csv,UNRESOLVED,NOT_CAPTURED_EXISTING_ARTIFACT_ONLY
endpoint::mamba:seq256:forward:1957:out_ptr10,ENDPOINT_UNIT,,mamba:seq256:forward:1957:out_ptr10,mamba,256,forward:graph0:add_729,NOT_MEASURED,NOT_MEASURED,NOT_MEASURED,UNRESOLVED,NOT_CAPTURED,population_screening.csv,UNRESOLVED,NOT_CAPTURED_EXISTING_ARTIFACT_ONLY
endpoint::mamba:seq256:forward:1957:out_ptr11,ENDPOINT_UNIT,,mamba:seq256:forward:1957:out_ptr11,mamba,256,forward:graph0:add_730,NOT_MEASURED,NOT_MEASURED,NOT_MEASURED,UNRESOLVED,NOT_CAPTURED,population_screening.csv,UNRESOLVED,NOT_CAPTURED_EXISTING_ARTIFACT_ONLY
endpoint::mamba:seq256:forward:1957:out_ptr12,ENDPOINT_UNIT,,mamba:seq256:forward:1957:out_ptr12,mamba,256,forward:graph0:add_731,NOT_MEASURED,NOT_MEASURED,NOT_MEASURED,UNRESOLVED,NOT_CAPTURED,population_screening.csv,UNRESOLVED,NOT_CAPTURED_EXISTING_ARTIFACT_ONLY
endpoint::mamba:seq256:forward:1957:out_ptr14,ENDPOINT_UNIT,,mamba:seq256:forward:1957:out_ptr14,mamba,256,forward:graph0:add_733,NOT_MEASURED,NOT_MEASURED,NOT_MEASURED,UNRESOLVED,NOT_CAPTURED,population_screening.csv,UNRESOLVED,NOT_CAPTURED_EXISTING_ARTIFACT_ONLY
endpoint::mamba:seq256:forward:1957:out_ptr15,ENDPOINT_UNIT,,mamba:seq256:forward:1957:out_ptr15,mamba,256,forward:graph0:add_734,NOT_MEASURED,NOT_MEASURED,NOT_MEASURED,UNRESOLVED,NOT_CAPTURED,population_screening.csv,UNRESOLVED,NOT_CAPTURED_EXISTING_ARTIFACT_ONLY
endpoint::mamba:seq256:forward:1957:out_ptr16,ENDPOINT_UNIT,,mamba:seq256:forward:1957:out_ptr16,mamba,256,forward:graph0:add_735,NOT_MEASURED,NOT_MEASURED,NOT_MEASURED,UNRESOLVED,NOT_CAPTURED,population_screening.csv,UNRESOLVED,NOT_CAPTURED_EXISTING_ARTIFACT_ONLY
endpoint::mamba:seq256:forward:1957:out_ptr17,ENDPOINT_UNIT,,mamba:seq256:forward:1957:out_ptr17,mamba,256,forward:graph0:add_736,NOT_MEASURED,NOT_MEASURED,NOT_MEASURED,UNRESOLVED,NOT_CAPTURED,population_screening.csv,UNRESOLVED,NOT_CAPTURED_EXISTING_ARTIFACT_ONLY
endpoint::mamba:seq256:forward:1957:out_ptr18,ENDPOINT_UNIT,,mamba:seq256:forward:1957:out_ptr18,mamba,256,forward:graph0:add_737,NOT_MEASURED,NOT_MEASURED,NOT_MEASURED,UNRESOLVED,NOT_CAPTURED,population_screening.csv,UNRESOLVED,NOT_CAPTURED_EXISTING_ARTIFACT_ONLY
endpoint::mamba:seq256:forward:1957:out_ptr19,ENDPOINT_UNIT,,mamba:seq256:forward:1957:out_ptr19,mamba,256,forward:graph0:add_738,NOT_MEASURED,NOT_MEASURED,NOT_MEASURED,UNRESOLVED,NOT_CAPTURED,population_screening.csv,UNRESOLVED,NOT_CAPTURED_EXISTING_ARTIFACT_ONLY
endpoint::mamba:seq256:forward:1957:out_ptr2,ENDPOINT_UNIT,,mamba:seq256:forward:1957:out_ptr2,mamba,256,forward:graph0:add_721,NOT_MEASURED,NOT_MEASURED,NOT_MEASURED,UNRESOLVED,NOT_CAPTURED,population_screening.csv,UNRESOLVED,NOT_CAPTURED_EXISTING_ARTIFACT_ONLY
endpoint::mamba:seq256:forward:1957:out_ptr20,ENDPOINT_UNIT,,mamba:seq256:forward:1957:out_ptr20,mamba,256,forward:graph0:add_739,NOT_MEASURED,NOT_MEASURED,NOT_MEASURED,UNRESOLVED,NOT_CAPTURED,population_screening.csv,UNRESOLVED,NOT_CAPTURED_EXISTING_ARTIFACT_ONLY
endpoint::mamba:seq256:forward:1957:out_ptr21,ENDPOINT_UNIT,,mamba:seq256:forward:1957:out_ptr21,mamba,256,forward:graph0:add_740,NOT_MEASURED,NOT_MEASURED,NOT_MEASURED,UNRESOLVED,NOT_CAPTURED,population_screening.csv,UNRESOLVED,NOT_CAPTURED_EXISTING_ARTIFACT_ONLY
endpoint::mamba:seq256:forward:1957:out_ptr22,ENDPOINT_UNIT,,mamba:seq256:forward:1957:out_ptr22,mamba,256,forward:graph0:add_741,NOT_MEASURED,NOT_MEASURED,NOT_MEASURED,UNRESOLVED,NOT_CAPTURED,population_screening.csv,UNRESOLVED,NOT_CAPTURED_EXISTING_ARTIFACT_ONLY
endpoint::mamba:seq256:forward:1957:out_ptr23,ENDPOINT_UNIT,,mamba:seq256:forward:1957:out_ptr23,mamba,256,forward:graph0:add_742,NOT_MEASURED,NOT_MEASURED,NOT_MEASURED,UNRESOLVED,NOT_CAPTURED,population_screening.csv,UNRESOLVED,NOT_CAPTURED_EXISTING_ARTIFACT_ONLY
endpoint::mamba:seq256:forward:1957:out_ptr24,ENDPOINT_UNIT,,mamba:seq256:forward:1957:out_ptr24,mamba,256,forward:graph0:add_743,NOT_MEASURED,NOT_MEASURED,NOT_MEASURED,UNRESOLVED,NOT_CAPTURED,population_screening.csv,UNRESOLVED,NOT_CAPTURED_EXISTING_ARTIFACT_ONLY
endpoint::mamba:seq256:forward:1957:out_ptr25,ENDPOINT_UNIT,,mamba:seq256:forward:1957:out_ptr25,mamba,256,forward:graph0:add_744,NOT_MEASURED,NOT_MEASURED,NOT_MEASURED,UNRESOLVED,NOT_CAPTURED,population_screening.csv,UNRESOLVED,NOT_CAPTURED_EXISTING_ARTIFACT_ONLY
endpoint::mamba:seq256:forward:1957:out_ptr26,ENDPOINT_UNIT,,mamba:seq256:forward:1957:out_ptr26,mamba,256,forward:graph0:add_745,NOT_MEASURED,NOT_MEASURED,NOT_MEASURED,UNRESOLVED,NOT_CAPTURED,population_screening.csv,UNRESOLVED,NOT_CAPTURED_EXISTING_ARTIFACT_ONLY
endpoint::mamba:seq256:forward:1957:out_ptr27,ENDPOINT_UNIT,,mamba:seq256:forward:1957:out_ptr27,mamba,256,forward:graph0:add_746,NOT_MEASURED,NOT_MEASURED,NOT_MEASURED,UNRESOLVED,NOT_CAPTURED,population_screening.csv,UNRESOLVED,NOT_CAPTURED_EXISTING_ARTIFACT_ONLY
endpoint::mamba:seq256:forward:1957:out_ptr28,ENDPOINT_UNIT,,mamba:seq256:forward:1957:out_ptr28,mamba,256,forward:graph0:add_747,NOT_MEASURED,NOT_MEASURED,NOT_MEASURED,UNRESOLVED,NOT_CAPTURED,population_screening.csv,UNRESOLVED,NOT_CAPTURED_EXISTING_ARTIFACT_ONLY
endpoint::mamba:seq256:forward:1957:out_ptr29,ENDPOINT_UNIT,,mamba:seq256:forward:1957:out_ptr29,mamba,256,forward:graph0:add_748,NOT_MEASURED,NOT_MEASURED,NOT_MEASURED,UNRESOLVED,NOT_CAPTURED,population_screening.csv,UNRESOLVED,NOT_CAPTURED_EXISTING_ARTIFACT_ONLY
endpoint::mamba:seq256:forward:1957:out_ptr3,ENDPOINT_UNIT,,mamba:seq256:forward:1957:out_ptr3,mamba,256,forward:graph0:add_722,NOT_MEASURED,NOT_MEASURED,NOT_MEASURED,UNRESOLVED,NOT_CAPTURED,population_screening.csv,UNRESOLVED,NOT_CAPTURED_EXISTING_ARTIFACT_ONLY
endpoint::mamba:seq256:forward:1957:out_ptr30,ENDPOINT_UNIT,,mamba:seq256:forward:1957:out_ptr30,mamba,256,forward:graph0:add_749,NOT_MEASURED,NOT_MEASURED,NOT_MEASURED,UNRESOLVED,NOT_CAPTURED,population_screening.csv,UNRESOLVED,NOT_CAPTURED_EXISTING_ARTIFACT_ONLY
endpoint::mamba:seq256:forward:1957:out_ptr31,ENDPOINT_UNIT,,mamba:seq256:forward:1957:out_ptr31,mamba,256,forward:graph0:add_750,NOT_MEASURED,NOT_MEASURED,NOT_MEASURED,UNRESOLVED,NOT_CAPTURED,population_screening.csv,UNRESOLVED,NOT_CAPTURED_EXISTING_ARTIFACT_ONLY
endpoint::mamba:seq256:forward:1957:out_ptr32,ENDPOINT_UNIT,,mamba:seq256:forward:1957:out_ptr32,mamba,256,forward:graph0:add_751,NOT_MEASURED,NOT_MEASURED,NOT_MEASURED,UNRESOLVED,NOT_CAPTURED,population_screening.csv,UNRESOLVED,NOT_CAPTURED_EXISTING_ARTIFACT_ONLY
endpoint::mamba:seq256:forward:1957:out_ptr33,ENDPOINT_UNIT,,mamba:seq256:forward:1957:out_ptr33,mamba,256,forward:graph0:add_752,NOT_MEASURED,NOT_MEASURED,NOT_MEASURED,UNRESOLVED,NOT_CAPTURED,population_screening.csv,UNRESOLVED,NOT_CAPTURED_EXISTING_ARTIFACT_ONLY
endpoint::mamba:seq256:forward:1957:out_ptr34,ENDPOINT_UNIT,,mamba:seq256:forward:1957:out_ptr34,mamba,256,forward:graph0:add_753,NOT_MEASURED,NOT_MEASURED,NOT_MEASURED,UNRESOLVED,NOT_CAPTURED,population_screening.csv,UNRESOLVED,NOT_CAPTURED_EXISTING_ARTIFACT_ONLY
endpoint::mamba:seq256:forward:1957:out_ptr36,ENDPOINT_UNIT,,mamba:seq256:forward:1957:out_ptr36,mamba,256,forward:graph0:add_755,NOT_MEASURED,NOT_MEASURED,NOT_MEASURED,UNRESOLVED,NOT_CAPTURED,population_screening.csv,UNRESOLVED,NOT_CAPTURED_EXISTING_ARTIFACT_ONLY
endpoint::mamba:seq256:forward:1957:out_ptr38,ENDPOINT_UNIT,,mamba:seq256:forward:1957:out_ptr38,mamba,256,forward:graph0:add_757,NOT_MEASURED,NOT_MEASURED,NOT_MEASURED,UNRESOLVED,NOT_CAPTURED,population_screening.csv,UNRESOLVED,NOT_CAPTURED_EXISTING_ARTIFACT_ONLY
endpoint::mamba:seq256:forward:1957:out_ptr4,ENDPOINT_UNIT,,mamba:seq256:forward:1957:out_ptr4,mamba,256,forward:graph0:add_723,NOT_MEASURED,NOT_MEASURED,NOT_MEASURED,UNRESOLVED,NOT_CAPTURED,population_screening.csv,UNRESOLVED,NOT_CAPTURED_EXISTING_ARTIFACT_ONLY
endpoint::mamba:seq256:forward:1957:out_ptr40,ENDPOINT_UNIT,,mamba:seq256:forward:1957:out_ptr40,mamba,256,forward:graph0:add_759,NOT_MEASURED,NOT_MEASURED,NOT_MEASURED,UNRESOLVED,NOT_CAPTURED,population_screening.csv,UNRESOLVED,NOT_CAPTURED_EXISTING_ARTIFACT_ONLY
endpoint::mamba:seq256:forward:1957:out_ptr41,ENDPOINT_UNIT,,mamba:seq256:forward:1957:out_ptr41,mamba,256,forward:graph0:add_760,NOT_MEASURED,NOT_MEASURED,NOT_MEASURED,UNRESOLVED,NOT_CAPTURED,population_screening.csv,UNRESOLVED,NOT_CAPTURED_EXISTING_ARTIFACT_ONLY
endpoint::mamba:seq256:forward:1957:out_ptr42,ENDPOINT_UNIT,,mamba:seq256:forward:1957:out_ptr42,mamba,256,forward:graph0:add_761,NOT_MEASURED,NOT_MEASURED,NOT_MEASURED,UNRESOLVED,NOT_CAPTURED,population_screening.csv,UNRESOLVED,NOT_CAPTURED_EXISTING_ARTIFACT_ONLY
endpoint::mamba:seq256:forward:1957:out_ptr43,ENDPOINT_UNIT,,mamba:seq256:forward:1957:out_ptr43,mamba,256,forward:graph0:add_762,NOT_MEASURED,NOT_MEASURED,NOT_MEASURED,UNRESOLVED,NOT_CAPTURED,population_screening.csv,UNRESOLVED,NOT_CAPTURED_EXISTING_ARTIFACT_ONLY
endpoint::mamba:seq256:forward:1957:out_ptr44,ENDPOINT_UNIT,,mamba:seq256:forward:1957:out_ptr44,mamba,256,forward:graph0:add_763,NOT_MEASURED,NOT_MEASURED,NOT_MEASURED,UNRESOLVED,NOT_CAPTURED,population_screening.csv,UNRESOLVED,NOT_CAPTURED_EXISTING_ARTIFACT_ONLY
endpoint::mamba:seq256:forward:1957:out_ptr45,ENDPOINT_UNIT,,mamba:seq256:forward:1957:out_ptr45,mamba,256,forward:graph0:add_764,NOT_MEASURED,NOT_MEASURED,NOT_MEASURED,UNRESOLVED,NOT_CAPTURED,population_screening.csv,UNRESOLVED,NOT_CAPTURED_EXISTING_ARTIFACT_ONLY
endpoint::mamba:seq256:forward:1957:out_ptr46,ENDPOINT_UNIT,,mamba:seq256:forward:1957:out_ptr46,mamba,256,forward:graph0:add_765,NOT_MEASURED,NOT_MEASURED,NOT_MEASURED,UNRESOLVED,NOT_CAPTURED,population_screening.csv,UNRESOLVED,NOT_CAPTURED_EXISTING_ARTIFACT_ONLY
endpoint::mamba:seq256:forward:1957:out_ptr47,ENDPOINT_UNIT,,mamba:seq256:forward:1957:out_ptr47,mamba,256,forward:graph0:add_766,NOT_MEASURED,NOT_MEASURED,NOT_MEASURED,UNRESOLVED,NOT_CAPTURED,population_screening.csv,UNRESOLVED,NOT_CAPTURED_EXISTING_ARTIFACT_ONLY
endpoint::mamba:seq256:forward:1957:out_ptr48,ENDPOINT_UNIT,,mamba:seq256:forward:1957:out_ptr48,mamba,256,forward:graph0:add_767,NOT_MEASURED,NOT_MEASURED,NOT_MEASURED,UNRESOLVED,NOT_CAPTURED,population_screening.csv,UNRESOLVED,NOT_CAPTURED_EXISTING_ARTIFACT_ONLY
endpoint::mamba:seq256:forward:1957:out_ptr49,ENDPOINT_UNIT,,mamba:seq256:forward:1957:out_ptr49,mamba,256,forward:graph0:add_768,NOT_MEASURED,NOT_MEASURED,NOT_MEASURED,UNRESOLVED,NOT_CAPTURED,population_screening.csv,UNRESOLVED,NOT_CAPTURED_EXISTING_ARTIFACT_ONLY
endpoint::mamba:seq256:forward:1957:out_ptr5,ENDPOINT_UNIT,,mamba:seq256:forward:1957:out_ptr5,mamba,256,forward:graph0:add_724,NOT_MEASURED,NOT_MEASURED,NOT_MEASURED,UNRESOLVED,NOT_CAPTURED,population_screening.csv,UNRESOLVED,NOT_CAPTURED_EXISTING_ARTIFACT_ONLY
endpoint::mamba:seq256:forward:1957:out_ptr50,ENDPOINT_UNIT,,mamba:seq256:forward:1957:out_ptr50,mamba,256,forward:graph0:add_769,NOT_MEASURED,NOT_MEASURED,NOT_MEASURED,UNRESOLVED,NOT_CAPTURED,population_screening.csv,UNRESOLVED,NOT_CAPTURED_EXISTING_ARTIFACT_ONLY
endpoint::mamba:seq256:forward:1957:out_ptr51,ENDPOINT_UNIT,,mamba:seq256:forward:1957:out_ptr51,mamba,256,forward:graph0:add_770,NOT_MEASURED,NOT_MEASURED,NOT_MEASURED,UNRESOLVED,NOT_CAPTURED,population_screening.csv,UNRESOLVED,NOT_CAPTURED_EXISTING_ARTIFACT_ONLY
endpoint::mamba:seq256:forward:1957:out_ptr52,ENDPOINT_UNIT,,mamba:seq256:forward:1957:out_ptr52,mamba,256,forward:graph0:add_771,NOT_MEASURED,NOT_MEASURED,NOT_MEASURED,UNRESOLVED,NOT_CAPTURED,population_screening.csv,UNRESOLVED,NOT_CAPTURED_EXISTING_ARTIFACT_ONLY
endpoint::mamba:seq256:forward:1957:out_ptr53,ENDPOINT_UNIT,,mamba:seq256:forward:1957:out_ptr53,mamba,256,forward:graph0:add_772,NOT_MEASURED,NOT_MEASURED,NOT_MEASURED,UNRESOLVED,NOT_CAPTURED,population_screening.csv,UNRESOLVED,NOT_CAPTURED_EXISTING_ARTIFACT_ONLY
endpoint::mamba:seq256:forward:1957:out_ptr54,ENDPOINT_UNIT,,mamba:seq256:forward:1957:out_ptr54,mamba,256,forward:graph0:add_773,NOT_MEASURED,NOT_MEASURED,NOT_MEASURED,UNRESOLVED,NOT_CAPTURED,population_screening.csv,UNRESOLVED,NOT_CAPTURED_EXISTING_ARTIFACT_ONLY
endpoint::mamba:seq256:forward:1957:out_ptr55,ENDPOINT_UNIT,,mamba:seq256:forward:1957:out_ptr55,mamba,256,forward:graph0:add_774,NOT_MEASURED,NOT_MEASURED,NOT_MEASURED,UNRESOLVED,NOT_CAPTURED,population_screening.csv,UNRESOLVED,NOT_CAPTURED_EXISTING_ARTIFACT_ONLY
endpoint::mamba:seq256:forward:1957:out_ptr56,ENDPOINT_UNIT,,mamba:seq256:forward:1957:out_ptr56,mamba,256,forward:graph0:add_775,NOT_MEASURED,NOT_MEASURED,NOT_MEASURED,UNRESOLVED,NOT_CAPTURED,population_screening.csv,UNRESOLVED,NOT_CAPTURED_EXISTING_ARTIFACT_ONLY
endpoint::mamba:seq256:forward:1957:out_ptr57,ENDPOINT_UNIT,,mamba:seq256:forward:1957:out_ptr57,mamba,256,forward:graph0:add_776,NOT_MEASURED,NOT_MEASURED,NOT_MEASURED,UNRESOLVED,NOT_CAPTURED,population_screening.csv,UNRESOLVED,NOT_CAPTURED_EXISTING_ARTIFACT_ONLY
endpoint::mamba:seq256:forward:1957:out_ptr58,ENDPOINT_UNIT,,mamba:seq256:forward:1957:out_ptr58,mamba,256,forward:graph0:add_777,NOT_MEASURED,NOT_MEASURED,NOT_MEASURED,UNRESOLVED,NOT_CAPTURED,population_screening.csv,UNRESOLVED,NOT_CAPTURED_EXISTING_ARTIFACT_ONLY
endpoint::mamba:seq256:forward:1957:out_ptr59,ENDPOINT_UNIT,,mamba:seq256:forward:1957:out_ptr59,mamba,256,forward:graph0:add_778,NOT_MEASURED,NOT_MEASURED,NOT_MEASURED,UNRESOLVED,NOT_CAPTURED,population_screening.csv,UNRESOLVED,NOT_CAPTURED_EXISTING_ARTIFACT_ONLY
endpoint::mamba:seq256:forward:1957:out_ptr6,ENDPOINT_UNIT,,mamba:seq256:forward:1957:out_ptr6,mamba,256,forward:graph0:add_725,NOT_MEASURED,NOT_MEASURED,NOT_MEASURED,UNRESOLVED,NOT_CAPTURED,population_screening.csv,UNRESOLVED,NOT_CAPTURED_EXISTING_ARTIFACT_ONLY
endpoint::mamba:seq256:forward:1957:out_ptr60,ENDPOINT_UNIT,,mamba:seq256:forward:1957:out_ptr60,mamba,256,forward:graph0:add_779,NOT_MEASURED,NOT_MEASURED,NOT_MEASURED,UNRESOLVED,NOT_CAPTURED,population_screening.csv,UNRESOLVED,NOT_CAPTURED_EXISTING_ARTIFACT_ONLY
endpoint::mamba:seq256:forward:1957:out_ptr61,ENDPOINT_UNIT,,mamba:seq256:forward:1957:out_ptr61,mamba,256,forward:graph0:add_780,NOT_MEASURED,NOT_MEASURED,NOT_MEASURED,UNRESOLVED,NOT_CAPTURED,population_screening.csv,UNRESOLVED,NOT_CAPTURED_EXISTING_ARTIFACT_ONLY
endpoint::mamba:seq256:forward:1957:out_ptr62,ENDPOINT_UNIT,,mamba:seq256:forward:1957:out_ptr62,mamba,256,forward:graph0:add_781,NOT_MEASURED,NOT_MEASURED,NOT_MEASURED,UNRESOLVED,NOT_CAPTURED,population_screening.csv,UNRESOLVED,NOT_CAPTURED_EXISTING_ARTIFACT_ONLY
endpoint::mamba:seq256:forward:1957:out_ptr7,ENDPOINT_UNIT,,mamba:seq256:forward:1957:out_ptr7,mamba,256,forward:graph0:add_726,NOT_MEASURED,NOT_MEASURED,NOT_MEASURED,UNRESOLVED,NOT_CAPTURED,population_screening.csv,UNRESOLVED,NOT_CAPTURED_EXISTING_ARTIFACT_ONLY
endpoint::mamba:seq256:forward:1957:out_ptr8,ENDPOINT_UNIT,,mamba:seq256:forward:1957:out_ptr8,mamba,256,forward:graph0:add_727,NOT_MEASURED,NOT_MEASURED,NOT_MEASURED,UNRESOLVED,NOT_CAPTURED,population_screening.csv,UNRESOLVED,NOT_CAPTURED_EXISTING_ARTIFACT_ONLY
endpoint::mamba:seq256:forward:1957:out_ptr9,ENDPOINT_UNIT,,mamba:seq256:forward:1957:out_ptr9,mamba,256,forward:graph0:add_728,NOT_MEASURED,NOT_MEASURED,NOT_MEASURED,UNRESOLVED,NOT_CAPTURED,population_screening.csv,UNRESOLVED,NOT_CAPTURED_EXISTING_ARTIFACT_ONLY
endpoint::mamba:seq256:forward:1995:output_0,ENDPOINT_UNIT,,mamba:seq256:forward:1995:output_0,mamba,256,forward:graph0:mm_default_11565,NOT_MEASURED,NOT_MEASURED,NOT_MEASURED,UNRESOLVED,NOT_CAPTURED,population_screening.csv,UNRESOLVED,NOT_CAPTURED_EXISTING_ARTIFACT_ONLY
endpoint::mamba:seq256:forward:2031:output_0,ENDPOINT_UNIT,,mamba:seq256:forward:2031:output_0,mamba,256,forward:graph0:mm_default_11547,NOT_MEASURED,NOT_MEASURED,NOT_MEASURED,UNRESOLVED,NOT_CAPTURED,population_screening.csv,NORMAL_REFERENCE,NOT_CAPTURED_EXISTING_ARTIFACT_ONLY
endpoint::mamba:seq256:forward:2532:output_0,ENDPOINT_UNIT,,mamba:seq256:forward:2532:output_0,mamba,256,forward:graph0:mm_default_11430,NOT_MEASURED,NOT_MEASURED,NOT_MEASURED,UNRESOLVED,NOT_CAPTURED,population_screening.csv,UNRESOLVED,NOT_CAPTURED_EXISTING_ARTIFACT_ONLY
endpoint::mamba:seq256:forward:266:out_ptr1,ENDPOINT_UNIT,,mamba:seq256:forward:266:out_ptr1,mamba,256,forward:graph0:add_132,NOT_MEASURED,NOT_MEASURED,NOT_MEASURED,UNRESOLVED,NOT_CAPTURED,population_screening.csv,UNRESOLVED,NOT_CAPTURED_EXISTING_ARTIFACT_ONLY
endpoint::mamba:seq256:forward:266:out_ptr11,ENDPOINT_UNIT,,mamba:seq256:forward:266:out_ptr11,mamba,256,forward:graph0:add_142,NOT_MEASURED,NOT_MEASURED,NOT_MEASURED,UNRESOLVED,NOT_CAPTURED,population_screening.csv,UNRESOLVED,NOT_CAPTURED_EXISTING_ARTIFACT_ONLY
endpoint::mamba:seq256:forward:266:out_ptr12,ENDPOINT_UNIT,,mamba:seq256:forward:266:out_ptr12,mamba,256,forward:graph0:add_143,NOT_MEASURED,NOT_MEASURED,NOT_MEASURED,UNRESOLVED,NOT_CAPTURED,population_screening.csv,UNRESOLVED,NOT_CAPTURED_EXISTING_ARTIFACT_ONLY
endpoint::mamba:seq256:forward:266:out_ptr14,ENDPOINT_UNIT,,mamba:seq256:forward:266:out_ptr14,mamba,256,forward:graph0:add_145,NOT_MEASURED,NOT_MEASURED,NOT_MEASURED,UNRESOLVED,NOT_CAPTURED,population_screening.csv,UNRESOLVED,NOT_CAPTURED_EXISTING_ARTIFACT_ONLY
endpoint::mamba:seq256:forward:266:out_ptr17,ENDPOINT_UNIT,,mamba:seq256:forward:266:out_ptr17,mamba,256,forward:graph0:add_148,NOT_MEASURED,NOT_MEASURED,NOT_MEASURED,UNRESOLVED,NOT_CAPTURED,population_screening.csv,UNRESOLVED,NOT_CAPTURED_EXISTING_ARTIFACT_ONLY
endpoint::mamba:seq256:forward:266:out_ptr2,ENDPOINT_UNIT,,mamba:seq256:forward:266:out_ptr2,mamba,256,forward:graph0:add_133,NOT_MEASURED,NOT_MEASURED,NOT_MEASURED,UNRESOLVED,NOT_CAPTURED,population_screening.csv,UNRESOLVED,NOT_CAPTURED_EXISTING_ARTIFACT_ONLY
endpoint::mamba:seq256:forward:266:out_ptr21,ENDPOINT_UNIT,,mamba:seq256:forward:266:out_ptr21,mamba,256,forward:graph0:add_152,NOT_MEASURED,NOT_MEASURED,NOT_MEASURED,UNRESOLVED,NOT_CAPTURED,population_screening.csv,UNRESOLVED,NOT_CAPTURED_EXISTING_ARTIFACT_ONLY
endpoint::mamba:seq256:forward:266:out_ptr22,ENDPOINT_UNIT,,mamba:seq256:forward:266:out_ptr22,mamba,256,forward:graph0:add_153,NOT_MEASURED,NOT_MEASURED,NOT_MEASURED,UNRESOLVED,NOT_CAPTURED,population_screening.csv,UNRESOLVED,NOT_CAPTURED_EXISTING_ARTIFACT_ONLY
endpoint::mamba:seq256:forward:266:out_ptr23,ENDPOINT_UNIT,,mamba:seq256:forward:266:out_ptr23,mamba,256,forward:graph0:add_154,NOT_MEASURED,NOT_MEASURED,NOT_MEASURED,UNRESOLVED,NOT_CAPTURED,population_screening.csv,UNRESOLVED,NOT_CAPTURED_EXISTING_ARTIFACT_ONLY
endpoint::mamba:seq256:forward:266:out_ptr24,ENDPOINT_UNIT,,mamba:seq256:forward:266:out_ptr24,mamba,256,forward:graph0:add_155,NOT_MEASURED,NOT_MEASURED,NOT_MEASURED,UNRESOLVED,NOT_CAPTURED,population_screening.csv,UNRESOLVED,NOT_CAPTURED_EXISTING_ARTIFACT_ONLY
endpoint::mamba:seq256:forward:266:out_ptr25,ENDPOINT_UNIT,,mamba:seq256:forward:266:out_ptr25,mamba,256,forward:graph0:add_156,NOT_MEASURED,NOT_MEASURED,NOT_MEASURED,UNRESOLVED,NOT_CAPTURED,population_screening.csv,UNRESOLVED,NOT_CAPTURED_EXISTING_ARTIFACT_ONLY
endpoint::mamba:seq256:forward:266:out_ptr26,ENDPOINT_UNIT,,mamba:seq256:forward:266:out_ptr26,mamba,256,forward:graph0:add_157,NOT_MEASURED,NOT_MEASURED,NOT_MEASURED,UNRESOLVED,NOT_CAPTURED,population_screening.csv,UNRESOLVED,NOT_CAPTURED_EXISTING_ARTIFACT_ONLY
endpoint::mamba:seq256:forward:266:out_ptr28,ENDPOINT_UNIT,,mamba:seq256:forward:266:out_ptr28,mamba,256,forward:graph0:add_159,NOT_MEASURED,NOT_MEASURED,NOT_MEASURED,UNRESOLVED,NOT_CAPTURED,population_screening.csv,UNRESOLVED,NOT_CAPTURED_EXISTING_ARTIFACT_ONLY
endpoint::mamba:seq256:forward:266:out_ptr29,ENDPOINT_UNIT,,mamba:seq256:forward:266:out_ptr29,mamba,256,forward:graph0:add_160,NOT_MEASURED,NOT_MEASURED,NOT_MEASURED,UNRESOLVED,NOT_CAPTURED,population_screening.csv,UNRESOLVED,NOT_CAPTURED_EXISTING_ARTIFACT_ONLY
endpoint::mamba:seq256:forward:266:out_ptr3,ENDPOINT_UNIT,,mamba:seq256:forward:266:out_ptr3,mamba,256,forward:graph0:add_134,NOT_MEASURED,NOT_MEASURED,NOT_MEASURED,UNRESOLVED,NOT_CAPTURED,population_screening.csv,UNRESOLVED,NOT_CAPTURED_EXISTING_ARTIFACT_ONLY
endpoint::mamba:seq256:forward:266:out_ptr30,ENDPOINT_UNIT,,mamba:seq256:forward:266:out_ptr30,mamba,256,forward:graph0:add_161,NOT_MEASURED,NOT_MEASURED,NOT_MEASURED,UNRESOLVED,NOT_CAPTURED,population_screening.csv,UNRESOLVED,NOT_CAPTURED_EXISTING_ARTIFACT_ONLY
endpoint::mamba:seq256:forward:266:out_ptr31,ENDPOINT_UNIT,,mamba:seq256:forward:266:out_ptr31,mamba,256,forward:graph0:add_162,NOT_MEASURED,NOT_MEASURED,NOT_MEASURED,UNRESOLVED,NOT_CAPTURED,population_screening.csv,UNRESOLVED,NOT_CAPTURED_EXISTING_ARTIFACT_ONLY
endpoint::mamba:seq256:forward:266:out_ptr32,ENDPOINT_UNIT,,mamba:seq256:forward:266:out_ptr32,mamba,256,forward:graph0:add_163,NOT_MEASURED,NOT_MEASURED,NOT_MEASURED,UNRESOLVED,NOT_CAPTURED,population_screening.csv,UNRESOLVED,NOT_CAPTURED_EXISTING_ARTIFACT_ONLY
endpoint::mamba:seq256:forward:266:out_ptr33,ENDPOINT_UNIT,,mamba:seq256:forward:266:out_ptr33,mamba,256,forward:graph0:add_164,NOT_MEASURED,NOT_MEASURED,NOT_MEASURED,UNRESOLVED,NOT_CAPTURED,population_screening.csv,UNRESOLVED,NOT_CAPTURED_EXISTING_ARTIFACT_ONLY
endpoint::mamba:seq256:forward:266:out_ptr34,ENDPOINT_UNIT,,mamba:seq256:forward:266:out_ptr34,mamba,256,forward:graph0:add_165,NOT_MEASURED,NOT_MEASURED,NOT_MEASURED,UNRESOLVED,NOT_CAPTURED,population_screening.csv,UNRESOLVED,NOT_CAPTURED_EXISTING_ARTIFACT_ONLY
endpoint::mamba:seq256:forward:266:out_ptr36,ENDPOINT_UNIT,,mamba:seq256:forward:266:out_ptr36,mamba,256,forward:graph0:add_167,NOT_MEASURED,NOT_MEASURED,NOT_MEASURED,UNRESOLVED,NOT_CAPTURED,population_screening.csv,UNRESOLVED,NOT_CAPTURED_EXISTING_ARTIFACT_ONLY
endpoint::mamba:seq256:forward:266:out_ptr37,ENDPOINT_UNIT,,mamba:seq256:forward:266:out_ptr37,mamba,256,forward:graph0:add_168,NOT_MEASURED,NOT_MEASURED,NOT_MEASURED,UNRESOLVED,NOT_CAPTURED,population_screening.csv,UNRESOLVED,NOT_CAPTURED_EXISTING_ARTIFACT_ONLY
endpoint::mamba:seq256:forward:266:out_ptr39,ENDPOINT_UNIT,,mamba:seq256:forward:266:out_ptr39,mamba,256,forward:graph0:add_170,NOT_MEASURED,NOT_MEASURED,NOT_MEASURED,UNRESOLVED,NOT_CAPTURED,population_screening.csv,UNRESOLVED,NOT_CAPTURED_EXISTING_ARTIFACT_ONLY
endpoint::mamba:seq256:forward:266:out_ptr41,ENDPOINT_UNIT,,mamba:seq256:forward:266:out_ptr41,mamba,256,forward:graph0:add_172,NOT_MEASURED,NOT_MEASURED,NOT_MEASURED,UNRESOLVED,NOT_CAPTURED,population_screening.csv,UNRESOLVED,NOT_CAPTURED_EXISTING_ARTIFACT_ONLY
endpoint::mamba:seq256:forward:266:out_ptr42,ENDPOINT_UNIT,,mamba:seq256:forward:266:out_ptr42,mamba,256,forward:graph0:add_173,NOT_MEASURED,NOT_MEASURED,NOT_MEASURED,UNRESOLVED,NOT_CAPTURED,population_screening.csv,UNRESOLVED,NOT_CAPTURED_EXISTING_ARTIFACT_ONLY
endpoint::mamba:seq256:forward:266:out_ptr44,ENDPOINT_UNIT,,mamba:seq256:forward:266:out_ptr44,mamba,256,forward:graph0:add_175,NOT_MEASURED,NOT_MEASURED,NOT_MEASURED,UNRESOLVED,NOT_CAPTURED,population_screening.csv,UNRESOLVED,NOT_CAPTURED_EXISTING_ARTIFACT_ONLY
endpoint::mamba:seq256:forward:266:out_ptr45,ENDPOINT_UNIT,,mamba:seq256:forward:266:out_ptr45,mamba,256,forward:graph0:add_176,NOT_MEASURED,NOT_MEASURED,NOT_MEASURED,UNRESOLVED,NOT_CAPTURED,population_screening.csv,UNRESOLVED,NOT_CAPTURED_EXISTING_ARTIFACT_ONLY
endpoint::mamba:seq256:forward:266:out_ptr46,ENDPOINT_UNIT,,mamba:seq256:forward:266:out_ptr46,mamba,256,forward:graph0:add_177,NOT_MEASURED,NOT_MEASURED,NOT_MEASURED,UNRESOLVED,NOT_CAPTURED,population_screening.csv,UNRESOLVED,NOT_CAPTURED_EXISTING_ARTIFACT_ONLY
endpoint::mamba:seq256:forward:266:out_ptr48,ENDPOINT_UNIT,,mamba:seq256:forward:266:out_ptr48,mamba,256,forward:graph0:add_179,NOT_MEASURED,NOT_MEASURED,NOT_MEASURED,UNRESOLVED,NOT_CAPTURED,population_screening.csv,UNRESOLVED,NOT_CAPTURED_EXISTING_ARTIFACT_ONLY
endpoint::mamba:seq256:forward:266:out_ptr53,ENDPOINT_UNIT,,mamba:seq256:forward:266:out_ptr53,mamba,256,forward:graph0:add_184,NOT_MEASURED,NOT_MEASURED,NOT_MEASURED,UNRESOLVED,NOT_CAPTURED,population_screening.csv,UNRESOLVED,NOT_CAPTURED_EXISTING_ARTIFACT_ONLY
endpoint::mamba:seq256:forward:266:out_ptr54,ENDPOINT_UNIT,,mamba:seq256:forward:266:out_ptr54,mamba,256,forward:graph0:add_185,NOT_MEASURED,NOT_MEASURED,NOT_MEASURED,UNRESOLVED,NOT_CAPTURED,population_screening.csv,UNRESOLVED,NOT_CAPTURED_EXISTING_ARTIFACT_ONLY
endpoint::mamba:seq256:forward:266:out_ptr55,ENDPOINT_UNIT,,mamba:seq256:forward:266:out_ptr55,mamba,256,forward:graph0:add_186,NOT_MEASURED,NOT_MEASURED,NOT_MEASURED,UNRESOLVED,NOT_CAPTURED,population_screening.csv,UNRESOLVED,NOT_CAPTURED_EXISTING_ARTIFACT_ONLY
endpoint::mamba:seq256:forward:266:out_ptr56,ENDPOINT_UNIT,,mamba:seq256:forward:266:out_ptr56,mamba,256,forward:graph0:add_187,NOT_MEASURED,NOT_MEASURED,NOT_MEASURED,UNRESOLVED,NOT_CAPTURED,population_screening.csv,UNRESOLVED,NOT_CAPTURED_EXISTING_ARTIFACT_ONLY
endpoint::mamba:seq256:forward:266:out_ptr57,ENDPOINT_UNIT,,mamba:seq256:forward:266:out_ptr57,mamba,256,forward:graph0:add_188,NOT_MEASURED,NOT_MEASURED,NOT_MEASURED,UNRESOLVED,NOT_CAPTURED,population_screening.csv,UNRESOLVED,NOT_CAPTURED_EXISTING_ARTIFACT_ONLY
endpoint::mamba:seq256:forward:266:out_ptr59,ENDPOINT_UNIT,,mamba:seq256:forward:266:out_ptr59,mamba,256,forward:graph0:add_190,NOT_MEASURED,NOT_MEASURED,NOT_MEASURED,UNRESOLVED,NOT_CAPTURED,population_screening.csv,UNRESOLVED,NOT_CAPTURED_EXISTING_ARTIFACT_ONLY
endpoint::mamba:seq256:forward:266:out_ptr60,ENDPOINT_UNIT,,mamba:seq256:forward:266:out_ptr60,mamba,256,forward:graph0:add_191,NOT_MEASURED,NOT_MEASURED,NOT_MEASURED,UNRESOLVED,NOT_CAPTURED,population_screening.csv,UNRESOLVED,NOT_CAPTURED_EXISTING_ARTIFACT_ONLY
endpoint::mamba:seq256:forward:266:out_ptr62,ENDPOINT_UNIT,,mamba:seq256:forward:266:out_ptr62,mamba,256,forward:graph0:add_193,NOT_MEASURED,NOT_MEASURED,NOT_MEASURED,UNRESOLVED,NOT_CAPTURED,population_screening.csv,UNRESOLVED,NOT_CAPTURED_EXISTING_ARTIFACT_ONLY
endpoint::mamba:seq256:forward:266:out_ptr63,ENDPOINT_UNIT,,mamba:seq256:forward:266:out_ptr63,mamba,256,forward:graph0:add_194,NOT_MEASURED,NOT_MEASURED,NOT_MEASURED,UNRESOLVED,NOT_CAPTURED,population_screening.csv,UNRESOLVED,NOT_CAPTURED_EXISTING_ARTIFACT_ONLY
endpoint::mamba:seq256:forward:3132:out_ptr26,ENDPOINT_UNIT,,mamba:seq256:forward:3132:out_ptr26,mamba,256,forward:graph0:add_1077,NOT_MEASURED,NOT_MEASURED,NOT_MEASURED,UNRESOLVED,NOT_CAPTURED,population_screening.csv,UNRESOLVED,NOT_CAPTURED_EXISTING_ARTIFACT_ONLY
endpoint::mamba:seq256:forward:3132:out_ptr27,ENDPOINT_UNIT,,mamba:seq256:forward:3132:out_ptr27,mamba,256,forward:graph0:add_1078,NOT_MEASURED,NOT_MEASURED,NOT_MEASURED,UNRESOLVED,NOT_CAPTURED,population_screening.csv,UNRESOLVED,NOT_CAPTURED_EXISTING_ARTIFACT_ONLY
endpoint::mamba:seq256:forward:3174:output_0,ENDPOINT_UNIT,,mamba:seq256:forward:3174:output_0,mamba,256,forward:graph0:mm_default_11243,NOT_MEASURED,NOT_MEASURED,NOT_MEASURED,UNRESOLVED,NOT_CAPTURED,population_screening.csv,NORMAL_REFERENCE,NOT_CAPTURED_EXISTING_ARTIFACT_ONLY
endpoint::mamba:seq256:forward:3230:output_0,ENDPOINT_UNIT,,mamba:seq256:forward:3230:output_0,mamba,256,forward:graph0:mm_default_11215,NOT_MEASURED,NOT_MEASURED,NOT_MEASURED,UNRESOLVED,NOT_CAPTURED,population_screening.csv,UNRESOLVED,NOT_CAPTURED_EXISTING_ARTIFACT_ONLY
endpoint::mamba:seq256:forward:3234:output_0,ENDPOINT_UNIT,,mamba:seq256:forward:3234:output_0,mamba,256,forward:graph0:mm_default_11213,NOT_MEASURED,NOT_MEASURED,NOT_MEASURED,UNRESOLVED,NOT_CAPTURED,population_screening.csv,NORMAL_REFERENCE,NOT_CAPTURED_EXISTING_ARTIFACT_ONLY
endpoint::mamba:seq256:forward:3261:out_ptr33,ENDPOINT_UNIT,,mamba:seq256:forward:3261:out_ptr33,mamba,256,forward:graph0:add_1148,NOT_MEASURED,NOT_MEASURED,NOT_MEASURED,UNRESOLVED,NOT_CAPTURED,population_screening.csv,UNRESOLVED,NOT_CAPTURED_EXISTING_ARTIFACT_ONLY
endpoint::mamba:seq256:forward:3269:output_0,ENDPOINT_UNIT,,mamba:seq256:forward:3269:output_0,mamba,256,forward:graph0:mm_default_11196,NOT_MEASURED,NOT_MEASURED,NOT_MEASURED,UNRESOLVED,NOT_CAPTURED,population_screening.csv,NORMAL_REFERENCE,NOT_CAPTURED_EXISTING_ARTIFACT_ONLY
endpoint::mamba:seq256:forward:3277:output_0,ENDPOINT_UNIT,,mamba:seq256:forward:3277:output_0,mamba,256,forward:graph0:mm_default_11192,NOT_MEASURED,NOT_MEASURED,NOT_MEASURED,UNRESOLVED,NOT_CAPTURED,population_screening.csv,UNRESOLVED,NOT_CAPTURED_EXISTING_ARTIFACT_ONLY
endpoint::mamba:seq256:forward:3293:output_0,ENDPOINT_UNIT,,mamba:seq256:forward:3293:output_0,mamba,256,forward:graph0:mm_default_11184,NOT_MEASURED,NOT_MEASURED,NOT_MEASURED,UNRESOLVED,NOT_CAPTURED,population_screening.csv,NORMAL_REFERENCE,NOT_CAPTURED_EXISTING_ARTIFACT_ONLY
endpoint::mamba:seq256:forward:3349:output_0,ENDPOINT_UNIT,,mamba:seq256:forward:3349:output_0,mamba,256,forward:graph0:mm_default_11156,NOT_MEASURED,NOT_MEASURED,NOT_MEASURED,UNRESOLVED,NOT_CAPTURED,population_screening.csv,NORMAL_REFERENCE,NOT_CAPTURED_EXISTING_ARTIFACT_ONLY
endpoint::mamba:seq256:forward:3390:out_ptr0,ENDPOINT_UNIT,,mamba:seq256:forward:3390:out_ptr0,mamba,256,forward:graph0:add_1179,NOT_MEASURED,NOT_MEASURED,NOT_MEASURED,UNRESOLVED,NOT_CAPTURED,population_screening.csv,UNRESOLVED,NOT_CAPTURED_EXISTING_ARTIFACT_ONLY
endpoint::mamba:seq256:forward:3396:output_0,ENDPOINT_UNIT,,mamba:seq256:forward:3396:output_0,mamba,256,forward:graph0:mm_default_11133,NOT_MEASURED,NOT_MEASURED,NOT_MEASURED,UNRESOLVED,NOT_CAPTURED,population_screening.csv,UNRESOLVED,NOT_CAPTURED_EXISTING_ARTIFACT_ONLY
endpoint::mamba:seq256:forward:3519:out_ptr14,ENDPOINT_UNIT,,mamba:seq256:forward:3519:out_ptr14,mamba,256,forward:graph0:add_1257,NOT_MEASURED,NOT_MEASURED,NOT_MEASURED,UNRESOLVED,NOT_CAPTURED,population_screening.csv,UNRESOLVED,NOT_CAPTURED_EXISTING_ARTIFACT_ONLY
endpoint::mamba:seq256:forward:3519:out_ptr15,ENDPOINT_UNIT,,mamba:seq256:forward:3519:out_ptr15,mamba,256,forward:graph0:add_1258,NOT_MEASURED,NOT_MEASURED,NOT_MEASURED,UNRESOLVED,NOT_CAPTURED,population_screening.csv,UNRESOLVED,NOT_CAPTURED_EXISTING_ARTIFACT_ONLY
endpoint::mamba:seq256:forward:3519:out_ptr17,ENDPOINT_UNIT,,mamba:seq256:forward:3519:out_ptr17,mamba,256,forward:graph0:add_1260,NOT_MEASURED,NOT_MEASURED,NOT_MEASURED,UNRESOLVED,NOT_CAPTURED,population_screening.csv,UNRESOLVED,NOT_CAPTURED_EXISTING_ARTIFACT_ONLY
endpoint::mamba:seq256:forward:3519:out_ptr47,ENDPOINT_UNIT,,mamba:seq256:forward:3519:out_ptr47,mamba,256,forward:graph0:add_1290,NOT_MEASURED,NOT_MEASURED,NOT_MEASURED,UNRESOLVED,NOT_CAPTURED,population_screening.csv,UNRESOLVED,NOT_CAPTURED_EXISTING_ARTIFACT_ONLY
endpoint::mamba:seq256:forward:3519:out_ptr50,ENDPOINT_UNIT,,mamba:seq256:forward:3519:out_ptr50,mamba,256,forward:graph0:add_1293,NOT_MEASURED,NOT_MEASURED,NOT_MEASURED,UNRESOLVED,NOT_CAPTURED,population_screening.csv,UNRESOLVED,NOT_CAPTURED_EXISTING_ARTIFACT_ONLY
endpoint::mamba:seq256:forward:3577:output_0,ENDPOINT_UNIT,,mamba:seq256:forward:3577:output_0,mamba,256,forward:graph0:mm_default_11043,NOT_MEASURED,NOT_MEASURED,NOT_MEASURED,UNRESOLVED,NOT_CAPTURED,population_screening.csv,NORMAL_REFERENCE,NOT_CAPTURED_EXISTING_ARTIFACT_ONLY
endpoint::mamba:seq256:forward:3913:out_ptr46,ENDPOINT_UNIT,,mamba:seq256:forward:3913:out_ptr46,mamba,256,forward:graph0:add_1359,NOT_MEASURED,NOT_MEASURED,NOT_MEASURED,UNRESOLVED,NOT_CAPTURED,population_screening.csv,UNRESOLVED,NOT_CAPTURED_EXISTING_ARTIFACT_ONLY
endpoint::mamba:seq256:forward:3913:out_ptr48,ENDPOINT_UNIT,,mamba:seq256:forward:3913:out_ptr48,mamba,256,forward:graph0:add_1361,NOT_MEASURED,NOT_MEASURED,NOT_MEASURED,UNRESOLVED,NOT_CAPTURED,population_screening.csv,UNRESOLVED,NOT_CAPTURED_EXISTING_ARTIFACT_ONLY
endpoint::mamba:seq256:forward:3913:out_ptr50,ENDPOINT_UNIT,,mamba:seq256:forward:3913:out_ptr50,mamba,256,forward:graph0:add_1363,NOT_MEASURED,NOT_MEASURED,NOT_MEASURED,UNRESOLVED,NOT_CAPTURED,population_screening.csv,UNRESOLVED,NOT_CAPTURED_EXISTING_ARTIFACT_ONLY
endpoint::mamba:seq256:forward:3913:out_ptr51,ENDPOINT_UNIT,,mamba:seq256:forward:3913:out_ptr51,mamba,256,forward:graph0:add_1364,NOT_MEASURED,NOT_MEASURED,NOT_MEASURED,UNRESOLVED,NOT_CAPTURED,population_screening.csv,UNRESOLVED,NOT_CAPTURED_EXISTING_ARTIFACT_ONLY
endpoint::mamba:seq256:forward:3913:out_ptr52,ENDPOINT_UNIT,,mamba:seq256:forward:3913:out_ptr52,mamba,256,forward:graph0:add_1365,NOT_MEASURED,NOT_MEASURED,NOT_MEASURED,UNRESOLVED,NOT_CAPTURED,population_screening.csv,UNRESOLVED,NOT_CAPTURED_EXISTING_ARTIFACT_ONLY
endpoint::mamba:seq256:forward:3913:out_ptr54,ENDPOINT_UNIT,,mamba:seq256:forward:3913:out_ptr54,mamba,256,forward:graph0:add_1367,NOT_MEASURED,NOT_MEASURED,NOT_MEASURED,UNRESOLVED,NOT_CAPTURED,population_screening.csv,UNRESOLVED,NOT_CAPTURED_EXISTING_ARTIFACT_ONLY
endpoint::mamba:seq256:forward:3913:out_ptr55,ENDPOINT_UNIT,,mamba:seq256:forward:3913:out_ptr55,mamba,256,forward:graph0:add_1368,NOT_MEASURED,NOT_MEASURED,NOT_MEASURED,UNRESOLVED,NOT_CAPTURED,population_screening.csv,UNRESOLVED,NOT_CAPTURED_EXISTING_ARTIFACT_ONLY
endpoint::mamba:seq256:forward:3913:out_ptr56,ENDPOINT_UNIT,,mamba:seq256:forward:3913:out_ptr56,mamba,256,forward:graph0:add_1369,NOT_MEASURED,NOT_MEASURED,NOT_MEASURED,UNRESOLVED,NOT_CAPTURED,population_screening.csv,UNRESOLVED,NOT_CAPTURED_EXISTING_ARTIFACT_ONLY
endpoint::mamba:seq256:forward:3913:out_ptr57,ENDPOINT_UNIT,,mamba:seq256:forward:3913:out_ptr57,mamba,256,forward:graph0:add_1370,NOT_MEASURED,NOT_MEASURED,NOT_MEASURED,UNRESOLVED,NOT_CAPTURED,population_screening.csv,UNRESOLVED,NOT_CAPTURED_EXISTING_ARTIFACT_ONLY
endpoint::mamba:seq256:forward:3913:out_ptr58,ENDPOINT_UNIT,,mamba:seq256:forward:3913:out_ptr58,mamba,256,forward:graph0:add_1371,NOT_MEASURED,NOT_MEASURED,NOT_MEASURED,UNRESOLVED,NOT_CAPTURED,population_screening.csv,UNRESOLVED,NOT_CAPTURED_EXISTING_ARTIFACT_ONLY
endpoint::mamba:seq256:forward:3913:out_ptr59,ENDPOINT_UNIT,,mamba:seq256:forward:3913:out_ptr59,mamba,256,forward:graph0:add_1372,NOT_MEASURED,NOT_MEASURED,NOT_MEASURED,UNRESOLVED,NOT_CAPTURED,population_screening.csv,UNRESOLVED,NOT_CAPTURED_EXISTING_ARTIFACT_ONLY
endpoint::mamba:seq256:forward:3913:out_ptr60,ENDPOINT_UNIT,,mamba:seq256:forward:3913:out_ptr60,mamba,256,forward:graph0:add_1373,NOT_MEASURED,NOT_MEASURED,NOT_MEASURED,UNRESOLVED,NOT_CAPTURED,population_screening.csv,UNRESOLVED,NOT_CAPTURED_EXISTING_ARTIFACT_ONLY
endpoint::mamba:seq256:forward:3913:out_ptr61,ENDPOINT_UNIT,,mamba:seq256:forward:3913:out_ptr61,mamba,256,forward:graph0:add_1374,NOT_MEASURED,NOT_MEASURED,NOT_MEASURED,UNRESOLVED,NOT_CAPTURED,population_screening.csv,UNRESOLVED,NOT_CAPTURED_EXISTING_ARTIFACT_ONLY
endpoint::mamba:seq256:forward:3913:out_ptr62,ENDPOINT_UNIT,,mamba:seq256:forward:3913:out_ptr62,mamba,256,forward:graph0:add_1375,NOT_MEASURED,NOT_MEASURED,NOT_MEASURED,UNRESOLVED,NOT_CAPTURED,population_screening.csv,UNRESOLVED,NOT_CAPTURED_EXISTING_ARTIFACT_ONLY
endpoint::mamba:seq256:forward:3913:out_ptr63,ENDPOINT_UNIT,,mamba:seq256:forward:3913:out_ptr63,mamba,256,forward:graph0:add_1376,NOT_MEASURED,NOT_MEASURED,NOT_MEASURED,UNRESOLVED,NOT_CAPTURED,population_screening.csv,UNRESOLVED,NOT_CAPTURED_EXISTING_ARTIFACT_ONLY
endpoint::mamba:seq256:forward:395:out_ptr0,ENDPOINT_UNIT,,mamba:seq256:forward:395:out_ptr0,mamba,256,forward:graph0:add_195,NOT_MEASURED,NOT_MEASURED,NOT_MEASURED,UNRESOLVED,NOT_CAPTURED,population_screening.csv,UNRESOLVED,NOT_CAPTURED_EXISTING_ARTIFACT_ONLY
endpoint::mamba:seq256:forward:395:out_ptr1,ENDPOINT_UNIT,,mamba:seq256:forward:395:out_ptr1,mamba,256,forward:graph0:add_196,NOT_MEASURED,NOT_MEASURED,NOT_MEASURED,UNRESOLVED,NOT_CAPTURED,population_screening.csv,UNRESOLVED,NOT_CAPTURED_EXISTING_ARTIFACT_ONLY
endpoint::mamba:seq256:forward:395:out_ptr10,ENDPOINT_UNIT,,mamba:seq256:forward:395:out_ptr10,mamba,256,forward:graph0:add_205,NOT_MEASURED,NOT_MEASURED,NOT_MEASURED,UNRESOLVED,NOT_CAPTURED,population_screening.csv,UNRESOLVED,NOT_CAPTURED_EXISTING_ARTIFACT_ONLY
endpoint::mamba:seq256:forward:395:out_ptr11,ENDPOINT_UNIT,,mamba:seq256:forward:395:out_ptr11,mamba,256,forward:graph0:add_206,NOT_MEASURED,NOT_MEASURED,NOT_MEASURED,UNRESOLVED,NOT_CAPTURED,population_screening.csv,UNRESOLVED,NOT_CAPTURED_EXISTING_ARTIFACT_ONLY
endpoint::mamba:seq256:forward:395:out_ptr12,ENDPOINT_UNIT,,mamba:seq256:forward:395:out_ptr12,mamba,256,forward:graph0:add_207,NOT_MEASURED,NOT_MEASURED,NOT_MEASURED,UNRESOLVED,NOT_CAPTURED,population_screening.csv,UNRESOLVED,NOT_CAPTURED_EXISTING_ARTIFACT_ONLY
endpoint::mamba:seq256:forward:395:out_ptr13,ENDPOINT_UNIT,,mamba:seq256:forward:395:out_ptr13,mamba,256,forward:graph0:add_208,NOT_MEASURED,NOT_MEASURED,NOT_MEASURED,UNRESOLVED,NOT_CAPTURED,population_screening.csv,UNRESOLVED,NOT_CAPTURED_EXISTING_ARTIFACT_ONLY
endpoint::mamba:seq256:forward:395:out_ptr14,ENDPOINT_UNIT,,mamba:seq256:forward:395:out_ptr14,mamba,256,forward:graph0:add_209,NOT_MEASURED,NOT_MEASURED,NOT_MEASURED,UNRESOLVED,NOT_CAPTURED,population_screening.csv,UNRESOLVED,NOT_CAPTURED_EXISTING_ARTIFACT_ONLY
endpoint::mamba:seq256:forward:395:out_ptr15,ENDPOINT_UNIT,,mamba:seq256:forward:395:out_ptr15,mamba,256,forward:graph0:add_210,NOT_MEASURED,NOT_MEASURED,NOT_MEASURED,UNRESOLVED,NOT_CAPTURED,population_screening.csv,UNRESOLVED,NOT_CAPTURED_EXISTING_ARTIFACT_ONLY
endpoint::mamba:seq256:forward:395:out_ptr16,ENDPOINT_UNIT,,mamba:seq256:forward:395:out_ptr16,mamba,256,forward:graph0:add_211,NOT_MEASURED,NOT_MEASURED,NOT_MEASURED,UNRESOLVED,NOT_CAPTURED,population_screening.csv,UNRESOLVED,NOT_CAPTURED_EXISTING_ARTIFACT_ONLY
endpoint::mamba:seq256:forward:395:out_ptr17,ENDPOINT_UNIT,,mamba:seq256:forward:395:out_ptr17,mamba,256,forward:graph0:add_212,NOT_MEASURED,NOT_MEASURED,NOT_MEASURED,UNRESOLVED,NOT_CAPTURED,population_screening.csv,UNRESOLVED,NOT_CAPTURED_EXISTING_ARTIFACT_ONLY
endpoint::mamba:seq256:forward:395:out_ptr19,ENDPOINT_UNIT,,mamba:seq256:forward:395:out_ptr19,mamba,256,forward:graph0:add_214,NOT_MEASURED,NOT_MEASURED,NOT_MEASURED,UNRESOLVED,NOT_CAPTURED,population_screening.csv,UNRESOLVED,NOT_CAPTURED_EXISTING_ARTIFACT_ONLY
endpoint::mamba:seq256:forward:395:out_ptr2,ENDPOINT_UNIT,,mamba:seq256:forward:395:out_ptr2,mamba,256,forward:graph0:add_197,NOT_MEASURED,NOT_MEASURED,NOT_MEASURED,UNRESOLVED,NOT_CAPTURED,population_screening.csv,UNRESOLVED,NOT_CAPTURED_EXISTING_ARTIFACT_ONLY
endpoint::mamba:seq256:forward:395:out_ptr20,ENDPOINT_UNIT,,mamba:seq256:forward:395:out_ptr20,mamba,256,forward:graph0:add_215,NOT_MEASURED,NOT_MEASURED,NOT_MEASURED,UNRESOLVED,NOT_CAPTURED,population_screening.csv,UNRESOLVED,NOT_CAPTURED_EXISTING_ARTIFACT_ONLY
endpoint::mamba:seq256:forward:395:out_ptr22,ENDPOINT_UNIT,,mamba:seq256:forward:395:out_ptr22,mamba,256,forward:graph0:add_217,NOT_MEASURED,NOT_MEASURED,NOT_MEASURED,UNRESOLVED,NOT_CAPTURED,population_screening.csv,UNRESOLVED,NOT_CAPTURED_EXISTING_ARTIFACT_ONLY
endpoint::mamba:seq256:forward:395:out_ptr23,ENDPOINT_UNIT,,mamba:seq256:forward:395:out_ptr23,mamba,256,forward:graph0:add_218,NOT_MEASURED,NOT_MEASURED,NOT_MEASURED,UNRESOLVED,NOT_CAPTURED,population_screening.csv,UNRESOLVED,NOT_CAPTURED_EXISTING_ARTIFACT_ONLY
endpoint::mamba:seq256:forward:395:out_ptr25,ENDPOINT_UNIT,,mamba:seq256:forward:395:out_ptr25,mamba,256,forward:graph0:add_220,NOT_MEASURED,NOT_MEASURED,NOT_MEASURED,UNRESOLVED,NOT_CAPTURED,population_screening.csv,UNRESOLVED,NOT_CAPTURED_EXISTING_ARTIFACT_ONLY
endpoint::mamba:seq256:forward:395:out_ptr29,ENDPOINT_UNIT,,mamba:seq256:forward:395:out_ptr29,mamba,256,forward:graph0:add_224,NOT_MEASURED,NOT_MEASURED,NOT_MEASURED,UNRESOLVED,NOT_CAPTURED,population_screening.csv,UNRESOLVED,NOT_CAPTURED_EXISTING_ARTIFACT_ONLY
endpoint::mamba:seq256:forward:395:out_ptr3,ENDPOINT_UNIT,,mamba:seq256:forward:395:out_ptr3,mamba,256,forward:graph0:add_198,NOT_MEASURED,NOT_MEASURED,NOT_MEASURED,UNRESOLVED,NOT_CAPTURED,population_screening.csv,UNRESOLVED,NOT_CAPTURED_EXISTING_ARTIFACT_ONLY
endpoint::mamba:seq256:forward:395:out_ptr30,ENDPOINT_UNIT,,mamba:seq256:forward:395:out_ptr30,mamba,256,forward:graph0:add_225,NOT_MEASURED,NOT_MEASURED,NOT_MEASURED,UNRESOLVED,NOT_CAPTURED,population_screening.csv,UNRESOLVED,NOT_CAPTURED_EXISTING_ARTIFACT_ONLY
endpoint::mamba:seq256:forward:395:out_ptr33,ENDPOINT_UNIT,,mamba:seq256:forward:395:out_ptr33,mamba,256,forward:graph0:add_228,NOT_MEASURED,NOT_MEASURED,NOT_MEASURED,UNRESOLVED,NOT_CAPTURED,population_screening.csv,UNRESOLVED,NOT_CAPTURED_EXISTING_ARTIFACT_ONLY
endpoint::mamba:seq256:forward:395:out_ptr34,ENDPOINT_UNIT,,mamba:seq256:forward:395:out_ptr34,mamba,256,forward:graph0:add_229,NOT_MEASURED,NOT_MEASURED,NOT_MEASURED,UNRESOLVED,NOT_CAPTURED,population_screening.csv,UNRESOLVED,NOT_CAPTURED_EXISTING_ARTIFACT_ONLY
endpoint::mamba:seq256:forward:395:out_ptr35,ENDPOINT_UNIT,,mamba:seq256:forward:395:out_ptr35,mamba,256,forward:graph0:add_230,NOT_MEASURED,NOT_MEASURED,NOT_MEASURED,UNRESOLVED,NOT_CAPTURED,population_screening.csv,UNRESOLVED,NOT_CAPTURED_EXISTING_ARTIFACT_ONLY
endpoint::mamba:seq256:forward:395:out_ptr37,ENDPOINT_UNIT,,mamba:seq256:forward:395:out_ptr37,mamba,256,forward:graph0:add_232,NOT_MEASURED,NOT_MEASURED,NOT_MEASURED,UNRESOLVED,NOT_CAPTURED,population_screening.csv,UNRESOLVED,NOT_CAPTURED_EXISTING_ARTIFACT_ONLY
endpoint::mamba:seq256:forward:395:out_ptr4,ENDPOINT_UNIT,,mamba:seq256:forward:395:out_ptr4,mamba,256,forward:graph0:add_199,NOT_MEASURED,NOT_MEASURED,NOT_MEASURED,UNRESOLVED,NOT_CAPTURED,population_screening.csv,UNRESOLVED,NOT_CAPTURED_EXISTING_ARTIFACT_ONLY
endpoint::mamba:seq256:forward:395:out_ptr40,ENDPOINT_UNIT,,mamba:seq256:forward:395:out_ptr40,mamba,256,forward:graph0:add_235,NOT_MEASURED,NOT_MEASURED,NOT_MEASURED,UNRESOLVED,NOT_CAPTURED,population_screening.csv,UNRESOLVED,NOT_CAPTURED_EXISTING_ARTIFACT_ONLY
endpoint::mamba:seq256:forward:395:out_ptr43,ENDPOINT_UNIT,,mamba:seq256:forward:395:out_ptr43,mamba,256,forward:graph0:add_238,NOT_MEASURED,NOT_MEASURED,NOT_MEASURED,UNRESOLVED,NOT_CAPTURED,population_screening.csv,UNRESOLVED,NOT_CAPTURED_EXISTING_ARTIFACT_ONLY
endpoint::mamba:seq256:forward:395:out_ptr44,ENDPOINT_UNIT,,mamba:seq256:forward:395:out_ptr44,mamba,256,forward:graph0:add_239,NOT_MEASURED,NOT_MEASURED,NOT_MEASURED,UNRESOLVED,NOT_CAPTURED,population_screening.csv,UNRESOLVED,NOT_CAPTURED_EXISTING_ARTIFACT_ONLY
endpoint::mamba:seq256:forward:395:out_ptr48,ENDPOINT_UNIT,,mamba:seq256:forward:395:out_ptr48,mamba,256,forward:graph0:add_243,NOT_MEASURED,NOT_MEASURED,NOT_MEASURED,UNRESOLVED,NOT_CAPTURED,population_screening.csv,UNRESOLVED,NOT_CAPTURED_EXISTING_ARTIFACT_ONLY
endpoint::mamba:seq256:forward:395:out_ptr5,ENDPOINT_UNIT,,mamba:seq256:forward:395:out_ptr5,mamba,256,forward:graph0:add_200,NOT_MEASURED,NOT_MEASURED,NOT_MEASURED,UNRESOLVED,NOT_CAPTURED,population_screening.csv,UNRESOLVED,NOT_CAPTURED_EXISTING_ARTIFACT_ONLY
endpoint::mamba:seq256:forward:395:out_ptr52,ENDPOINT_UNIT,,mamba:seq256:forward:395:out_ptr52,mamba,256,forward:graph0:add_247,NOT_MEASURED,NOT_MEASURED,NOT_MEASURED,UNRESOLVED,NOT_CAPTURED,population_screening.csv,UNRESOLVED,NOT_CAPTURED_EXISTING_ARTIFACT_ONLY
endpoint::mamba:seq256:forward:395:out_ptr54,ENDPOINT_UNIT,,mamba:seq256:forward:395:out_ptr54,mamba,256,forward:graph0:add_249,NOT_MEASURED,NOT_MEASURED,NOT_MEASURED,UNRESOLVED,NOT_CAPTURED,population_screening.csv,UNRESOLVED,NOT_CAPTURED_EXISTING_ARTIFACT_ONLY
endpoint::mamba:seq256:forward:395:out_ptr56,ENDPOINT_UNIT,,mamba:seq256:forward:395:out_ptr56,mamba,256,forward:graph0:add_251,NOT_MEASURED,NOT_MEASURED,NOT_MEASURED,UNRESOLVED,NOT_CAPTURED,population_screening.csv,UNRESOLVED,NOT_CAPTURED_EXISTING_ARTIFACT_ONLY
endpoint::mamba:seq256:forward:395:out_ptr6,ENDPOINT_UNIT,,mamba:seq256:forward:395:out_ptr6,mamba,256,forward:graph0:add_201,NOT_MEASURED,NOT_MEASURED,NOT_MEASURED,UNRESOLVED,NOT_CAPTURED,population_screening.csv,UNRESOLVED,NOT_CAPTURED_EXISTING_ARTIFACT_ONLY
endpoint::mamba:seq256:forward:395:out_ptr60,ENDPOINT_UNIT,,mamba:seq256:forward:395:out_ptr60,mamba,256,forward:graph0:add_255,NOT_MEASURED,NOT_MEASURED,NOT_MEASURED,UNRESOLVED,NOT_CAPTURED,population_screening.csv,UNRESOLVED,NOT_CAPTURED_EXISTING_ARTIFACT_ONLY
endpoint::mamba:seq256:forward:395:out_ptr61,ENDPOINT_UNIT,,mamba:seq256:forward:395:out_ptr61,mamba,256,forward:graph0:add_256,NOT_MEASURED,NOT_MEASURED,NOT_MEASURED,UNRESOLVED,NOT_CAPTURED,population_screening.csv,UNRESOLVED,NOT_CAPTURED_EXISTING_ARTIFACT_ONLY
endpoint::mamba:seq256:forward:395:out_ptr62,ENDPOINT_UNIT,,mamba:seq256:forward:395:out_ptr62,mamba,256,forward:graph0:add_257,NOT_MEASURED,NOT_MEASURED,NOT_MEASURED,UNRESOLVED,NOT_CAPTURED,population_screening.csv,UNRESOLVED,NOT_CAPTURED_EXISTING_ARTIFACT_ONLY
endpoint::mamba:seq256:forward:395:out_ptr7,ENDPOINT_UNIT,,mamba:seq256:forward:395:out_ptr7,mamba,256,forward:graph0:add_202,NOT_MEASURED,NOT_MEASURED,NOT_MEASURED,UNRESOLVED,NOT_CAPTURED,population_screening.csv,UNRESOLVED,NOT_CAPTURED_EXISTING_ARTIFACT_ONLY
endpoint::mamba:seq256:forward:395:out_ptr8,ENDPOINT_UNIT,,mamba:seq256:forward:395:out_ptr8,mamba,256,forward:graph0:add_203,NOT_MEASURED,NOT_MEASURED,NOT_MEASURED,UNRESOLVED,NOT_CAPTURED,population_screening.csv,UNRESOLVED,NOT_CAPTURED_EXISTING_ARTIFACT_ONLY
endpoint::mamba:seq256:forward:395:out_ptr9,ENDPOINT_UNIT,,mamba:seq256:forward:395:out_ptr9,mamba,256,forward:graph0:add_204,NOT_MEASURED,NOT_MEASURED,NOT_MEASURED,UNRESOLVED,NOT_CAPTURED,population_screening.csv,UNRESOLVED,NOT_CAPTURED_EXISTING_ARTIFACT_ONLY
endpoint::mamba:seq256:forward:4042:out_ptr0,ENDPOINT_UNIT,,mamba:seq256:forward:4042:out_ptr0,mamba,256,forward:graph0:add_1377,NOT_MEASURED,NOT_MEASURED,NOT_MEASURED,UNRESOLVED,NOT_CAPTURED,population_screening.csv,UNRESOLVED,NOT_CAPTURED_EXISTING_ARTIFACT_ONLY
endpoint::mamba:seq256:forward:4042:out_ptr10,ENDPOINT_UNIT,,mamba:seq256:forward:4042:out_ptr10,mamba,256,forward:graph0:add_1387,NOT_MEASURED,NOT_MEASURED,NOT_MEASURED,UNRESOLVED,NOT_CAPTURED,population_screening.csv,UNRESOLVED,NOT_CAPTURED_EXISTING_ARTIFACT_ONLY
endpoint::mamba:seq256:forward:4042:out_ptr11,ENDPOINT_UNIT,,mamba:seq256:forward:4042:out_ptr11,mamba,256,forward:graph0:add_1388,NOT_MEASURED,NOT_MEASURED,NOT_MEASURED,UNRESOLVED,NOT_CAPTURED,population_screening.csv,UNRESOLVED,NOT_CAPTURED_EXISTING_ARTIFACT_ONLY
endpoint::mamba:seq256:forward:4042:out_ptr12,ENDPOINT_UNIT,,mamba:seq256:forward:4042:out_ptr12,mamba,256,forward:graph0:add_1389,NOT_MEASURED,NOT_MEASURED,NOT_MEASURED,UNRESOLVED,NOT_CAPTURED,population_screening.csv,UNRESOLVED,NOT_CAPTURED_EXISTING_ARTIFACT_ONLY
endpoint::mamba:seq256:forward:4042:out_ptr13,ENDPOINT_UNIT,,mamba:seq256:forward:4042:out_ptr13,mamba,256,forward:graph0:add_1390,NOT_MEASURED,NOT_MEASURED,NOT_MEASURED,UNRESOLVED,NOT_CAPTURED,population_screening.csv,UNRESOLVED,NOT_CAPTURED_EXISTING_ARTIFACT_ONLY
endpoint::mamba:seq256:forward:4042:out_ptr14,ENDPOINT_UNIT,,mamba:seq256:forward:4042:out_ptr14,mamba,256,forward:graph0:add_1391,NOT_MEASURED,NOT_MEASURED,NOT_MEASURED,UNRESOLVED,NOT_CAPTURED,population_screening.csv,UNRESOLVED,NOT_CAPTURED_EXISTING_ARTIFACT_ONLY
endpoint::mamba:seq256:forward:4042:out_ptr15,ENDPOINT_UNIT,,mamba:seq256:forward:4042:out_ptr15,mamba,256,forward:graph0:add_1392,NOT_MEASURED,NOT_MEASURED,NOT_MEASURED,UNRESOLVED,NOT_CAPTURED,population_screening.csv,UNRESOLVED,NOT_CAPTURED_EXISTING_ARTIFACT_ONLY
endpoint::mamba:seq256:forward:4042:out_ptr16,ENDPOINT_UNIT,,mamba:seq256:forward:4042:out_ptr16,mamba,256,forward:graph0:add_1393,NOT_MEASURED,NOT_MEASURED,NOT_MEASURED,UNRESOLVED,NOT_CAPTURED,population_screening.csv,UNRESOLVED,NOT_CAPTURED_EXISTING_ARTIFACT_ONLY
endpoint::mamba:seq256:forward:4042:out_ptr17,ENDPOINT_UNIT,,mamba:seq256:forward:4042:out_ptr17,mamba,256,forward:graph0:add_1394,NOT_MEASURED,NOT_MEASURED,NOT_MEASURED,UNRESOLVED,NOT_CAPTURED,population_screening.csv,UNRESOLVED,NOT_CAPTURED_EXISTING_ARTIFACT_ONLY
endpoint::mamba:seq256:forward:4042:out_ptr18,ENDPOINT_UNIT,,mamba:seq256:forward:4042:out_ptr18,mamba,256,forward:graph0:add_1395,NOT_MEASURED,NOT_MEASURED,NOT_MEASURED,UNRESOLVED,NOT_CAPTURED,population_screening.csv,UNRESOLVED,NOT_CAPTURED_EXISTING_ARTIFACT_ONLY
endpoint::mamba:seq256:forward:4042:out_ptr19,ENDPOINT_UNIT,,mamba:seq256:forward:4042:out_ptr19,mamba,256,forward:graph0:add_1396,NOT_MEASURED,NOT_MEASURED,NOT_MEASURED,UNRESOLVED,NOT_CAPTURED,population_screening.csv,UNRESOLVED,NOT_CAPTURED_EXISTING_ARTIFACT_ONLY
endpoint::mamba:seq256:forward:4042:out_ptr2,ENDPOINT_UNIT,,mamba:seq256:forward:4042:out_ptr2,mamba,256,forward:graph0:add_1379,NOT_MEASURED,NOT_MEASURED,NOT_MEASURED,UNRESOLVED,NOT_CAPTURED,population_screening.csv,UNRESOLVED,NOT_CAPTURED_EXISTING_ARTIFACT_ONLY
endpoint::mamba:seq256:forward:4042:out_ptr20,ENDPOINT_UNIT,,mamba:seq256:forward:4042:out_ptr20,mamba,256,forward:graph0:add_1397,NOT_MEASURED,NOT_MEASURED,NOT_MEASURED,UNRESOLVED,NOT_CAPTURED,population_screening.csv,UNRESOLVED,NOT_CAPTURED_EXISTING_ARTIFACT_ONLY
endpoint::mamba:seq256:forward:4042:out_ptr21,ENDPOINT_UNIT,,mamba:seq256:forward:4042:out_ptr21,mamba,256,forward:graph0:add_1398,NOT_MEASURED,NOT_MEASURED,NOT_MEASURED,UNRESOLVED,NOT_CAPTURED,population_screening.csv,UNRESOLVED,NOT_CAPTURED_EXISTING_ARTIFACT_ONLY
endpoint::mamba:seq256:forward:4042:out_ptr23,ENDPOINT_UNIT,,mamba:seq256:forward:4042:out_ptr23,mamba,256,forward:graph0:add_1400,NOT_MEASURED,NOT_MEASURED,NOT_MEASURED,UNRESOLVED,NOT_CAPTURED,population_screening.csv,UNRESOLVED,NOT_CAPTURED_EXISTING_ARTIFACT_ONLY
endpoint::mamba:seq256:forward:4042:out_ptr24,ENDPOINT_UNIT,,mamba:seq256:forward:4042:out_ptr24,mamba,256,forward:graph0:add_1401,NOT_MEASURED,NOT_MEASURED,NOT_MEASURED,UNRESOLVED,NOT_CAPTURED,population_screening.csv,UNRESOLVED,NOT_CAPTURED_EXISTING_ARTIFACT_ONLY
endpoint::mamba:seq256:forward:4042:out_ptr25,ENDPOINT_UNIT,,mamba:seq256:forward:4042:out_ptr25,mamba,256,forward:graph0:add_1402,NOT_MEASURED,NOT_MEASURED,NOT_MEASURED,UNRESOLVED,NOT_CAPTURED,population_screening.csv,UNRESOLVED,NOT_CAPTURED_EXISTING_ARTIFACT_ONLY
endpoint::mamba:seq256:forward:4042:out_ptr27,ENDPOINT_UNIT,,mamba:seq256:forward:4042:out_ptr27,mamba,256,forward:graph0:add_1404,NOT_MEASURED,NOT_MEASURED,NOT_MEASURED,UNRESOLVED,NOT_CAPTURED,population_screening.csv,UNRESOLVED,NOT_CAPTURED_EXISTING_ARTIFACT_ONLY
endpoint::mamba:seq256:forward:4042:out_ptr3,ENDPOINT_UNIT,,mamba:seq256:forward:4042:out_ptr3,mamba,256,forward:graph0:add_1380,NOT_MEASURED,NOT_MEASURED,NOT_MEASURED,UNRESOLVED,NOT_CAPTURED,population_screening.csv,UNRESOLVED,NOT_CAPTURED_EXISTING_ARTIFACT_ONLY
endpoint::mamba:seq256:forward:4042:out_ptr32,ENDPOINT_UNIT,,mamba:seq256:forward:4042:out_ptr32,mamba,256,forward:graph0:add_1409,NOT_MEASURED,NOT_MEASURED,NOT_MEASURED,UNRESOLVED,NOT_CAPTURED,population_screening.csv,UNRESOLVED,NOT_CAPTURED_EXISTING_ARTIFACT_ONLY
endpoint::mamba:seq256:forward:4042:out_ptr4,ENDPOINT_UNIT,,mamba:seq256:forward:4042:out_ptr4,mamba,256,forward:graph0:add_1381,NOT_MEASURED,NOT_MEASURED,NOT_MEASURED,UNRESOLVED,NOT_CAPTURED,population_screening.csv,UNRESOLVED,NOT_CAPTURED_EXISTING_ARTIFACT_ONLY
endpoint::mamba:seq256:forward:4042:out_ptr41,ENDPOINT_UNIT,,mamba:seq256:forward:4042:out_ptr41,mamba,256,forward:graph0:add_1418,NOT_MEASURED,NOT_MEASURED,NOT_MEASURED,UNRESOLVED,NOT_CAPTURED,population_screening.csv,UNRESOLVED,NOT_CAPTURED_EXISTING_ARTIFACT_ONLY
endpoint::mamba:seq256:forward:4042:out_ptr42,ENDPOINT_UNIT,,mamba:seq256:forward:4042:out_ptr42,mamba,256,forward:graph0:add_1419,NOT_MEASURED,NOT_MEASURED,NOT_MEASURED,UNRESOLVED,NOT_CAPTURED,population_screening.csv,UNRESOLVED,NOT_CAPTURED_EXISTING_ARTIFACT_ONLY
endpoint::mamba:seq256:forward:4042:out_ptr43,ENDPOINT_UNIT,,mamba:seq256:forward:4042:out_ptr43,mamba,256,forward:graph0:add_1420,NOT_MEASURED,NOT_MEASURED,NOT_MEASURED,UNRESOLVED,NOT_CAPTURED,population_screening.csv,UNRESOLVED,NOT_CAPTURED_EXISTING_ARTIFACT_ONLY
endpoint::mamba:seq256:forward:4042:out_ptr44,ENDPOINT_UNIT,,mamba:seq256:forward:4042:out_ptr44,mamba,256,forward:graph0:add_1421,NOT_MEASURED,NOT_MEASURED,NOT_MEASURED,UNRESOLVED,NOT_CAPTURED,population_screening.csv,UNRESOLVED,NOT_CAPTURED_EXISTING_ARTIFACT_ONLY
endpoint::mamba:seq256:forward:4042:out_ptr46,ENDPOINT_UNIT,,mamba:seq256:forward:4042:out_ptr46,mamba,256,forward:graph0:add_1423,NOT_MEASURED,NOT_MEASURED,NOT_MEASURED,UNRESOLVED,NOT_CAPTURED,population_screening.csv,UNRESOLVED,NOT_CAPTURED_EXISTING_ARTIFACT_ONLY
endpoint::mamba:seq256:forward:4042:out_ptr47,ENDPOINT_UNIT,,mamba:seq256:forward:4042:out_ptr47,mamba,256,forward:graph0:add_1424,NOT_MEASURED,NOT_MEASURED,NOT_MEASURED,UNRESOLVED,NOT_CAPTURED,population_screening.csv,UNRESOLVED,NOT_CAPTURED_EXISTING_ARTIFACT_ONLY
endpoint::mamba:seq256:forward:4042:out_ptr48,ENDPOINT_UNIT,,mamba:seq256:forward:4042:out_ptr48,mamba,256,forward:graph0:add_1425,NOT_MEASURED,NOT_MEASURED,NOT_MEASURED,UNRESOLVED,NOT_CAPTURED,population_screening.csv,UNRESOLVED,NOT_CAPTURED_EXISTING_ARTIFACT_ONLY
endpoint::mamba:seq256:forward:4042:out_ptr49,ENDPOINT_UNIT,,mamba:seq256:forward:4042:out_ptr49,mamba,256,forward:graph0:add_1426,NOT_MEASURED,NOT_MEASURED,NOT_MEASURED,UNRESOLVED,NOT_CAPTURED,population_screening.csv,UNRESOLVED,NOT_CAPTURED_EXISTING_ARTIFACT_ONLY
endpoint::mamba:seq256:forward:4042:out_ptr5,ENDPOINT_UNIT,,mamba:seq256:forward:4042:out_ptr5,mamba,256,forward:graph0:add_1382,NOT_MEASURED,NOT_MEASURED,NOT_MEASURED,UNRESOLVED,NOT_CAPTURED,population_screening.csv,UNRESOLVED,NOT_CAPTURED_EXISTING_ARTIFACT_ONLY
endpoint::mamba:seq256:forward:4042:out_ptr50,ENDPOINT_UNIT,,mamba:seq256:forward:4042:out_ptr50,mamba,256,forward:graph0:add_1427,NOT_MEASURED,NOT_MEASURED,NOT_MEASURED,UNRESOLVED,NOT_CAPTURED,population_screening.csv,UNRESOLVED,NOT_CAPTURED_EXISTING_ARTIFACT_ONLY
endpoint::mamba:seq256:forward:4042:out_ptr51,ENDPOINT_UNIT,,mamba:seq256:forward:4042:out_ptr51,mamba,256,forward:graph0:add_1428,NOT_MEASURED,NOT_MEASURED,NOT_MEASURED,UNRESOLVED,NOT_CAPTURED,population_screening.csv,UNRESOLVED,NOT_CAPTURED_EXISTING_ARTIFACT_ONLY
endpoint::mamba:seq256:forward:4042:out_ptr52,ENDPOINT_UNIT,,mamba:seq256:forward:4042:out_ptr52,mamba,256,forward:graph0:add_1429,NOT_MEASURED,NOT_MEASURED,NOT_MEASURED,UNRESOLVED,NOT_CAPTURED,population_screening.csv,UNRESOLVED,NOT_CAPTURED_EXISTING_ARTIFACT_ONLY
endpoint::mamba:seq256:forward:4042:out_ptr53,ENDPOINT_UNIT,,mamba:seq256:forward:4042:out_ptr53,mamba,256,forward:graph0:add_1430,NOT_MEASURED,NOT_MEASURED,NOT_MEASURED,UNRESOLVED,NOT_CAPTURED,population_screening.csv,UNRESOLVED,NOT_CAPTURED_EXISTING_ARTIFACT_ONLY
endpoint::mamba:seq256:forward:4042:out_ptr54,ENDPOINT_UNIT,,mamba:seq256:forward:4042:out_ptr54,mamba,256,forward:graph0:add_1431,NOT_MEASURED,NOT_MEASURED,NOT_MEASURED,UNRESOLVED,NOT_CAPTURED,population_screening.csv,UNRESOLVED,NOT_CAPTURED_EXISTING_ARTIFACT_ONLY
endpoint::mamba:seq256:forward:4042:out_ptr55,ENDPOINT_UNIT,,mamba:seq256:forward:4042:out_ptr55,mamba,256,forward:graph0:add_1432,NOT_MEASURED,NOT_MEASURED,NOT_MEASURED,UNRESOLVED,NOT_CAPTURED,population_screening.csv,UNRESOLVED,NOT_CAPTURED_EXISTING_ARTIFACT_ONLY
endpoint::mamba:seq256:forward:4042:out_ptr57,ENDPOINT_UNIT,,mamba:seq256:forward:4042:out_ptr57,mamba,256,forward:graph0:add_1434,NOT_MEASURED,NOT_MEASURED,NOT_MEASURED,UNRESOLVED,NOT_CAPTURED,population_screening.csv,UNRESOLVED,NOT_CAPTURED_EXISTING_ARTIFACT_ONLY
endpoint::mamba:seq256:forward:4042:out_ptr58,ENDPOINT_UNIT,,mamba:seq256:forward:4042:out_ptr58,mamba,256,forward:graph0:add_1435,NOT_MEASURED,NOT_MEASURED,NOT_MEASURED,UNRESOLVED,NOT_CAPTURED,population_screening.csv,UNRESOLVED,NOT_CAPTURED_EXISTING_ARTIFACT_ONLY
endpoint::mamba:seq256:forward:4042:out_ptr59,ENDPOINT_UNIT,,mamba:seq256:forward:4042:out_ptr59,mamba,256,forward:graph0:add_1436,NOT_MEASURED,NOT_MEASURED,NOT_MEASURED,UNRESOLVED,NOT_CAPTURED,population_screening.csv,UNRESOLVED,NOT_CAPTURED_EXISTING_ARTIFACT_ONLY
endpoint::mamba:seq256:forward:4042:out_ptr6,ENDPOINT_UNIT,,mamba:seq256:forward:4042:out_ptr6,mamba,256,forward:graph0:add_1383,NOT_MEASURED,NOT_MEASURED,NOT_MEASURED,UNRESOLVED,NOT_CAPTURED,population_screening.csv,UNRESOLVED,NOT_CAPTURED_EXISTING_ARTIFACT_ONLY
endpoint::mamba:seq256:forward:4042:out_ptr60,ENDPOINT_UNIT,,mamba:seq256:forward:4042:out_ptr60,mamba,256,forward:graph0:add_1437,NOT_MEASURED,NOT_MEASURED,NOT_MEASURED,UNRESOLVED,NOT_CAPTURED,population_screening.csv,UNRESOLVED,NOT_CAPTURED_EXISTING_ARTIFACT_ONLY
endpoint::mamba:seq256:forward:4042:out_ptr7,ENDPOINT_UNIT,,mamba:seq256:forward:4042:out_ptr7,mamba,256,forward:graph0:add_1384,NOT_MEASURED,NOT_MEASURED,NOT_MEASURED,UNRESOLVED,NOT_CAPTURED,population_screening.csv,UNRESOLVED,NOT_CAPTURED_EXISTING_ARTIFACT_ONLY
endpoint::mamba:seq256:forward:4042:out_ptr8,ENDPOINT_UNIT,,mamba:seq256:forward:4042:out_ptr8,mamba,256,forward:graph0:add_1385,NOT_MEASURED,NOT_MEASURED,NOT_MEASURED,UNRESOLVED,NOT_CAPTURED,population_screening.csv,UNRESOLVED,NOT_CAPTURED_EXISTING_ARTIFACT_ONLY
endpoint::mamba:seq256:forward:4042:out_ptr9,ENDPOINT_UNIT,,mamba:seq256:forward:4042:out_ptr9,mamba,256,forward:graph0:add_1386,NOT_MEASURED,NOT_MEASURED,NOT_MEASURED,UNRESOLVED,NOT_CAPTURED,population_screening.csv,UNRESOLVED,NOT_CAPTURED_EXISTING_ARTIFACT_ONLY
endpoint::mamba:seq256:forward:4171:out_ptr44,ENDPOINT_UNIT,,mamba:seq256:forward:4171:out_ptr44,mamba,256,forward:graph0:add_1485,NOT_MEASURED,NOT_MEASURED,NOT_MEASURED,UNRESOLVED,NOT_CAPTURED,population_screening.csv,UNRESOLVED,NOT_CAPTURED_EXISTING_ARTIFACT_ONLY
endpoint::mamba:seq256:forward:4199:output_0,ENDPOINT_UNIT,,mamba:seq256:forward:4199:output_0,mamba,256,forward:graph0:mm_default_10866,NOT_MEASURED,NOT_MEASURED,NOT_MEASURED,UNRESOLVED,NOT_CAPTURED,population_screening.csv,NORMAL_REFERENCE,NOT_CAPTURED_EXISTING_ARTIFACT_ONLY
endpoint::mamba:seq256:forward:4233:output_0,ENDPOINT_UNIT,,mamba:seq256:forward:4233:output_0,mamba,256,forward:graph0:mm_default_10849,NOT_MEASURED,NOT_MEASURED,NOT_MEASURED,UNRESOLVED,NOT_CAPTURED,population_screening.csv,NORMAL_REFERENCE,NOT_CAPTURED_EXISTING_ARTIFACT_ONLY
endpoint::mamba:seq256:forward:4300:out_ptr10,ENDPOINT_UNIT,,mamba:seq256:forward:4300:out_ptr10,mamba,256,forward:graph0:add_1515,NOT_MEASURED,NOT_MEASURED,NOT_MEASURED,UNRESOLVED,NOT_CAPTURED,population_screening.csv,UNRESOLVED,NOT_CAPTURED_EXISTING_ARTIFACT_ONLY
endpoint::mamba:seq256:forward:4300:out_ptr11,ENDPOINT_UNIT,,mamba:seq256:forward:4300:out_ptr11,mamba,256,forward:graph0:add_1516,NOT_MEASURED,NOT_MEASURED,NOT_MEASURED,UNRESOLVED,NOT_CAPTURED,population_screening.csv,UNRESOLVED,NOT_CAPTURED_EXISTING_ARTIFACT_ONLY
endpoint::mamba:seq256:forward:4300:out_ptr12,ENDPOINT_UNIT,,mamba:seq256:forward:4300:out_ptr12,mamba,256,forward:graph0:add_1517,NOT_MEASURED,NOT_MEASURED,NOT_MEASURED,UNRESOLVED,NOT_CAPTURED,population_screening.csv,UNRESOLVED,NOT_CAPTURED_EXISTING_ARTIFACT_ONLY
endpoint::mamba:seq256:forward:4300:out_ptr14,ENDPOINT_UNIT,,mamba:seq256:forward:4300:out_ptr14,mamba,256,forward:graph0:add_1519,NOT_MEASURED,NOT_MEASURED,NOT_MEASURED,UNRESOLVED,NOT_CAPTURED,population_screening.csv,UNRESOLVED,NOT_CAPTURED_EXISTING_ARTIFACT_ONLY
endpoint::mamba:seq256:forward:4300:out_ptr19,ENDPOINT_UNIT,,mamba:seq256:forward:4300:out_ptr19,mamba,256,forward:graph0:add_1524,NOT_MEASURED,NOT_MEASURED,NOT_MEASURED,UNRESOLVED,NOT_CAPTURED,population_screening.csv,UNRESOLVED,NOT_CAPTURED_EXISTING_ARTIFACT_ONLY
endpoint::mamba:seq256:forward:4300:out_ptr20,ENDPOINT_UNIT,,mamba:seq256:forward:4300:out_ptr20,mamba,256,forward:graph0:add_1525,NOT_MEASURED,NOT_MEASURED,NOT_MEASURED,UNRESOLVED,NOT_CAPTURED,population_screening.csv,UNRESOLVED,NOT_CAPTURED_EXISTING_ARTIFACT_ONLY
endpoint::mamba:seq256:forward:4300:out_ptr23,ENDPOINT_UNIT,,mamba:seq256:forward:4300:out_ptr23,mamba,256,forward:graph0:add_1528,NOT_MEASURED,NOT_MEASURED,NOT_MEASURED,UNRESOLVED,NOT_CAPTURED,population_screening.csv,UNRESOLVED,NOT_CAPTURED_EXISTING_ARTIFACT_ONLY
endpoint::mamba:seq256:forward:4300:out_ptr25,ENDPOINT_UNIT,,mamba:seq256:forward:4300:out_ptr25,mamba,256,forward:graph0:add_1530,NOT_MEASURED,NOT_MEASURED,NOT_MEASURED,UNRESOLVED,NOT_CAPTURED,population_screening.csv,UNRESOLVED,NOT_CAPTURED_EXISTING_ARTIFACT_ONLY
endpoint::mamba:seq256:forward:4300:out_ptr26,ENDPOINT_UNIT,,mamba:seq256:forward:4300:out_ptr26,mamba,256,forward:graph0:add_1531,NOT_MEASURED,NOT_MEASURED,NOT_MEASURED,UNRESOLVED,NOT_CAPTURED,population_screening.csv,UNRESOLVED,NOT_CAPTURED_EXISTING_ARTIFACT_ONLY
endpoint::mamba:seq256:forward:4300:out_ptr41,ENDPOINT_UNIT,,mamba:seq256:forward:4300:out_ptr41,mamba,256,forward:graph0:add_1546,NOT_MEASURED,NOT_MEASURED,NOT_MEASURED,UNRESOLVED,NOT_CAPTURED,population_screening.csv,UNRESOLVED,NOT_CAPTURED_EXISTING_ARTIFACT_ONLY
endpoint::mamba:seq256:forward:4300:out_ptr9,ENDPOINT_UNIT,,mamba:seq256:forward:4300:out_ptr9,mamba,256,forward:graph0:add_1514,NOT_MEASURED,NOT_MEASURED,NOT_MEASURED,UNRESOLVED,NOT_CAPTURED,population_screening.csv,UNRESOLVED,NOT_CAPTURED_EXISTING_ARTIFACT_ONLY
endpoint::mamba:seq256:forward:4352:output_0,ENDPOINT_UNIT,,mamba:seq256:forward:4352:output_0,mamba,256,forward:graph0:mm_default_10790,NOT_MEASURED,NOT_MEASURED,NOT_MEASURED,UNRESOLVED,NOT_CAPTURED,population_screening.csv,UNRESOLVED,NOT_CAPTURED_EXISTING_ARTIFACT_ONLY
endpoint::mamba:seq256:forward:5604:out_ptr58,ENDPOINT_UNIT,,mamba:seq256:forward:5604:out_ptr58,mamba,256,forward:graph0:add_1959,NOT_MEASURED,NOT_MEASURED,NOT_MEASURED,UNRESOLVED,NOT_CAPTURED,population_screening.csv,UNRESOLVED,NOT_CAPTURED_EXISTING_ARTIFACT_ONLY
endpoint::mamba:seq256:forward:5862:out_ptr56,ENDPOINT_UNIT,,mamba:seq256:forward:5862:out_ptr56,mamba,256,forward:graph0:add_2085,NOT_MEASURED,NOT_MEASURED,NOT_MEASURED,UNRESOLVED,NOT_CAPTURED,population_screening.csv,UNRESOLVED,NOT_CAPTURED_EXISTING_ARTIFACT_ONLY
endpoint::mamba:seq256:forward:6385:out_ptr33,ENDPOINT_UNIT,,mamba:seq256:forward:6385:out_ptr33,mamba,256,forward:graph0:add_2196,NOT_MEASURED,NOT_MEASURED,NOT_MEASURED,UNRESOLVED,NOT_CAPTURED,population_screening.csv,UNRESOLVED,NOT_CAPTURED_EXISTING_ARTIFACT_ONLY
endpoint::mamba:seq256:forward:6491:output_0,ENDPOINT_UNIT,,mamba:seq256:forward:6491:output_0,mamba,256,forward:graph0:mm_default_10123,NOT_MEASURED,NOT_MEASURED,NOT_MEASURED,UNRESOLVED,NOT_CAPTURED,population_screening.csv,NORMAL_REFERENCE,NOT_CAPTURED_EXISTING_ARTIFACT_ONLY
endpoint::mamba:seq256:forward:7159:output_0,ENDPOINT_UNIT,,mamba:seq256:forward:7159:output_0,mamba,256,forward:graph0:mm_default_9923,NOT_MEASURED,NOT_MEASURED,NOT_MEASURED,UNRESOLVED,NOT_CAPTURED,population_screening.csv,NORMAL_REFERENCE,NOT_CAPTURED_EXISTING_ARTIFACT_ONLY
endpoint::mamba:seq256:forward:7419:output_0,ENDPOINT_UNIT,,mamba:seq256:forward:7419:output_0,mamba,256,forward:graph0:mm_default_9794,NOT_MEASURED,NOT_MEASURED,NOT_MEASURED,UNRESOLVED,NOT_CAPTURED,population_screening.csv,UNRESOLVED,NOT_CAPTURED_EXISTING_ARTIFACT_ONLY
endpoint::mamba:seq256:forward:7424:out_ptr18,ENDPOINT_UNIT,,mamba:seq256:forward:7424:out_ptr18,mamba,256,forward:graph0:add_2571,NOT_MEASURED,NOT_MEASURED,NOT_MEASURED,UNRESOLVED,NOT_CAPTURED,population_screening.csv,UNRESOLVED,NOT_CAPTURED_EXISTING_ARTIFACT_ONLY
endpoint::mamba:seq256:forward:7424:out_ptr19,ENDPOINT_UNIT,,mamba:seq256:forward:7424:out_ptr19,mamba,256,forward:graph0:add_2572,NOT_MEASURED,NOT_MEASURED,NOT_MEASURED,UNRESOLVED,NOT_CAPTURED,population_screening.csv,UNRESOLVED,NOT_CAPTURED_EXISTING_ARTIFACT_ONLY
endpoint::mamba:seq256:forward:7424:out_ptr22,ENDPOINT_UNIT,,mamba:seq256:forward:7424:out_ptr22,mamba,256,forward:graph0:add_2575,NOT_MEASURED,NOT_MEASURED,NOT_MEASURED,UNRESOLVED,NOT_CAPTURED,population_screening.csv,UNRESOLVED,NOT_CAPTURED_EXISTING_ARTIFACT_ONLY
endpoint::mamba:seq256:forward:7424:out_ptr23,ENDPOINT_UNIT,,mamba:seq256:forward:7424:out_ptr23,mamba,256,forward:graph0:add_2576,NOT_MEASURED,NOT_MEASURED,NOT_MEASURED,UNRESOLVED,NOT_CAPTURED,population_screening.csv,UNRESOLVED,NOT_CAPTURED_EXISTING_ARTIFACT_ONLY
endpoint::mamba:seq256:forward:789:out_ptr11,ENDPOINT_UNIT,,mamba:seq256:forward:789:out_ptr11,mamba,256,forward:graph0:add_276,NOT_MEASURED,NOT_MEASURED,NOT_MEASURED,UNRESOLVED,NOT_CAPTURED,population_screening.csv,UNRESOLVED,NOT_CAPTURED_EXISTING_ARTIFACT_ONLY
endpoint::mamba:seq256:forward:789:out_ptr17,ENDPOINT_UNIT,,mamba:seq256:forward:789:out_ptr17,mamba,256,forward:graph0:add_282,NOT_MEASURED,NOT_MEASURED,NOT_MEASURED,UNRESOLVED,NOT_CAPTURED,population_screening.csv,UNRESOLVED,NOT_CAPTURED_EXISTING_ARTIFACT_ONLY
endpoint::mamba:seq256:forward:789:out_ptr56,ENDPOINT_UNIT,,mamba:seq256:forward:789:out_ptr56,mamba,256,forward:graph0:add_321,NOT_MEASURED,NOT_MEASURED,NOT_MEASURED,UNRESOLVED,NOT_CAPTURED,population_screening.csv,UNRESOLVED,NOT_CAPTURED_EXISTING_ARTIFACT_ONLY
endpoint::mamba:seq256:forward:789:out_ptr61,ENDPOINT_UNIT,,mamba:seq256:forward:789:out_ptr61,mamba,256,forward:graph0:add_326,NOT_MEASURED,NOT_MEASURED,NOT_MEASURED,UNRESOLVED,NOT_CAPTURED,population_screening.csv,UNRESOLVED,NOT_CAPTURED_EXISTING_ARTIFACT_ONLY
endpoint::mamba:seq256:forward:789:out_ptr62,ENDPOINT_UNIT,,mamba:seq256:forward:789:out_ptr62,mamba,256,forward:graph0:add_327,NOT_MEASURED,NOT_MEASURED,NOT_MEASURED,UNRESOLVED,NOT_CAPTURED,population_screening.csv,UNRESOLVED,NOT_CAPTURED_EXISTING_ARTIFACT_ONLY
endpoint::mamba:seq256:forward:789:out_ptr63,ENDPOINT_UNIT,,mamba:seq256:forward:789:out_ptr63,mamba,256,forward:graph0:add_328,NOT_MEASURED,NOT_MEASURED,NOT_MEASURED,UNRESOLVED,NOT_CAPTURED,population_screening.csv,UNRESOLVED,NOT_CAPTURED_EXISTING_ARTIFACT_ONLY
endpoint::mamba:seq256:forward:7914:output_0,ENDPOINT_UNIT,,mamba:seq256:forward:7914:output_0,mamba,256,forward:graph0:mm_default_9680,NOT_MEASURED,NOT_MEASURED,NOT_MEASURED,UNRESOLVED,NOT_CAPTURED,population_screening.csv,NORMAL_REFERENCE,NOT_CAPTURED_EXISTING_ARTIFACT_ONLY
endpoint::mamba:seq256:forward:7947:out_ptr22,ENDPOINT_UNIT,,mamba:seq256:forward:7947:out_ptr22,mamba,256,forward:graph0:add_2709,NOT_MEASURED,NOT_MEASURED,NOT_MEASURED,UNRESOLVED,NOT_CAPTURED,population_screening.csv,UNRESOLVED,NOT_CAPTURED_EXISTING_ARTIFACT_ONLY
endpoint::mamba:seq256:forward:7989:output_0,ENDPOINT_UNIT,,mamba:seq256:forward:7989:output_0,mamba,256,forward:graph0:mm_default_9643,NOT_MEASURED,NOT_MEASURED,NOT_MEASURED,UNRESOLVED,NOT_CAPTURED,population_screening.csv,NORMAL_REFERENCE,NOT_CAPTURED_EXISTING_ARTIFACT_ONLY
endpoint::mamba:seq256:forward:803:output_0,ENDPOINT_UNIT,,mamba:seq256:forward:803:output_0,mamba,256,forward:graph0:mm_default_12025,NOT_MEASURED,NOT_MEASURED,NOT_MEASURED,UNRESOLVED,NOT_CAPTURED,population_screening.csv,NORMAL_REFERENCE,NOT_CAPTURED_EXISTING_ARTIFACT_ONLY
endpoint::mamba:seq256:forward:8104:output_0,ENDPOINT_UNIT,,mamba:seq256:forward:8104:output_0,mamba,256,forward:graph0:mm_default_9586,NOT_MEASURED,NOT_MEASURED,NOT_MEASURED,UNRESOLVED,NOT_CAPTURED,population_screening.csv,NORMAL_REFERENCE,NOT_CAPTURED_EXISTING_ARTIFACT_ONLY
endpoint::mamba:seq256:forward:8265:output_0,ENDPOINT_UNIT,,mamba:seq256:forward:8265:output_0,mamba,256,forward:graph0:mm_default_9506,NOT_MEASURED,NOT_MEASURED,NOT_MEASURED,UNRESOLVED,NOT_CAPTURED,population_screening.csv,NORMAL_REFERENCE,NOT_CAPTURED_EXISTING_ARTIFACT_ONLY
endpoint::mamba:seq256:forward:8267:output_0,ENDPOINT_UNIT,,mamba:seq256:forward:8267:output_0,mamba,256,forward:graph0:mm_default_9505,NOT_MEASURED,NOT_MEASURED,NOT_MEASURED,UNRESOLVED,NOT_CAPTURED,population_screening.csv,NORMAL_REFERENCE,NOT_CAPTURED_EXISTING_ARTIFACT_ONLY
endpoint::mamba:seq256:forward:8727:output_0,ENDPOINT_UNIT,,mamba:seq256:forward:8727:output_0,mamba,256,forward:graph0:mm_default_9408,NOT_MEASURED,NOT_MEASURED,NOT_MEASURED,UNRESOLVED,NOT_CAPTURED,population_screening.csv,NORMAL_REFERENCE,NOT_CAPTURED_EXISTING_ARTIFACT_ONLY
endpoint::mamba:seq256:forward:893:output_0,ENDPOINT_UNIT,,mamba:seq256:forward:893:output_0,mamba,256,forward:graph0:mm_default_11980,NOT_MEASURED,NOT_MEASURED,NOT_MEASURED,UNRESOLVED,NOT_CAPTURED,population_screening.csv,UNRESOLVED,NOT_CAPTURED_EXISTING_ARTIFACT_ONLY
endpoint::mamba:seq256:forward:8986:out_ptr47,ENDPOINT_UNIT,,mamba:seq256:forward:8986:out_ptr47,mamba,256,forward:graph0:add_3124,NOT_MEASURED,NOT_MEASURED,NOT_MEASURED,UNRESOLVED,NOT_CAPTURED,population_screening.csv,UNRESOLVED,NOT_CAPTURED_EXISTING_ARTIFACT_ONLY
endpoint::mamba:seq256:forward:8986:out_ptr49,ENDPOINT_UNIT,,mamba:seq256:forward:8986:out_ptr49,mamba,256,forward:graph0:add_3126,NOT_MEASURED,NOT_MEASURED,NOT_MEASURED,UNRESOLVED,NOT_CAPTURED,population_screening.csv,UNRESOLVED,NOT_CAPTURED_EXISTING_ARTIFACT_ONLY
endpoint::mamba:seq256:forward:8986:out_ptr50,ENDPOINT_UNIT,,mamba:seq256:forward:8986:out_ptr50,mamba,256,forward:graph0:add_3127,NOT_MEASURED,NOT_MEASURED,NOT_MEASURED,UNRESOLVED,NOT_CAPTURED,population_screening.csv,UNRESOLVED,NOT_CAPTURED_EXISTING_ARTIFACT_ONLY
endpoint::mamba:seq256:forward:8986:out_ptr51,ENDPOINT_UNIT,,mamba:seq256:forward:8986:out_ptr51,mamba,256,forward:graph0:add_3128,NOT_MEASURED,NOT_MEASURED,NOT_MEASURED,UNRESOLVED,NOT_CAPTURED,population_screening.csv,UNRESOLVED,NOT_CAPTURED_EXISTING_ARTIFACT_ONLY
endpoint::mamba:seq256:forward:9106:output_0,ENDPOINT_UNIT,,mamba:seq256:forward:9106:output_0,mamba,256,forward:graph0:mm_default_9220,NOT_MEASURED,NOT_MEASURED,NOT_MEASURED,UNRESOLVED,NOT_CAPTURED,population_screening.csv,NORMAL_REFERENCE,NOT_CAPTURED_EXISTING_ARTIFACT_ONLY
endpoint::mamba:seq256:forward:918:out_ptr0,ENDPOINT_UNIT,,mamba:seq256:forward:918:out_ptr0,mamba,256,forward:graph0:add_329,NOT_MEASURED,NOT_MEASURED,NOT_MEASURED,UNRESOLVED,NOT_CAPTURED,population_screening.csv,UNRESOLVED,NOT_CAPTURED_EXISTING_ARTIFACT_ONLY
endpoint::mamba:seq256:forward:918:out_ptr1,ENDPOINT_UNIT,,mamba:seq256:forward:918:out_ptr1,mamba,256,forward:graph0:add_330,NOT_MEASURED,NOT_MEASURED,NOT_MEASURED,UNRESOLVED,NOT_CAPTURED,population_screening.csv,UNRESOLVED,NOT_CAPTURED_EXISTING_ARTIFACT_ONLY
endpoint::mamba:seq256:forward:918:out_ptr10,ENDPOINT_UNIT,,mamba:seq256:forward:918:out_ptr10,mamba,256,forward:graph0:add_339,NOT_MEASURED,NOT_MEASURED,NOT_MEASURED,UNRESOLVED,NOT_CAPTURED,population_screening.csv,UNRESOLVED,NOT_CAPTURED_EXISTING_ARTIFACT_ONLY
endpoint::mamba:seq256:forward:918:out_ptr12,ENDPOINT_UNIT,,mamba:seq256:forward:918:out_ptr12,mamba,256,forward:graph0:add_341,NOT_MEASURED,NOT_MEASURED,NOT_MEASURED,UNRESOLVED,NOT_CAPTURED,population_screening.csv,UNRESOLVED,NOT_CAPTURED_EXISTING_ARTIFACT_ONLY
endpoint::mamba:seq256:forward:918:out_ptr13,ENDPOINT_UNIT,,mamba:seq256:forward:918:out_ptr13,mamba,256,forward:graph0:add_342,NOT_MEASURED,NOT_MEASURED,NOT_MEASURED,UNRESOLVED,NOT_CAPTURED,population_screening.csv,UNRESOLVED,NOT_CAPTURED_EXISTING_ARTIFACT_ONLY
endpoint::mamba:seq256:forward:918:out_ptr14,ENDPOINT_UNIT,,mamba:seq256:forward:918:out_ptr14,mamba,256,forward:graph0:add_343,NOT_MEASURED,NOT_MEASURED,NOT_MEASURED,UNRESOLVED,NOT_CAPTURED,population_screening.csv,UNRESOLVED,NOT_CAPTURED_EXISTING_ARTIFACT_ONLY
endpoint::mamba:seq256:forward:918:out_ptr15,ENDPOINT_UNIT,,mamba:seq256:forward:918:out_ptr15,mamba,256,forward:graph0:add_344,NOT_MEASURED,NOT_MEASURED,NOT_MEASURED,UNRESOLVED,NOT_CAPTURED,population_screening.csv,UNRESOLVED,NOT_CAPTURED_EXISTING_ARTIFACT_ONLY
endpoint::mamba:seq256:forward:918:out_ptr16,ENDPOINT_UNIT,,mamba:seq256:forward:918:out_ptr16,mamba,256,forward:graph0:add_345,NOT_MEASURED,NOT_MEASURED,NOT_MEASURED,UNRESOLVED,NOT_CAPTURED,population_screening.csv,UNRESOLVED,NOT_CAPTURED_EXISTING_ARTIFACT_ONLY
endpoint::mamba:seq256:forward:918:out_ptr17,ENDPOINT_UNIT,,mamba:seq256:forward:918:out_ptr17,mamba,256,forward:graph0:add_346,NOT_MEASURED,NOT_MEASURED,NOT_MEASURED,UNRESOLVED,NOT_CAPTURED,population_screening.csv,UNRESOLVED,NOT_CAPTURED_EXISTING_ARTIFACT_ONLY
endpoint::mamba:seq256:forward:918:out_ptr18,ENDPOINT_UNIT,,mamba:seq256:forward:918:out_ptr18,mamba,256,forward:graph0:add_347,NOT_MEASURED,NOT_MEASURED,NOT_MEASURED,UNRESOLVED,NOT_CAPTURED,population_screening.csv,UNRESOLVED,NOT_CAPTURED_EXISTING_ARTIFACT_ONLY
endpoint::mamba:seq256:forward:918:out_ptr19,ENDPOINT_UNIT,,mamba:seq256:forward:918:out_ptr19,mamba,256,forward:graph0:add_348,NOT_MEASURED,NOT_MEASURED,NOT_MEASURED,UNRESOLVED,NOT_CAPTURED,population_screening.csv,UNRESOLVED,NOT_CAPTURED_EXISTING_ARTIFACT_ONLY
endpoint::mamba:seq256:forward:918:out_ptr2,ENDPOINT_UNIT,,mamba:seq256:forward:918:out_ptr2,mamba,256,forward:graph0:add_331,NOT_MEASURED,NOT_MEASURED,NOT_MEASURED,UNRESOLVED,NOT_CAPTURED,population_screening.csv,UNRESOLVED,NOT_CAPTURED_EXISTING_ARTIFACT_ONLY
endpoint::mamba:seq256:forward:918:out_ptr20,ENDPOINT_UNIT,,mamba:seq256:forward:918:out_ptr20,mamba,256,forward:graph0:add_349,NOT_MEASURED,NOT_MEASURED,NOT_MEASURED,UNRESOLVED,NOT_CAPTURED,population_screening.csv,UNRESOLVED,NOT_CAPTURED_EXISTING_ARTIFACT_ONLY
endpoint::mamba:seq256:forward:918:out_ptr23,ENDPOINT_UNIT,,mamba:seq256:forward:918:out_ptr23,mamba,256,forward:graph0:add_352,NOT_MEASURED,NOT_MEASURED,NOT_MEASURED,UNRESOLVED,NOT_CAPTURED,population_screening.csv,UNRESOLVED,NOT_CAPTURED_EXISTING_ARTIFACT_ONLY
endpoint::mamba:seq256:forward:918:out_ptr24,ENDPOINT_UNIT,,mamba:seq256:forward:918:out_ptr24,mamba,256,forward:graph0:add_353,NOT_MEASURED,NOT_MEASURED,NOT_MEASURED,UNRESOLVED,NOT_CAPTURED,population_screening.csv,UNRESOLVED,NOT_CAPTURED_EXISTING_ARTIFACT_ONLY
endpoint::mamba:seq256:forward:918:out_ptr25,ENDPOINT_UNIT,,mamba:seq256:forward:918:out_ptr25,mamba,256,forward:graph0:add_354,NOT_MEASURED,NOT_MEASURED,NOT_MEASURED,UNRESOLVED,NOT_CAPTURED,population_screening.csv,UNRESOLVED,NOT_CAPTURED_EXISTING_ARTIFACT_ONLY
endpoint::mamba:seq256:forward:918:out_ptr26,ENDPOINT_UNIT,,mamba:seq256:forward:918:out_ptr26,mamba,256,forward:graph0:add_355,NOT_MEASURED,NOT_MEASURED,NOT_MEASURED,UNRESOLVED,NOT_CAPTURED,population_screening.csv,UNRESOLVED,NOT_CAPTURED_EXISTING_ARTIFACT_ONLY
endpoint::mamba:seq256:forward:918:out_ptr27,ENDPOINT_UNIT,,mamba:seq256:forward:918:out_ptr27,mamba,256,forward:graph0:add_356,NOT_MEASURED,NOT_MEASURED,NOT_MEASURED,UNRESOLVED,NOT_CAPTURED,population_screening.csv,UNRESOLVED,NOT_CAPTURED_EXISTING_ARTIFACT_ONLY
endpoint::mamba:seq256:forward:918:out_ptr28,ENDPOINT_UNIT,,mamba:seq256:forward:918:out_ptr28,mamba,256,forward:graph0:add_357,NOT_MEASURED,NOT_MEASURED,NOT_MEASURED,UNRESOLVED,NOT_CAPTURED,population_screening.csv,UNRESOLVED,NOT_CAPTURED_EXISTING_ARTIFACT_ONLY
endpoint::mamba:seq256:forward:918:out_ptr29,ENDPOINT_UNIT,,mamba:seq256:forward:918:out_ptr29,mamba,256,forward:graph0:add_358,NOT_MEASURED,NOT_MEASURED,NOT_MEASURED,UNRESOLVED,NOT_CAPTURED,population_screening.csv,UNRESOLVED,NOT_CAPTURED_EXISTING_ARTIFACT_ONLY
endpoint::mamba:seq256:forward:918:out_ptr3,ENDPOINT_UNIT,,mamba:seq256:forward:918:out_ptr3,mamba,256,forward:graph0:add_332,NOT_MEASURED,NOT_MEASURED,NOT_MEASURED,UNRESOLVED,NOT_CAPTURED,population_screening.csv,UNRESOLVED,NOT_CAPTURED_EXISTING_ARTIFACT_ONLY
endpoint::mamba:seq256:forward:918:out_ptr30,ENDPOINT_UNIT,,mamba:seq256:forward:918:out_ptr30,mamba,256,forward:graph0:add_359,NOT_MEASURED,NOT_MEASURED,NOT_MEASURED,UNRESOLVED,NOT_CAPTURED,population_screening.csv,UNRESOLVED,NOT_CAPTURED_EXISTING_ARTIFACT_ONLY
endpoint::mamba:seq256:forward:918:out_ptr31,ENDPOINT_UNIT,,mamba:seq256:forward:918:out_ptr31,mamba,256,forward:graph0:add_360,NOT_MEASURED,NOT_MEASURED,NOT_MEASURED,UNRESOLVED,NOT_CAPTURED,population_screening.csv,UNRESOLVED,NOT_CAPTURED_EXISTING_ARTIFACT_ONLY
endpoint::mamba:seq256:forward:918:out_ptr32,ENDPOINT_UNIT,,mamba:seq256:forward:918:out_ptr32,mamba,256,forward:graph0:add_361,NOT_MEASURED,NOT_MEASURED,NOT_MEASURED,UNRESOLVED,NOT_CAPTURED,population_screening.csv,UNRESOLVED,NOT_CAPTURED_EXISTING_ARTIFACT_ONLY
endpoint::mamba:seq256:forward:918:out_ptr33,ENDPOINT_UNIT,,mamba:seq256:forward:918:out_ptr33,mamba,256,forward:graph0:add_362,NOT_MEASURED,NOT_MEASURED,NOT_MEASURED,UNRESOLVED,NOT_CAPTURED,population_screening.csv,UNRESOLVED,NOT_CAPTURED_EXISTING_ARTIFACT_ONLY
endpoint::mamba:seq256:forward:918:out_ptr34,ENDPOINT_UNIT,,mamba:seq256:forward:918:out_ptr34,mamba,256,forward:graph0:add_363,NOT_MEASURED,NOT_MEASURED,NOT_MEASURED,UNRESOLVED,NOT_CAPTURED,population_screening.csv,UNRESOLVED,NOT_CAPTURED_EXISTING_ARTIFACT_ONLY
endpoint::mamba:seq256:forward:918:out_ptr35,ENDPOINT_UNIT,,mamba:seq256:forward:918:out_ptr35,mamba,256,forward:graph0:add_364,NOT_MEASURED,NOT_MEASURED,NOT_MEASURED,UNRESOLVED,NOT_CAPTURED,population_screening.csv,UNRESOLVED,NOT_CAPTURED_EXISTING_ARTIFACT_ONLY
endpoint::mamba:seq256:forward:918:out_ptr36,ENDPOINT_UNIT,,mamba:seq256:forward:918:out_ptr36,mamba,256,forward:graph0:add_365,NOT_MEASURED,NOT_MEASURED,NOT_MEASURED,UNRESOLVED,NOT_CAPTURED,population_screening.csv,UNRESOLVED,NOT_CAPTURED_EXISTING_ARTIFACT_ONLY
endpoint::mamba:seq256:forward:918:out_ptr37,ENDPOINT_UNIT,,mamba:seq256:forward:918:out_ptr37,mamba,256,forward:graph0:add_366,NOT_MEASURED,NOT_MEASURED,NOT_MEASURED,UNRESOLVED,NOT_CAPTURED,population_screening.csv,UNRESOLVED,NOT_CAPTURED_EXISTING_ARTIFACT_ONLY
endpoint::mamba:seq256:forward:918:out_ptr38,ENDPOINT_UNIT,,mamba:seq256:forward:918:out_ptr38,mamba,256,forward:graph0:add_367,NOT_MEASURED,NOT_MEASURED,NOT_MEASURED,UNRESOLVED,NOT_CAPTURED,population_screening.csv,UNRESOLVED,NOT_CAPTURED_EXISTING_ARTIFACT_ONLY
endpoint::mamba:seq256:forward:918:out_ptr39,ENDPOINT_UNIT,,mamba:seq256:forward:918:out_ptr39,mamba,256,forward:graph0:add_368,NOT_MEASURED,NOT_MEASURED,NOT_MEASURED,UNRESOLVED,NOT_CAPTURED,population_screening.csv,UNRESOLVED,NOT_CAPTURED_EXISTING_ARTIFACT_ONLY
endpoint::mamba:seq256:forward:918:out_ptr4,ENDPOINT_UNIT,,mamba:seq256:forward:918:out_ptr4,mamba,256,forward:graph0:add_333,NOT_MEASURED,NOT_MEASURED,NOT_MEASURED,UNRESOLVED,NOT_CAPTURED,population_screening.csv,UNRESOLVED,NOT_CAPTURED_EXISTING_ARTIFACT_ONLY
endpoint::mamba:seq256:forward:918:out_ptr40,ENDPOINT_UNIT,,mamba:seq256:forward:918:out_ptr40,mamba,256,forward:graph0:add_369,NOT_MEASURED,NOT_MEASURED,NOT_MEASURED,UNRESOLVED,NOT_CAPTURED,population_screening.csv,UNRESOLVED,NOT_CAPTURED_EXISTING_ARTIFACT_ONLY
endpoint::mamba:seq256:forward:918:out_ptr41,ENDPOINT_UNIT,,mamba:seq256:forward:918:out_ptr41,mamba,256,forward:graph0:add_370,NOT_MEASURED,NOT_MEASURED,NOT_MEASURED,UNRESOLVED,NOT_CAPTURED,population_screening.csv,UNRESOLVED,NOT_CAPTURED_EXISTING_ARTIFACT_ONLY
endpoint::mamba:seq256:forward:918:out_ptr42,ENDPOINT_UNIT,,mamba:seq256:forward:918:out_ptr42,mamba,256,forward:graph0:add_371,NOT_MEASURED,NOT_MEASURED,NOT_MEASURED,UNRESOLVED,NOT_CAPTURED,population_screening.csv,UNRESOLVED,NOT_CAPTURED_EXISTING_ARTIFACT_ONLY
endpoint::mamba:seq256:forward:918:out_ptr43,ENDPOINT_UNIT,,mamba:seq256:forward:918:out_ptr43,mamba,256,forward:graph0:add_372,NOT_MEASURED,NOT_MEASURED,NOT_MEASURED,UNRESOLVED,NOT_CAPTURED,population_screening.csv,UNRESOLVED,NOT_CAPTURED_EXISTING_ARTIFACT_ONLY
endpoint::mamba:seq256:forward:918:out_ptr44,ENDPOINT_UNIT,,mamba:seq256:forward:918:out_ptr44,mamba,256,forward:graph0:add_373,NOT_MEASURED,NOT_MEASURED,NOT_MEASURED,UNRESOLVED,NOT_CAPTURED,population_screening.csv,UNRESOLVED,NOT_CAPTURED_EXISTING_ARTIFACT_ONLY
endpoint::mamba:seq256:forward:918:out_ptr45,ENDPOINT_UNIT,,mamba:seq256:forward:918:out_ptr45,mamba,256,forward:graph0:add_374,NOT_MEASURED,NOT_MEASURED,NOT_MEASURED,UNRESOLVED,NOT_CAPTURED,population_screening.csv,UNRESOLVED,NOT_CAPTURED_EXISTING_ARTIFACT_ONLY
endpoint::mamba:seq256:forward:918:out_ptr46,ENDPOINT_UNIT,,mamba:seq256:forward:918:out_ptr46,mamba,256,forward:graph0:add_375,NOT_MEASURED,NOT_MEASURED,NOT_MEASURED,UNRESOLVED,NOT_CAPTURED,population_screening.csv,UNRESOLVED,NOT_CAPTURED_EXISTING_ARTIFACT_ONLY
endpoint::mamba:seq256:forward:918:out_ptr47,ENDPOINT_UNIT,,mamba:seq256:forward:918:out_ptr47,mamba,256,forward:graph0:add_376,NOT_MEASURED,NOT_MEASURED,NOT_MEASURED,UNRESOLVED,NOT_CAPTURED,population_screening.csv,UNRESOLVED,NOT_CAPTURED_EXISTING_ARTIFACT_ONLY
endpoint::mamba:seq256:forward:918:out_ptr48,ENDPOINT_UNIT,,mamba:seq256:forward:918:out_ptr48,mamba,256,forward:graph0:add_377,NOT_MEASURED,NOT_MEASURED,NOT_MEASURED,UNRESOLVED,NOT_CAPTURED,population_screening.csv,UNRESOLVED,NOT_CAPTURED_EXISTING_ARTIFACT_ONLY
endpoint::mamba:seq256:forward:918:out_ptr49,ENDPOINT_UNIT,,mamba:seq256:forward:918:out_ptr49,mamba,256,forward:graph0:add_378,NOT_MEASURED,NOT_MEASURED,NOT_MEASURED,UNRESOLVED,NOT_CAPTURED,population_screening.csv,UNRESOLVED,NOT_CAPTURED_EXISTING_ARTIFACT_ONLY
endpoint::mamba:seq256:forward:918:out_ptr5,ENDPOINT_UNIT,,mamba:seq256:forward:918:out_ptr5,mamba,256,forward:graph0:add_334,NOT_MEASURED,NOT_MEASURED,NOT_MEASURED,UNRESOLVED,NOT_CAPTURED,population_screening.csv,UNRESOLVED,NOT_CAPTURED_EXISTING_ARTIFACT_ONLY
endpoint::mamba:seq256:forward:918:out_ptr50,ENDPOINT_UNIT,,mamba:seq256:forward:918:out_ptr50,mamba,256,forward:graph0:add_379,NOT_MEASURED,NOT_MEASURED,NOT_MEASURED,UNRESOLVED,NOT_CAPTURED,population_screening.csv,UNRESOLVED,NOT_CAPTURED_EXISTING_ARTIFACT_ONLY
endpoint::mamba:seq256:forward:918:out_ptr51,ENDPOINT_UNIT,,mamba:seq256:forward:918:out_ptr51,mamba,256,forward:graph0:add_380,NOT_MEASURED,NOT_MEASURED,NOT_MEASURED,UNRESOLVED,NOT_CAPTURED,population_screening.csv,UNRESOLVED,NOT_CAPTURED_EXISTING_ARTIFACT_ONLY
endpoint::mamba:seq256:forward:918:out_ptr52,ENDPOINT_UNIT,,mamba:seq256:forward:918:out_ptr52,mamba,256,forward:graph0:add_381,NOT_MEASURED,NOT_MEASURED,NOT_MEASURED,UNRESOLVED,NOT_CAPTURED,population_screening.csv,UNRESOLVED,NOT_CAPTURED_EXISTING_ARTIFACT_ONLY
endpoint::mamba:seq256:forward:918:out_ptr53,ENDPOINT_UNIT,,mamba:seq256:forward:918:out_ptr53,mamba,256,forward:graph0:add_382,NOT_MEASURED,NOT_MEASURED,NOT_MEASURED,UNRESOLVED,NOT_CAPTURED,population_screening.csv,UNRESOLVED,NOT_CAPTURED_EXISTING_ARTIFACT_ONLY
endpoint::mamba:seq256:forward:918:out_ptr54,ENDPOINT_UNIT,,mamba:seq256:forward:918:out_ptr54,mamba,256,forward:graph0:add_383,NOT_MEASURED,NOT_MEASURED,NOT_MEASURED,UNRESOLVED,NOT_CAPTURED,population_screening.csv,UNRESOLVED,NOT_CAPTURED_EXISTING_ARTIFACT_ONLY
endpoint::mamba:seq256:forward:918:out_ptr55,ENDPOINT_UNIT,,mamba:seq256:forward:918:out_ptr55,mamba,256,forward:graph0:add_384,NOT_MEASURED,NOT_MEASURED,NOT_MEASURED,UNRESOLVED,NOT_CAPTURED,population_screening.csv,UNRESOLVED,NOT_CAPTURED_EXISTING_ARTIFACT_ONLY
endpoint::mamba:seq256:forward:918:out_ptr56,ENDPOINT_UNIT,,mamba:seq256:forward:918:out_ptr56,mamba,256,forward:graph0:add_385,NOT_MEASURED,NOT_MEASURED,NOT_MEASURED,UNRESOLVED,NOT_CAPTURED,population_screening.csv,UNRESOLVED,NOT_CAPTURED_EXISTING_ARTIFACT_ONLY
endpoint::mamba:seq256:forward:918:out_ptr57,ENDPOINT_UNIT,,mamba:seq256:forward:918:out_ptr57,mamba,256,forward:graph0:add_386,NOT_MEASURED,NOT_MEASURED,NOT_MEASURED,UNRESOLVED,NOT_CAPTURED,population_screening.csv,UNRESOLVED,NOT_CAPTURED_EXISTING_ARTIFACT_ONLY
endpoint::mamba:seq256:forward:918:out_ptr58,ENDPOINT_UNIT,,mamba:seq256:forward:918:out_ptr58,mamba,256,forward:graph0:add_387,NOT_MEASURED,NOT_MEASURED,NOT_MEASURED,UNRESOLVED,NOT_CAPTURED,population_screening.csv,UNRESOLVED,NOT_CAPTURED_EXISTING_ARTIFACT_ONLY
endpoint::mamba:seq256:forward:918:out_ptr59,ENDPOINT_UNIT,,mamba:seq256:forward:918:out_ptr59,mamba,256,forward:graph0:add_388,NOT_MEASURED,NOT_MEASURED,NOT_MEASURED,UNRESOLVED,NOT_CAPTURED,population_screening.csv,UNRESOLVED,NOT_CAPTURED_EXISTING_ARTIFACT_ONLY
endpoint::mamba:seq256:forward:918:out_ptr6,ENDPOINT_UNIT,,mamba:seq256:forward:918:out_ptr6,mamba,256,forward:graph0:add_335,NOT_MEASURED,NOT_MEASURED,NOT_MEASURED,UNRESOLVED,NOT_CAPTURED,population_screening.csv,UNRESOLVED,NOT_CAPTURED_EXISTING_ARTIFACT_ONLY
endpoint::mamba:seq256:forward:918:out_ptr60,ENDPOINT_UNIT,,mamba:seq256:forward:918:out_ptr60,mamba,256,forward:graph0:add_389,NOT_MEASURED,NOT_MEASURED,NOT_MEASURED,UNRESOLVED,NOT_CAPTURED,population_screening.csv,UNRESOLVED,NOT_CAPTURED_EXISTING_ARTIFACT_ONLY
endpoint::mamba:seq256:forward:918:out_ptr61,ENDPOINT_UNIT,,mamba:seq256:forward:918:out_ptr61,mamba,256,forward:graph0:add_390,NOT_MEASURED,NOT_MEASURED,NOT_MEASURED,UNRESOLVED,NOT_CAPTURED,population_screening.csv,UNRESOLVED,NOT_CAPTURED_EXISTING_ARTIFACT_ONLY
endpoint::mamba:seq256:forward:918:out_ptr62,ENDPOINT_UNIT,,mamba:seq256:forward:918:out_ptr62,mamba,256,forward:graph0:add_391,NOT_MEASURED,NOT_MEASURED,NOT_MEASURED,UNRESOLVED,NOT_CAPTURED,population_screening.csv,UNRESOLVED,NOT_CAPTURED_EXISTING_ARTIFACT_ONLY
endpoint::mamba:seq256:forward:918:out_ptr63,ENDPOINT_UNIT,,mamba:seq256:forward:918:out_ptr63,mamba,256,forward:graph0:add_392,NOT_MEASURED,NOT_MEASURED,NOT_MEASURED,UNRESOLVED,NOT_CAPTURED,population_screening.csv,UNRESOLVED,NOT_CAPTURED_EXISTING_ARTIFACT_ONLY
endpoint::mamba:seq256:forward:918:out_ptr7,ENDPOINT_UNIT,,mamba:seq256:forward:918:out_ptr7,mamba,256,forward:graph0:add_336,NOT_MEASURED,NOT_MEASURED,NOT_MEASURED,UNRESOLVED,NOT_CAPTURED,population_screening.csv,UNRESOLVED,NOT_CAPTURED_EXISTING_ARTIFACT_ONLY
endpoint::mamba:seq256:forward:918:out_ptr8,ENDPOINT_UNIT,,mamba:seq256:forward:918:out_ptr8,mamba,256,forward:graph0:add_337,NOT_MEASURED,NOT_MEASURED,NOT_MEASURED,UNRESOLVED,NOT_CAPTURED,population_screening.csv,UNRESOLVED,NOT_CAPTURED_EXISTING_ARTIFACT_ONLY
endpoint::mamba:seq256:forward:918:out_ptr9,ENDPOINT_UNIT,,mamba:seq256:forward:918:out_ptr9,mamba,256,forward:graph0:add_338,NOT_MEASURED,NOT_MEASURED,NOT_MEASURED,UNRESOLVED,NOT_CAPTURED,population_screening.csv,UNRESOLVED,NOT_CAPTURED_EXISTING_ARTIFACT_ONLY
endpoint::mamba:seq256:forward:956:output_0,ENDPOINT_UNIT,,mamba:seq256:forward:956:output_0,mamba,256,forward:graph0:mm_default_11949,NOT_MEASURED,NOT_MEASURED,NOT_MEASURED,UNRESOLVED,NOT_CAPTURED,population_screening.csv,UNRESOLVED,NOT_CAPTURED_EXISTING_ARTIFACT_ONLY
endpoint::mamba:seq256:forward:9599:output_0,ENDPOINT_UNIT,,mamba:seq256:forward:9599:output_0,mamba,256,forward:graph0:mm_default_9107,NOT_MEASURED,NOT_MEASURED,NOT_MEASURED,UNRESOLVED,NOT_CAPTURED,population_screening.csv,NORMAL_REFERENCE,NOT_CAPTURED_EXISTING_ARTIFACT_ONLY
endpoint::mamba:seq256:forward:9813:output_0,ENDPOINT_UNIT,,mamba:seq256:forward:9813:output_0,mamba,256,forward:graph0:mm_default_9001,NOT_MEASURED,NOT_MEASURED,NOT_MEASURED,UNRESOLVED,NOT_CAPTURED,population_screening.csv,NORMAL_REFERENCE,NOT_CAPTURED_EXISTING_ARTIFACT_ONLY
endpoint::mamba:seq64:backward:5254:output_0,ENDPOINT_UNIT,,mamba:seq64:backward:5254:output_0,mamba,64,backward:graph0:mm_default_1384,NOT_MEASURED,NOT_MEASURED,NOT_MEASURED,UNRESOLVED,NOT_CAPTURED,population_screening.csv,NORMAL_REFERENCE,NOT_CAPTURED_EXISTING_ARTIFACT_ONLY
endpoint::mamba:seq64:backward:5559:output_0,ENDPOINT_UNIT,,mamba:seq64:backward:5559:output_0,mamba,64,backward:graph0:mm_default_1253,NOT_MEASURED,NOT_MEASURED,NOT_MEASURED,UNRESOLVED,NOT_CAPTURED,population_screening.csv,UNRESOLVED,NOT_CAPTURED_EXISTING_ARTIFACT_ONLY
endpoint::mamba:seq64:backward:5575:output_0,ENDPOINT_UNIT,,mamba:seq64:backward:5575:output_0,mamba,64,backward:graph0:mm_default_1237,NOT_MEASURED,NOT_MEASURED,NOT_MEASURED,UNRESOLVED,NOT_CAPTURED,population_screening.csv,UNRESOLVED,NOT_CAPTURED_EXISTING_ARTIFACT_ONLY
endpoint::mamba:seq64:backward:6512:output_0,ENDPOINT_UNIT,,mamba:seq64:backward:6512:output_0,mamba,64,backward:graph0:mm_183,NOT_MEASURED,NOT_MEASURED,NOT_MEASURED,UNRESOLVED,NOT_CAPTURED,population_screening.csv,NORMAL_REFERENCE,NOT_CAPTURED_EXISTING_ARTIFACT_ONLY
endpoint::mamba:seq64:backward:8156:output_0,ENDPOINT_UNIT,,mamba:seq64:backward:8156:output_0,mamba,64,backward:graph0:mm_default_135,NOT_MEASURED,NOT_MEASURED,NOT_MEASURED,UNRESOLVED,NOT_CAPTURED,population_screening.csv,UNRESOLVED,NOT_CAPTURED_EXISTING_ARTIFACT_ONLY
endpoint::mamba:seq64:backward:8324:output_0,ENDPOINT_UNIT,,mamba:seq64:backward:8324:output_0,mamba,64,backward:graph0:mm_279,NOT_MEASURED,NOT_MEASURED,NOT_MEASURED,UNRESOLVED,NOT_CAPTURED,population_screening.csv,NORMAL_REFERENCE,NOT_CAPTURED_EXISTING_ARTIFACT_ONLY
endpoint::mamba:seq64:forward:0:in_out_ptr0,ENDPOINT_UNIT,,mamba:seq64:forward:0:in_out_ptr0,mamba,64,forward:graph0:rsqrt,NOT_MEASURED,NOT_MEASURED,NOT_MEASURED,UNRESOLVED,NOT_CAPTURED,population_screening.csv,UNRESOLVED,NOT_CAPTURED_EXISTING_ARTIFACT_ONLY
endpoint::mamba:seq64:forward:1018:out_ptr39,ENDPOINT_UNIT,,mamba:seq64:forward:1018:out_ptr39,mamba,64,forward:graph0:add_392,NOT_MEASURED,NOT_MEASURED,NOT_MEASURED,UNRESOLVED,NOT_CAPTURED,population_screening.csv,UNRESOLVED,NOT_CAPTURED_EXISTING_ARTIFACT_ONLY
endpoint::mamba:seq64:forward:1422:out_ptr33,ENDPOINT_UNIT,,mamba:seq64:forward:1422:out_ptr33,mamba,64,forward:graph0:add_526,NOT_MEASURED,NOT_MEASURED,NOT_MEASURED,UNRESOLVED,NOT_CAPTURED,population_screening.csv,UNRESOLVED,NOT_CAPTURED_EXISTING_ARTIFACT_ONLY
endpoint::mamba:seq64:forward:1616:in_out_ptr0,ENDPOINT_UNIT,,mamba:seq64:forward:1616:in_out_ptr0,mamba,64,forward:graph0:rsqrt_8,NOT_MEASURED,NOT_MEASURED,NOT_MEASURED,UNRESOLVED,NOT_CAPTURED,population_screening.csv,UNRESOLVED,NOT_CAPTURED_EXISTING_ARTIFACT_ONLY
endpoint::mamba:seq64:forward:1624:out_ptr38,ENDPOINT_UNIT,,mamba:seq64:forward:1624:out_ptr38,mamba,64,forward:graph0:add_601,NOT_MEASURED,NOT_MEASURED,NOT_MEASURED,UNRESOLVED,NOT_CAPTURED,population_screening.csv,UNRESOLVED,NOT_CAPTURED_EXISTING_ARTIFACT_ONLY
endpoint::mamba:seq64:forward:1826:out_ptr36,ENDPOINT_UNIT,,mamba:seq64:forward:1826:out_ptr36,mamba,64,forward:graph0:add_669,NOT_MEASURED,NOT_MEASURED,NOT_MEASURED,UNRESOLVED,NOT_CAPTURED,population_screening.csv,UNRESOLVED,NOT_CAPTURED_EXISTING_ARTIFACT_ONLY
endpoint::mamba:seq64:forward:1826:out_ptr37,ENDPOINT_UNIT,,mamba:seq64:forward:1826:out_ptr37,mamba,64,forward:graph0:add_670,NOT_MEASURED,NOT_MEASURED,NOT_MEASURED,UNRESOLVED,NOT_CAPTURED,population_screening.csv,UNRESOLVED,NOT_CAPTURED_EXISTING_ARTIFACT_ONLY
endpoint::mamba:seq64:forward:1890:output_0,ENDPOINT_UNIT,,mamba:seq64:forward:1890:output_0,mamba,64,forward:graph0:mm_default_2464,NOT_MEASURED,NOT_MEASURED,NOT_MEASURED,UNRESOLVED,NOT_CAPTURED,population_screening.csv,NORMAL_REFERENCE,NOT_CAPTURED_EXISTING_ARTIFACT_ONLY
endpoint::mamba:seq64:forward:210:out_ptr39,ENDPOINT_UNIT,,mamba:seq64:forward:210:out_ptr39,mamba,64,forward:graph0:add_112,NOT_MEASURED,NOT_MEASURED,NOT_MEASURED,UNRESOLVED,NOT_CAPTURED,population_screening.csv,UNRESOLVED,NOT_CAPTURED_EXISTING_ARTIFACT_ONLY
endpoint::mamba:seq64:forward:210:out_ptr44,ENDPOINT_UNIT,,mamba:seq64:forward:210:out_ptr44,mamba,64,forward:graph0:add_117,NOT_MEASURED,NOT_MEASURED,NOT_MEASURED,UNRESOLVED,NOT_CAPTURED,population_screening.csv,UNRESOLVED,NOT_CAPTURED_EXISTING_ARTIFACT_ONLY
endpoint::mamba:seq64:forward:210:out_ptr45,ENDPOINT_UNIT,,mamba:seq64:forward:210:out_ptr45,mamba,64,forward:graph0:add_118,NOT_MEASURED,NOT_MEASURED,NOT_MEASURED,UNRESOLVED,NOT_CAPTURED,population_screening.csv,UNRESOLVED,NOT_CAPTURED_EXISTING_ARTIFACT_ONLY
endpoint::mamba:seq64:forward:210:out_ptr47,ENDPOINT_UNIT,,mamba:seq64:forward:210:out_ptr47,mamba,64,forward:graph0:add_120,NOT_MEASURED,NOT_MEASURED,NOT_MEASURED,UNRESOLVED,NOT_CAPTURED,population_screening.csv,UNRESOLVED,NOT_CAPTURED_EXISTING_ARTIFACT_ONLY
endpoint::mamba:seq64:forward:210:out_ptr48,ENDPOINT_UNIT,,mamba:seq64:forward:210:out_ptr48,mamba,64,forward:graph0:add_121,NOT_MEASURED,NOT_MEASURED,NOT_MEASURED,UNRESOLVED,NOT_CAPTURED,population_screening.csv,UNRESOLVED,NOT_CAPTURED_EXISTING_ARTIFACT_ONLY
endpoint::mamba:seq64:forward:210:out_ptr49,ENDPOINT_UNIT,,mamba:seq64:forward:210:out_ptr49,mamba,64,forward:graph0:add_122,NOT_MEASURED,NOT_MEASURED,NOT_MEASURED,UNRESOLVED,NOT_CAPTURED,population_screening.csv,UNRESOLVED,NOT_CAPTURED_EXISTING_ARTIFACT_ONLY
endpoint::mamba:seq64:forward:210:out_ptr50,ENDPOINT_UNIT,,mamba:seq64:forward:210:out_ptr50,mamba,64,forward:graph0:add_123,NOT_MEASURED,NOT_MEASURED,NOT_MEASURED,UNRESOLVED,NOT_CAPTURED,population_screening.csv,UNRESOLVED,NOT_CAPTURED_EXISTING_ARTIFACT_ONLY
endpoint::mamba:seq64:forward:210:out_ptr53,ENDPOINT_UNIT,,mamba:seq64:forward:210:out_ptr53,mamba,64,forward:graph0:add_126,NOT_MEASURED,NOT_MEASURED,NOT_MEASURED,UNRESOLVED,NOT_CAPTURED,population_screening.csv,UNRESOLVED,NOT_CAPTURED_EXISTING_ARTIFACT_ONLY
endpoint::mamba:seq64:forward:210:out_ptr54,ENDPOINT_UNIT,,mamba:seq64:forward:210:out_ptr54,mamba,64,forward:graph0:add_127,NOT_MEASURED,NOT_MEASURED,NOT_MEASURED,UNRESOLVED,NOT_CAPTURED,population_screening.csv,UNRESOLVED,NOT_CAPTURED_EXISTING_ARTIFACT_ONLY
endpoint::mamba:seq64:forward:210:out_ptr55,ENDPOINT_UNIT,,mamba:seq64:forward:210:out_ptr55,mamba,64,forward:graph0:add_128,NOT_MEASURED,NOT_MEASURED,NOT_MEASURED,UNRESOLVED,NOT_CAPTURED,population_screening.csv,UNRESOLVED,NOT_CAPTURED_EXISTING_ARTIFACT_ONLY
endpoint::mamba:seq64:forward:210:out_ptr57,ENDPOINT_UNIT,,mamba:seq64:forward:210:out_ptr57,mamba,64,forward:graph0:add_130,NOT_MEASURED,NOT_MEASURED,NOT_MEASURED,UNRESOLVED,NOT_CAPTURED,population_screening.csv,UNRESOLVED,NOT_CAPTURED_EXISTING_ARTIFACT_ONLY
endpoint::mamba:seq64:forward:210:out_ptr58,ENDPOINT_UNIT,,mamba:seq64:forward:210:out_ptr58,mamba,64,forward:graph0:add_131,NOT_MEASURED,NOT_MEASURED,NOT_MEASURED,UNRESOLVED,NOT_CAPTURED,population_screening.csv,UNRESOLVED,NOT_CAPTURED_EXISTING_ARTIFACT_ONLY
endpoint::mamba:seq64:forward:210:out_ptr59,ENDPOINT_UNIT,,mamba:seq64:forward:210:out_ptr59,mamba,64,forward:graph0:add_132,NOT_MEASURED,NOT_MEASURED,NOT_MEASURED,UNRESOLVED,NOT_CAPTURED,population_screening.csv,UNRESOLVED,NOT_CAPTURED_EXISTING_ARTIFACT_ONLY
endpoint::mamba:seq64:forward:210:out_ptr60,ENDPOINT_UNIT,,mamba:seq64:forward:210:out_ptr60,mamba,64,forward:graph0:add_133,NOT_MEASURED,NOT_MEASURED,NOT_MEASURED,UNRESOLVED,NOT_CAPTURED,population_screening.csv,UNRESOLVED,NOT_CAPTURED_EXISTING_ARTIFACT_ONLY
endpoint::mamba:seq64:forward:210:out_ptr61,ENDPOINT_UNIT,,mamba:seq64:forward:210:out_ptr61,mamba,64,forward:graph0:add_134,NOT_MEASURED,NOT_MEASURED,NOT_MEASURED,UNRESOLVED,NOT_CAPTURED,population_screening.csv,UNRESOLVED,NOT_CAPTURED_EXISTING_ARTIFACT_ONLY
endpoint::mamba:seq64:forward:210:out_ptr62,ENDPOINT_UNIT,,mamba:seq64:forward:210:out_ptr62,mamba,64,forward:graph0:add_135,NOT_MEASURED,NOT_MEASURED,NOT_MEASURED,UNRESOLVED,NOT_CAPTURED,population_screening.csv,UNRESOLVED,NOT_CAPTURED_EXISTING_ARTIFACT_ONLY
endpoint::mamba:seq64:forward:2227:out_ptr0,ENDPOINT_UNIT,,mamba:seq64:forward:2227:out_ptr0,mamba,64,forward:graph0:convert_element_type_2327,NOT_MEASURED,NOT_MEASURED,NOT_MEASURED,UNRESOLVED,NOT_CAPTURED,population_screening.csv,UNRESOLVED,NOT_CAPTURED_EXISTING_ARTIFACT_ONLY
endpoint::mamba:seq64:forward:2432:out_ptr55,ENDPOINT_UNIT,,mamba:seq64:forward:2432:out_ptr55,mamba,64,forward:graph0:add_898,NOT_MEASURED,NOT_MEASURED,NOT_MEASURED,UNRESOLVED,NOT_CAPTURED,population_screening.csv,NORMAL_REFERENCE,NOT_CAPTURED_EXISTING_ARTIFACT_ONLY
endpoint::mamba:seq64:forward:2432:out_ptr56,ENDPOINT_UNIT,,mamba:seq64:forward:2432:out_ptr56,mamba,64,forward:graph0:add_899,NOT_MEASURED,NOT_MEASURED,NOT_MEASURED,UNRESOLVED,NOT_CAPTURED,population_screening.csv,UNRESOLVED,NOT_CAPTURED_EXISTING_ARTIFACT_ONLY
endpoint::mamba:seq64:forward:2432:out_ptr57,ENDPOINT_UNIT,,mamba:seq64:forward:2432:out_ptr57,mamba,64,forward:graph0:add_900,NOT_MEASURED,NOT_MEASURED,NOT_MEASURED,UNRESOLVED,NOT_CAPTURED,population_screening.csv,NORMAL_REFERENCE,NOT_CAPTURED_EXISTING_ARTIFACT_ONLY
endpoint::mamba:seq64:forward:2438:output_0,ENDPOINT_UNIT,,mamba:seq64:forward:2438:output_0,mamba,64,forward:graph0:mm_default_2301,NOT_MEASURED,NOT_MEASURED,NOT_MEASURED,UNRESOLVED,NOT_CAPTURED,population_screening.csv,NORMAL_REFERENCE,NOT_CAPTURED_EXISTING_ARTIFACT_ONLY
endpoint::mamba:seq64:forward:2440:output_0,ENDPOINT_UNIT,,mamba:seq64:forward:2440:output_0,mamba,64,forward:graph0:mm_default_2300,NOT_MEASURED,NOT_MEASURED,NOT_MEASURED,UNRESOLVED,NOT_CAPTURED,population_screening.csv,NORMAL_REFERENCE,NOT_CAPTURED_EXISTING_ARTIFACT_ONLY
endpoint::mamba:seq64:forward:2488:output_0,ENDPOINT_UNIT,,mamba:seq64:forward:2488:output_0,mamba,64,forward:graph0:mm_default_2276,NOT_MEASURED,NOT_MEASURED,NOT_MEASURED,UNRESOLVED,NOT_CAPTURED,population_screening.csv,UNRESOLVED,NOT_CAPTURED_EXISTING_ARTIFACT_ONLY
endpoint::mamba:seq64:forward:278:output_0,ENDPOINT_UNIT,,mamba:seq64:forward:278:output_0,mamba,64,forward:graph0:mm_default_2974,NOT_MEASURED,NOT_MEASURED,NOT_MEASURED,UNRESOLVED,NOT_CAPTURED,population_screening.csv,NORMAL_REFERENCE,NOT_CAPTURED_EXISTING_ARTIFACT_ONLY
endpoint::mamba:seq64:forward:290:output_0,ENDPOINT_UNIT,,mamba:seq64:forward:290:output_0,mamba,64,forward:graph0:mm_default_2968,NOT_MEASURED,NOT_MEASURED,NOT_MEASURED,UNRESOLVED,NOT_CAPTURED,population_screening.csv,UNRESOLVED,NOT_CAPTURED_EXISTING_ARTIFACT_ONLY
endpoint::mamba:seq64:forward:302:output_0,ENDPOINT_UNIT,,mamba:seq64:forward:302:output_0,mamba,64,forward:graph0:mm_default_2962,NOT_MEASURED,NOT_MEASURED,NOT_MEASURED,UNRESOLVED,NOT_CAPTURED,population_screening.csv,UNRESOLVED,NOT_CAPTURED_EXISTING_ARTIFACT_ONLY
endpoint::mamba:seq64:forward:3736:output_0,ENDPOINT_UNIT,,mamba:seq64:forward:3736:output_0,mamba,64,forward:graph0:mm_default_1874,NOT_MEASURED,NOT_MEASURED,NOT_MEASURED,UNRESOLVED,NOT_CAPTURED,population_screening.csv,NORMAL_REFERENCE,NOT_CAPTURED_EXISTING_ARTIFACT_ONLY
endpoint::mamba:seq64:forward:412:out_ptr48,ENDPOINT_UNIT,,mamba:seq64:forward:412:out_ptr48,mamba,64,forward:graph0:add_191,NOT_MEASURED,NOT_MEASURED,NOT_MEASURED,UNRESOLVED,NOT_CAPTURED,population_screening.csv,UNRESOLVED,NOT_CAPTURED_EXISTING_ARTIFACT_ONLY
endpoint::mamba:seq64:forward:412:out_ptr53,ENDPOINT_UNIT,,mamba:seq64:forward:412:out_ptr53,mamba,64,forward:graph0:add_196,NOT_MEASURED,NOT_MEASURED,NOT_MEASURED,UNRESOLVED,NOT_CAPTURED,population_screening.csv,UNRESOLVED,NOT_CAPTURED_EXISTING_ARTIFACT_ONLY
endpoint::mamba:seq64:forward:412:out_ptr54,ENDPOINT_UNIT,,mamba:seq64:forward:412:out_ptr54,mamba,64,forward:graph0:add_197,NOT_MEASURED,NOT_MEASURED,NOT_MEASURED,UNRESOLVED,NOT_CAPTURED,population_screening.csv,UNRESOLVED,NOT_CAPTURED_EXISTING_ARTIFACT_ONLY
endpoint::mamba:seq64:forward:412:out_ptr58,ENDPOINT_UNIT,,mamba:seq64:forward:412:out_ptr58,mamba,64,forward:graph0:add_201,NOT_MEASURED,NOT_MEASURED,NOT_MEASURED,UNRESOLVED,NOT_CAPTURED,population_screening.csv,UNRESOLVED,NOT_CAPTURED_EXISTING_ARTIFACT_ONLY
endpoint::mamba:seq64:forward:412:out_ptr59,ENDPOINT_UNIT,,mamba:seq64:forward:412:out_ptr59,mamba,64,forward:graph0:add_202,NOT_MEASURED,NOT_MEASURED,NOT_MEASURED,UNRESOLVED,NOT_CAPTURED,population_screening.csv,UNRESOLVED,NOT_CAPTURED_EXISTING_ARTIFACT_ONLY
endpoint::mamba:seq64:forward:412:out_ptr61,ENDPOINT_UNIT,,mamba:seq64:forward:412:out_ptr61,mamba,64,forward:graph0:add_204,NOT_MEASURED,NOT_MEASURED,NOT_MEASURED,UNRESOLVED,NOT_CAPTURED,population_screening.csv,UNRESOLVED,NOT_CAPTURED_EXISTING_ARTIFACT_ONLY
endpoint::mamba:seq64:forward:4554:output_0,ENDPOINT_UNIT,,mamba:seq64:forward:4554:output_0,mamba,64,forward:graph0:mm_default_1613,NOT_MEASURED,NOT_MEASURED,NOT_MEASURED,UNRESOLVED,NOT_CAPTURED,population_screening.csv,NORMAL_REFERENCE,NOT_CAPTURED_EXISTING_ARTIFACT_ONLY
endpoint::mamba:seq64:forward:4654:out_ptr56,ENDPOINT_UNIT,,mamba:seq64:forward:4654:out_ptr56,mamba,64,forward:graph0:add_1669,NOT_MEASURED,NOT_MEASURED,NOT_MEASURED,UNRESOLVED,NOT_CAPTURED,population_screening.csv,NORMAL_REFERENCE,NOT_CAPTURED_EXISTING_ARTIFACT_ONLY
endpoint::mamba:seq64:forward:4740:output_0,ENDPOINT_UNIT,,mamba:seq64:forward:4740:output_0,mamba,64,forward:graph0:mm_default_1557,NOT_MEASURED,NOT_MEASURED,NOT_MEASURED,UNRESOLVED,NOT_CAPTURED,population_screening.csv,NORMAL_REFERENCE,NOT_CAPTURED_EXISTING_ARTIFACT_ONLY
endpoint::mamba:seq64:forward:520:output_0,ENDPOINT_UNIT,,mamba:seq64:forward:520:output_0,mamba,64,forward:graph0:mm_default_2890,NOT_MEASURED,NOT_MEASURED,NOT_MEASURED,UNRESOLVED,NOT_CAPTURED,population_screening.csv,UNRESOLVED,NOT_CAPTURED_EXISTING_ARTIFACT_ONLY
endpoint::mamba:seq64:forward:528:output_0,ENDPOINT_UNIT,,mamba:seq64:forward:528:output_0,mamba,64,forward:graph0:mm_default_2886,NOT_MEASURED,NOT_MEASURED,NOT_MEASURED,UNRESOLVED,NOT_CAPTURED,population_screening.csv,UNRESOLVED,NOT_CAPTURED_EXISTING_ARTIFACT_ONLY
endpoint::mamba:seq64:forward:816:out_ptr26,ENDPOINT_UNIT,,mamba:seq64:forward:816:out_ptr26,mamba,64,forward:graph0:add_309,NOT_MEASURED,NOT_MEASURED,NOT_MEASURED,UNRESOLVED,NOT_CAPTURED,population_screening.csv,UNRESOLVED,NOT_CAPTURED_EXISTING_ARTIFACT_ONLY
endpoint::mamba:seq64:forward:816:out_ptr30,ENDPOINT_UNIT,,mamba:seq64:forward:816:out_ptr30,mamba,64,forward:graph0:add_313,NOT_MEASURED,NOT_MEASURED,NOT_MEASURED,UNRESOLVED,NOT_CAPTURED,population_screening.csv,UNRESOLVED,NOT_CAPTURED_EXISTING_ARTIFACT_ONLY
endpoint::mamba:seq64:forward:816:out_ptr38,ENDPOINT_UNIT,,mamba:seq64:forward:816:out_ptr38,mamba,64,forward:graph0:add_321,NOT_MEASURED,NOT_MEASURED,NOT_MEASURED,UNRESOLVED,NOT_CAPTURED,population_screening.csv,UNRESOLVED,NOT_CAPTURED_EXISTING_ARTIFACT_ONLY
endpoint::mamba:seq64:forward:816:out_ptr39,ENDPOINT_UNIT,,mamba:seq64:forward:816:out_ptr39,mamba,64,forward:graph0:add_322,NOT_MEASURED,NOT_MEASURED,NOT_MEASURED,UNRESOLVED,NOT_CAPTURED,population_screening.csv,UNRESOLVED,NOT_CAPTURED_EXISTING_ARTIFACT_ONLY
endpoint::phi4:seq128:forward:108:in_out_ptr1,ENDPOINT_UNIT,,phi4:seq128:forward:108:in_out_ptr1,phi4,128,forward:graph0:forward_g4__rsqrt_13,NOT_MEASURED,NOT_MEASURED,NOT_MEASURED,UNRESOLVED,NOT_CAPTURED,population_screening.csv,COHERENT_F_B_BIAS,NOT_CAPTURED_EXISTING_ARTIFACT_ONLY
endpoint::phi4:seq128:forward:18:in_out_ptr0,ENDPOINT_UNIT,,phi4:seq128:forward:18:in_out_ptr0,phi4,128,forward:graph0:forward_g4__rsqrt_1,NOT_MEASURED,NOT_MEASURED,NOT_MEASURED,UNRESOLVED,NOT_CAPTURED,population_screening.csv,NORMAL_REFERENCE,NOT_CAPTURED_EXISTING_ARTIFACT_ONLY
endpoint::phi4:seq128:forward:27:output_0,ENDPOINT_UNIT,,phi4:seq128:forward:27:output_0,phi4,128,forward:graph0:forward_g4__bmm_2,NOT_MEASURED,NOT_MEASURED,NOT_MEASURED,UNRESOLVED,NOT_CAPTURED,population_screening.csv,NORMAL_REFERENCE,NOT_CAPTURED_EXISTING_ARTIFACT_ONLY
endpoint::phi4:seq128:forward:37:in_out_ptr0,ENDPOINT_UNIT,,phi4:seq128:forward:37:in_out_ptr0,phi4,128,forward:graph0:forward_g4__add_15,NOT_MEASURED,NOT_MEASURED,NOT_MEASURED,UNRESOLVED,NOT_CAPTURED,population_screening.csv,NORMAL_REFERENCE,NOT_CAPTURED_EXISTING_ARTIFACT_ONLY
endpoint::phi4:seq128:forward:37:out_ptr0,ENDPOINT_UNIT,,phi4:seq128:forward:37:out_ptr0,phi4,128,forward:graph0:forward_g4__mul_21,NOT_MEASURED,NOT_MEASURED,NOT_MEASURED,UNRESOLVED,NOT_CAPTURED,population_screening.csv,NORMAL_REFERENCE,NOT_CAPTURED_EXISTING_ARTIFACT_ONLY
endpoint::phi4:seq128:forward:472:in_out_ptr0,ENDPOINT_UNIT,,phi4:seq128:forward:472:in_out_ptr0,phi4,128,forward:graph0:forward_g4__add_247,NOT_MEASURED,NOT_MEASURED,NOT_MEASURED,UNRESOLVED,NOT_CAPTURED,population_screening.csv,NORMAL_REFERENCE,NOT_CAPTURED_EXISTING_ARTIFACT_ONLY
endpoint::phi4:seq128:forward:472:out_ptr0,ENDPOINT_UNIT,,phi4:seq128:forward:472:out_ptr0,phi4,128,forward:graph0:forward_g4__mul_311,NOT_MEASURED,NOT_MEASURED,NOT_MEASURED,UNRESOLVED,NOT_CAPTURED,population_screening.csv,NORMAL_REFERENCE,NOT_CAPTURED_EXISTING_ARTIFACT_ONLY
endpoint::phi4:seq128:forward:52:in_out_ptr0,ENDPOINT_UNIT,,phi4:seq128:forward:52:in_out_ptr0,phi4,128,forward:graph0:forward_g4__add_23,NOT_MEASURED,NOT_MEASURED,NOT_MEASURED,UNRESOLVED,NOT_CAPTURED,population_screening.csv,NORMAL_REFERENCE,NOT_CAPTURED_EXISTING_ARTIFACT_ONLY
endpoint::phi4:seq128:forward:52:in_out_ptr1,ENDPOINT_UNIT,,phi4:seq128:forward:52:in_out_ptr1,phi4,128,forward:graph0:forward_g4__rsqrt_6,NOT_MEASURED,NOT_MEASURED,NOT_MEASURED,UNRESOLVED,NOT_CAPTURED,population_screening.csv,NORMAL_REFERENCE,NOT_CAPTURED_EXISTING_ARTIFACT_ONLY
endpoint::phi4:seq128:forward:7:in_out_ptr0,ENDPOINT_UNIT,,phi4:seq128:forward:7:in_out_ptr0,phi4,128,forward:graph0:forward_g4__rsqrt,NOT_MEASURED,NOT_MEASURED,NOT_MEASURED,UNRESOLVED,NOT_CAPTURED,population_screening.csv,NORMAL_REFERENCE,NOT_CAPTURED_EXISTING_ARTIFACT_ONLY
endpoint::phi4:seq128:forward:82:in_out_ptr1,ENDPOINT_UNIT,,phi4:seq128:forward:82:in_out_ptr1,phi4,128,forward:graph0:forward_g4__rsqrt_10,NOT_MEASURED,NOT_MEASURED,NOT_MEASURED,UNRESOLVED,NOT_CAPTURED,population_screening.csv,NORMAL_REFERENCE,NOT_CAPTURED_EXISTING_ARTIFACT_ONLY
endpoint::phi4:seq128:forward:93:in_out_ptr1,ENDPOINT_UNIT,,phi4:seq128:forward:93:in_out_ptr1,phi4,128,forward:graph0:forward_g4__rsqrt_11,NOT_MEASURED,NOT_MEASURED,NOT_MEASURED,UNRESOLVED,NOT_CAPTURED,population_screening.csv,NORMAL_REFERENCE,NOT_CAPTURED_EXISTING_ARTIFACT_ONLY
endpoint::phi4:seq128:forward:97:in_out_ptr1,ENDPOINT_UNIT,,phi4:seq128:forward:97:in_out_ptr1,phi4,128,forward:graph0:forward_g4__rsqrt_12,NOT_MEASURED,NOT_MEASURED,NOT_MEASURED,UNRESOLVED,NOT_CAPTURED,population_screening.csv,NORMAL_REFERENCE,NOT_CAPTURED_EXISTING_ARTIFACT_ONLY
endpoint::phi4:seq128:forward:9:out_ptr0,ENDPOINT_UNIT,,phi4:seq128:forward:9:out_ptr0,phi4,128,forward:graph0:forward_g4__cat_3,NOT_MEASURED,NOT_MEASURED,NOT_MEASURED,UNRESOLVED,NOT_CAPTURED,population_screening.csv,NORMAL_REFERENCE,NOT_CAPTURED_EXISTING_ARTIFACT_ONLY
endpoint::phi4:seq256:backward:1104:in_out_ptr0,ENDPOINT_UNIT,,phi4:seq256:backward:1104:in_out_ptr0,phi4,256,backward:graph0:backward_g1__mul_1101,NOT_MEASURED,NOT_MEASURED,NOT_MEASURED,UNRESOLVED,NOT_CAPTURED,population_screening.csv,NORMAL_REFERENCE,NOT_CAPTURED_EXISTING_ARTIFACT_ONLY
endpoint::phi4:seq256:backward:1130:in_out_ptr0,ENDPOINT_UNIT,,phi4:seq256:backward:1130:in_out_ptr0,phi4,256,backward:graph0:backward_g1__add_661,NOT_MEASURED,NOT_MEASURED,NOT_MEASURED,UNRESOLVED,NOT_CAPTURED,population_screening.csv,NORMAL_REFERENCE,NOT_CAPTURED_EXISTING_ARTIFACT_ONLY
endpoint::phi4:seq256:forward:108:in_out_ptr1,ENDPOINT_UNIT,,phi4:seq256:forward:108:in_out_ptr1,phi4,256,forward:graph0:forward_g4__rsqrt_13,NOT_MEASURED,NOT_MEASURED,NOT_MEASURED,UNRESOLVED,NOT_CAPTURED,population_screening.csv,NORMAL_REFERENCE,NOT_CAPTURED_EXISTING_ARTIFACT_ONLY
endpoint::phi4:seq256:forward:16:out_ptr0,ENDPOINT_UNIT,,phi4:seq256:forward:16:out_ptr0,phi4,256,forward:graph0:forward_g4__clone_3,NOT_MEASURED,NOT_MEASURED,NOT_MEASURED,UNRESOLVED,NOT_CAPTURED,population_screening.csv,NORMAL_REFERENCE,NOT_CAPTURED_EXISTING_ARTIFACT_ONLY
endpoint::phi4:seq256:forward:18:in_out_ptr0,ENDPOINT_UNIT,,phi4:seq256:forward:18:in_out_ptr0,phi4,256,forward:graph0:forward_g4__rsqrt_1,NOT_MEASURED,NOT_MEASURED,NOT_MEASURED,UNRESOLVED,NOT_CAPTURED,population_screening.csv,COHERENT_F_B_BIAS,NOT_CAPTURED_EXISTING_ARTIFACT_ONLY
endpoint::phi4:seq256:forward:19:output_0,ENDPOINT_UNIT,,phi4:seq256:forward:19:output_0,phi4,256,forward:graph0:forward_g4__mm_2,NOT_MEASURED,NOT_MEASURED,NOT_MEASURED,UNRESOLVED,NOT_CAPTURED,population_screening.csv,NORMAL_REFERENCE,NOT_CAPTURED_EXISTING_ARTIFACT_ONLY
endpoint::phi4:seq256:forward:22:in_out_ptr1,ENDPOINT_UNIT,,phi4:seq256:forward:22:in_out_ptr1,phi4,256,forward:graph0:forward_g4__rsqrt_2,NOT_MEASURED,NOT_MEASURED,NOT_MEASURED,UNRESOLVED,NOT_CAPTURED,population_screening.csv,COHERENT_F_B_BIAS,NOT_CAPTURED_EXISTING_ARTIFACT_ONLY
endpoint::phi4:seq256:forward:27:output_0,ENDPOINT_UNIT,,phi4:seq256:forward:27:output_0,phi4,256,forward:graph0:forward_g4__bmm_2,NOT_MEASURED,NOT_MEASURED,NOT_MEASURED,UNRESOLVED,NOT_CAPTURED,population_screening.csv,NORMAL_REFERENCE,NOT_CAPTURED_EXISTING_ARTIFACT_ONLY
endpoint::phi4:seq256:forward:30:output_0,ENDPOINT_UNIT,,phi4:seq256:forward:30:output_0,phi4,256,forward:graph0:forward_g4__bmm_3,NOT_MEASURED,NOT_MEASURED,NOT_MEASURED,UNRESOLVED,NOT_CAPTURED,population_screening.csv,NORMAL_REFERENCE,NOT_CAPTURED_EXISTING_ARTIFACT_ONLY
endpoint::phi4:seq256:forward:42:output_0,ENDPOINT_UNIT,,phi4:seq256:forward:42:output_0,phi4,256,forward:graph0:forward_g4__bmm_4,NOT_MEASURED,NOT_MEASURED,NOT_MEASURED,UNRESOLVED,NOT_CAPTURED,population_screening.csv,NORMAL_REFERENCE,NOT_CAPTURED_EXISTING_ARTIFACT_ONLY
endpoint::phi4:seq256:forward:485:out_ptr0,ENDPOINT_UNIT,,phi4:seq256:forward:485:out_ptr0,phi4,256,forward:graph0:forward_g4__mul_319,NOT_MEASURED,NOT_MEASURED,NOT_MEASURED,UNRESOLVED,NOT_CAPTURED,population_screening.csv,NORMAL_REFERENCE,NOT_CAPTURED_EXISTING_ARTIFACT_ONLY
endpoint::phi4:seq256:forward:54:out_ptr0,ENDPOINT_UNIT,,phi4:seq256:forward:54:out_ptr0,phi4,256,forward:graph0:forward_g4__cat_15,NOT_MEASURED,NOT_MEASURED,NOT_MEASURED,UNRESOLVED,NOT_CAPTURED,population_screening.csv,NORMAL_REFERENCE,NOT_CAPTURED_EXISTING_ARTIFACT_ONLY
endpoint::phi4:seq256:forward:67:in_out_ptr1,ENDPOINT_UNIT,,phi4:seq256:forward:67:in_out_ptr1,phi4,256,forward:graph0:forward_g4__rsqrt_8,NOT_MEASURED,NOT_MEASURED,NOT_MEASURED,UNRESOLVED,NOT_CAPTURED,population_screening.csv,NORMAL_REFERENCE,NOT_CAPTURED_EXISTING_ARTIFACT_ONLY
endpoint::phi4:seq256:forward:72:output_0,ENDPOINT_UNIT,,phi4:seq256:forward:72:output_0,phi4,256,forward:graph0:forward_g4__bmm_8,NOT_MEASURED,NOT_MEASURED,NOT_MEASURED,UNRESOLVED,NOT_CAPTURED,population_screening.csv,NORMAL_REFERENCE,NOT_CAPTURED_EXISTING_ARTIFACT_ONLY
endpoint::phi4:seq256:forward:75:output_0,ENDPOINT_UNIT,,phi4:seq256:forward:75:output_0,phi4,256,forward:graph0:forward_g4__bmm_9,NOT_MEASURED,NOT_MEASURED,NOT_MEASURED,UNRESOLVED,NOT_CAPTURED,population_screening.csv,NORMAL_REFERENCE,NOT_CAPTURED_EXISTING_ARTIFACT_ONLY
endpoint::phi4:seq256:forward:7:in_out_ptr0,ENDPOINT_UNIT,,phi4:seq256:forward:7:in_out_ptr0,phi4,256,forward:graph0:forward_g4__rsqrt,NOT_MEASURED,NOT_MEASURED,NOT_MEASURED,UNRESOLVED,NOT_CAPTURED,population_screening.csv,NORMAL_REFERENCE,NOT_CAPTURED_EXISTING_ARTIFACT_ONLY
endpoint::phi4:seq256:forward:82:in_out_ptr1,ENDPOINT_UNIT,,phi4:seq256:forward:82:in_out_ptr1,phi4,256,forward:graph0:forward_g4__rsqrt_10,NOT_MEASURED,NOT_MEASURED,NOT_MEASURED,UNRESOLVED,NOT_CAPTURED,population_screening.csv,NORMAL_REFERENCE,NOT_CAPTURED_EXISTING_ARTIFACT_ONLY
endpoint::phi4:seq256:forward:93:in_out_ptr1,ENDPOINT_UNIT,,phi4:seq256:forward:93:in_out_ptr1,phi4,256,forward:graph0:forward_g4__rsqrt_11,NOT_MEASURED,NOT_MEASURED,NOT_MEASURED,UNRESOLVED,NOT_CAPTURED,population_screening.csv,COHERENT_F_B_BIAS,NOT_CAPTURED_EXISTING_ARTIFACT_ONLY
endpoint::phi4:seq256:forward:97:in_out_ptr1,ENDPOINT_UNIT,,phi4:seq256:forward:97:in_out_ptr1,phi4,256,forward:graph0:forward_g4__rsqrt_12,NOT_MEASURED,NOT_MEASURED,NOT_MEASURED,UNRESOLVED,NOT_CAPTURED,population_screening.csv,NORMAL_REFERENCE,NOT_CAPTURED_EXISTING_ARTIFACT_ONLY
endpoint::phi4:seq64:backward:879:out_ptr0,ENDPOINT_UNIT,,phi4:seq64:backward:879:out_ptr0,phi4,64,backward:graph0:backward_g1__sum_166,NOT_MEASURED,NOT_MEASURED,NOT_MEASURED,UNRESOLVED,NOT_CAPTURED,population_screening.csv,NORMAL_REFERENCE,NOT_CAPTURED_EXISTING_ARTIFACT_ONLY
endpoint::phi4:seq64:forward:108:in_out_ptr1,ENDPOINT_UNIT,,phi4:seq64:forward:108:in_out_ptr1,phi4,64,forward:graph0:forward_g4__rsqrt_13,NOT_MEASURED,NOT_MEASURED,NOT_MEASURED,UNRESOLVED,NOT_CAPTURED,population_screening.csv,NORMAL_REFERENCE,NOT_CAPTURED_EXISTING_ARTIFACT_ONLY
endpoint::phi4:seq64:forward:112:in_out_ptr1,ENDPOINT_UNIT,,phi4:seq64:forward:112:in_out_ptr1,phi4,64,forward:graph0:forward_g4__rsqrt_14,NOT_MEASURED,NOT_MEASURED,NOT_MEASURED,UNRESOLVED,NOT_CAPTURED,population_screening.csv,NORMAL_REFERENCE,NOT_CAPTURED_EXISTING_ARTIFACT_ONLY
endpoint::phi4:seq64:forward:138:in_out_ptr1,ENDPOINT_UNIT,,phi4:seq64:forward:138:in_out_ptr1,phi4,64,forward:graph0:forward_g4__rsqrt_17,NOT_MEASURED,NOT_MEASURED,NOT_MEASURED,UNRESOLVED,NOT_CAPTURED,population_screening.csv,NORMAL_REFERENCE,NOT_CAPTURED_EXISTING_ARTIFACT_ONLY
endpoint::phi4:seq64:forward:16:out_ptr0,ENDPOINT_UNIT,,phi4:seq64:forward:16:out_ptr0,phi4,64,forward:graph0:forward_g4__clone_3,NOT_MEASURED,NOT_MEASURED,NOT_MEASURED,UNRESOLVED,NOT_CAPTURED,population_screening.csv,NORMAL_REFERENCE,NOT_CAPTURED_EXISTING_ARTIFACT_ONLY
endpoint::phi4:seq64:forward:18:in_out_ptr0,ENDPOINT_UNIT,,phi4:seq64:forward:18:in_out_ptr0,phi4,64,forward:graph0:forward_g4__rsqrt_1,NOT_MEASURED,NOT_MEASURED,NOT_MEASURED,UNRESOLVED,NOT_CAPTURED,population_screening.csv,NORMAL_REFERENCE,NOT_CAPTURED_EXISTING_ARTIFACT_ONLY
endpoint::phi4:seq64:forward:22:in_out_ptr1,ENDPOINT_UNIT,,phi4:seq64:forward:22:in_out_ptr1,phi4,64,forward:graph0:forward_g4__rsqrt_2,NOT_MEASURED,NOT_MEASURED,NOT_MEASURED,UNRESOLVED,NOT_CAPTURED,population_screening.csv,NORMAL_REFERENCE,NOT_CAPTURED_EXISTING_ARTIFACT_ONLY
endpoint::phi4:seq64:forward:234:out_ptr0,ENDPOINT_UNIT,,phi4:seq64:forward:234:out_ptr0,phi4,64,forward:graph0:forward_g4__cat_63,NOT_MEASURED,NOT_MEASURED,NOT_MEASURED,UNRESOLVED,NOT_CAPTURED,population_screening.csv,NORMAL_REFERENCE,NOT_CAPTURED_EXISTING_ARTIFACT_ONLY
endpoint::phi4:seq64:forward:24:out_ptr0,ENDPOINT_UNIT,,phi4:seq64:forward:24:out_ptr0,phi4,64,forward:graph0:forward_g4__cat_7,NOT_MEASURED,NOT_MEASURED,NOT_MEASURED,UNRESOLVED,NOT_CAPTURED,population_screening.csv,NORMAL_REFERENCE,NOT_CAPTURED_EXISTING_ARTIFACT_ONLY
endpoint::phi4:seq64:forward:27:output_0,ENDPOINT_UNIT,,phi4:seq64:forward:27:output_0,phi4,64,forward:graph0:forward_g4__bmm_2,NOT_MEASURED,NOT_MEASURED,NOT_MEASURED,UNRESOLVED,NOT_CAPTURED,population_screening.csv,NORMAL_REFERENCE,NOT_CAPTURED_EXISTING_ARTIFACT_ONLY
endpoint::phi4:seq64:forward:30:output_0,ENDPOINT_UNIT,,phi4:seq64:forward:30:output_0,phi4,64,forward:graph0:forward_g4__bmm_3,NOT_MEASURED,NOT_MEASURED,NOT_MEASURED,UNRESOLVED,NOT_CAPTURED,population_screening.csv,NORMAL_REFERENCE,NOT_CAPTURED_EXISTING_ARTIFACT_ONLY
endpoint::phi4:seq64:forward:31:out_ptr0,ENDPOINT_UNIT,,phi4:seq64:forward:31:out_ptr0,phi4,64,forward:graph0:forward_g4__clone_9,NOT_MEASURED,NOT_MEASURED,NOT_MEASURED,UNRESOLVED,NOT_CAPTURED,population_screening.csv,NORMAL_REFERENCE,NOT_CAPTURED_EXISTING_ARTIFACT_ONLY
endpoint::phi4:seq64:forward:32:output_0,ENDPOINT_UNIT,,phi4:seq64:forward:32:output_0,phi4,64,forward:graph0:forward_g4__mm_5,NOT_MEASURED,NOT_MEASURED,NOT_MEASURED,UNRESOLVED,NOT_CAPTURED,population_screening.csv,NORMAL_REFERENCE,NOT_CAPTURED_EXISTING_ARTIFACT_ONLY
endpoint::phi4:seq64:forward:75:output_0,ENDPOINT_UNIT,,phi4:seq64:forward:75:output_0,phi4,64,forward:graph0:forward_g4__bmm_9,NOT_MEASURED,NOT_MEASURED,NOT_MEASURED,UNRESOLVED,NOT_CAPTURED,population_screening.csv,NORMAL_REFERENCE,NOT_CAPTURED_EXISTING_ARTIFACT_ONLY
endpoint::phi4:seq64:forward:7:in_out_ptr0,ENDPOINT_UNIT,,phi4:seq64:forward:7:in_out_ptr0,phi4,64,forward:graph0:forward_g4__rsqrt,NOT_MEASURED,NOT_MEASURED,NOT_MEASURED,UNRESOLVED,NOT_CAPTURED,population_screening.csv,NORMAL_REFERENCE,NOT_CAPTURED_EXISTING_ARTIFACT_ONLY
endpoint::phi4:seq64:forward:82:in_out_ptr1,ENDPOINT_UNIT,,phi4:seq64:forward:82:in_out_ptr1,phi4,64,forward:graph0:forward_g4__rsqrt_10,NOT_MEASURED,NOT_MEASURED,NOT_MEASURED,UNRESOLVED,NOT_CAPTURED,population_screening.csv,NORMAL_REFERENCE,NOT_CAPTURED_EXISTING_ARTIFACT_ONLY
endpoint::phi4:seq64:forward:93:in_out_ptr1,ENDPOINT_UNIT,,phi4:seq64:forward:93:in_out_ptr1,phi4,64,forward:graph0:forward_g4__rsqrt_11,NOT_MEASURED,NOT_MEASURED,NOT_MEASURED,UNRESOLVED,NOT_CAPTURED,population_screening.csv,NORMAL_REFERENCE,NOT_CAPTURED_EXISTING_ARTIFACT_ONLY
endpoint::phi4:seq64:forward:97:in_out_ptr1,ENDPOINT_UNIT,,phi4:seq64:forward:97:in_out_ptr1,phi4,64,forward:graph0:forward_g4__rsqrt_12,NOT_MEASURED,NOT_MEASURED,NOT_MEASURED,UNRESOLVED,NOT_CAPTURED,population_screening.csv,NORMAL_REFERENCE,NOT_CAPTURED_EXISTING_ARTIFACT_ONLY
endpoint::qwen:seq128:backward:1169:out_ptr0,ENDPOINT_UNIT,,qwen:seq128:backward:1169:out_ptr0,qwen,128,backward:graph0:sum_250,NOT_MEASURED,NOT_MEASURED,NOT_MEASURED,UNRESOLVED,NOT_CAPTURED,population_screening.csv,NORMAL_REFERENCE,NOT_CAPTURED_EXISTING_ARTIFACT_ONLY
endpoint::qwen:seq128:backward:1405:out_ptr0,ENDPOINT_UNIT,,qwen:seq128:backward:1405:out_ptr0,qwen,128,backward:graph0:sum_326,NOT_MEASURED,NOT_MEASURED,NOT_MEASURED,UNRESOLVED,NOT_CAPTURED,population_screening.csv,NORMAL_REFERENCE,NOT_CAPTURED_EXISTING_ARTIFACT_ONLY
endpoint::qwen:seq128:backward:524:output_0,ENDPOINT_UNIT,,qwen:seq128:backward:524:output_0,qwen,128,backward:graph0:mm_202,NOT_MEASURED,NOT_MEASURED,NOT_MEASURED,UNRESOLVED,NOT_CAPTURED,population_screening.csv,NORMAL_REFERENCE,NOT_CAPTURED_EXISTING_ARTIFACT_ONLY
endpoint::qwen:seq128:backward:596:output_0,ENDPOINT_UNIT,,qwen:seq128:backward:596:output_0,qwen,128,backward:graph0:mm_234,NOT_MEASURED,NOT_MEASURED,NOT_MEASURED,UNRESOLVED,NOT_CAPTURED,population_screening.csv,NORMAL_REFERENCE,NOT_CAPTURED_EXISTING_ARTIFACT_ONLY
endpoint::qwen:seq128:backward:823:output_0,ENDPOINT_UNIT,,qwen:seq128:backward:823:output_0,qwen,128,backward:graph0:mm_330,NOT_MEASURED,NOT_MEASURED,NOT_MEASURED,UNRESOLVED,NOT_CAPTURED,population_screening.csv,NORMAL_REFERENCE,NOT_CAPTURED_EXISTING_ARTIFACT_ONLY
endpoint::qwen:seq128:forward:115:in_out_ptr0,ENDPOINT_UNIT,,qwen:seq128:forward:115:in_out_ptr0,qwen,128,forward:graph0:rsqrt_26,NOT_MEASURED,NOT_MEASURED,NOT_MEASURED,UNRESOLVED,NOT_CAPTURED,population_screening.csv,NORMAL_REFERENCE,NOT_CAPTURED_EXISTING_ARTIFACT_ONLY
endpoint::qwen:seq128:forward:151:in_out_ptr1,ENDPOINT_UNIT,,qwen:seq128:forward:151:in_out_ptr1,qwen,128,forward:graph0:add_85,NOT_MEASURED,NOT_MEASURED,NOT_MEASURED,UNRESOLVED,NOT_CAPTURED,population_screening.csv,NORMAL_REFERENCE,NOT_CAPTURED_EXISTING_ARTIFACT_ONLY
endpoint::qwen:seq128:forward:16:in_out_ptr0,ENDPOINT_UNIT,,qwen:seq128:forward:16:in_out_ptr0,qwen,128,forward:graph0:rsqrt_3,NOT_MEASURED,NOT_MEASURED,NOT_MEASURED,UNRESOLVED,NOT_CAPTURED,population_screening.csv,NORMAL_REFERENCE,NOT_CAPTURED_EXISTING_ARTIFACT_ONLY
endpoint::qwen:seq128:forward:185:out_ptr2,ENDPOINT_UNIT,,qwen:seq128:forward:185:out_ptr2,qwen,128,forward:graph0:permute_990,NOT_MEASURED,NOT_MEASURED,NOT_MEASURED,UNRESOLVED,NOT_CAPTURED,population_screening.csv,NORMAL_REFERENCE,NOT_CAPTURED_EXISTING_ARTIFACT_ONLY
endpoint::qwen:seq128:forward:21:in_out_ptr1,ENDPOINT_UNIT,,qwen:seq128:forward:21:in_out_ptr1,qwen,128,forward:graph0:rsqrt_4,NOT_MEASURED,NOT_MEASURED,NOT_MEASURED,UNRESOLVED,NOT_CAPTURED,population_screening.csv,NORMAL_REFERENCE,NOT_CAPTURED_EXISTING_ARTIFACT_ONLY
endpoint::qwen:seq128:forward:230:out_ptr0,ENDPOINT_UNIT,,qwen:seq128:forward:230:out_ptr0,qwen,128,forward:graph0:clone_53,NOT_MEASURED,NOT_MEASURED,NOT_MEASURED,UNRESOLVED,NOT_CAPTURED,population_screening.csv,NORMAL_REFERENCE,NOT_CAPTURED_EXISTING_ARTIFACT_ONLY
endpoint::qwen:seq128:forward:239:in_out_ptr0,ENDPOINT_UNIT,,qwen:seq128:forward:239:in_out_ptr0,qwen,128,forward:graph0:rsqrt_53,NOT_MEASURED,NOT_MEASURED,NOT_MEASURED,UNRESOLVED,NOT_CAPTURED,population_screening.csv,NORMAL_REFERENCE,NOT_CAPTURED_EXISTING_ARTIFACT_ONLY
endpoint::qwen:seq128:forward:257:in_out_ptr0,ENDPOINT_UNIT,,qwen:seq128:forward:257:in_out_ptr0,qwen,128,forward:graph0:rsqrt_57,NOT_MEASURED,NOT_MEASURED,NOT_MEASURED,UNRESOLVED,NOT_CAPTURED,population_screening.csv,NORMAL_REFERENCE,NOT_CAPTURED_EXISTING_ARTIFACT_ONLY
endpoint::qwen:seq128:forward:275:in_out_ptr0,ENDPOINT_UNIT,,qwen:seq128:forward:275:in_out_ptr0,qwen,128,forward:graph0:rsqrt_61,NOT_MEASURED,NOT_MEASURED,NOT_MEASURED,UNRESOLVED,NOT_CAPTURED,population_screening.csv,NORMAL_REFERENCE,NOT_CAPTURED_EXISTING_ARTIFACT_ONLY
endpoint::qwen:seq128:forward:311:in_out_ptr0,ENDPOINT_UNIT,,qwen:seq128:forward:311:in_out_ptr0,qwen,128,forward:graph0:rsqrt_69,NOT_MEASURED,NOT_MEASURED,NOT_MEASURED,UNRESOLVED,NOT_CAPTURED,population_screening.csv,NORMAL_REFERENCE,NOT_CAPTURED_EXISTING_ARTIFACT_ONLY
endpoint::qwen:seq128:forward:329:in_out_ptr0,ENDPOINT_UNIT,,qwen:seq128:forward:329:in_out_ptr0,qwen,128,forward:graph0:rsqrt_73,NOT_MEASURED,NOT_MEASURED,NOT_MEASURED,UNRESOLVED,NOT_CAPTURED,population_screening.csv,NORMAL_REFERENCE,NOT_CAPTURED_EXISTING_ARTIFACT_ONLY
endpoint::qwen:seq128:forward:34:in_out_ptr1,ENDPOINT_UNIT,,qwen:seq128:forward:34:in_out_ptr1,qwen,128,forward:graph0:rsqrt_7,NOT_MEASURED,NOT_MEASURED,NOT_MEASURED,UNRESOLVED,NOT_CAPTURED,population_screening.csv,NORMAL_REFERENCE,NOT_CAPTURED_EXISTING_ARTIFACT_ONLY
endpoint::qwen:seq128:forward:385:in_out_ptr0,ENDPOINT_UNIT,,qwen:seq128:forward:385:in_out_ptr0,qwen,128,forward:graph0:rsqrt_86,NOT_MEASURED,NOT_MEASURED,NOT_MEASURED,UNRESOLVED,NOT_CAPTURED,population_screening.csv,NORMAL_REFERENCE,NOT_CAPTURED_EXISTING_ARTIFACT_ONLY
endpoint::qwen:seq128:forward:39:in_out_ptr1,ENDPOINT_UNIT,,qwen:seq128:forward:39:in_out_ptr1,qwen,128,forward:graph0:rsqrt_8,NOT_MEASURED,NOT_MEASURED,NOT_MEASURED,UNRESOLVED,NOT_CAPTURED,population_screening.csv,NORMAL_REFERENCE,NOT_CAPTURED_EXISTING_ARTIFACT_ONLY
endpoint::qwen:seq128:forward:437:in_out_ptr0,ENDPOINT_UNIT,,qwen:seq128:forward:437:in_out_ptr0,qwen,128,forward:graph0:rsqrt_97,NOT_MEASURED,NOT_MEASURED,NOT_MEASURED,UNRESOLVED,NOT_CAPTURED,population_screening.csv,NORMAL_REFERENCE,NOT_CAPTURED_EXISTING_ARTIFACT_ONLY
endpoint::qwen:seq128:forward:43:in_out_ptr1,ENDPOINT_UNIT,,qwen:seq128:forward:43:in_out_ptr1,qwen,128,forward:graph0:add_25,NOT_MEASURED,NOT_MEASURED,NOT_MEASURED,UNRESOLVED,NOT_CAPTURED,population_screening.csv,NORMAL_REFERENCE,NOT_CAPTURED_EXISTING_ARTIFACT_ONLY
endpoint::qwen:seq128:forward:52:in_out_ptr1,ENDPOINT_UNIT,,qwen:seq128:forward:52:in_out_ptr1,qwen,128,forward:graph0:rsqrt_11,NOT_MEASURED,NOT_MEASURED,NOT_MEASURED,UNRESOLVED,NOT_CAPTURED,population_screening.csv,NORMAL_REFERENCE,NOT_CAPTURED_EXISTING_ARTIFACT_ONLY
endpoint::qwen:seq128:forward:57:in_out_ptr1,ENDPOINT_UNIT,,qwen:seq128:forward:57:in_out_ptr1,qwen,128,forward:graph0:rsqrt_12,NOT_MEASURED,NOT_MEASURED,NOT_MEASURED,UNRESOLVED,NOT_CAPTURED,population_screening.csv,NORMAL_REFERENCE,NOT_CAPTURED_EXISTING_ARTIFACT_ONLY
endpoint::qwen:seq128:forward:59:in_out_ptr0,ENDPOINT_UNIT,,qwen:seq128:forward:59:in_out_ptr0,qwen,128,forward:graph0:rsqrt_13,NOT_MEASURED,NOT_MEASURED,NOT_MEASURED,UNRESOLVED,NOT_CAPTURED,population_screening.csv,NORMAL_REFERENCE,NOT_CAPTURED_EXISTING_ARTIFACT_ONLY
endpoint::qwen:seq128:forward:5:out_ptr2,ENDPOINT_UNIT,,qwen:seq128:forward:5:out_ptr2,qwen,128,forward:graph0:permute_1360,NOT_MEASURED,NOT_MEASURED,NOT_MEASURED,UNRESOLVED,NOT_CAPTURED,population_screening.csv,COHERENT_F_B_BIAS,NOT_CAPTURED_EXISTING_ARTIFACT_ONLY
endpoint::qwen:seq128:forward:70:in_out_ptr1,ENDPOINT_UNIT,,qwen:seq128:forward:70:in_out_ptr1,qwen,128,forward:graph0:rsqrt_15,NOT_MEASURED,NOT_MEASURED,NOT_MEASURED,UNRESOLVED,NOT_CAPTURED,population_screening.csv,NORMAL_REFERENCE,NOT_CAPTURED_EXISTING_ARTIFACT_ONLY
endpoint::qwen:seq128:forward:7:in_out_ptr1,ENDPOINT_UNIT,,qwen:seq128:forward:7:in_out_ptr1,qwen,128,forward:graph0:add_5,NOT_MEASURED,NOT_MEASURED,NOT_MEASURED,UNRESOLVED,NOT_CAPTURED,population_screening.csv,NORMAL_REFERENCE,NOT_CAPTURED_EXISTING_ARTIFACT_ONLY
endpoint::qwen:seq256:backward:1462:output_0,ENDPOINT_UNIT,,qwen:seq256:backward:1462:output_0,qwen,256,backward:graph0:mm_577,NOT_MEASURED,NOT_MEASURED,NOT_MEASURED,UNRESOLVED,NOT_CAPTURED,population_screening.csv,NORMAL_REFERENCE,NOT_CAPTURED_EXISTING_ARTIFACT_ONLY
endpoint::qwen:seq256:backward:541:out_ptr0,ENDPOINT_UNIT,,qwen:seq256:backward:541:out_ptr0,qwen,256,backward:graph0:sum_41,NOT_MEASURED,NOT_MEASURED,NOT_MEASURED,UNRESOLVED,NOT_CAPTURED,population_screening.csv,NORMAL_REFERENCE,NOT_CAPTURED_EXISTING_ARTIFACT_ONLY
endpoint::qwen:seq256:backward:552:output_0,ENDPOINT_UNIT,,qwen:seq256:backward:552:output_0,qwen,256,backward:graph0:mm_213,NOT_MEASURED,NOT_MEASURED,NOT_MEASURED,UNRESOLVED,NOT_CAPTURED,population_screening.csv,COHERENT_F_B_BIAS,NOT_CAPTURED_EXISTING_ARTIFACT_ONLY
endpoint::qwen:seq256:backward:581:out_ptr0,ENDPOINT_UNIT,,qwen:seq256:backward:581:out_ptr0,qwen,256,backward:graph0:sum_51,NOT_MEASURED,NOT_MEASURED,NOT_MEASURED,UNRESOLVED,NOT_CAPTURED,population_screening.csv,COHERENT_F_B_BIAS,NOT_CAPTURED_EXISTING_ARTIFACT_ONLY
endpoint::qwen:seq256:backward:589:out_ptr0,ENDPOINT_UNIT,,qwen:seq256:backward:589:out_ptr0,qwen,256,backward:graph0:sum_55,NOT_MEASURED,NOT_MEASURED,NOT_MEASURED,UNRESOLVED,NOT_CAPTURED,population_screening.csv,COHERENT_F_B_BIAS,NOT_CAPTURED_EXISTING_ARTIFACT_ONLY
endpoint::qwen:seq256:backward:616:out_ptr0,ENDPOINT_UNIT,,qwen:seq256:backward:616:out_ptr0,qwen,256,backward:graph0:sum_62,NOT_MEASURED,NOT_MEASURED,NOT_MEASURED,UNRESOLVED,NOT_CAPTURED,population_screening.csv,NORMAL_REFERENCE,NOT_CAPTURED_EXISTING_ARTIFACT_ONLY
endpoint::qwen:seq256:backward:775:output_0,ENDPOINT_UNIT,,qwen:seq256:backward:775:output_0,qwen,256,backward:graph0:bmm_84,NOT_MEASURED,NOT_MEASURED,NOT_MEASURED,UNRESOLVED,NOT_CAPTURED,population_screening.csv,NORMAL_REFERENCE,NOT_CAPTURED_EXISTING_ARTIFACT_ONLY
endpoint::qwen:seq256:backward:989:output_0,ENDPOINT_UNIT,,qwen:seq256:backward:989:output_0,qwen,256,backward:graph0:mm_389,NOT_MEASURED,NOT_MEASURED,NOT_MEASURED,UNRESOLVED,NOT_CAPTURED,population_screening.csv,NORMAL_REFERENCE,NOT_CAPTURED_EXISTING_ARTIFACT_ONLY
endpoint::qwen:seq256:forward:106:in_out_ptr1,ENDPOINT_UNIT,,qwen:seq256:forward:106:in_out_ptr1,qwen,256,forward:graph0:rsqrt_23,NOT_MEASURED,NOT_MEASURED,NOT_MEASURED,UNRESOLVED,NOT_CAPTURED,population_screening.csv,NORMAL_REFERENCE,NOT_CAPTURED_EXISTING_ARTIFACT_ONLY
endpoint::qwen:seq256:forward:10:output_0,ENDPOINT_UNIT,,qwen:seq256:forward:10:output_0,qwen,256,forward:graph0:bmm,NOT_MEASURED,NOT_MEASURED,NOT_MEASURED,UNRESOLVED,NOT_CAPTURED,population_screening.csv,NORMAL_REFERENCE,NOT_CAPTURED_EXISTING_ARTIFACT_ONLY
endpoint::qwen:seq256:forward:111:in_out_ptr1,ENDPOINT_UNIT,,qwen:seq256:forward:111:in_out_ptr1,qwen,256,forward:graph0:rsqrt_24,NOT_MEASURED,NOT_MEASURED,NOT_MEASURED,UNRESOLVED,NOT_CAPTURED,population_screening.csv,NORMAL_REFERENCE,NOT_CAPTURED_EXISTING_ARTIFACT_ONLY
endpoint::qwen:seq256:forward:113:in_out_ptr0,ENDPOINT_UNIT,,qwen:seq256:forward:113:in_out_ptr0,qwen,256,forward:graph0:rsqrt_25,NOT_MEASURED,NOT_MEASURED,NOT_MEASURED,UNRESOLVED,NOT_CAPTURED,population_screening.csv,NORMAL_REFERENCE,NOT_CAPTURED_EXISTING_ARTIFACT_ONLY
endpoint::qwen:seq256:forward:115:in_out_ptr0,ENDPOINT_UNIT,,qwen:seq256:forward:115:in_out_ptr0,qwen,256,forward:graph0:rsqrt_26,NOT_MEASURED,NOT_MEASURED,NOT_MEASURED,UNRESOLVED,NOT_CAPTURED,population_screening.csv,COHERENT_F_B_BIAS,NOT_CAPTURED_EXISTING_ARTIFACT_ONLY
endpoint::qwen:seq256:forward:131:in_out_ptr0,ENDPOINT_UNIT,,qwen:seq256:forward:131:in_out_ptr0,qwen,256,forward:graph0:rsqrt_29,NOT_MEASURED,NOT_MEASURED,NOT_MEASURED,UNRESOLVED,NOT_CAPTURED,population_screening.csv,NORMAL_REFERENCE,NOT_CAPTURED_EXISTING_ARTIFACT_ONLY
endpoint::qwen:seq256:forward:133:in_out_ptr0,ENDPOINT_UNIT,,qwen:seq256:forward:133:in_out_ptr0,qwen,256,forward:graph0:rsqrt_30,NOT_MEASURED,NOT_MEASURED,NOT_MEASURED,UNRESOLVED,NOT_CAPTURED,population_screening.csv,COHERENT_F_B_BIAS,NOT_CAPTURED_EXISTING_ARTIFACT_ONLY
endpoint::qwen:seq256:forward:135:out_ptr0,ENDPOINT_UNIT,,qwen:seq256:forward:135:out_ptr0,qwen,256,forward:graph0:clone_30,NOT_MEASURED,NOT_MEASURED,NOT_MEASURED,UNRESOLVED,NOT_CAPTURED,population_screening.csv,NORMAL_REFERENCE,NOT_CAPTURED_EXISTING_ARTIFACT_ONLY
endpoint::qwen:seq256:forward:136:output_0,ENDPOINT_UNIT,,qwen:seq256:forward:136:output_0,qwen,256,forward:graph0:bmm_14,NOT_MEASURED,NOT_MEASURED,NOT_MEASURED,UNRESOLVED,NOT_CAPTURED,population_screening.csv,NORMAL_REFERENCE,NOT_CAPTURED_EXISTING_ARTIFACT_ONLY
endpoint::qwen:seq256:forward:137:in_out_ptr0,ENDPOINT_UNIT,,qwen:seq256:forward:137:in_out_ptr0,qwen,256,forward:graph0:add_76,NOT_MEASURED,NOT_MEASURED,NOT_MEASURED,UNRESOLVED,NOT_CAPTURED,population_screening.csv,NORMAL_REFERENCE,NOT_CAPTURED_EXISTING_ARTIFACT_ONLY
endpoint::qwen:seq256:forward:160:in_out_ptr1,ENDPOINT_UNIT,,qwen:seq256:forward:160:in_out_ptr1,qwen,256,forward:graph0:rsqrt_35,NOT_MEASURED,NOT_MEASURED,NOT_MEASURED,UNRESOLVED,NOT_CAPTURED,population_screening.csv,NORMAL_REFERENCE,NOT_CAPTURED_EXISTING_ARTIFACT_ONLY
endpoint::qwen:seq256:forward:230:out_ptr0,ENDPOINT_UNIT,,qwen:seq256:forward:230:out_ptr0,qwen,256,forward:graph0:clone_53,NOT_MEASURED,NOT_MEASURED,NOT_MEASURED,UNRESOLVED,NOT_CAPTURED,population_screening.csv,NORMAL_REFERENCE,NOT_CAPTURED_EXISTING_ARTIFACT_ONLY
endpoint::qwen:seq256:forward:239:in_out_ptr0,ENDPOINT_UNIT,,qwen:seq256:forward:239:in_out_ptr0,qwen,256,forward:graph0:rsqrt_53,NOT_MEASURED,NOT_MEASURED,NOT_MEASURED,UNRESOLVED,NOT_CAPTURED,population_screening.csv,NORMAL_REFERENCE,NOT_CAPTURED_EXISTING_ARTIFACT_ONLY
endpoint::qwen:seq256:forward:241:in_out_ptr0,ENDPOINT_UNIT,,qwen:seq256:forward:241:in_out_ptr0,qwen,256,forward:graph0:rsqrt_54,NOT_MEASURED,NOT_MEASURED,NOT_MEASURED,UNRESOLVED,NOT_CAPTURED,population_screening.csv,NORMAL_REFERENCE,NOT_CAPTURED_EXISTING_ARTIFACT_ONLY
endpoint::qwen:seq256:forward:257:in_out_ptr0,ENDPOINT_UNIT,,qwen:seq256:forward:257:in_out_ptr0,qwen,256,forward:graph0:rsqrt_57,NOT_MEASURED,NOT_MEASURED,NOT_MEASURED,UNRESOLVED,NOT_CAPTURED,population_screening.csv,NORMAL_REFERENCE,NOT_CAPTURED_EXISTING_ARTIFACT_ONLY
endpoint::qwen:seq256:forward:259:in_out_ptr0,ENDPOINT_UNIT,,qwen:seq256:forward:259:in_out_ptr0,qwen,256,forward:graph0:rsqrt_58,NOT_MEASURED,NOT_MEASURED,NOT_MEASURED,UNRESOLVED,NOT_CAPTURED,population_screening.csv,NORMAL_REFERENCE,NOT_CAPTURED_EXISTING_ARTIFACT_ONLY
endpoint::qwen:seq256:forward:293:in_out_ptr0,ENDPOINT_UNIT,,qwen:seq256:forward:293:in_out_ptr0,qwen,256,forward:graph0:rsqrt_65,NOT_MEASURED,NOT_MEASURED,NOT_MEASURED,UNRESOLVED,NOT_CAPTURED,population_screening.csv,NORMAL_REFERENCE,NOT_CAPTURED_EXISTING_ARTIFACT_ONLY
endpoint::qwen:seq256:forward:295:in_out_ptr0,ENDPOINT_UNIT,,qwen:seq256:forward:295:in_out_ptr0,qwen,256,forward:graph0:rsqrt_66,NOT_MEASURED,NOT_MEASURED,NOT_MEASURED,UNRESOLVED,NOT_CAPTURED,population_screening.csv,COHERENT_F_B_BIAS,NOT_CAPTURED_EXISTING_ARTIFACT_ONLY
endpoint::qwen:seq256:forward:303:output_0,ENDPOINT_UNIT,,qwen:seq256:forward:303:output_0,qwen,256,forward:graph0:mm_115,NOT_MEASURED,NOT_MEASURED,NOT_MEASURED,UNRESOLVED,NOT_CAPTURED,population_screening.csv,NORMAL_REFERENCE,NOT_CAPTURED_EXISTING_ARTIFACT_ONLY
endpoint::qwen:seq256:forward:311:in_out_ptr0,ENDPOINT_UNIT,,qwen:seq256:forward:311:in_out_ptr0,qwen,256,forward:graph0:rsqrt_69,NOT_MEASURED,NOT_MEASURED,NOT_MEASURED,UNRESOLVED,NOT_CAPTURED,population_screening.csv,NORMAL_REFERENCE,NOT_CAPTURED_EXISTING_ARTIFACT_ONLY
endpoint::qwen:seq256:forward:322:in_out_ptr1,ENDPOINT_UNIT,,qwen:seq256:forward:322:in_out_ptr1,qwen,256,forward:graph0:rsqrt_71,NOT_MEASURED,NOT_MEASURED,NOT_MEASURED,UNRESOLVED,NOT_CAPTURED,population_screening.csv,COHERENT_F_B_BIAS,NOT_CAPTURED_EXISTING_ARTIFACT_ONLY
endpoint::qwen:seq256:forward:329:in_out_ptr0,ENDPOINT_UNIT,,qwen:seq256:forward:329:in_out_ptr0,qwen,256,forward:graph0:rsqrt_73,NOT_MEASURED,NOT_MEASURED,NOT_MEASURED,UNRESOLVED,NOT_CAPTURED,population_screening.csv,NORMAL_REFERENCE,NOT_CAPTURED_EXISTING_ARTIFACT_ONLY
endpoint::qwen:seq256:forward:347:in_out_ptr0,ENDPOINT_UNIT,,qwen:seq256:forward:347:in_out_ptr0,qwen,256,forward:graph0:rsqrt_77,NOT_MEASURED,NOT_MEASURED,NOT_MEASURED,UNRESOLVED,NOT_CAPTURED,population_screening.csv,NORMAL_REFERENCE,NOT_CAPTURED_EXISTING_ARTIFACT_ONLY
endpoint::qwen:seq256:forward:349:in_out_ptr0,ENDPOINT_UNIT,,qwen:seq256:forward:349:in_out_ptr0,qwen,256,forward:graph0:rsqrt_78,NOT_MEASURED,NOT_MEASURED,NOT_MEASURED,UNRESOLVED,NOT_CAPTURED,population_screening.csv,NORMAL_REFERENCE,NOT_CAPTURED_EXISTING_ARTIFACT_ONLY
endpoint::qwen:seq256:forward:365:in_out_ptr0,ENDPOINT_UNIT,,qwen:seq256:forward:365:in_out_ptr0,qwen,256,forward:graph0:rsqrt_81,NOT_MEASURED,NOT_MEASURED,NOT_MEASURED,UNRESOLVED,NOT_CAPTURED,population_screening.csv,NORMAL_REFERENCE,NOT_CAPTURED_EXISTING_ARTIFACT_ONLY
endpoint::qwen:seq256:forward:376:in_out_ptr1,ENDPOINT_UNIT,,qwen:seq256:forward:376:in_out_ptr1,qwen,256,forward:graph0:rsqrt_83,NOT_MEASURED,NOT_MEASURED,NOT_MEASURED,UNRESOLVED,NOT_CAPTURED,population_screening.csv,NORMAL_REFERENCE,NOT_CAPTURED_EXISTING_ARTIFACT_ONLY
endpoint::qwen:seq256:forward:437:in_out_ptr0,ENDPOINT_UNIT,,qwen:seq256:forward:437:in_out_ptr0,qwen,256,forward:graph0:rsqrt_97,NOT_MEASURED,NOT_MEASURED,NOT_MEASURED,UNRESOLVED,NOT_CAPTURED,population_screening.csv,NORMAL_REFERENCE,NOT_CAPTURED_EXISTING_ARTIFACT_ONLY
endpoint::qwen:seq256:forward:439:in_out_ptr0,ENDPOINT_UNIT,,qwen:seq256:forward:439:in_out_ptr0,qwen,256,forward:graph0:rsqrt_98,NOT_MEASURED,NOT_MEASURED,NOT_MEASURED,UNRESOLVED,NOT_CAPTURED,population_screening.csv,NORMAL_REFERENCE,NOT_CAPTURED_EXISTING_ARTIFACT_ONLY
endpoint::qwen:seq256:forward:439:in_out_ptr1,ENDPOINT_UNIT,,qwen:seq256:forward:439:in_out_ptr1,qwen,256,forward:graph0:add_245,NOT_MEASURED,NOT_MEASURED,NOT_MEASURED,UNRESOLVED,NOT_CAPTURED,population_screening.csv,NORMAL_REFERENCE,NOT_CAPTURED_EXISTING_ARTIFACT_ONLY
endpoint::qwen:seq256:forward:481:output_0,ENDPOINT_UNIT,,qwen:seq256:forward:481:output_0,qwen,256,forward:graph0:bmm_53,NOT_MEASURED,NOT_MEASURED,NOT_MEASURED,UNRESOLVED,NOT_CAPTURED,population_screening.csv,NORMAL_REFERENCE,NOT_CAPTURED_EXISTING_ARTIFACT_ONLY
endpoint::qwen:seq256:forward:483:output_0,ENDPOINT_UNIT,,qwen:seq256:forward:483:output_0,qwen,256,forward:graph0:mm_185,NOT_MEASURED,NOT_MEASURED,NOT_MEASURED,UNRESOLVED,NOT_CAPTURED,population_screening.csv,COHERENT_F_B_BIAS,NOT_CAPTURED_EXISTING_ARTIFACT_ONLY
endpoint::qwen:seq256:forward:4:output_0,ENDPOINT_UNIT,,qwen:seq256:forward:4:output_0,qwen,256,forward:graph0:mm,NOT_MEASURED,NOT_MEASURED,NOT_MEASURED,UNRESOLVED,NOT_CAPTURED,population_screening.csv,NORMAL_REFERENCE,NOT_CAPTURED_EXISTING_ARTIFACT_ONLY
endpoint::qwen:seq256:forward:59:in_out_ptr0,ENDPOINT_UNIT,,qwen:seq256:forward:59:in_out_ptr0,qwen,256,forward:graph0:rsqrt_13,NOT_MEASURED,NOT_MEASURED,NOT_MEASURED,UNRESOLVED,NOT_CAPTURED,population_screening.csv,NORMAL_REFERENCE,NOT_CAPTURED_EXISTING_ARTIFACT_ONLY
endpoint::qwen:seq256:forward:64:output_0,ENDPOINT_UNIT,,qwen:seq256:forward:64:output_0,qwen,256,forward:graph0:bmm_6,NOT_MEASURED,NOT_MEASURED,NOT_MEASURED,UNRESOLVED,NOT_CAPTURED,population_screening.csv,NORMAL_REFERENCE,NOT_CAPTURED_EXISTING_ARTIFACT_ONLY
endpoint::qwen:seq256:forward:65:in_out_ptr0,ENDPOINT_UNIT,,qwen:seq256:forward:65:in_out_ptr0,qwen,256,forward:graph0:add_36,NOT_MEASURED,NOT_MEASURED,NOT_MEASURED,UNRESOLVED,NOT_CAPTURED,population_screening.csv,NORMAL_REFERENCE,NOT_CAPTURED_EXISTING_ARTIFACT_ONLY
endpoint::qwen:seq256:forward:70:in_out_ptr1,ENDPOINT_UNIT,,qwen:seq256:forward:70:in_out_ptr1,qwen,256,forward:graph0:rsqrt_15,NOT_MEASURED,NOT_MEASURED,NOT_MEASURED,UNRESOLVED,NOT_CAPTURED,population_screening.csv,NORMAL_REFERENCE,NOT_CAPTURED_EXISTING_ARTIFACT_ONLY
endpoint::qwen:seq256:forward:7:in_out_ptr0,ENDPOINT_UNIT,,qwen:seq256:forward:7:in_out_ptr0,qwen,256,forward:graph0:rsqrt_2,NOT_MEASURED,NOT_MEASURED,NOT_MEASURED,UNRESOLVED,NOT_CAPTURED,population_screening.csv,NORMAL_REFERENCE,NOT_CAPTURED_EXISTING_ARTIFACT_ONLY
endpoint::qwen:seq64:backward:1262:output_0,ENDPOINT_UNIT,,qwen:seq64:backward:1262:output_0,qwen,64,backward:graph0:mm_516,NOT_MEASURED,NOT_MEASURED,NOT_MEASURED,UNRESOLVED,NOT_CAPTURED,population_screening.csv,NORMAL_REFERENCE,NOT_CAPTURED_EXISTING_ARTIFACT_ONLY
endpoint::qwen:seq64:backward:525:output_0,ENDPOINT_UNIT,,qwen:seq64:backward:525:output_0,qwen,64,backward:graph0:mm_203,NOT_MEASURED,NOT_MEASURED,NOT_MEASURED,UNRESOLVED,NOT_CAPTURED,population_screening.csv,NORMAL_REFERENCE,NOT_CAPTURED_EXISTING_ARTIFACT_ONLY
endpoint::qwen:seq64:backward:553:output_0,ENDPOINT_UNIT,,qwen:seq64:backward:553:output_0,qwen,64,backward:graph0:mm_213,NOT_MEASURED,NOT_MEASURED,NOT_MEASURED,UNRESOLVED,NOT_CAPTURED,population_screening.csv,COHERENT_F_B_BIAS,NOT_CAPTURED_EXISTING_ARTIFACT_ONLY
endpoint::qwen:seq64:backward:828:output_0,ENDPOINT_UNIT,,qwen:seq64:backward:828:output_0,qwen,64,backward:graph0:bmm_92,NOT_MEASURED,NOT_MEASURED,NOT_MEASURED,UNRESOLVED,NOT_CAPTURED,population_screening.csv,NORMAL_REFERENCE,NOT_CAPTURED_EXISTING_ARTIFACT_ONLY
endpoint::qwen:seq64:backward:952:output_0,ENDPOINT_UNIT,,qwen:seq64:backward:952:output_0,qwen,64,backward:graph0:mm_383,NOT_MEASURED,NOT_MEASURED,NOT_MEASURED,UNRESOLVED,NOT_CAPTURED,population_screening.csv,NORMAL_REFERENCE,NOT_CAPTURED_EXISTING_ARTIFACT_ONLY
endpoint::qwen:seq64:forward:106:in_out_ptr1,ENDPOINT_UNIT,,qwen:seq64:forward:106:in_out_ptr1,qwen,64,forward:graph0:rsqrt_23,NOT_MEASURED,NOT_MEASURED,NOT_MEASURED,UNRESOLVED,NOT_CAPTURED,population_screening.csv,NORMAL_REFERENCE,NOT_CAPTURED_EXISTING_ARTIFACT_ONLY
endpoint::qwen:seq64:forward:10:output_0,ENDPOINT_UNIT,,qwen:seq64:forward:10:output_0,qwen,64,forward:graph0:bmm,NOT_MEASURED,NOT_MEASURED,NOT_MEASURED,UNRESOLVED,NOT_CAPTURED,population_screening.csv,NORMAL_REFERENCE,NOT_CAPTURED_EXISTING_ARTIFACT_ONLY
endpoint::qwen:seq64:forward:113:in_out_ptr0,ENDPOINT_UNIT,,qwen:seq64:forward:113:in_out_ptr0,qwen,64,forward:graph0:rsqrt_25,NOT_MEASURED,NOT_MEASURED,NOT_MEASURED,UNRESOLVED,NOT_CAPTURED,population_screening.csv,NORMAL_REFERENCE,NOT_CAPTURED_EXISTING_ARTIFACT_ONLY
endpoint::qwen:seq64:forward:115:in_out_ptr0,ENDPOINT_UNIT,,qwen:seq64:forward:115:in_out_ptr0,qwen,64,forward:graph0:rsqrt_26,NOT_MEASURED,NOT_MEASURED,NOT_MEASURED,UNRESOLVED,NOT_CAPTURED,population_screening.csv,NORMAL_REFERENCE,NOT_CAPTURED_EXISTING_ARTIFACT_ONLY
endpoint::qwen:seq64:forward:118:output_0,ENDPOINT_UNIT,,qwen:seq64:forward:118:output_0,qwen,64,forward:graph0:bmm_12,NOT_MEASURED,NOT_MEASURED,NOT_MEASURED,UNRESOLVED,NOT_CAPTURED,population_screening.csv,NORMAL_REFERENCE,NOT_CAPTURED_EXISTING_ARTIFACT_ONLY
endpoint::qwen:seq64:forward:119:in_out_ptr0,ENDPOINT_UNIT,,qwen:seq64:forward:119:in_out_ptr0,qwen,64,forward:graph0:add_66,NOT_MEASURED,NOT_MEASURED,NOT_MEASURED,UNRESOLVED,NOT_CAPTURED,population_screening.csv,NORMAL_REFERENCE,NOT_CAPTURED_EXISTING_ARTIFACT_ONLY
endpoint::qwen:seq64:forward:11:in_out_ptr0,ENDPOINT_UNIT,,qwen:seq64:forward:11:in_out_ptr0,qwen,64,forward:graph0:add_6,NOT_MEASURED,NOT_MEASURED,NOT_MEASURED,UNRESOLVED,NOT_CAPTURED,population_screening.csv,NORMAL_REFERENCE,NOT_CAPTURED_EXISTING_ARTIFACT_ONLY
endpoint::qwen:seq64:forward:131:in_out_ptr0,ENDPOINT_UNIT,,qwen:seq64:forward:131:in_out_ptr0,qwen,64,forward:graph0:rsqrt_29,NOT_MEASURED,NOT_MEASURED,NOT_MEASURED,UNRESOLVED,NOT_CAPTURED,population_screening.csv,NORMAL_REFERENCE,NOT_CAPTURED_EXISTING_ARTIFACT_ONLY
endpoint::qwen:seq64:forward:133:in_out_ptr0,ENDPOINT_UNIT,,qwen:seq64:forward:133:in_out_ptr0,qwen,64,forward:graph0:rsqrt_30,NOT_MEASURED,NOT_MEASURED,NOT_MEASURED,UNRESOLVED,NOT_CAPTURED,population_screening.csv,NORMAL_REFERENCE,NOT_CAPTURED_EXISTING_ARTIFACT_ONLY
endpoint::qwen:seq64:forward:160:in_out_ptr1,ENDPOINT_UNIT,,qwen:seq64:forward:160:in_out_ptr1,qwen,64,forward:graph0:rsqrt_35,NOT_MEASURED,NOT_MEASURED,NOT_MEASURED,UNRESOLVED,NOT_CAPTURED,population_screening.csv,NORMAL_REFERENCE,NOT_CAPTURED_EXISTING_ARTIFACT_ONLY
endpoint::qwen:seq64:forward:16:in_out_ptr0,ENDPOINT_UNIT,,qwen:seq64:forward:16:in_out_ptr0,qwen,64,forward:graph0:rsqrt_3,NOT_MEASURED,NOT_MEASURED,NOT_MEASURED,UNRESOLVED,NOT_CAPTURED,population_screening.csv,NORMAL_REFERENCE,NOT_CAPTURED_EXISTING_ARTIFACT_ONLY
endpoint::qwen:seq64:forward:175:output_0,ENDPOINT_UNIT,,qwen:seq64:forward:175:output_0,qwen,64,forward:graph0:bmm_19,NOT_MEASURED,NOT_MEASURED,NOT_MEASURED,UNRESOLVED,NOT_CAPTURED,population_screening.csv,NORMAL_REFERENCE,NOT_CAPTURED_EXISTING_ARTIFACT_ONLY
endpoint::qwen:seq64:forward:214:in_out_ptr1,ENDPOINT_UNIT,,qwen:seq64:forward:214:in_out_ptr1,qwen,64,forward:graph0:rsqrt_47,NOT_MEASURED,NOT_MEASURED,NOT_MEASURED,UNRESOLVED,NOT_CAPTURED,population_screening.csv,NORMAL_REFERENCE,NOT_CAPTURED_EXISTING_ARTIFACT_ONLY
endpoint::qwen:seq64:forward:221:in_out_ptr0,ENDPOINT_UNIT,,qwen:seq64:forward:221:in_out_ptr0,qwen,64,forward:graph0:rsqrt_49,NOT_MEASURED,NOT_MEASURED,NOT_MEASURED,UNRESOLVED,NOT_CAPTURED,population_screening.csv,NORMAL_REFERENCE,NOT_CAPTURED_EXISTING_ARTIFACT_ONLY
endpoint::qwen:seq64:forward:223:in_out_ptr0,ENDPOINT_UNIT,,qwen:seq64:forward:223:in_out_ptr0,qwen,64,forward:graph0:rsqrt_50,NOT_MEASURED,NOT_MEASURED,NOT_MEASURED,UNRESOLVED,NOT_CAPTURED,population_screening.csv,NORMAL_REFERENCE,NOT_CAPTURED_EXISTING_ARTIFACT_ONLY
endpoint::qwen:seq64:forward:229:output_0,ENDPOINT_UNIT,,qwen:seq64:forward:229:output_0,qwen,64,forward:graph0:bmm_25,NOT_MEASURED,NOT_MEASURED,NOT_MEASURED,UNRESOLVED,NOT_CAPTURED,population_screening.csv,NORMAL_REFERENCE,NOT_CAPTURED_EXISTING_ARTIFACT_ONLY
endpoint::qwen:seq64:forward:232:in_out_ptr1,ENDPOINT_UNIT,,qwen:seq64:forward:232:in_out_ptr1,qwen,64,forward:graph0:rsqrt_51,NOT_MEASURED,NOT_MEASURED,NOT_MEASURED,UNRESOLVED,NOT_CAPTURED,population_screening.csv,COHERENT_F_B_BIAS,NOT_CAPTURED_EXISTING_ARTIFACT_ONLY
endpoint::qwen:seq64:forward:237:in_out_ptr1,ENDPOINT_UNIT,,qwen:seq64:forward:237:in_out_ptr1,qwen,64,forward:graph0:rsqrt_52,NOT_MEASURED,NOT_MEASURED,NOT_MEASURED,UNRESOLVED,NOT_CAPTURED,population_screening.csv,NORMAL_REFERENCE,NOT_CAPTURED_EXISTING_ARTIFACT_ONLY
endpoint::qwen:seq64:forward:239:in_out_ptr0,ENDPOINT_UNIT,,qwen:seq64:forward:239:in_out_ptr0,qwen,64,forward:graph0:rsqrt_53,NOT_MEASURED,NOT_MEASURED,NOT_MEASURED,UNRESOLVED,NOT_CAPTURED,population_screening.csv,NORMAL_REFERENCE,NOT_CAPTURED_EXISTING_ARTIFACT_ONLY
endpoint::qwen:seq64:forward:241:in_out_ptr0,ENDPOINT_UNIT,,qwen:seq64:forward:241:in_out_ptr0,qwen,64,forward:graph0:rsqrt_54,NOT_MEASURED,NOT_MEASURED,NOT_MEASURED,UNRESOLVED,NOT_CAPTURED,population_screening.csv,NORMAL_REFERENCE,NOT_CAPTURED_EXISTING_ARTIFACT_ONLY
endpoint::qwen:seq64:forward:255:in_out_ptr1,ENDPOINT_UNIT,,qwen:seq64:forward:255:in_out_ptr1,qwen,64,forward:graph0:rsqrt_56,NOT_MEASURED,NOT_MEASURED,NOT_MEASURED,UNRESOLVED,NOT_CAPTURED,population_screening.csv,NORMAL_REFERENCE,NOT_CAPTURED_EXISTING_ARTIFACT_ONLY
endpoint::qwen:seq64:forward:257:in_out_ptr0,ENDPOINT_UNIT,,qwen:seq64:forward:257:in_out_ptr0,qwen,64,forward:graph0:rsqrt_57,NOT_MEASURED,NOT_MEASURED,NOT_MEASURED,UNRESOLVED,NOT_CAPTURED,population_screening.csv,NORMAL_REFERENCE,NOT_CAPTURED_EXISTING_ARTIFACT_ONLY
endpoint::qwen:seq64:forward:259:in_out_ptr0,ENDPOINT_UNIT,,qwen:seq64:forward:259:in_out_ptr0,qwen,64,forward:graph0:rsqrt_58,NOT_MEASURED,NOT_MEASURED,NOT_MEASURED,UNRESOLVED,NOT_CAPTURED,population_screening.csv,NORMAL_REFERENCE,NOT_CAPTURED_EXISTING_ARTIFACT_ONLY
endpoint::qwen:seq64:forward:268:in_out_ptr1,ENDPOINT_UNIT,,qwen:seq64:forward:268:in_out_ptr1,qwen,64,forward:graph0:rsqrt_59,NOT_MEASURED,NOT_MEASURED,NOT_MEASURED,UNRESOLVED,NOT_CAPTURED,population_screening.csv,NORMAL_REFERENCE,NOT_CAPTURED_EXISTING_ARTIFACT_ONLY
endpoint::qwen:seq64:forward:273:in_out_ptr1,ENDPOINT_UNIT,,qwen:seq64:forward:273:in_out_ptr1,qwen,64,forward:graph0:rsqrt_60,NOT_MEASURED,NOT_MEASURED,NOT_MEASURED,UNRESOLVED,NOT_CAPTURED,population_screening.csv,COHERENT_F_B_BIAS,NOT_CAPTURED_EXISTING_ARTIFACT_ONLY
endpoint::qwen:seq64:forward:286:in_out_ptr1,ENDPOINT_UNIT,,qwen:seq64:forward:286:in_out_ptr1,qwen,64,forward:graph0:rsqrt_63,NOT_MEASURED,NOT_MEASURED,NOT_MEASURED,UNRESOLVED,NOT_CAPTURED,population_screening.csv,NORMAL_REFERENCE,NOT_CAPTURED_EXISTING_ARTIFACT_ONLY
endpoint::qwen:seq64:forward:291:in_out_ptr1,ENDPOINT_UNIT,,qwen:seq64:forward:291:in_out_ptr1,qwen,64,forward:graph0:rsqrt_64,NOT_MEASURED,NOT_MEASURED,NOT_MEASURED,UNRESOLVED,NOT_CAPTURED,population_screening.csv,NORMAL_REFERENCE,NOT_CAPTURED_EXISTING_ARTIFACT_ONLY
endpoint::qwen:seq64:forward:293:in_out_ptr0,ENDPOINT_UNIT,,qwen:seq64:forward:293:in_out_ptr0,qwen,64,forward:graph0:rsqrt_65,NOT_MEASURED,NOT_MEASURED,NOT_MEASURED,UNRESOLVED,NOT_CAPTURED,population_screening.csv,NORMAL_REFERENCE,NOT_CAPTURED_EXISTING_ARTIFACT_ONLY
endpoint::qwen:seq64:forward:295:in_out_ptr0,ENDPOINT_UNIT,,qwen:seq64:forward:295:in_out_ptr0,qwen,64,forward:graph0:rsqrt_66,NOT_MEASURED,NOT_MEASURED,NOT_MEASURED,UNRESOLVED,NOT_CAPTURED,population_screening.csv,COHERENT_F_B_BIAS,NOT_CAPTURED_EXISTING_ARTIFACT_ONLY
endpoint::qwen:seq64:forward:311:in_out_ptr0,ENDPOINT_UNIT,,qwen:seq64:forward:311:in_out_ptr0,qwen,64,forward:graph0:rsqrt_69,NOT_MEASURED,NOT_MEASURED,NOT_MEASURED,UNRESOLVED,NOT_CAPTURED,population_screening.csv,NORMAL_REFERENCE,NOT_CAPTURED_EXISTING_ARTIFACT_ONLY
endpoint::qwen:seq64:forward:321:output_0,ENDPOINT_UNIT,,qwen:seq64:forward:321:output_0,qwen,64,forward:graph0:mm_122,NOT_MEASURED,NOT_MEASURED,NOT_MEASURED,UNRESOLVED,NOT_CAPTURED,population_screening.csv,NORMAL_REFERENCE,NOT_CAPTURED_EXISTING_ARTIFACT_ONLY
endpoint::qwen:seq64:forward:324:output_0,ENDPOINT_UNIT,,qwen:seq64:forward:324:output_0,qwen,64,forward:graph0:mm_124,NOT_MEASURED,NOT_MEASURED,NOT_MEASURED,UNRESOLVED,NOT_CAPTURED,population_screening.csv,NORMAL_REFERENCE,NOT_CAPTURED_EXISTING_ARTIFACT_ONLY
endpoint::qwen:seq64:forward:329:in_out_ptr0,ENDPOINT_UNIT,,qwen:seq64:forward:329:in_out_ptr0,qwen,64,forward:graph0:rsqrt_73,NOT_MEASURED,NOT_MEASURED,NOT_MEASURED,UNRESOLVED,NOT_CAPTURED,population_screening.csv,NORMAL_REFERENCE,NOT_CAPTURED_EXISTING_ARTIFACT_ONLY
endpoint::qwen:seq64:forward:347:in_out_ptr0,ENDPOINT_UNIT,,qwen:seq64:forward:347:in_out_ptr0,qwen,64,forward:graph0:rsqrt_77,NOT_MEASURED,NOT_MEASURED,NOT_MEASURED,UNRESOLVED,NOT_CAPTURED,population_screening.csv,NORMAL_REFERENCE,NOT_CAPTURED_EXISTING_ARTIFACT_ONLY
endpoint::qwen:seq64:forward:349:in_out_ptr0,ENDPOINT_UNIT,,qwen:seq64:forward:349:in_out_ptr0,qwen,64,forward:graph0:rsqrt_78,NOT_MEASURED,NOT_MEASURED,NOT_MEASURED,UNRESOLVED,NOT_CAPTURED,population_screening.csv,NORMAL_REFERENCE,NOT_CAPTURED_EXISTING_ARTIFACT_ONLY
endpoint::qwen:seq64:forward:34:in_out_ptr1,ENDPOINT_UNIT,,qwen:seq64:forward:34:in_out_ptr1,qwen,64,forward:graph0:rsqrt_7,NOT_MEASURED,NOT_MEASURED,NOT_MEASURED,UNRESOLVED,NOT_CAPTURED,population_screening.csv,NORMAL_REFERENCE,NOT_CAPTURED_EXISTING_ARTIFACT_ONLY
endpoint::qwen:seq64:forward:365:in_out_ptr0,ENDPOINT_UNIT,,qwen:seq64:forward:365:in_out_ptr0,qwen,64,forward:graph0:rsqrt_81,NOT_MEASURED,NOT_MEASURED,NOT_MEASURED,UNRESOLVED,NOT_CAPTURED,population_screening.csv,NORMAL_REFERENCE,NOT_CAPTURED_EXISTING_ARTIFACT_ONLY
endpoint::qwen:seq64:forward:39:in_out_ptr1,ENDPOINT_UNIT,,qwen:seq64:forward:39:in_out_ptr1,qwen,64,forward:graph0:rsqrt_8,NOT_MEASURED,NOT_MEASURED,NOT_MEASURED,UNRESOLVED,NOT_CAPTURED,population_screening.csv,NORMAL_REFERENCE,NOT_CAPTURED_EXISTING_ARTIFACT_ONLY
endpoint::qwen:seq64:forward:473:in_out_ptr0,ENDPOINT_UNIT,,qwen:seq64:forward:473:in_out_ptr0,qwen,64,forward:graph0:rsqrt_105,NOT_MEASURED,NOT_MEASURED,NOT_MEASURED,UNRESOLVED,NOT_CAPTURED,population_screening.csv,NORMAL_REFERENCE,NOT_CAPTURED_EXISTING_ARTIFACT_ONLY
endpoint::qwen:seq64:forward:491:out_ptr2,ENDPOINT_UNIT,,qwen:seq64:forward:491:out_ptr2,qwen,64,forward:graph0:permute_361,NOT_MEASURED,NOT_MEASURED,NOT_MEASURED,UNRESOLVED,NOT_CAPTURED,population_screening.csv,NORMAL_REFERENCE,NOT_CAPTURED_EXISTING_ARTIFACT_ONLY
endpoint::qwen:seq64:forward:52:in_out_ptr1,ENDPOINT_UNIT,,qwen:seq64:forward:52:in_out_ptr1,qwen,64,forward:graph0:rsqrt_11,NOT_MEASURED,NOT_MEASURED,NOT_MEASURED,UNRESOLVED,NOT_CAPTURED,population_screening.csv,NORMAL_REFERENCE,NOT_CAPTURED_EXISTING_ARTIFACT_ONLY
endpoint::qwen:seq64:forward:57:in_out_ptr1,ENDPOINT_UNIT,,qwen:seq64:forward:57:in_out_ptr1,qwen,64,forward:graph0:rsqrt_12,NOT_MEASURED,NOT_MEASURED,NOT_MEASURED,UNRESOLVED,NOT_CAPTURED,population_screening.csv,NORMAL_REFERENCE,NOT_CAPTURED_EXISTING_ARTIFACT_ONLY
endpoint::qwen:seq64:forward:59:in_out_ptr0,ENDPOINT_UNIT,,qwen:seq64:forward:59:in_out_ptr0,qwen,64,forward:graph0:rsqrt_13,NOT_MEASURED,NOT_MEASURED,NOT_MEASURED,UNRESOLVED,NOT_CAPTURED,population_screening.csv,NORMAL_REFERENCE,NOT_CAPTURED_EXISTING_ARTIFACT_ONLY
endpoint::qwen:seq64:forward:65:in_out_ptr0,ENDPOINT_UNIT,,qwen:seq64:forward:65:in_out_ptr0,qwen,64,forward:graph0:add_36,NOT_MEASURED,NOT_MEASURED,NOT_MEASURED,UNRESOLVED,NOT_CAPTURED,population_screening.csv,NORMAL_REFERENCE,NOT_CAPTURED_EXISTING_ARTIFACT_ONLY
endpoint::qwen:seq64:forward:70:in_out_ptr1,ENDPOINT_UNIT,,qwen:seq64:forward:70:in_out_ptr1,qwen,64,forward:graph0:rsqrt_15,NOT_MEASURED,NOT_MEASURED,NOT_MEASURED,UNRESOLVED,NOT_CAPTURED,population_screening.csv,NORMAL_REFERENCE,NOT_CAPTURED_EXISTING_ARTIFACT_ONLY
endpoint::qwen:seq64:forward:75:in_out_ptr1,ENDPOINT_UNIT,,qwen:seq64:forward:75:in_out_ptr1,qwen,64,forward:graph0:rsqrt_16,NOT_MEASURED,NOT_MEASURED,NOT_MEASURED,UNRESOLVED,NOT_CAPTURED,population_screening.csv,NORMAL_REFERENCE,NOT_CAPTURED_EXISTING_ARTIFACT_ONLY
