population_id,population_kind,case_id,candidate_id,model,sequence_length,phase,mathematical_operation,implementation_kind,exact_endpoint_or_region,proof_unit_bound,legacy_observed_role,legacy_observed_verdict,legacy_flash_verdict,legacy_generalizable_verdict,legacy_evidence,legacy_evidence_only,claim_boundary,formation_local,formation_parameter_gradient,formation_effective_update,first_confirmed_bias_stage,formation_label_source
case::flash_attention_literature_anchor,KNOWN_STRICT_CASE,flash_attention_literature_anchor,,external_literature,,,,,flash_attention_paper_mechanism,LITERATURE_ANCHOR_NOT_MEASURED,EXTERNAL_CONTROL_NOT_MEASURED,,,,roster_bound.json;feasibility=BLOCKED;source_status=LITERATURE_ANCHOR_NOT_MEASURED,true,Known strict/anchor case retained for the denominator; formation stages remain PENDING until v2.1 capture.,PENDING,PENDING,PENDING,PENDING,NOT_MEASURED
case::layer23_qproj_attention_state_region,KNOWN_STRICT_CASE,layer23_qproj_attention_state_region,,,,,,,layer23_qproj_attention_state_region,,,NOT_ELIGIBLE_AS_SINGLE_KERNEL_PROPERTY,PASS_STRICT_SEMANTIC_REGION_FLASH_STYLE_CASE,NOT_ELIGIBLE_AS_SINGLE_KERNEL_PROPERTY,roster_bound.json;feasibility=;source_status=;existing_case_reaudit.json,true,Known strict/anchor case retained for the denominator; formation stages remain PENDING until v2.1 capture.,PENDING,PENDING,PENDING,PENDING,NOT_MEASURED
case::liger_fused_ce_t128,KNOWN_STRICT_CASE,liger_fused_ce_t128,,qwen3_1p7b,128,,,,qwen3_liger_fused_linear_ce:dW,qwen3_liger_fused_linear_ce,DEEP_POSITIVE_ANCHOR,PASS_CROSS_STATE_CONCRETE_MECHANISM,PASS_FLASH_STYLE_CASE,PASS_CROSS_STATE_CONCRETE_MECHANISM,results/property/seup_mainline/liger_seup.json;archive/nonprecision_v1/runs/liger.fused_ce.protocol.json;roster_bound.json;feasibility=BLOCKED;source_status=M3_CLOSED_CHUNK_GEOMETRY_BF16_ACCUMULATION;existing_case_reaudit.json,true,Known strict/anchor case retained for the denominator; formation stages remain PENDING until v2.1 capture.,PENDING,PENDING,PENDING,PENDING,NOT_MEASURED
case::mamba64_layer0_input_proj_output,KNOWN_STRICT_CASE,mamba64_layer0_input_proj_output,,,,,,,mamba64_layer0_input_proj_output,,,FAIL_CROSS_STATE_CARRIER_NONCOHERENT,PASS_FLASH_STYLE_CASE,FAIL_CROSS_STATE_CARRIER_NONCOHERENT,roster_bound.json;feasibility=;source_status=;existing_case_reaudit.json,true,Known strict/anchor case retained for the denominator; formation stages remain PENDING until v2.1 capture.,PENDING,PENDING,PENDING,PENDING,NOT_MEASURED
case::phi4_lm_head_dx_seq64,KNOWN_STRICT_CASE,phi4_lm_head_dx_seq64,,phi4,64,,,,phi4_seq64:lm_head.input_gradient.mm,phi4_seq64_backward_497_output,BREADTH_POSITIVE,PASS_CROSS_STATE_CONCRETE_MECHANISM,PASS_FLASH_STYLE_CASE,PASS_CROSS_STATE_CONCRETE_MECHANISM,results/coverage/cases/phi4_seq64_lmhead_dx.json;results/coverage/cases/phi4_seq64_lmhead_dx_trajectory.json;roster_bound.json;feasibility=CAPTURE_READY;source_status=M3_CLOSED_MM_KERNEL_ARITHMETIC;existing_case_reaudit.json,true,Known strict/anchor case retained for the denominator; formation stages remain PENDING until v2.1 capture.,PENDING,PENDING,PENDING,PENDING,NOT_MEASURED
case::qwen3vl_silu_seq160,KNOWN_STRICT_CASE,qwen3vl_silu_seq160,,qwen3_vl_reranker_2b,160,,,,layer0.silu.backward,qwen3vl_layer0_silu,LOCAL_ERROR_NEGATIVE,FAIL_CROSS_STATE_NONCOHERENT,FAIL_DIRECTIONAL_ACCUMULATION,FAIL_CROSS_STATE_NONCOHERENT,results/coverage/cases/qwen3vl_layer0_silu_trajectory.json;roster_bound.json;feasibility=BLOCKED;source_status=M3_ENDPOINT_BOUNDARY_ONLY;existing_case_reaudit.json,true,Known strict/anchor case retained for the denominator; formation stages remain PENDING until v2.1 capture.,PENDING,PENDING,PENDING,PENDING,NOT_MEASURED
case::qwen_bmm_seq64,KNOWN_STRICT_CASE,qwen_bmm_seq64,,qwen3_1p7b,64,,,,forward:10:output_0,qwen_bmm_seq64_seup_negative_control,LOCAL_VARIANCE_NEGATIVE,,,,results/property/seup_mainline/qwen_bmm_seq64_seup.json.gz;results/property/seup_geometry_followup/qwen_bmm_seq64_geometry.json;roster_bound.json;feasibility=BLOCKED;source_status=M3_ENDPOINT_BOUNDARY_ONLY,true,Known strict/anchor case retained for the denominator; formation stages remain PENDING until v2.1 capture.,PENDING,PENDING,PENDING,PENDING,NOT_MEASURED
case::qwen_l23_key_materialization_seq1024,KNOWN_STRICT_CASE,qwen_l23_key_materialization_seq1024,,qwen3_1p7b,1024,,,,layer23.q_proj.key_materialization.tile,qwen_l23_qproj_operand_decomposition,P3_CANDIDATE,,,,results/final/l23_key_actual_scale_materialization_32states.json;roster_bound.json;feasibility=BLOCKED;source_status=M3_CLOSED_MM_OPERAND_DECOMPOSITION,true,Known strict/anchor case retained for the denominator; formation stages remain PENDING until v2.1 capture.,PENDING,PENDING,PENDING,PENDING,NOT_MEASURED
case::qwen_rsqrt_seq128,KNOWN_STRICT_CASE,qwen_rsqrt_seq128,,qwen3_1p7b,128,,,,forward:graph0:rsqrt_13,qwen_rsqrt13_t2_t3,CRITICAL_BOUNDARY,,,,results/coverage/cases/full_coordinate/qwen_seq128_rsqrt13_t2.json.gz;results/coverage/cases/full_coordinate/qwen_seq128_rsqrt13_t3_gram.json.gz;roster_bound.json;feasibility=BLOCKED;source_status=M3_ENDPOINT_BOUNDARY_ONLY,true,Known strict/anchor case retained for the denominator; formation stages remain PENDING until v2.1 capture.,PENDING,PENDING,PENDING,PENDING,NOT_MEASURED
case::qwen_saved_p_seq128,KNOWN_STRICT_CASE,qwen_saved_p_seq128,,qwen3_1p7b,128,,,,qwen_seq128_layer27_attention_softmax_saved_P,qwen_seq128_layer27_attention_softmax_fb,P2_P3_CANDIDATE,FAIL_CROSS_STATE_NONCOHERENT,PASS_STRICT_SEMANTIC_REGION_FLASH_STYLE_CASE,FAIL_CROSS_STATE_NONCOHERENT,results/coverage/cases/qwen128_softmax_fb.json;results/coverage/cases/qwen128_softmax_saved_p_trajectory.json;roster_bound.json;feasibility=CAPTURE_READY;source_status=M3_CLOSED_SAVED_STATE_RECONSTRUCTION_REGION;existing_case_reaudit.json,true,Known strict/anchor case retained for the denominator; formation stages remain PENDING until v2.1 capture.,PENDING,PENDING,PENDING,PENDING,NOT_MEASURED
case::qwen_vproj_seq128,KNOWN_STRICT_CASE,qwen_vproj_seq128,,qwen3_1p7b,128,,,,model.layers.0.self_attn.v_proj.output,qwen_seq128_forward_8_output,NONPERSISTENT_SOURCE_BOUNDARY,FAIL_CROSS_STATE_CARRIER_NONCOHERENT,FAIL_DIRECTIONAL_ACCUMULATION,FAIL_CROSS_STATE_CARRIER_NONCOHERENT,results/coverage/cases/qwen128_vproj.json;results/coverage/cases/qwen128_vproj_trajectory.json;roster_bound.json;feasibility=BLOCKED;source_status=M3_OUTPUT_ROUNDING_CAUSAL_BOUNDARY;existing_case_reaudit.json,true,Known strict/anchor case retained for the denominator; formation stages remain PENDING until v2.1 capture.,PENDING,PENDING,PENDING,PENDING,NOT_MEASURED
case::seq128_lm_head_input_vjp_mm,KNOWN_STRICT_CASE,seq128_lm_head_input_vjp_mm,,,,,,,seq128_lm_head_input_vjp_mm,,,FAIL_CROSS_STATE_NONCOHERENT,PASS_FLASH_STYLE_CASE,FAIL_CROSS_STATE_NONCOHERENT,roster_bound.json;feasibility=;source_status=;existing_case_reaudit.json,true,Known strict/anchor case retained for the denominator; formation stages remain PENDING until v2.1 capture.,PENDING,PENDING,PENDING,PENDING,NOT_MEASURED
endpoint::deepseek8b:seq128:backward:1058:out_ptr0,ENDPOINT_UNIT,,deepseek8b:seq128:backward:1058:out_ptr0,deepseek8b,128,BACKWARD,mul,TRITON,backward:graph0:mul_1019,true,NORMAL_REFERENCE,NORMAL_REFERENCE_NO_LOCAL_DIRECTIONAL_DIFFERENCE,,,hypothesis_matrix.json; math_proof_row_sha256=4698808a37326aaff31d2ca1841a32d9a126dbb82a5c9d5b729364b5c008a4d8,true,Formation has not been measured; legacy labels are not formation labels.,PENDING,PENDING,PENDING,PENDING,NOT_MEASURED
endpoint::deepseek8b:seq128:backward:1257:in_out_ptr0,ENDPOINT_UNIT,,deepseek8b:seq128:backward:1257:in_out_ptr0,deepseek8b,128,BACKWARD,mul,TRITON,backward:graph0:mul_1282,true,NORMAL_REFERENCE,NORMAL_REFERENCE_NO_LOCAL_DIRECTIONAL_DIFFERENCE,,,hypothesis_matrix.json; math_proof_row_sha256=65acd47af79e56a96ac841eedb7e7628f7c2dca1f5ddbb5be4af593f9b905834,true,Formation has not been measured; legacy labels are not formation labels.,PENDING,PENDING,PENDING,PENDING,NOT_MEASURED
endpoint::deepseek8b:seq128:backward:1399:out_ptr0,ENDPOINT_UNIT,,deepseek8b:seq128:backward:1399:out_ptr0,deepseek8b,128,BACKWARD,add,TRITON,backward:graph0:add_684,true,NORMAL_REFERENCE,NORMAL_REFERENCE_NO_COHERENT_F_B_CARRIER,,,hypothesis_matrix.json; math_proof_row_sha256=80239dc9f3e8f9ba1abc0f7aff1cf43985b2ad2d856de8302a1171fc26f1bcc0,true,Formation has not been measured; legacy labels are not formation labels.,PENDING,PENDING,PENDING,PENDING,NOT_MEASURED
endpoint::deepseek8b:seq128:backward:864:output_0,ENDPOINT_UNIT,,deepseek8b:seq128:backward:864:output_0,deepseek8b,128,BACKWARD,mm,EXTERN,backward:graph0:mm_335,true,NORMAL_REFERENCE,NORMAL_REFERENCE_NO_LOCAL_DIRECTIONAL_DIFFERENCE,,,hypothesis_matrix.json; math_proof_row_sha256=31b3054b2b90c47dea075e20be26ec900d4fd0575bad674c8017c26abb4179eb,true,Formation has not been measured; legacy labels are not formation labels.,PENDING,PENDING,PENDING,PENDING,NOT_MEASURED
endpoint::deepseek8b:seq128:backward:930:output_0,ENDPOINT_UNIT,,deepseek8b:seq128:backward:930:output_0,deepseek8b,128,BACKWARD,mm,EXTERN,backward:graph0:mm_366,true,NORMAL_REFERENCE,NORMAL_REFERENCE_NO_COHERENT_F_B_CARRIER,,,hypothesis_matrix.json; math_proof_row_sha256=9141f1b4743ce5f2db15580702e5092c6c184b955195763d302763162d7535bd,true,Formation has not been measured; legacy labels are not formation labels.,PENDING,PENDING,PENDING,PENDING,NOT_MEASURED
endpoint::deepseek8b:seq128:forward:0:in_out_ptr0,ENDPOINT_UNIT,,deepseek8b:seq128:forward:0:in_out_ptr0,deepseek8b,128,FORWARD,rsqrt,TRITON,forward:graph0:rsqrt,true,NORMAL_REFERENCE,NORMAL_REFERENCE_NO_COHERENT_F_B_CARRIER,,,hypothesis_matrix.json; math_proof_row_sha256=6dded88f9c2089dece9743e03a84af1501de68fb0fed33ca94d5cf0045188e99,true,Formation has not been measured; legacy labels are not formation labels.,PENDING,PENDING,PENDING,PENDING,NOT_MEASURED
endpoint::deepseek8b:seq128:forward:100:output_0,ENDPOINT_UNIT,,deepseek8b:seq128:forward:100:output_0,deepseek8b,128,FORWARD,bmm,EXTERN,forward:graph0:bmm_10,true,NORMAL_REFERENCE,NORMAL_REFERENCE_NO_COHERENT_F_B_CARRIER,,,hypothesis_matrix.json; math_proof_row_sha256=a4dd11a101b38e0eeaed636fe5ec68febd85a1337514d4ed69de220dde60433e,true,Formation has not been measured; legacy labels are not formation labels.,PENDING,PENDING,PENDING,PENDING,NOT_MEASURED
endpoint::deepseek8b:seq128:forward:101:in_out_ptr0,ENDPOINT_UNIT,,deepseek8b:seq128:forward:101:in_out_ptr0,deepseek8b,128,FORWARD,add,TRITON,forward:graph0:add_56,true,NORMAL_REFERENCE,NORMAL_REFERENCE_NO_COHERENT_F_B_CARRIER,,,hypothesis_matrix.json; math_proof_row_sha256=232462eea320207221e2ebd9845c08511e5aa4ad2686d9f074ef80579a715843,true,Formation has not been measured; legacy labels are not formation labels.,PENDING,PENDING,PENDING,PENDING,NOT_MEASURED
endpoint::deepseek8b:seq128:forward:106:in_out_ptr1,ENDPOINT_UNIT,,deepseek8b:seq128:forward:106:in_out_ptr1,deepseek8b,128,FORWARD,rsqrt,TRITON,forward:graph0:rsqrt_23,true,NORMAL_REFERENCE,NORMAL_REFERENCE_NO_COHERENT_F_B_CARRIER,,,hypothesis_matrix.json; math_proof_row_sha256=903103ccda4f9b79aa0a10d183dd569066e702532164ff046a93165cdc308b53,true,Formation has not been measured; legacy labels are not formation labels.,PENDING,PENDING,PENDING,PENDING,NOT_MEASURED
endpoint::deepseek8b:seq128:forward:10:output_0,ENDPOINT_UNIT,,deepseek8b:seq128:forward:10:output_0,deepseek8b,128,FORWARD,bmm,EXTERN,forward:graph0:bmm,true,NORMAL_REFERENCE,NORMAL_REFERENCE_NO_COHERENT_F_B_CARRIER,,,hypothesis_matrix.json; math_proof_row_sha256=73c629aa8db99af2f79c85f6b3c52618d926bd87acda7334874da7307a6548bc,true,Formation has not been measured; legacy labels are not formation labels.,PENDING,PENDING,PENDING,PENDING,NOT_MEASURED
endpoint::deepseek8b:seq128:forward:111:in_out_ptr1,ENDPOINT_UNIT,,deepseek8b:seq128:forward:111:in_out_ptr1,deepseek8b,128,FORWARD,rsqrt,TRITON,forward:graph0:rsqrt_24,true,NORMAL_REFERENCE,NORMAL_REFERENCE_NO_COHERENT_F_B_CARRIER,,,hypothesis_matrix.json; math_proof_row_sha256=a4e09f294de7564fe890d27dc8fab2cdfd8f98c339e4fb43880115693e416d1e,true,Formation has not been measured; legacy labels are not formation labels.,PENDING,PENDING,PENDING,PENDING,NOT_MEASURED
endpoint::deepseek8b:seq128:forward:113:out_ptr2,ENDPOINT_UNIT,,deepseek8b:seq128:forward:113:out_ptr2,deepseek8b,128,FORWARD,permute,TRITON,forward:graph0:permute_1530,true,NORMAL_REFERENCE,NORMAL_REFERENCE_NO_COHERENT_F_B_CARRIER,,,hypothesis_matrix.json; math_proof_row_sha256=df995434687318e23ddfd1f3bb1f0990ed41c8bf003db44a0a0e2fb37b8f81b8,true,Formation has not been measured; legacy labels are not formation labels.,PENDING,PENDING,PENDING,PENDING,NOT_MEASURED
endpoint::deepseek8b:seq128:forward:115:in_out_ptr1,ENDPOINT_UNIT,,deepseek8b:seq128:forward:115:in_out_ptr1,deepseek8b,128,FORWARD,add,TRITON,forward:graph0:add_65,true,COHERENT_F_B_BIAS,OBSERVED_T3_COHERENT_COMPLETE_CARRIER,,,hypothesis_matrix.json; math_proof_row_sha256=e0f26225d13d66bfc5ade8028579f73acd6c15f10677ce23c75918f7960493af,true,Formation has not been measured; legacy labels are not formation labels.,PENDING,PENDING,PENDING,PENDING,NOT_MEASURED
endpoint::deepseek8b:seq128:forward:117:out_ptr0,ENDPOINT_UNIT,,deepseek8b:seq128:forward:117:out_ptr0,deepseek8b,128,FORWARD,clone,TRITON,forward:graph0:clone_26,true,COHERENT_F_B_BIAS,OBSERVED_T3_COHERENT_COMPLETE_CARRIER,,,hypothesis_matrix.json; math_proof_row_sha256=5474b1de0bceb5f134b8c66260b8f307cc82cd512f0337487e8008db3730665c,true,Formation has not been measured; legacy labels are not formation labels.,PENDING,PENDING,PENDING,PENDING,NOT_MEASURED
endpoint::deepseek8b:seq128:forward:118:output_0,ENDPOINT_UNIT,,deepseek8b:seq128:forward:118:output_0,deepseek8b,128,FORWARD,bmm,EXTERN,forward:graph0:bmm_12,true,NORMAL_REFERENCE,NORMAL_REFERENCE_NO_COHERENT_F_B_CARRIER,,,hypothesis_matrix.json; math_proof_row_sha256=59912ec642b0c2aef8368e13fd8aeb297602b31595862085589253122e33d1b0,true,Formation has not been measured; legacy labels are not formation labels.,PENDING,PENDING,PENDING,PENDING,NOT_MEASURED
endpoint::deepseek8b:seq128:forward:119:in_out_ptr0,ENDPOINT_UNIT,,deepseek8b:seq128:forward:119:in_out_ptr0,deepseek8b,128,FORWARD,add,TRITON,forward:graph0:add_66,true,NORMAL_REFERENCE,NORMAL_REFERENCE_NO_COHERENT_F_B_CARRIER,,,hypothesis_matrix.json; math_proof_row_sha256=08d148f99a465cc389cf1b1345767bb1871cd44944498a5a8c44964bd19cf2b3,true,Formation has not been measured; legacy labels are not formation labels.,PENDING,PENDING,PENDING,PENDING,NOT_MEASURED
endpoint::deepseek8b:seq128:forward:11:in_out_ptr0,ENDPOINT_UNIT,,deepseek8b:seq128:forward:11:in_out_ptr0,deepseek8b,128,FORWARD,add,TRITON,forward:graph0:add_6,true,NORMAL_REFERENCE,NORMAL_REFERENCE_NO_COHERENT_F_B_CARRIER,,,hypothesis_matrix.json; math_proof_row_sha256=221b05967b2111dd449545112cd5256fa0cf7596b30ca591e12a7f700ae6e324,true,Formation has not been measured; legacy labels are not formation labels.,PENDING,PENDING,PENDING,PENDING,NOT_MEASURED
endpoint::deepseek8b:seq128:forward:124:in_out_ptr1,ENDPOINT_UNIT,,deepseek8b:seq128:forward:124:in_out_ptr1,deepseek8b,128,FORWARD,rsqrt,TRITON,forward:graph0:rsqrt_27,true,NORMAL_REFERENCE,NORMAL_REFERENCE_NO_COHERENT_F_B_CARRIER,,,hypothesis_matrix.json; math_proof_row_sha256=80da8a4c90e26ab024fcff466698be007e71dd61a748819391e28187ae1c2bd2,true,Formation has not been measured; legacy labels are not formation labels.,PENDING,PENDING,PENDING,PENDING,NOT_MEASURED
endpoint::deepseek8b:seq128:forward:131:in_out_ptr0,ENDPOINT_UNIT,,deepseek8b:seq128:forward:131:in_out_ptr0,deepseek8b,128,FORWARD,rsqrt,TRITON,forward:graph0:rsqrt_29,true,NORMAL_REFERENCE,NORMAL_REFERENCE_NO_LOCAL_DIRECTIONAL_DIFFERENCE,,,hypothesis_matrix.json; math_proof_row_sha256=620609329de4298cfa1bcad29ac7f6f9cb6f9710443bfe66cebc20dbaefdff58,true,Formation has not been measured; legacy labels are not formation labels.,PENDING,PENDING,PENDING,PENDING,NOT_MEASURED
endpoint::deepseek8b:seq128:forward:136:output_0,ENDPOINT_UNIT,,deepseek8b:seq128:forward:136:output_0,deepseek8b,128,FORWARD,bmm,EXTERN,forward:graph0:bmm_14,true,NORMAL_REFERENCE,NORMAL_REFERENCE_NO_COHERENT_F_B_CARRIER,,,hypothesis_matrix.json; math_proof_row_sha256=dc114314f6f4011e18bd8632e680154c00d75a2b315b124aa69427f47e524be8,true,Formation has not been measured; legacy labels are not formation labels.,PENDING,PENDING,PENDING,PENDING,NOT_MEASURED
endpoint::deepseek8b:seq128:forward:137:in_out_ptr0,ENDPOINT_UNIT,,deepseek8b:seq128:forward:137:in_out_ptr0,deepseek8b,128,FORWARD,add,TRITON,forward:graph0:add_76,true,NORMAL_REFERENCE,NORMAL_REFERENCE_NO_COHERENT_F_B_CARRIER,,,hypothesis_matrix.json; math_proof_row_sha256=731becd67713f9c310d3a71077c5ae901c9c4618dbdfa90a07836bc81796b1a7,true,Formation has not been measured; legacy labels are not formation labels.,PENDING,PENDING,PENDING,PENDING,NOT_MEASURED
endpoint::deepseek8b:seq128:forward:13:output_0,ENDPOINT_UNIT,,deepseek8b:seq128:forward:13:output_0,deepseek8b,128,FORWARD,bmm,EXTERN,forward:graph0:bmm_1,true,NORMAL_REFERENCE,NORMAL_REFERENCE_NO_COHERENT_F_B_CARRIER,,,hypothesis_matrix.json; math_proof_row_sha256=2a3d150ad841478187fba1a242c080be6daa8241faae7e6c0183fcfaf02b70b0,true,Formation has not been measured; legacy labels are not formation labels.,PENDING,PENDING,PENDING,PENDING,NOT_MEASURED
endpoint::deepseek8b:seq128:forward:142:in_out_ptr1,ENDPOINT_UNIT,,deepseek8b:seq128:forward:142:in_out_ptr1,deepseek8b,128,FORWARD,rsqrt,TRITON,forward:graph0:rsqrt_31,true,NORMAL_REFERENCE,NORMAL_REFERENCE_NO_COHERENT_F_B_CARRIER,,,hypothesis_matrix.json; math_proof_row_sha256=74b41127213a3abb4adb96d9c70a508de9c4cdc552f4847fdf22b7214178de07,true,Formation has not been measured; legacy labels are not formation labels.,PENDING,PENDING,PENDING,PENDING,NOT_MEASURED
endpoint::deepseek8b:seq128:forward:147:in_out_ptr1,ENDPOINT_UNIT,,deepseek8b:seq128:forward:147:in_out_ptr1,deepseek8b,128,FORWARD,rsqrt,TRITON,forward:graph0:rsqrt_32,true,NORMAL_REFERENCE,NORMAL_REFERENCE_NO_COHERENT_F_B_CARRIER,,,hypothesis_matrix.json; math_proof_row_sha256=93eac143d3927f2d73fd718dd90b2f3d4b4c3ac677b0103a0df18e498e27fcf1,true,Formation has not been measured; legacy labels are not formation labels.,PENDING,PENDING,PENDING,PENDING,NOT_MEASURED
endpoint::deepseek8b:seq128:forward:151:in_out_ptr0,ENDPOINT_UNIT,,deepseek8b:seq128:forward:151:in_out_ptr0,deepseek8b,128,FORWARD,rsqrt,TRITON,forward:graph0:rsqrt_34,true,NORMAL_REFERENCE,NORMAL_REFERENCE_NO_COHERENT_F_B_CARRIER,,,hypothesis_matrix.json; math_proof_row_sha256=a7dae65a0d8fba1e628f440dfe4a124d7e7ada430033e663b884c01f2b990371,true,Formation has not been measured; legacy labels are not formation labels.,PENDING,PENDING,PENDING,PENDING,NOT_MEASURED
endpoint::deepseek8b:seq128:forward:154:output_0,ENDPOINT_UNIT,,deepseek8b:seq128:forward:154:output_0,deepseek8b,128,FORWARD,bmm,EXTERN,forward:graph0:bmm_16,true,NORMAL_REFERENCE,NORMAL_REFERENCE_NO_COHERENT_F_B_CARRIER,,,hypothesis_matrix.json; math_proof_row_sha256=1d08500e920171b7224babf3fcc98b27d288dc489a753dfc387df5b7387be717,true,Formation has not been measured; legacy labels are not formation labels.,PENDING,PENDING,PENDING,PENDING,NOT_MEASURED
endpoint::deepseek8b:seq128:forward:155:in_out_ptr0,ENDPOINT_UNIT,,deepseek8b:seq128:forward:155:in_out_ptr0,deepseek8b,128,FORWARD,add,TRITON,forward:graph0:add_86,true,NORMAL_REFERENCE,NORMAL_REFERENCE_NO_COHERENT_F_B_CARRIER,,,hypothesis_matrix.json; math_proof_row_sha256=e3570df5a37da10fc53c8df78388c95753ac977a5402d0dd73208af80bde5659,true,Formation has not been measured; legacy labels are not formation labels.,PENDING,PENDING,PENDING,PENDING,NOT_MEASURED
endpoint::deepseek8b:seq128:forward:157:output_0,ENDPOINT_UNIT,,deepseek8b:seq128:forward:157:output_0,deepseek8b,128,FORWARD,bmm,EXTERN,forward:graph0:bmm_17,true,NORMAL_REFERENCE,NORMAL_REFERENCE_NO_COHERENT_F_B_CARRIER,,,hypothesis_matrix.json; math_proof_row_sha256=0bb8b7b117cfa78f3e114d80294aed53f3e7498fb807887f4981e5ba2ed7676e,true,Formation has not been measured; legacy labels are not formation labels.,PENDING,PENDING,PENDING,PENDING,NOT_MEASURED
endpoint::deepseek8b:seq128:forward:158:out_ptr0,ENDPOINT_UNIT,,deepseek8b:seq128:forward:158:out_ptr0,deepseek8b,128,FORWARD,clone,TRITON,forward:graph0:clone_37,true,NORMAL_REFERENCE,NORMAL_REFERENCE_NO_COHERENT_F_B_CARRIER,,,hypothesis_matrix.json; math_proof_row_sha256=59fd5ccdcdb1378a91d5cc5cded9be86d335ef706b75e189cb34760b42d18ccd,true,Formation has not been measured; legacy labels are not formation labels.,PENDING,PENDING,PENDING,PENDING,NOT_MEASURED
endpoint::deepseek8b:seq128:forward:159:output_0,ENDPOINT_UNIT,,deepseek8b:seq128:forward:159:output_0,deepseek8b,128,FORWARD,mm,EXTERN,forward:graph0:mm_59,true,NORMAL_REFERENCE,NORMAL_REFERENCE_NO_COHERENT_F_B_CARRIER,,,hypothesis_matrix.json; math_proof_row_sha256=35939c0a3cb2ecfc767ff1571433b8078f8e0c821d624c2a345a7895ef474679,true,Formation has not been measured; legacy labels are not formation labels.,PENDING,PENDING,PENDING,PENDING,NOT_MEASURED
endpoint::deepseek8b:seq128:forward:160:in_out_ptr1,ENDPOINT_UNIT,,deepseek8b:seq128:forward:160:in_out_ptr1,deepseek8b,128,FORWARD,rsqrt,TRITON,forward:graph0:rsqrt_35,true,COHERENT_F_B_BIAS,OBSERVED_T3_COHERENT_COMPLETE_CARRIER,,,hypothesis_matrix.json; math_proof_row_sha256=5f95a96c6d5e49960c2333dd2e1998367126025cdae8136485253f5786e150fb,true,Formation has not been measured; legacy labels are not formation labels.,PENDING,PENDING,PENDING,PENDING,NOT_MEASURED
endpoint::deepseek8b:seq128:forward:161:output_0,ENDPOINT_UNIT,,deepseek8b:seq128:forward:161:output_0,deepseek8b,128,FORWARD,mm,EXTERN,forward:graph0:mm_60,true,NORMAL_REFERENCE,NORMAL_REFERENCE_NO_COHERENT_F_B_CARRIER,,,hypothesis_matrix.json; math_proof_row_sha256=36e26d94bac8f868d66fbc9df4801150df8b5d8e415c183bc995e361bef2cec6,true,Formation has not been measured; legacy labels are not formation labels.,PENDING,PENDING,PENDING,PENDING,NOT_MEASURED
endpoint::deepseek8b:seq128:forward:165:in_out_ptr1,ENDPOINT_UNIT,,deepseek8b:seq128:forward:165:in_out_ptr1,deepseek8b,128,FORWARD,rsqrt,TRITON,forward:graph0:rsqrt_36,true,NORMAL_REFERENCE,NORMAL_REFERENCE_NO_COHERENT_F_B_CARRIER,,,hypothesis_matrix.json; math_proof_row_sha256=85815d81a53f17bc7221d365e9379b2c2b1c1bf0683e52aecd1d98fc49e66cc0,true,Formation has not been measured; legacy labels are not formation labels.,PENDING,PENDING,PENDING,PENDING,NOT_MEASURED
endpoint::deepseek8b:seq128:forward:167:in_out_ptr0,ENDPOINT_UNIT,,deepseek8b:seq128:forward:167:in_out_ptr0,deepseek8b,128,FORWARD,rsqrt,TRITON,forward:graph0:rsqrt_37,true,NORMAL_REFERENCE,NORMAL_REFERENCE_NO_COHERENT_F_B_CARRIER,,,hypothesis_matrix.json; math_proof_row_sha256=1999a85f8501cf1fd6ca65b32216e627ebc9150f557209b35bfd5cf4a38c7d04,true,Formation has not been measured; legacy labels are not formation labels.,PENDING,PENDING,PENDING,PENDING,NOT_MEASURED
endpoint::deepseek8b:seq128:forward:167:out_ptr2,ENDPOINT_UNIT,,deepseek8b:seq128:forward:167:out_ptr2,deepseek8b,128,FORWARD,permute,TRITON,forward:graph0:permute_1419,true,NORMAL_REFERENCE,NORMAL_REFERENCE_NO_COHERENT_F_B_CARRIER,,,hypothesis_matrix.json; math_proof_row_sha256=91a722f28f19e747c26ef6f87f2d153cc792dce5901753793f596024c3b23f71,true,Formation has not been measured; legacy labels are not formation labels.,PENDING,PENDING,PENDING,PENDING,NOT_MEASURED
endpoint::deepseek8b:seq128:forward:169:in_out_ptr0,ENDPOINT_UNIT,,deepseek8b:seq128:forward:169:in_out_ptr0,deepseek8b,128,FORWARD,rsqrt,TRITON,forward:graph0:rsqrt_38,true,NORMAL_REFERENCE,NORMAL_REFERENCE_NO_COHERENT_F_B_CARRIER,,,hypothesis_matrix.json; math_proof_row_sha256=acf3ff4b8bc260e5b73976b74ef35ddad7e6263a047172c6b5c66f31fe8f25c7,true,Formation has not been measured; legacy labels are not formation labels.,PENDING,PENDING,PENDING,PENDING,NOT_MEASURED
endpoint::deepseek8b:seq128:forward:16:in_out_ptr0,ENDPOINT_UNIT,,deepseek8b:seq128:forward:16:in_out_ptr0,deepseek8b,128,FORWARD,rsqrt,TRITON,forward:graph0:rsqrt_3,true,NORMAL_REFERENCE,NORMAL_REFERENCE_NO_COHERENT_F_B_CARRIER,,,hypothesis_matrix.json; math_proof_row_sha256=e4f6d455091ddb911d5ca1747a00ccbd415f8eb08cfb455fe924ddc685731098,true,Formation has not been measured; legacy labels are not formation labels.,PENDING,PENDING,PENDING,PENDING,NOT_MEASURED
endpoint::deepseek8b:seq128:forward:172:output_0,ENDPOINT_UNIT,,deepseek8b:seq128:forward:172:output_0,deepseek8b,128,FORWARD,bmm,EXTERN,forward:graph0:bmm_18,true,NORMAL_REFERENCE,NORMAL_REFERENCE_NO_COHERENT_F_B_CARRIER,,,hypothesis_matrix.json; math_proof_row_sha256=fb4c446dfb80cb01a17d187243b46389dacb431a7054f80a4a2172177e43d53e,true,Formation has not been measured; legacy labels are not formation labels.,PENDING,PENDING,PENDING,PENDING,NOT_MEASURED
endpoint::deepseek8b:seq128:forward:173:in_out_ptr0,ENDPOINT_UNIT,,deepseek8b:seq128:forward:173:in_out_ptr0,deepseek8b,128,FORWARD,add,TRITON,forward:graph0:add_96,true,NORMAL_REFERENCE,NORMAL_REFERENCE_NO_COHERENT_F_B_CARRIER,,,hypothesis_matrix.json; math_proof_row_sha256=e6b27232c68dded2f16a84761c9ce73ec524e2a584576bc9bf0c017f73a4a591,true,Formation has not been measured; legacy labels are not formation labels.,PENDING,PENDING,PENDING,PENDING,NOT_MEASURED
endpoint::deepseek8b:seq128:forward:175:output_0,ENDPOINT_UNIT,,deepseek8b:seq128:forward:175:output_0,deepseek8b,128,FORWARD,bmm,EXTERN,forward:graph0:bmm_19,true,NORMAL_REFERENCE,NORMAL_REFERENCE_NO_COHERENT_F_B_CARRIER,,,hypothesis_matrix.json; math_proof_row_sha256=6ff60ea1443bb072facccba1c7c04f0a24d30076ee9b9353656f4fcae3725319,true,Formation has not been measured; legacy labels are not formation labels.,PENDING,PENDING,PENDING,PENDING,NOT_MEASURED
endpoint::deepseek8b:seq128:forward:178:in_out_ptr1,ENDPOINT_UNIT,,deepseek8b:seq128:forward:178:in_out_ptr1,deepseek8b,128,FORWARD,rsqrt,TRITON,forward:graph0:rsqrt_39,true,NORMAL_REFERENCE,NORMAL_REFERENCE_NO_COHERENT_F_B_CARRIER,,,hypothesis_matrix.json; math_proof_row_sha256=10c4f8c91e724fb4e295045d120c0ab9a3b142eb61b631ce03df3a91ffbeaabe,true,Formation has not been measured; legacy labels are not formation labels.,PENDING,PENDING,PENDING,PENDING,NOT_MEASURED
endpoint::deepseek8b:seq128:forward:185:in_out_ptr0,ENDPOINT_UNIT,,deepseek8b:seq128:forward:185:in_out_ptr0,deepseek8b,128,FORWARD,rsqrt,TRITON,forward:graph0:rsqrt_41,true,NORMAL_REFERENCE,NORMAL_REFERENCE_NO_COHERENT_F_B_CARRIER,,,hypothesis_matrix.json; math_proof_row_sha256=6cd63470bf7e918b7085f538f14e1ad454419d3e391999d6a98a436b792c5942,true,Formation has not been measured; legacy labels are not formation labels.,PENDING,PENDING,PENDING,PENDING,NOT_MEASURED
endpoint::deepseek8b:seq128:forward:190:output_0,ENDPOINT_UNIT,,deepseek8b:seq128:forward:190:output_0,deepseek8b,128,FORWARD,bmm,EXTERN,forward:graph0:bmm_20,true,NORMAL_REFERENCE,NORMAL_REFERENCE_NO_COHERENT_F_B_CARRIER,,,hypothesis_matrix.json; math_proof_row_sha256=4583ef003451e98c1eec3333148d863062f3009d51c95770f57c6c1227dccafe,true,Formation has not been measured; legacy labels are not formation labels.,PENDING,PENDING,PENDING,PENDING,NOT_MEASURED
endpoint::deepseek8b:seq128:forward:191:in_out_ptr0,ENDPOINT_UNIT,,deepseek8b:seq128:forward:191:in_out_ptr0,deepseek8b,128,FORWARD,add,TRITON,forward:graph0:add_106,true,NORMAL_REFERENCE,NORMAL_REFERENCE_NO_COHERENT_F_B_CARRIER,,,hypothesis_matrix.json; math_proof_row_sha256=ab4f23aff8dc0117f4793ed06b19852df7f4b4aefd75081db774323e097ad11b,true,Formation has not been measured; legacy labels are not formation labels.,PENDING,PENDING,PENDING,PENDING,NOT_MEASURED
endpoint::deepseek8b:seq128:forward:196:in_out_ptr1,ENDPOINT_UNIT,,deepseek8b:seq128:forward:196:in_out_ptr1,deepseek8b,128,FORWARD,rsqrt,TRITON,forward:graph0:rsqrt_43,true,NORMAL_REFERENCE,NORMAL_REFERENCE_NO_COHERENT_F_B_CARRIER,,,hypothesis_matrix.json; math_proof_row_sha256=c4b8e0b0ca111be00acfc476ef5c36c210032ccefa42fb44babaf2af32444113,true,Formation has not been measured; legacy labels are not formation labels.,PENDING,PENDING,PENDING,PENDING,NOT_MEASURED
endpoint::deepseek8b:seq128:forward:201:in_out_ptr1,ENDPOINT_UNIT,,deepseek8b:seq128:forward:201:in_out_ptr1,deepseek8b,128,FORWARD,rsqrt,TRITON,forward:graph0:rsqrt_44,true,NORMAL_REFERENCE,NORMAL_REFERENCE_NO_COHERENT_F_B_CARRIER,,,hypothesis_matrix.json; math_proof_row_sha256=f1a1168911271b8227ad73eb16f36879260c5f492342066628e9c44f2c9bd09b,true,Formation has not been measured; legacy labels are not formation labels.,PENDING,PENDING,PENDING,PENDING,NOT_MEASURED
endpoint::deepseek8b:seq128:forward:203:in_out_ptr0,ENDPOINT_UNIT,,deepseek8b:seq128:forward:203:in_out_ptr0,deepseek8b,128,FORWARD,rsqrt,TRITON,forward:graph0:rsqrt_45,true,NORMAL_REFERENCE,NORMAL_REFERENCE_NO_COHERENT_F_B_CARRIER,,,hypothesis_matrix.json; math_proof_row_sha256=4919e97e4f0bff8c914e7c90ef2fb2e1fa2d04dab80c7a97d6af3f43345a1249,true,Formation has not been measured; legacy labels are not formation labels.,PENDING,PENDING,PENDING,PENDING,NOT_MEASURED
endpoint::deepseek8b:seq128:forward:207:out_ptr0,ENDPOINT_UNIT,,deepseek8b:seq128:forward:207:out_ptr0,deepseek8b,128,FORWARD,clone,TRITON,forward:graph0:clone_46,true,NORMAL_REFERENCE,NORMAL_REFERENCE_NO_COHERENT_F_B_CARRIER,,,hypothesis_matrix.json; math_proof_row_sha256=18fcbb636fb59407ac7933c19155c646de132336bf340c262159d26c8c37455e,true,Formation has not been measured; legacy labels are not formation labels.,PENDING,PENDING,PENDING,PENDING,NOT_MEASURED
endpoint::deepseek8b:seq128:forward:208:output_0,ENDPOINT_UNIT,,deepseek8b:seq128:forward:208:output_0,deepseek8b,128,FORWARD,bmm,EXTERN,forward:graph0:bmm_22,true,NORMAL_REFERENCE,NORMAL_REFERENCE_NO_COHERENT_F_B_CARRIER,,,hypothesis_matrix.json; math_proof_row_sha256=bb57fd0ad450b86525eff55529cb22915d913462b1870dce27d33b9b6b9f6d92,true,Formation has not been measured; legacy labels are not formation labels.,PENDING,PENDING,PENDING,PENDING,NOT_MEASURED
endpoint::deepseek8b:seq128:forward:209:in_out_ptr0,ENDPOINT_UNIT,,deepseek8b:seq128:forward:209:in_out_ptr0,deepseek8b,128,FORWARD,add,TRITON,forward:graph0:add_116,true,NORMAL_REFERENCE,NORMAL_REFERENCE_NO_COHERENT_F_B_CARRIER,,,hypothesis_matrix.json; math_proof_row_sha256=1316dd34a24025c30669f5a67a294f228e8c8abf4d24d1bd2ee904e295c9e454,true,Formation has not been measured; legacy labels are not formation labels.,PENDING,PENDING,PENDING,PENDING,NOT_MEASURED
endpoint::deepseek8b:seq128:forward:214:in_out_ptr1,ENDPOINT_UNIT,,deepseek8b:seq128:forward:214:in_out_ptr1,deepseek8b,128,FORWARD,rsqrt,TRITON,forward:graph0:rsqrt_47,true,NORMAL_REFERENCE,NORMAL_REFERENCE_NO_LOCAL_DIRECTIONAL_DIFFERENCE,,,hypothesis_matrix.json; math_proof_row_sha256=ea57838403e84f24ac5aae0e18d2c655b4d1bda391909bc9c3d1dc56ce54a826,true,Formation has not been measured; legacy labels are not formation labels.,PENDING,PENDING,PENDING,PENDING,NOT_MEASURED
endpoint::deepseek8b:seq128:forward:219:in_out_ptr1,ENDPOINT_UNIT,,deepseek8b:seq128:forward:219:in_out_ptr1,deepseek8b,128,FORWARD,rsqrt,TRITON,forward:graph0:rsqrt_48,true,NORMAL_REFERENCE,NORMAL_REFERENCE_NO_COHERENT_F_B_CARRIER,,,hypothesis_matrix.json; math_proof_row_sha256=c7bba7468ee01f53fbba7820b93191d056ec506faf37e94f90724c353bce9fbb,true,Formation has not been measured; legacy labels are not formation labels.,PENDING,PENDING,PENDING,PENDING,NOT_MEASURED
endpoint::deepseek8b:seq128:forward:21:in_out_ptr1,ENDPOINT_UNIT,,deepseek8b:seq128:forward:21:in_out_ptr1,deepseek8b,128,FORWARD,rsqrt,TRITON,forward:graph0:rsqrt_4,true,NORMAL_REFERENCE,NORMAL_REFERENCE_NO_COHERENT_F_B_CARRIER,,,hypothesis_matrix.json; math_proof_row_sha256=093ecefaab46565725b74d1bbb94beb61c7008c49cfa2638df3a0cc4629c67b9,true,Formation has not been measured; legacy labels are not formation labels.,PENDING,PENDING,PENDING,PENDING,NOT_MEASURED
endpoint::deepseek8b:seq128:forward:221:in_out_ptr0,ENDPOINT_UNIT,,deepseek8b:seq128:forward:221:in_out_ptr0,deepseek8b,128,FORWARD,rsqrt,TRITON,forward:graph0:rsqrt_49,true,NORMAL_REFERENCE,NORMAL_REFERENCE_NO_COHERENT_F_B_CARRIER,,,hypothesis_matrix.json; math_proof_row_sha256=03e094417e455f875e0e77a98fc86972311ab35f83d4fd2f3d386b8030a8bfa1,true,Formation has not been measured; legacy labels are not formation labels.,PENDING,PENDING,PENDING,PENDING,NOT_MEASURED
endpoint::deepseek8b:seq128:forward:223:in_out_ptr0,ENDPOINT_UNIT,,deepseek8b:seq128:forward:223:in_out_ptr0,deepseek8b,128,FORWARD,rsqrt,TRITON,forward:graph0:rsqrt_50,true,NORMAL_REFERENCE,NORMAL_REFERENCE_NO_COHERENT_F_B_CARRIER,,,hypothesis_matrix.json; math_proof_row_sha256=3e33aadb49ca439eaf0779d04ffe3f22c286d1c06930d8d54280b9bde84b08f4,true,Formation has not been measured; legacy labels are not formation labels.,PENDING,PENDING,PENDING,PENDING,NOT_MEASURED
endpoint::deepseek8b:seq128:forward:226:output_0,ENDPOINT_UNIT,,deepseek8b:seq128:forward:226:output_0,deepseek8b,128,FORWARD,bmm,EXTERN,forward:graph0:bmm_24,true,NORMAL_REFERENCE,NORMAL_REFERENCE_NO_COHERENT_F_B_CARRIER,,,hypothesis_matrix.json; math_proof_row_sha256=5791b983fa570e1a50f613090e1c3deb65fc5115a21064ac154582f2688e9634,true,Formation has not been measured; legacy labels are not formation labels.,PENDING,PENDING,PENDING,PENDING,NOT_MEASURED
endpoint::deepseek8b:seq128:forward:227:in_out_ptr0,ENDPOINT_UNIT,,deepseek8b:seq128:forward:227:in_out_ptr0,deepseek8b,128,FORWARD,add,TRITON,forward:graph0:add_126,true,NORMAL_REFERENCE,NORMAL_REFERENCE_NO_COHERENT_F_B_CARRIER,,,hypothesis_matrix.json; math_proof_row_sha256=a73f33fa52f83bb1f2e730defdd3463422cd8ab32a4e159e393286b22f2a2575,true,Formation has not been measured; legacy labels are not formation labels.,PENDING,PENDING,PENDING,PENDING,NOT_MEASURED
endpoint::deepseek8b:seq128:forward:22:output_0,ENDPOINT_UNIT,,deepseek8b:seq128:forward:22:output_0,deepseek8b,128,FORWARD,mm,EXTERN,forward:graph0:mm_7,true,NORMAL_REFERENCE,NORMAL_REFERENCE_NO_COHERENT_F_B_CARRIER,,,hypothesis_matrix.json; math_proof_row_sha256=d0f59921048058aa5c6b2ae324a42427e055ab6694f0263966c61089b4a0550c,true,Formation has not been measured; legacy labels are not formation labels.,PENDING,PENDING,PENDING,PENDING,NOT_MEASURED
endpoint::deepseek8b:seq128:forward:232:in_out_ptr1,ENDPOINT_UNIT,,deepseek8b:seq128:forward:232:in_out_ptr1,deepseek8b,128,FORWARD,rsqrt,TRITON,forward:graph0:rsqrt_51,true,NORMAL_REFERENCE,NORMAL_REFERENCE_NO_COHERENT_F_B_CARRIER,,,hypothesis_matrix.json; math_proof_row_sha256=8a572585c37751c6f557e0cabfac64ff0685a4280cae7eb98714a666bbdc8230,true,Formation has not been measured; legacy labels are not formation labels.,PENDING,PENDING,PENDING,PENDING,NOT_MEASURED
endpoint::deepseek8b:seq128:forward:23:out_ptr2,ENDPOINT_UNIT,,deepseek8b:seq128:forward:23:out_ptr2,deepseek8b,128,FORWARD,permute,TRITON,forward:graph0:permute_1715,true,NORMAL_REFERENCE,NORMAL_REFERENCE_NO_COHERENT_F_B_CARRIER,,,hypothesis_matrix.json; math_proof_row_sha256=768a52afb597262ebc9d5d2ddc5b6679d54421b4b86a164d9d538ac60c61820a,true,Formation has not been measured; legacy labels are not formation labels.,PENDING,PENDING,PENDING,PENDING,NOT_MEASURED
endpoint::deepseek8b:seq128:forward:24:output_0,ENDPOINT_UNIT,,deepseek8b:seq128:forward:24:output_0,deepseek8b,128,FORWARD,mm,EXTERN,forward:graph0:mm_8,true,NORMAL_REFERENCE,NORMAL_REFERENCE_NO_COHERENT_F_B_CARRIER,,,hypothesis_matrix.json; math_proof_row_sha256=61d6f178203f04a5298560279dbc86ce5fd309f9b04208962c220261c1ae83a7,true,Formation has not been measured; legacy labels are not formation labels.,PENDING,PENDING,PENDING,PENDING,NOT_MEASURED
endpoint::deepseek8b:seq128:forward:25:in_out_ptr1,ENDPOINT_UNIT,,deepseek8b:seq128:forward:25:in_out_ptr1,deepseek8b,128,FORWARD,add,TRITON,forward:graph0:add_15,true,NORMAL_REFERENCE,NORMAL_REFERENCE_NO_COHERENT_F_B_CARRIER,,,hypothesis_matrix.json; math_proof_row_sha256=2389ab0d4db86e60c58a89c8638512887a36cee3d4e4e517b5ce2136dc459eff,true,Formation has not been measured; legacy labels are not formation labels.,PENDING,PENDING,PENDING,PENDING,NOT_MEASURED
endpoint::deepseek8b:seq128:forward:27:out_ptr0,ENDPOINT_UNIT,,deepseek8b:seq128:forward:27:out_ptr0,deepseek8b,128,FORWARD,clone,TRITON,forward:graph0:clone_6,true,NORMAL_REFERENCE,NORMAL_REFERENCE_NO_COHERENT_F_B_CARRIER,,,hypothesis_matrix.json; math_proof_row_sha256=1ab565ad07e49eb5794c85d88a67444a68bd2f86424ce32af45187f69b8421c7,true,Formation has not been measured; legacy labels are not formation labels.,PENDING,PENDING,PENDING,PENDING,NOT_MEASURED
endpoint::deepseek8b:seq128:forward:280:output_0,ENDPOINT_UNIT,,deepseek8b:seq128:forward:280:output_0,deepseek8b,128,FORWARD,bmm,EXTERN,forward:graph0:bmm_30,true,NORMAL_REFERENCE,NORMAL_REFERENCE_NO_COHERENT_F_B_CARRIER,,,hypothesis_matrix.json; math_proof_row_sha256=9c2754eb2193572672a8ff570217564fffd9f911384869b12575a7522d332d52,true,Formation has not been measured; legacy labels are not formation labels.,PENDING,PENDING,PENDING,PENDING,NOT_MEASURED
endpoint::deepseek8b:seq128:forward:28:output_0,ENDPOINT_UNIT,,deepseek8b:seq128:forward:28:output_0,deepseek8b,128,FORWARD,bmm,EXTERN,forward:graph0:bmm_2,true,NORMAL_REFERENCE,NORMAL_REFERENCE_NO_COHERENT_F_B_CARRIER,,,hypothesis_matrix.json; math_proof_row_sha256=8349612cd4c99c3de5992dbd732164a2c5e3db80c8eb02f1f96db76833a16e86,true,Formation has not been measured; legacy labels are not formation labels.,PENDING,PENDING,PENDING,PENDING,NOT_MEASURED
endpoint::deepseek8b:seq128:forward:298:output_0,ENDPOINT_UNIT,,deepseek8b:seq128:forward:298:output_0,deepseek8b,128,FORWARD,bmm,EXTERN,forward:graph0:bmm_32,true,NORMAL_REFERENCE,NORMAL_REFERENCE_NO_COHERENT_F_B_CARRIER,,,hypothesis_matrix.json; math_proof_row_sha256=dae8a32e0f23dcc88c9d3ab3ec1db59e9795014b15324b201d2c581caf851c21,true,Formation has not been measured; legacy labels are not formation labels.,PENDING,PENDING,PENDING,PENDING,NOT_MEASURED
endpoint::deepseek8b:seq128:forward:29:in_out_ptr0,ENDPOINT_UNIT,,deepseek8b:seq128:forward:29:in_out_ptr0,deepseek8b,128,FORWARD,add,TRITON,forward:graph0:add_16,true,NORMAL_REFERENCE,NORMAL_REFERENCE_NO_COHERENT_F_B_CARRIER,,,hypothesis_matrix.json; math_proof_row_sha256=1de0ebc5016bd36b26a1d4892da5ceba8eb834a5a0ab683edc929ce2cc65bbad,true,Formation has not been measured; legacy labels are not formation labels.,PENDING,PENDING,PENDING,PENDING,NOT_MEASURED
endpoint::deepseek8b:seq128:forward:316:output_0,ENDPOINT_UNIT,,deepseek8b:seq128:forward:316:output_0,deepseek8b,128,FORWARD,bmm,EXTERN,forward:graph0:bmm_34,true,NORMAL_REFERENCE,NORMAL_REFERENCE_NO_COHERENT_F_B_CARRIER,,,hypothesis_matrix.json; math_proof_row_sha256=2b55b8785009fc2432fcb626a65c31bcbf4eca6497bf4f4542bf23064be742c2,true,Formation has not been measured; legacy labels are not formation labels.,PENDING,PENDING,PENDING,PENDING,NOT_MEASURED
endpoint::deepseek8b:seq128:forward:317:in_out_ptr0,ENDPOINT_UNIT,,deepseek8b:seq128:forward:317:in_out_ptr0,deepseek8b,128,FORWARD,add,TRITON,forward:graph0:add_176,true,COHERENT_F_B_BIAS,OBSERVED_T3_COHERENT_COMPLETE_CARRIER,,,hypothesis_matrix.json; math_proof_row_sha256=e5c522119615d2eb0bdb118893f4f8bda58750cdfe5f7627010945ad65c53225,true,Formation has not been measured; legacy labels are not formation labels.,PENDING,PENDING,PENDING,PENDING,NOT_MEASURED
endpoint::deepseek8b:seq128:forward:334:output_0,ENDPOINT_UNIT,,deepseek8b:seq128:forward:334:output_0,deepseek8b,128,FORWARD,bmm,EXTERN,forward:graph0:bmm_36,true,NORMAL_REFERENCE,NORMAL_REFERENCE_NO_COHERENT_F_B_CARRIER,,,hypothesis_matrix.json; math_proof_row_sha256=306e6dfcaa6008ccdc6af800d5406e58c4add7a1241cf69be54e6eedaaa432eb,true,Formation has not been measured; legacy labels are not formation labels.,PENDING,PENDING,PENDING,PENDING,NOT_MEASURED
endpoint::deepseek8b:seq128:forward:335:in_out_ptr0,ENDPOINT_UNIT,,deepseek8b:seq128:forward:335:in_out_ptr0,deepseek8b,128,FORWARD,add,TRITON,forward:graph0:add_186,true,NORMAL_REFERENCE,NORMAL_REFERENCE_NO_COHERENT_F_B_CARRIER,,,hypothesis_matrix.json; math_proof_row_sha256=cca3455406485dd07b08ad8e84a26f0a101cca979dcf31ae23f62d3fb4edd469,true,Formation has not been measured; legacy labels are not formation labels.,PENDING,PENDING,PENDING,PENDING,NOT_MEASURED
endpoint::deepseek8b:seq128:forward:347:in_out_ptr0,ENDPOINT_UNIT,,deepseek8b:seq128:forward:347:in_out_ptr0,deepseek8b,128,FORWARD,rsqrt,TRITON,forward:graph0:rsqrt_77,true,NORMAL_REFERENCE,NORMAL_REFERENCE_NO_COHERENT_F_B_CARRIER,,,hypothesis_matrix.json; math_proof_row_sha256=942908387db7dc0792b0915d5c8996c8f0abd6cdf9e248879d243e5c4a7186cc,true,Formation has not been measured; legacy labels are not formation labels.,PENDING,PENDING,PENDING,PENDING,NOT_MEASURED
endpoint::deepseek8b:seq128:forward:34:in_out_ptr1,ENDPOINT_UNIT,,deepseek8b:seq128:forward:34:in_out_ptr1,deepseek8b,128,FORWARD,rsqrt,TRITON,forward:graph0:rsqrt_7,true,NORMAL_REFERENCE,NORMAL_REFERENCE_NO_COHERENT_F_B_CARRIER,,,hypothesis_matrix.json; math_proof_row_sha256=d095afdb43a0350315e096a9fe738b1892284a92d879e78b169680b2caa3e289,true,Formation has not been measured; legacy labels are not formation labels.,PENDING,PENDING,PENDING,PENDING,NOT_MEASURED
endpoint::deepseek8b:seq128:forward:367:in_out_ptr0,ENDPOINT_UNIT,,deepseek8b:seq128:forward:367:in_out_ptr0,deepseek8b,128,FORWARD,rsqrt,TRITON,forward:graph0:rsqrt_82,true,NORMAL_REFERENCE,NORMAL_REFERENCE_NO_COHERENT_F_B_CARRIER,,,hypothesis_matrix.json; math_proof_row_sha256=2c0950d02f03774a70ff3e3816fa528f319a22380f4183e1186e7fe7ab867ffc,true,Formation has not been measured; legacy labels are not formation labels.,PENDING,PENDING,PENDING,PENDING,NOT_MEASURED
endpoint::deepseek8b:seq128:forward:39:in_out_ptr1,ENDPOINT_UNIT,,deepseek8b:seq128:forward:39:in_out_ptr1,deepseek8b,128,FORWARD,rsqrt,TRITON,forward:graph0:rsqrt_8,true,NORMAL_REFERENCE,NORMAL_REFERENCE_NO_COHERENT_F_B_CARRIER,,,hypothesis_matrix.json; math_proof_row_sha256=663cbaf9fc879dafb0527c396511d0860d34c650f9119c5efa5714fffc427ac9,true,Formation has not been measured; legacy labels are not formation labels.,PENDING,PENDING,PENDING,PENDING,NOT_MEASURED
endpoint::deepseek8b:seq128:forward:406:output_0,ENDPOINT_UNIT,,deepseek8b:seq128:forward:406:output_0,deepseek8b,128,FORWARD,bmm,EXTERN,forward:graph0:bmm_44,true,NORMAL_REFERENCE,NORMAL_REFERENCE_NO_COHERENT_F_B_CARRIER,,,hypothesis_matrix.json; math_proof_row_sha256=46cd3316ae0248e99350c38fd39d8b3e9646337d6e594b54ff2ca466ec357015,true,Formation has not been measured; legacy labels are not formation labels.,PENDING,PENDING,PENDING,PENDING,NOT_MEASURED
endpoint::deepseek8b:seq128:forward:407:in_out_ptr0,ENDPOINT_UNIT,,deepseek8b:seq128:forward:407:in_out_ptr0,deepseek8b,128,FORWARD,add,TRITON,forward:graph0:add_226,true,NORMAL_REFERENCE,NORMAL_REFERENCE_NO_COHERENT_F_B_CARRIER,,,hypothesis_matrix.json; math_proof_row_sha256=11d2d516e8de43248b34d873a87da7f8de1683b069c063d69965d7aca12ce0e6,true,Formation has not been measured; legacy labels are not formation labels.,PENDING,PENDING,PENDING,PENDING,NOT_MEASURED
endpoint::deepseek8b:seq128:forward:419:in_out_ptr0,ENDPOINT_UNIT,,deepseek8b:seq128:forward:419:in_out_ptr0,deepseek8b,128,FORWARD,rsqrt,TRITON,forward:graph0:rsqrt_93,true,NORMAL_REFERENCE,NORMAL_REFERENCE_NO_COHERENT_F_B_CARRIER,,,hypothesis_matrix.json; math_proof_row_sha256=76f58dbc24128e5d892bb4a34ac54a1b9778d1a1ff3884e4a608309c240a435f,true,Formation has not been measured; legacy labels are not formation labels.,PENDING,PENDING,PENDING,PENDING,NOT_MEASURED
endpoint::deepseek8b:seq128:forward:41:out_ptr2,ENDPOINT_UNIT,,deepseek8b:seq128:forward:41:out_ptr2,deepseek8b,128,FORWARD,permute,TRITON,forward:graph0:permute_1678,true,NORMAL_REFERENCE,NORMAL_REFERENCE_NO_COHERENT_F_B_CARRIER,,,hypothesis_matrix.json; math_proof_row_sha256=3ffc1b7ccbd8c29131b99804dfe8cfd88932de5c2ce6c098e2d5ebf06f6e35eb,true,Formation has not been measured; legacy labels are not formation labels.,PENDING,PENDING,PENDING,PENDING,NOT_MEASURED
endpoint::deepseek8b:seq128:forward:439:in_out_ptr0,ENDPOINT_UNIT,,deepseek8b:seq128:forward:439:in_out_ptr0,deepseek8b,128,FORWARD,rsqrt,TRITON,forward:graph0:rsqrt_98,true,NORMAL_REFERENCE,NORMAL_REFERENCE_NO_COHERENT_F_B_CARRIER,,,hypothesis_matrix.json; math_proof_row_sha256=45b7351f7cb0324e1a6c88d913b069c2c19de6eb75cef2ed82027ab06c0ed8a8,true,Formation has not been measured; legacy labels are not formation labels.,PENDING,PENDING,PENDING,PENDING,NOT_MEASURED
endpoint::deepseek8b:seq128:forward:442:output_0,ENDPOINT_UNIT,,deepseek8b:seq128:forward:442:output_0,deepseek8b,128,FORWARD,bmm,EXTERN,forward:graph0:bmm_48,true,NORMAL_REFERENCE,NORMAL_REFERENCE_NO_COHERENT_F_B_CARRIER,,,hypothesis_matrix.json; math_proof_row_sha256=8b09a18c370e4d1cf7459a8b208c37203e538a083051ce0fed42222247df5dbe,true,Formation has not been measured; legacy labels are not formation labels.,PENDING,PENDING,PENDING,PENDING,NOT_MEASURED
endpoint::deepseek8b:seq128:forward:443:in_out_ptr0,ENDPOINT_UNIT,,deepseek8b:seq128:forward:443:in_out_ptr0,deepseek8b,128,FORWARD,add,TRITON,forward:graph0:add_246,true,COHERENT_F_B_BIAS,OBSERVED_T3_COHERENT_COMPLETE_CARRIER,,,hypothesis_matrix.json; math_proof_row_sha256=b84b3934f51c39aa54ef04d6c3c1e5b830698e33d40f2e054ac499c71a24e38e,true,Formation has not been measured; legacy labels are not formation labels.,PENDING,PENDING,PENDING,PENDING,NOT_MEASURED
endpoint::deepseek8b:seq128:forward:460:output_0,ENDPOINT_UNIT,,deepseek8b:seq128:forward:460:output_0,deepseek8b,128,FORWARD,bmm,EXTERN,forward:graph0:bmm_50,true,NORMAL_REFERENCE,NORMAL_REFERENCE_NO_COHERENT_F_B_CARRIER,,,hypothesis_matrix.json; math_proof_row_sha256=0010c7c703604c99432919d17bb1f829ce3899c942f37954fca4ea3444a35078,true,Formation has not been measured; legacy labels are not formation labels.,PENDING,PENDING,PENDING,PENDING,NOT_MEASURED
endpoint::deepseek8b:seq128:forward:46:output_0,ENDPOINT_UNIT,,deepseek8b:seq128:forward:46:output_0,deepseek8b,128,FORWARD,bmm,EXTERN,forward:graph0:bmm_4,true,NORMAL_REFERENCE,NORMAL_REFERENCE_NO_COHERENT_F_B_CARRIER,,,hypothesis_matrix.json; math_proof_row_sha256=0fae783f83c67251f01c742eafbeb54ce56e9eaa4497a6454c9f87452c414572,true,Formation has not been measured; legacy labels are not formation labels.,PENDING,PENDING,PENDING,PENDING,NOT_MEASURED
endpoint::deepseek8b:seq128:forward:473:in_out_ptr0,ENDPOINT_UNIT,,deepseek8b:seq128:forward:473:in_out_ptr0,deepseek8b,128,FORWARD,rsqrt,TRITON,forward:graph0:rsqrt_105,true,NORMAL_REFERENCE,NORMAL_REFERENCE_NO_COHERENT_F_B_CARRIER,,,hypothesis_matrix.json; math_proof_row_sha256=9a97b346fb0921e192d72512ed90f31718e07bc9ec8d30da035744e868ad5d50,true,Formation has not been measured; legacy labels are not formation labels.,PENDING,PENDING,PENDING,PENDING,NOT_MEASURED
endpoint::deepseek8b:seq128:forward:475:in_out_ptr0,ENDPOINT_UNIT,,deepseek8b:seq128:forward:475:in_out_ptr0,deepseek8b,128,FORWARD,rsqrt,TRITON,forward:graph0:rsqrt_106,true,NORMAL_REFERENCE,NORMAL_REFERENCE_NO_COHERENT_F_B_CARRIER,,,hypothesis_matrix.json; math_proof_row_sha256=c685625b039c75024a095df91302d35894f0881cb7a6068c229436e7db3f51fc,true,Formation has not been measured; legacy labels are not formation labels.,PENDING,PENDING,PENDING,PENDING,NOT_MEASURED
endpoint::deepseek8b:seq128:forward:478:output_0,ENDPOINT_UNIT,,deepseek8b:seq128:forward:478:output_0,deepseek8b,128,FORWARD,bmm,EXTERN,forward:graph0:bmm_52,true,NORMAL_REFERENCE,NORMAL_REFERENCE_NO_COHERENT_F_B_CARRIER,,,hypothesis_matrix.json; math_proof_row_sha256=115a7d92d3c66bd6fccce6234b33fd1589f963cbaf0c5cb1f6fd29e91cb5256f,true,Formation has not been measured; legacy labels are not formation labels.,PENDING,PENDING,PENDING,PENDING,NOT_MEASURED
endpoint::deepseek8b:seq128:forward:47:in_out_ptr0,ENDPOINT_UNIT,,deepseek8b:seq128:forward:47:in_out_ptr0,deepseek8b,128,FORWARD,add,TRITON,forward:graph0:add_26,true,NORMAL_REFERENCE,NORMAL_REFERENCE_NO_COHERENT_F_B_CARRIER,,,hypothesis_matrix.json; math_proof_row_sha256=ee8093cbd163eba891491866dbda42ca349ef68c19fd2ccb0f9f11075c4999e5,true,Formation has not been measured; legacy labels are not formation labels.,PENDING,PENDING,PENDING,PENDING,NOT_MEASURED
endpoint::deepseek8b:seq128:forward:496:output_0,ENDPOINT_UNIT,,deepseek8b:seq128:forward:496:output_0,deepseek8b,128,FORWARD,bmm,EXTERN,forward:graph0:bmm_54,true,NORMAL_REFERENCE,NORMAL_REFERENCE_NO_COHERENT_F_B_CARRIER,,,hypothesis_matrix.json; math_proof_row_sha256=5babc5d83d56b160f5a0884f76c84743beae4cc24838c7a95b4a28ad93f012d1,true,Formation has not been measured; legacy labels are not formation labels.,PENDING,PENDING,PENDING,PENDING,NOT_MEASURED
endpoint::deepseek8b:seq128:forward:497:in_out_ptr0,ENDPOINT_UNIT,,deepseek8b:seq128:forward:497:in_out_ptr0,deepseek8b,128,FORWARD,add,TRITON,forward:graph0:add_276,true,NORMAL_REFERENCE,NORMAL_REFERENCE_NO_COHERENT_F_B_CARRIER,,,hypothesis_matrix.json; math_proof_row_sha256=94662c36c9cbd6f2e23e03517c43410da198fe06cef3af41bc3805ea0d32456e,true,Formation has not been measured; legacy labels are not formation labels.,PENDING,PENDING,PENDING,PENDING,NOT_MEASURED
endpoint::deepseek8b:seq128:forward:514:output_0,ENDPOINT_UNIT,,deepseek8b:seq128:forward:514:output_0,deepseek8b,128,FORWARD,bmm,EXTERN,forward:graph0:bmm_56,true,NORMAL_REFERENCE,NORMAL_REFERENCE_NO_COHERENT_F_B_CARRIER,,,hypothesis_matrix.json; math_proof_row_sha256=58ea60555bf33f39a93d6c5db93fd96ff8b8b14a47693b8cf5509bec0053ac9b,true,Formation has not been measured; legacy labels are not formation labels.,PENDING,PENDING,PENDING,PENDING,NOT_MEASURED
endpoint::deepseek8b:seq128:forward:515:in_out_ptr0,ENDPOINT_UNIT,,deepseek8b:seq128:forward:515:in_out_ptr0,deepseek8b,128,FORWARD,add,TRITON,forward:graph0:add_286,true,COHERENT_F_B_BIAS,OBSERVED_T3_COHERENT_COMPLETE_CARRIER,,,hypothesis_matrix.json; math_proof_row_sha256=add715f400259056c7b3cbcddaacdaa739d7cff17089f797b864ae7c792eb424,true,Formation has not been measured; legacy labels are not formation labels.,PENDING,PENDING,PENDING,PENDING,NOT_MEASURED
endpoint::deepseek8b:seq128:forward:529:in_out_ptr0,ENDPOINT_UNIT,,deepseek8b:seq128:forward:529:in_out_ptr0,deepseek8b,128,FORWARD,rsqrt,TRITON,forward:graph0:rsqrt_118,true,NORMAL_REFERENCE,NORMAL_REFERENCE_NO_COHERENT_F_B_CARRIER,,,hypothesis_matrix.json; math_proof_row_sha256=7c04c65e8fb93ff626b9e24acf6d9fc4c3c94473a4541d5a837d883001d212d4,true,Formation has not been measured; legacy labels are not formation labels.,PENDING,PENDING,PENDING,PENDING,NOT_MEASURED
endpoint::deepseek8b:seq128:forward:52:in_out_ptr1,ENDPOINT_UNIT,,deepseek8b:seq128:forward:52:in_out_ptr1,deepseek8b,128,FORWARD,rsqrt,TRITON,forward:graph0:rsqrt_11,true,NORMAL_REFERENCE,NORMAL_REFERENCE_NO_COHERENT_F_B_CARRIER,,,hypothesis_matrix.json; math_proof_row_sha256=66dc4a2b9e46ed41c29332e5481c6dedf5d05916b127269ebbdbb94b762068ef,true,Formation has not been measured; legacy labels are not formation labels.,PENDING,PENDING,PENDING,PENDING,NOT_MEASURED
endpoint::deepseek8b:seq128:forward:547:in_out_ptr0,ENDPOINT_UNIT,,deepseek8b:seq128:forward:547:in_out_ptr0,deepseek8b,128,FORWARD,rsqrt,TRITON,forward:graph0:rsqrt_122,true,NORMAL_REFERENCE,NORMAL_REFERENCE_NO_COHERENT_F_B_CARRIER,,,hypothesis_matrix.json; math_proof_row_sha256=66be972a8272705e43c6b39f0ca04e62fe411783b4ed0ff9e4db3cb4354e7534,true,Formation has not been measured; legacy labels are not formation labels.,PENDING,PENDING,PENDING,PENDING,NOT_MEASURED
endpoint::deepseek8b:seq128:forward:551:in_out_ptr0,ENDPOINT_UNIT,,deepseek8b:seq128:forward:551:in_out_ptr0,deepseek8b,128,FORWARD,add,TRITON,forward:graph0:add_306,true,COHERENT_F_B_BIAS,OBSERVED_T3_COHERENT_COMPLETE_CARRIER,,,hypothesis_matrix.json; math_proof_row_sha256=4188cdc6da28d232a1d904c50cac077df7303bcc9bc4e31819ec22c956fe0b7c,true,Formation has not been measured; legacy labels are not formation labels.,PENDING,PENDING,PENDING,PENDING,NOT_MEASURED
endpoint::deepseek8b:seq128:forward:565:in_out_ptr0,ENDPOINT_UNIT,,deepseek8b:seq128:forward:565:in_out_ptr0,deepseek8b,128,FORWARD,rsqrt,TRITON,forward:graph0:rsqrt_126,true,NORMAL_REFERENCE,NORMAL_REFERENCE_NO_COHERENT_F_B_CARRIER,,,hypothesis_matrix.json; math_proof_row_sha256=8b172c16b8f90a45e4c5ab9464a171b40376b83ce3b63e06c3eab0cdb86b8af3,true,Formation has not been measured; legacy labels are not formation labels.,PENDING,PENDING,PENDING,PENDING,NOT_MEASURED
endpoint::deepseek8b:seq128:forward:568:output_0,ENDPOINT_UNIT,,deepseek8b:seq128:forward:568:output_0,deepseek8b,128,FORWARD,bmm,EXTERN,forward:graph0:bmm_62,true,NORMAL_REFERENCE,NORMAL_REFERENCE_NO_COHERENT_F_B_CARRIER,,,hypothesis_matrix.json; math_proof_row_sha256=d552213ab2e33fde20bb2bca34acaaf7bc5a5099300bf261fb83805aca89fb9e,true,Formation has not been measured; legacy labels are not formation labels.,PENDING,PENDING,PENDING,PENDING,NOT_MEASURED
endpoint::deepseek8b:seq128:forward:569:in_out_ptr0,ENDPOINT_UNIT,,deepseek8b:seq128:forward:569:in_out_ptr0,deepseek8b,128,FORWARD,add,TRITON,forward:graph0:add_316,true,COHERENT_F_B_BIAS,OBSERVED_T3_COHERENT_COMPLETE_CARRIER,,,hypothesis_matrix.json; math_proof_row_sha256=aa3adfd5b87f8145d881b14592fede2c4c8ad36c205cfb812f343614cbad4267,true,Formation has not been measured; legacy labels are not formation labels.,PENDING,PENDING,PENDING,PENDING,NOT_MEASURED
endpoint::deepseek8b:seq128:forward:57:in_out_ptr1,ENDPOINT_UNIT,,deepseek8b:seq128:forward:57:in_out_ptr1,deepseek8b,128,FORWARD,rsqrt,TRITON,forward:graph0:rsqrt_12,true,NORMAL_REFERENCE,NORMAL_REFERENCE_NO_COHERENT_F_B_CARRIER,,,hypothesis_matrix.json; math_proof_row_sha256=dae6615eed366ed5edebdc36def7e8bb0e1d5f2b0eb4c195bd5a3ea85beac14e,true,Formation has not been measured; legacy labels are not formation labels.,PENDING,PENDING,PENDING,PENDING,NOT_MEASURED
endpoint::deepseek8b:seq128:forward:581:in_out_ptr0,ENDPOINT_UNIT,,deepseek8b:seq128:forward:581:in_out_ptr0,deepseek8b,128,FORWARD,rsqrt,TRITON,forward:graph0:rsqrt_129,true,NORMAL_REFERENCE,NORMAL_REFERENCE_NO_COHERENT_F_B_CARRIER,,,hypothesis_matrix.json; math_proof_row_sha256=d8e0eb8010ea027e43fffed6a29381e87e54ba66b5eb14763a33b390d6ad0c32,true,Formation has not been measured; legacy labels are not formation labels.,PENDING,PENDING,PENDING,PENDING,NOT_MEASURED
endpoint::deepseek8b:seq128:forward:5:out_ptr2,ENDPOINT_UNIT,,deepseek8b:seq128:forward:5:out_ptr2,deepseek8b,128,FORWARD,permute,TRITON,forward:graph0:permute_1752,true,NORMAL_REFERENCE,NORMAL_REFERENCE_NO_COHERENT_F_B_CARRIER,,,hypothesis_matrix.json; math_proof_row_sha256=5517d8062ec9e36abeca1dcc85a839b2633fa7c2c817c104201759a06c2bd463,true,Formation has not been measured; legacy labels are not formation labels.,PENDING,PENDING,PENDING,PENDING,NOT_MEASURED
endpoint::deepseek8b:seq128:forward:601:in_out_ptr0,ENDPOINT_UNIT,,deepseek8b:seq128:forward:601:in_out_ptr0,deepseek8b,128,FORWARD,rsqrt,TRITON,forward:graph0:rsqrt_134,true,NORMAL_REFERENCE,NORMAL_REFERENCE_NO_COHERENT_F_B_CARRIER,,,hypothesis_matrix.json; math_proof_row_sha256=87688e307cc4a44b76ff55b1c7e50f91d88617dcc071f0ec236ab299f0046d6a,true,Formation has not been measured; legacy labels are not formation labels.,PENDING,PENDING,PENDING,PENDING,NOT_MEASURED
endpoint::deepseek8b:seq128:forward:606:out_ptr0,ENDPOINT_UNIT,,deepseek8b:seq128:forward:606:out_ptr0,deepseek8b,128,FORWARD,clone,TRITON,forward:graph0:clone_135,true,NORMAL_REFERENCE,NORMAL_REFERENCE_NO_LOCAL_DIRECTIONAL_DIFFERENCE,,,hypothesis_matrix.json; math_proof_row_sha256=71789b05ad22bc961bb6c89914d5c7c6ee17784e9e00e167a5b6d6ed57b17107,true,Formation has not been measured; legacy labels are not formation labels.,PENDING,PENDING,PENDING,PENDING,NOT_MEASURED
endpoint::deepseek8b:seq128:forward:617:in_out_ptr0,ENDPOINT_UNIT,,deepseek8b:seq128:forward:617:in_out_ptr0,deepseek8b,128,FORWARD,rsqrt,TRITON,forward:graph0:rsqrt_137,true,NORMAL_REFERENCE,NORMAL_REFERENCE_NO_COHERENT_F_B_CARRIER,,,hypothesis_matrix.json; math_proof_row_sha256=f92059e8527a97b09609779322170259ac7ce579dc2eb8c28452c8b36205905b,true,Formation has not been measured; legacy labels are not formation labels.,PENDING,PENDING,PENDING,PENDING,NOT_MEASURED
endpoint::deepseek8b:seq128:forward:619:in_out_ptr0,ENDPOINT_UNIT,,deepseek8b:seq128:forward:619:in_out_ptr0,deepseek8b,128,FORWARD,rsqrt,TRITON,forward:graph0:rsqrt_138,true,COHERENT_F_B_BIAS,OBSERVED_T3_COHERENT_COMPLETE_CARRIER,,,hypothesis_matrix.json; math_proof_row_sha256=19fb6afb6703589c481c86bc9e541fc5806147c3df0c899fd0cafb75c0be544b,true,Formation has not been measured; legacy labels are not formation labels.,PENDING,PENDING,PENDING,PENDING,NOT_MEASURED
endpoint::deepseek8b:seq128:forward:637:in_out_ptr0,ENDPOINT_UNIT,,deepseek8b:seq128:forward:637:in_out_ptr0,deepseek8b,128,FORWARD,rsqrt,TRITON,forward:graph0:rsqrt_142,true,NORMAL_REFERENCE,NORMAL_REFERENCE_NO_COHERENT_F_B_CARRIER,,,hypothesis_matrix.json; math_proof_row_sha256=befc55ddd378946cfaf60acd93db19a48ed49294b4d18012ef2103d485fcc4a7,true,Formation has not been measured; legacy labels are not formation labels.,PENDING,PENDING,PENDING,PENDING,NOT_MEASURED
endpoint::deepseek8b:seq128:forward:639:out_ptr0,ENDPOINT_UNIT,,deepseek8b:seq128:forward:639:out_ptr0,deepseek8b,128,FORWARD,clone,TRITON,forward:graph0:clone_142,true,NORMAL_REFERENCE,NORMAL_REFERENCE_NO_COHERENT_F_B_CARRIER,,,hypothesis_matrix.json; math_proof_row_sha256=704d50b2f4aade823a05c8a7f2edf20940caebf8da7cbbed02e97a4c76f1e2c1,true,Formation has not been measured; legacy labels are not formation labels.,PENDING,PENDING,PENDING,PENDING,NOT_MEASURED
endpoint::deepseek8b:seq128:forward:63:out_ptr0,ENDPOINT_UNIT,,deepseek8b:seq128:forward:63:out_ptr0,deepseek8b,128,FORWARD,clone,TRITON,forward:graph0:clone_14,true,NORMAL_REFERENCE,NORMAL_REFERENCE_NO_COHERENT_F_B_CARRIER,,,hypothesis_matrix.json; math_proof_row_sha256=f2aa567178c9f41eb6c2ab70350345677edc94167f6f8f02beee29cedf137891,true,Formation has not been measured; legacy labels are not formation labels.,PENDING,PENDING,PENDING,PENDING,NOT_MEASURED
endpoint::deepseek8b:seq128:forward:64:output_0,ENDPOINT_UNIT,,deepseek8b:seq128:forward:64:output_0,deepseek8b,128,FORWARD,bmm,EXTERN,forward:graph0:bmm_6,true,NORMAL_REFERENCE,NORMAL_REFERENCE_NO_COHERENT_F_B_CARRIER,,,hypothesis_matrix.json; math_proof_row_sha256=c486b5b58a70ac5388cfe787c49a453b3279823c9a89183ea2bcdc366e2bf45d,true,Formation has not been measured; legacy labels are not formation labels.,PENDING,PENDING,PENDING,PENDING,NOT_MEASURED
endpoint::deepseek8b:seq128:forward:65:in_out_ptr0,ENDPOINT_UNIT,,deepseek8b:seq128:forward:65:in_out_ptr0,deepseek8b,128,FORWARD,add,TRITON,forward:graph0:add_36,true,NORMAL_REFERENCE,NORMAL_REFERENCE_NO_COHERENT_F_B_CARRIER,,,hypothesis_matrix.json; math_proof_row_sha256=7f762aa559633367b74276f84d47f4be7b94a43559e66e386e28f505cff7faaa,true,Formation has not been measured; legacy labels are not formation labels.,PENDING,PENDING,PENDING,PENDING,NOT_MEASURED
endpoint::deepseek8b:seq128:forward:70:in_out_ptr1,ENDPOINT_UNIT,,deepseek8b:seq128:forward:70:in_out_ptr1,deepseek8b,128,FORWARD,rsqrt,TRITON,forward:graph0:rsqrt_15,true,NORMAL_REFERENCE,NORMAL_REFERENCE_NO_COHERENT_F_B_CARRIER,,,hypothesis_matrix.json; math_proof_row_sha256=ba1c018bbe7fb8a366229120a4edc991b2c1c5cfd0ca2b12d67ac31cc43a1be1,true,Formation has not been measured; legacy labels are not formation labels.,PENDING,PENDING,PENDING,PENDING,NOT_MEASURED
endpoint::deepseek8b:seq128:forward:75:in_out_ptr1,ENDPOINT_UNIT,,deepseek8b:seq128:forward:75:in_out_ptr1,deepseek8b,128,FORWARD,rsqrt,TRITON,forward:graph0:rsqrt_16,true,NORMAL_REFERENCE,NORMAL_REFERENCE_NO_COHERENT_F_B_CARRIER,,,hypothesis_matrix.json; math_proof_row_sha256=b4138418bd45190b01d01439c8b586e09f1d0c9bb643b25fff70697be57720c2,true,Formation has not been measured; legacy labels are not formation labels.,PENDING,PENDING,PENDING,PENDING,NOT_MEASURED
endpoint::deepseek8b:seq128:forward:7:in_out_ptr1,ENDPOINT_UNIT,,deepseek8b:seq128:forward:7:in_out_ptr1,deepseek8b,128,FORWARD,add,TRITON,forward:graph0:add_5,true,NORMAL_REFERENCE,NORMAL_REFERENCE_NO_COHERENT_F_B_CARRIER,,,hypothesis_matrix.json; math_proof_row_sha256=ddf9f2a4acfa361421031828d333bc18c73d773e660ebd05b417cace1358a709,true,Formation has not been measured; legacy labels are not formation labels.,PENDING,PENDING,PENDING,PENDING,NOT_MEASURED
endpoint::deepseek8b:seq128:forward:81:out_ptr0,ENDPOINT_UNIT,,deepseek8b:seq128:forward:81:out_ptr0,deepseek8b,128,FORWARD,clone,TRITON,forward:graph0:clone_18,true,NORMAL_REFERENCE,NORMAL_REFERENCE_NO_COHERENT_F_B_CARRIER,,,hypothesis_matrix.json; math_proof_row_sha256=8cbad414463d87a4c39d6684364c725c41f09b28cab0438d8c2eb028c8e3e1a1,true,Formation has not been measured; legacy labels are not formation labels.,PENDING,PENDING,PENDING,PENDING,NOT_MEASURED
endpoint::deepseek8b:seq128:forward:82:output_0,ENDPOINT_UNIT,,deepseek8b:seq128:forward:82:output_0,deepseek8b,128,FORWARD,bmm,EXTERN,forward:graph0:bmm_8,true,NORMAL_REFERENCE,NORMAL_REFERENCE_NO_COHERENT_F_B_CARRIER,,,hypothesis_matrix.json; math_proof_row_sha256=6d660f6087e940cb584f10276e3f40b74ab0090a7c626ad8d6619dc3bfcfbf65,true,Formation has not been measured; legacy labels are not formation labels.,PENDING,PENDING,PENDING,PENDING,NOT_MEASURED
endpoint::deepseek8b:seq128:forward:83:in_out_ptr0,ENDPOINT_UNIT,,deepseek8b:seq128:forward:83:in_out_ptr0,deepseek8b,128,FORWARD,add,TRITON,forward:graph0:add_46,true,NORMAL_REFERENCE,NORMAL_REFERENCE_NO_COHERENT_F_B_CARRIER,,,hypothesis_matrix.json; math_proof_row_sha256=b2ce360b8bb3e1419a24e1554440080cec5a7bee6862aa1984780e3a2b80d0c8,true,Formation has not been measured; legacy labels are not formation labels.,PENDING,PENDING,PENDING,PENDING,NOT_MEASURED
endpoint::deepseek8b:seq128:forward:88:in_out_ptr1,ENDPOINT_UNIT,,deepseek8b:seq128:forward:88:in_out_ptr1,deepseek8b,128,FORWARD,rsqrt,TRITON,forward:graph0:rsqrt_19,true,NORMAL_REFERENCE,NORMAL_REFERENCE_NO_COHERENT_F_B_CARRIER,,,hypothesis_matrix.json; math_proof_row_sha256=fcd33c63301aa4095b33446366a5c087f905ff8e26bd6fe7b8162b6d43c9d87d,true,Formation has not been measured; legacy labels are not formation labels.,PENDING,PENDING,PENDING,PENDING,NOT_MEASURED
endpoint::deepseek8b:seq128:forward:93:in_out_ptr1,ENDPOINT_UNIT,,deepseek8b:seq128:forward:93:in_out_ptr1,deepseek8b,128,FORWARD,rsqrt,TRITON,forward:graph0:rsqrt_20,true,NORMAL_REFERENCE,NORMAL_REFERENCE_NO_COHERENT_F_B_CARRIER,,,hypothesis_matrix.json; math_proof_row_sha256=b96db0c830b395d61129b0fc718cdc891e90f3a5646c547351ff31b992ad1781,true,Formation has not been measured; legacy labels are not formation labels.,PENDING,PENDING,PENDING,PENDING,NOT_MEASURED
endpoint::deepseek8b:seq128:forward:9:out_ptr0,ENDPOINT_UNIT,,deepseek8b:seq128:forward:9:out_ptr0,deepseek8b,128,FORWARD,clone,TRITON,forward:graph0:clone_2,true,NORMAL_REFERENCE,NORMAL_REFERENCE_NO_COHERENT_F_B_CARRIER,,,hypothesis_matrix.json; math_proof_row_sha256=de9352f9ff5a6ac45b7e56d9805edeef062119e7359260d11ba3307b03060f6b,true,Formation has not been measured; legacy labels are not formation labels.,PENDING,PENDING,PENDING,PENDING,NOT_MEASURED
endpoint::deepseek8b:seq256:backward:1290:in_out_ptr0,ENDPOINT_UNIT,,deepseek8b:seq256:backward:1290:in_out_ptr0,deepseek8b,256,BACKWARD,mul,TRITON,backward:graph0:mul_1282,true,NORMAL_REFERENCE,NORMAL_REFERENCE_NO_LOCAL_DIRECTIONAL_DIFFERENCE,,,hypothesis_matrix.json; math_proof_row_sha256=d01ccc09a00e2a3edb0b184291370ef3f2d537e42ec0585f6243c57c14152138,true,Formation has not been measured; legacy labels are not formation labels.,PENDING,PENDING,PENDING,PENDING,NOT_MEASURED
endpoint::deepseek8b:seq256:backward:1359:output_0,ENDPOINT_UNIT,,deepseek8b:seq256:backward:1359:output_0,deepseek8b,256,BACKWARD,bmm,EXTERN,backward:graph0:bmm_148,true,NORMAL_REFERENCE,NORMAL_REFERENCE_NO_LOCAL_DIRECTIONAL_DIFFERENCE,,,hypothesis_matrix.json; math_proof_row_sha256=607bf2f46bdf1583d014537bb69c1d348816cfa5757c18704a2fd27ae39465c8,true,Formation has not been measured; legacy labels are not formation labels.,PENDING,PENDING,PENDING,PENDING,NOT_MEASURED
endpoint::deepseek8b:seq256:backward:1611:output_0,ENDPOINT_UNIT,,deepseek8b:seq256:backward:1611:output_0,deepseek8b,256,BACKWARD,bmm,EXTERN,backward:graph0:bmm_176,true,NORMAL_REFERENCE,NORMAL_REFERENCE_NO_LOCAL_DIRECTIONAL_DIFFERENCE,,,hypothesis_matrix.json; math_proof_row_sha256=aac813edf7132b497a21e7c8b7450766de69e965fcb050df51af68a35c500f68,true,Formation has not been measured; legacy labels are not formation labels.,PENDING,PENDING,PENDING,PENDING,NOT_MEASURED
endpoint::deepseek8b:seq256:backward:658:output_0,ENDPOINT_UNIT,,deepseek8b:seq256:backward:658:output_0,deepseek8b,256,BACKWARD,mm,EXTERN,backward:graph0:mm_253,true,NORMAL_REFERENCE,NORMAL_REFERENCE_NO_LOCAL_DIRECTIONAL_DIFFERENCE,,,hypothesis_matrix.json; math_proof_row_sha256=75a1740dcadaabf35409241e471a9d2fa550d2a9694340cc7664c94fe1437c84,true,Formation has not been measured; legacy labels are not formation labels.,PENDING,PENDING,PENDING,PENDING,NOT_MEASURED
endpoint::deepseek8b:seq256:backward:871:output_0,ENDPOINT_UNIT,,deepseek8b:seq256:backward:871:output_0,deepseek8b,256,BACKWARD,mm,EXTERN,backward:graph0:mm_338,true,COHERENT_F_B_BIAS,OBSERVED_T3_COHERENT_COMPLETE_CARRIER,,,hypothesis_matrix.json; math_proof_row_sha256=53bd10779fd051f27fdf9fcf60d929ae2ffd25cbd80a083db9b8a196e5e0687e,true,Formation has not been measured; legacy labels are not formation labels.,PENDING,PENDING,PENDING,PENDING,NOT_MEASURED
endpoint::deepseek8b:seq256:forward:0:in_out_ptr0,ENDPOINT_UNIT,,deepseek8b:seq256:forward:0:in_out_ptr0,deepseek8b,256,FORWARD,rsqrt,TRITON,forward:graph0:rsqrt,true,NORMAL_REFERENCE,NORMAL_REFERENCE_NO_CAUSAL_ENDPOINT_EFFECT,,,hypothesis_matrix.json; math_proof_row_sha256=d09b5d9f718bb8ebd620a9ca2c188b4348f32ad4c6f911316c4b4163f2a5661e,true,Formation has not been measured; legacy labels are not formation labels.,PENDING,PENDING,PENDING,PENDING,NOT_MEASURED
endpoint::deepseek8b:seq256:forward:100:output_0,ENDPOINT_UNIT,,deepseek8b:seq256:forward:100:output_0,deepseek8b,256,FORWARD,bmm,EXTERN,forward:graph0:bmm_10,true,NORMAL_REFERENCE,NORMAL_REFERENCE_NO_COHERENT_F_B_CARRIER,,,hypothesis_matrix.json; math_proof_row_sha256=5c16084a75599896038d0072d5b7db5500ad2460290e14d31528455cd7c1731a,true,Formation has not been measured; legacy labels are not formation labels.,PENDING,PENDING,PENDING,PENDING,NOT_MEASURED
endpoint::deepseek8b:seq256:forward:101:in_out_ptr0,ENDPOINT_UNIT,,deepseek8b:seq256:forward:101:in_out_ptr0,deepseek8b,256,FORWARD,add,TRITON,forward:graph0:add_56,true,NORMAL_REFERENCE,NORMAL_REFERENCE_NO_COHERENT_F_B_CARRIER,,,hypothesis_matrix.json; math_proof_row_sha256=cbc1bf8bdd6c7cacd1a18a5ee99f6c40fea4e1ec18045af5d1fe9923a5f7be7c,true,Formation has not been measured; legacy labels are not formation labels.,PENDING,PENDING,PENDING,PENDING,NOT_MEASURED
endpoint::deepseek8b:seq256:forward:106:in_out_ptr1,ENDPOINT_UNIT,,deepseek8b:seq256:forward:106:in_out_ptr1,deepseek8b,256,FORWARD,rsqrt,TRITON,forward:graph0:rsqrt_23,true,NORMAL_REFERENCE,NORMAL_REFERENCE_NO_COHERENT_F_B_CARRIER,,,hypothesis_matrix.json; math_proof_row_sha256=28b675a05b4565713ebe664ceb93183700c9a28938f17ada432ee342fbf0f954,true,Formation has not been measured; legacy labels are not formation labels.,PENDING,PENDING,PENDING,PENDING,NOT_MEASURED
endpoint::deepseek8b:seq256:forward:10:output_0,ENDPOINT_UNIT,,deepseek8b:seq256:forward:10:output_0,deepseek8b,256,FORWARD,bmm,EXTERN,forward:graph0:bmm,true,NORMAL_REFERENCE,NORMAL_REFERENCE_NO_COHERENT_F_B_CARRIER,,,hypothesis_matrix.json; math_proof_row_sha256=50ed046377e72f35200dcd1bd6f0548558d34b4d659f4b6739a879f8f6617724,true,Formation has not been measured; legacy labels are not formation labels.,PENDING,PENDING,PENDING,PENDING,NOT_MEASURED
endpoint::deepseek8b:seq256:forward:111:in_out_ptr1,ENDPOINT_UNIT,,deepseek8b:seq256:forward:111:in_out_ptr1,deepseek8b,256,FORWARD,rsqrt,TRITON,forward:graph0:rsqrt_24,true,NORMAL_REFERENCE,NORMAL_REFERENCE_NO_COHERENT_F_B_CARRIER,,,hypothesis_matrix.json; math_proof_row_sha256=b4e36c40bb774b150b541fd0685e50d7d28a95834a86516a568dc26eedf7acff,true,Formation has not been measured; legacy labels are not formation labels.,PENDING,PENDING,PENDING,PENDING,NOT_MEASURED
endpoint::deepseek8b:seq256:forward:117:out_ptr0,ENDPOINT_UNIT,,deepseek8b:seq256:forward:117:out_ptr0,deepseek8b,256,FORWARD,clone,TRITON,forward:graph0:clone_26,true,NORMAL_REFERENCE,NORMAL_REFERENCE_NO_COHERENT_F_B_CARRIER,,,hypothesis_matrix.json; math_proof_row_sha256=3b98fa8224fc6366595f7d40c863884a922fa3fd2b65c50bbd1d0414bff240c3,true,Formation has not been measured; legacy labels are not formation labels.,PENDING,PENDING,PENDING,PENDING,NOT_MEASURED
endpoint::deepseek8b:seq256:forward:118:output_0,ENDPOINT_UNIT,,deepseek8b:seq256:forward:118:output_0,deepseek8b,256,FORWARD,bmm,EXTERN,forward:graph0:bmm_12,true,NORMAL_REFERENCE,NORMAL_REFERENCE_NO_COHERENT_F_B_CARRIER,,,hypothesis_matrix.json; math_proof_row_sha256=26238b85a9c4f5c8bbcf504d0d1db3ed4ec3298f7e1f64f237a60e2ff0cee0fd,true,Formation has not been measured; legacy labels are not formation labels.,PENDING,PENDING,PENDING,PENDING,NOT_MEASURED
endpoint::deepseek8b:seq256:forward:119:in_out_ptr0,ENDPOINT_UNIT,,deepseek8b:seq256:forward:119:in_out_ptr0,deepseek8b,256,FORWARD,add,TRITON,forward:graph0:add_66,true,NORMAL_REFERENCE,NORMAL_REFERENCE_NO_COHERENT_F_B_CARRIER,,,hypothesis_matrix.json; math_proof_row_sha256=efd35bb4d6377e0f209bae07ff126bb2a7ee832edead15562efe46b6cc737d92,true,Formation has not been measured; legacy labels are not formation labels.,PENDING,PENDING,PENDING,PENDING,NOT_MEASURED
endpoint::deepseek8b:seq256:forward:11:in_out_ptr0,ENDPOINT_UNIT,,deepseek8b:seq256:forward:11:in_out_ptr0,deepseek8b,256,FORWARD,add,TRITON,forward:graph0:add_6,true,NORMAL_REFERENCE,NORMAL_REFERENCE_NO_COHERENT_F_B_CARRIER,,,hypothesis_matrix.json; math_proof_row_sha256=f917183f6f178644b1ae946f43ac68153ba90a55876ca72a8321e33230df7b2a,true,Formation has not been measured; legacy labels are not formation labels.,PENDING,PENDING,PENDING,PENDING,NOT_MEASURED
endpoint::deepseek8b:seq256:forward:129:in_out_ptr1,ENDPOINT_UNIT,,deepseek8b:seq256:forward:129:in_out_ptr1,deepseek8b,256,FORWARD,rsqrt,TRITON,forward:graph0:rsqrt_28,true,NORMAL_REFERENCE,NORMAL_REFERENCE_NO_COHERENT_F_B_CARRIER,,,hypothesis_matrix.json; math_proof_row_sha256=81c0ac42eb24dbf3a907150678af75e6fbdb5b35f5e4b54151d838e8dd1458b4,true,Formation has not been measured; legacy labels are not formation labels.,PENDING,PENDING,PENDING,PENDING,NOT_MEASURED
endpoint::deepseek8b:seq256:forward:131:out_ptr2,ENDPOINT_UNIT,,deepseek8b:seq256:forward:131:out_ptr2,deepseek8b,256,FORWARD,permute,TRITON,forward:graph0:permute_1493,true,NORMAL_REFERENCE,NORMAL_REFERENCE_NO_COHERENT_F_B_CARRIER,,,hypothesis_matrix.json; math_proof_row_sha256=2940162353f49184b1f3edd55814bd15b92b7e89b4f0781dea365f5ad1d558ae,true,Formation has not been measured; legacy labels are not formation labels.,PENDING,PENDING,PENDING,PENDING,NOT_MEASURED
endpoint::deepseek8b:seq256:forward:133:in_out_ptr1,ENDPOINT_UNIT,,deepseek8b:seq256:forward:133:in_out_ptr1,deepseek8b,256,FORWARD,add,TRITON,forward:graph0:add_75,true,NORMAL_REFERENCE,NORMAL_REFERENCE_NO_COHERENT_F_B_CARRIER,,,hypothesis_matrix.json; math_proof_row_sha256=ac6cdf9049bb960014c42a8d4f700add7825e3e8ba431fff66059bc3c558f002,true,Formation has not been measured; legacy labels are not formation labels.,PENDING,PENDING,PENDING,PENDING,NOT_MEASURED
endpoint::deepseek8b:seq256:forward:135:out_ptr0,ENDPOINT_UNIT,,deepseek8b:seq256:forward:135:out_ptr0,deepseek8b,256,FORWARD,clone,TRITON,forward:graph0:clone_30,true,NORMAL_REFERENCE,NORMAL_REFERENCE_NO_COHERENT_F_B_CARRIER,,,hypothesis_matrix.json; math_proof_row_sha256=3093f59d69722085ba6b8bd5a0ffacbefca474c4d88ef27a47afd7c8f1713957,true,Formation has not been measured; legacy labels are not formation labels.,PENDING,PENDING,PENDING,PENDING,NOT_MEASURED
endpoint::deepseek8b:seq256:forward:136:output_0,ENDPOINT_UNIT,,deepseek8b:seq256:forward:136:output_0,deepseek8b,256,FORWARD,bmm,EXTERN,forward:graph0:bmm_14,true,NORMAL_REFERENCE,NORMAL_REFERENCE_NO_COHERENT_F_B_CARRIER,,,hypothesis_matrix.json; math_proof_row_sha256=986370e25e126ec1e8b745e505961e7e4b9d1d06b210b69ea375926d10dcd43f,true,Formation has not been measured; legacy labels are not formation labels.,PENDING,PENDING,PENDING,PENDING,NOT_MEASURED
endpoint::deepseek8b:seq256:forward:137:in_out_ptr0,ENDPOINT_UNIT,,deepseek8b:seq256:forward:137:in_out_ptr0,deepseek8b,256,FORWARD,add,TRITON,forward:graph0:add_76,true,NORMAL_REFERENCE,NORMAL_REFERENCE_NO_COHERENT_F_B_CARRIER,,,hypothesis_matrix.json; math_proof_row_sha256=9aa976c35910273131b5fb6d56c88d2a53b23bcdcd15c0cfa4a68ff998875966,true,Formation has not been measured; legacy labels are not formation labels.,PENDING,PENDING,PENDING,PENDING,NOT_MEASURED
endpoint::deepseek8b:seq256:forward:142:in_out_ptr1,ENDPOINT_UNIT,,deepseek8b:seq256:forward:142:in_out_ptr1,deepseek8b,256,FORWARD,rsqrt,TRITON,forward:graph0:rsqrt_31,true,NORMAL_REFERENCE,NORMAL_REFERENCE_NO_COHERENT_F_B_CARRIER,,,hypothesis_matrix.json; math_proof_row_sha256=3b09bfeca14b304b80a4ebf6b2484ef265d439273ac3dd6f6920c0534807e080,true,Formation has not been measured; legacy labels are not formation labels.,PENDING,PENDING,PENDING,PENDING,NOT_MEASURED
endpoint::deepseek8b:seq256:forward:147:in_out_ptr1,ENDPOINT_UNIT,,deepseek8b:seq256:forward:147:in_out_ptr1,deepseek8b,256,FORWARD,rsqrt,TRITON,forward:graph0:rsqrt_32,true,NORMAL_REFERENCE,NORMAL_REFERENCE_NO_COHERENT_F_B_CARRIER,,,hypothesis_matrix.json; math_proof_row_sha256=c44b13da6dd64797c072a114b8f518678ba632e29785e8bfbc35186134f71c5b,true,Formation has not been measured; legacy labels are not formation labels.,PENDING,PENDING,PENDING,PENDING,NOT_MEASURED
endpoint::deepseek8b:seq256:forward:151:in_out_ptr0,ENDPOINT_UNIT,,deepseek8b:seq256:forward:151:in_out_ptr0,deepseek8b,256,FORWARD,rsqrt,TRITON,forward:graph0:rsqrt_34,true,NORMAL_REFERENCE,NORMAL_REFERENCE_NO_COHERENT_F_B_CARRIER,,,hypothesis_matrix.json; math_proof_row_sha256=d1aabc0b644a94f298c824029c2043f545ac0f83f8e825b4e896ce91eb027b58,true,Formation has not been measured; legacy labels are not formation labels.,PENDING,PENDING,PENDING,PENDING,NOT_MEASURED
endpoint::deepseek8b:seq256:forward:154:output_0,ENDPOINT_UNIT,,deepseek8b:seq256:forward:154:output_0,deepseek8b,256,FORWARD,bmm,EXTERN,forward:graph0:bmm_16,true,NORMAL_REFERENCE,NORMAL_REFERENCE_NO_COHERENT_F_B_CARRIER,,,hypothesis_matrix.json; math_proof_row_sha256=ce886c90a4709cc25903703a904554806e44764b1b177b00b3025158bedcccae,true,Formation has not been measured; legacy labels are not formation labels.,PENDING,PENDING,PENDING,PENDING,NOT_MEASURED
endpoint::deepseek8b:seq256:forward:155:in_out_ptr0,ENDPOINT_UNIT,,deepseek8b:seq256:forward:155:in_out_ptr0,deepseek8b,256,FORWARD,add,TRITON,forward:graph0:add_86,true,NORMAL_REFERENCE,NORMAL_REFERENCE_NO_COHERENT_F_B_CARRIER,,,hypothesis_matrix.json; math_proof_row_sha256=8e4d204d3ee748b62db35842a8731d12c80606dde6071b82fbcbc7a17a0f830f,true,Formation has not been measured; legacy labels are not formation labels.,PENDING,PENDING,PENDING,PENDING,NOT_MEASURED
endpoint::deepseek8b:seq256:forward:159:output_0,ENDPOINT_UNIT,,deepseek8b:seq256:forward:159:output_0,deepseek8b,256,FORWARD,mm,EXTERN,forward:graph0:mm_59,true,NORMAL_REFERENCE,NORMAL_REFERENCE_NO_COHERENT_F_B_CARRIER,,,hypothesis_matrix.json; math_proof_row_sha256=c25f662ccfa95a4a4837a2e4d42fe3fab0b2a5041df009fb74b64b4518707e5a,true,Formation has not been measured; legacy labels are not formation labels.,PENDING,PENDING,PENDING,PENDING,NOT_MEASURED
endpoint::deepseek8b:seq256:forward:160:in_out_ptr1,ENDPOINT_UNIT,,deepseek8b:seq256:forward:160:in_out_ptr1,deepseek8b,256,FORWARD,rsqrt,TRITON,forward:graph0:rsqrt_35,true,NORMAL_REFERENCE,NORMAL_REFERENCE_NO_COHERENT_F_B_CARRIER,,,hypothesis_matrix.json; math_proof_row_sha256=93b5193e1761993ca4f6e877febe2f0980cd3606bdb8a9bba11d69623af7ca52,true,Formation has not been measured; legacy labels are not formation labels.,PENDING,PENDING,PENDING,PENDING,NOT_MEASURED
endpoint::deepseek8b:seq256:forward:161:output_0,ENDPOINT_UNIT,,deepseek8b:seq256:forward:161:output_0,deepseek8b,256,FORWARD,mm,EXTERN,forward:graph0:mm_60,true,NORMAL_REFERENCE,NORMAL_REFERENCE_NO_COHERENT_F_B_CARRIER,,,hypothesis_matrix.json; math_proof_row_sha256=627c5c08ab376cc3986a02b61abfdaa4423cc134ea0b543835561c3d05a4372c,true,Formation has not been measured; legacy labels are not formation labels.,PENDING,PENDING,PENDING,PENDING,NOT_MEASURED
endpoint::deepseek8b:seq256:forward:162:output_0,ENDPOINT_UNIT,,deepseek8b:seq256:forward:162:output_0,deepseek8b,256,FORWARD,mm,EXTERN,forward:graph0:mm_61,true,NORMAL_REFERENCE,NORMAL_REFERENCE_NO_COHERENT_F_B_CARRIER,,,hypothesis_matrix.json; math_proof_row_sha256=5a9354f859dc8aaf23dd7e2fb8168f27ff26892e6145e85d8a73e54e091e88cb,true,Formation has not been measured; legacy labels are not formation labels.,PENDING,PENDING,PENDING,PENDING,NOT_MEASURED
endpoint::deepseek8b:seq256:forward:165:in_out_ptr1,ENDPOINT_UNIT,,deepseek8b:seq256:forward:165:in_out_ptr1,deepseek8b,256,FORWARD,rsqrt,TRITON,forward:graph0:rsqrt_36,true,NORMAL_REFERENCE,NORMAL_REFERENCE_NO_COHERENT_F_B_CARRIER,,,hypothesis_matrix.json; math_proof_row_sha256=2c3a23271a624db65a2402070bad18fe40c4b86841afca97b5fcece1399fa1e1,true,Formation has not been measured; legacy labels are not formation labels.,PENDING,PENDING,PENDING,PENDING,NOT_MEASURED
endpoint::deepseek8b:seq256:forward:166:output_0,ENDPOINT_UNIT,,deepseek8b:seq256:forward:166:output_0,deepseek8b,256,FORWARD,mm,EXTERN,forward:graph0:mm_63,true,NORMAL_REFERENCE,NORMAL_REFERENCE_NO_COHERENT_F_B_CARRIER,,,hypothesis_matrix.json; math_proof_row_sha256=39636cff12c8b6d607bce623ac36c7c57045fa21990ab6585ab6cd2ade80e2ea,true,Formation has not been measured; legacy labels are not formation labels.,PENDING,PENDING,PENDING,PENDING,NOT_MEASURED
endpoint::deepseek8b:seq256:forward:167:in_out_ptr0,ENDPOINT_UNIT,,deepseek8b:seq256:forward:167:in_out_ptr0,deepseek8b,256,FORWARD,rsqrt,TRITON,forward:graph0:rsqrt_37,true,NORMAL_REFERENCE,NORMAL_REFERENCE_NO_COHERENT_F_B_CARRIER,,,hypothesis_matrix.json; math_proof_row_sha256=091dd7c96dc1d351698837f71a0492c6e12b355fe8b5404f9b4c00fca8153c6f,true,Formation has not been measured; legacy labels are not formation labels.,PENDING,PENDING,PENDING,PENDING,NOT_MEASURED
endpoint::deepseek8b:seq256:forward:167:out_ptr2,ENDPOINT_UNIT,,deepseek8b:seq256:forward:167:out_ptr2,deepseek8b,256,FORWARD,permute,TRITON,forward:graph0:permute_1419,true,NORMAL_REFERENCE,NORMAL_REFERENCE_NO_COHERENT_F_B_CARRIER,,,hypothesis_matrix.json; math_proof_row_sha256=4c48d03abb6a16ae7ad5207b7a409c248e5ca3a7af9d3cf097023015654a5c0f,true,Formation has not been measured; legacy labels are not formation labels.,PENDING,PENDING,PENDING,PENDING,NOT_MEASURED
endpoint::deepseek8b:seq256:forward:168:output_0,ENDPOINT_UNIT,,deepseek8b:seq256:forward:168:output_0,deepseek8b,256,FORWARD,mm,EXTERN,forward:graph0:mm_64,true,NORMAL_REFERENCE,NORMAL_REFERENCE_NO_COHERENT_F_B_CARRIER,,,hypothesis_matrix.json; math_proof_row_sha256=01cfb37af00ba220a920fba6f1b870c34ed45c33e219150715008326428a5b58,true,Formation has not been measured; legacy labels are not formation labels.,PENDING,PENDING,PENDING,PENDING,NOT_MEASURED
endpoint::deepseek8b:seq256:forward:169:in_out_ptr0,ENDPOINT_UNIT,,deepseek8b:seq256:forward:169:in_out_ptr0,deepseek8b,256,FORWARD,rsqrt,TRITON,forward:graph0:rsqrt_38,true,NORMAL_REFERENCE,NORMAL_REFERENCE_NO_COHERENT_F_B_CARRIER,,,hypothesis_matrix.json; math_proof_row_sha256=8b18c71c18e3e345e9ce0f7d889d45800fe44262694bf8e334980d045345d7da,true,Formation has not been measured; legacy labels are not formation labels.,PENDING,PENDING,PENDING,PENDING,NOT_MEASURED
endpoint::deepseek8b:seq256:forward:16:in_out_ptr0,ENDPOINT_UNIT,,deepseek8b:seq256:forward:16:in_out_ptr0,deepseek8b,256,FORWARD,rsqrt,TRITON,forward:graph0:rsqrt_3,true,NORMAL_REFERENCE,NORMAL_REFERENCE_NO_COHERENT_F_B_CARRIER,,,hypothesis_matrix.json; math_proof_row_sha256=27f208c4499d31e9def5a8b4fb2175aa841ba970cbc2903276af20bc9a5ae2c9,true,Formation has not been measured; legacy labels are not formation labels.,PENDING,PENDING,PENDING,PENDING,NOT_MEASURED
endpoint::deepseek8b:seq256:forward:170:output_0,ENDPOINT_UNIT,,deepseek8b:seq256:forward:170:output_0,deepseek8b,256,FORWARD,mm,EXTERN,forward:graph0:mm_65,true,NORMAL_REFERENCE,NORMAL_REFERENCE_NO_COHERENT_F_B_CARRIER,,,hypothesis_matrix.json; math_proof_row_sha256=8dac9494754a73eea7097f8bcab488327fea19348ed6810f5bef734604771ffe,true,Formation has not been measured; legacy labels are not formation labels.,PENDING,PENDING,PENDING,PENDING,NOT_MEASURED
endpoint::deepseek8b:seq256:forward:172:output_0,ENDPOINT_UNIT,,deepseek8b:seq256:forward:172:output_0,deepseek8b,256,FORWARD,bmm,EXTERN,forward:graph0:bmm_18,true,NORMAL_REFERENCE,NORMAL_REFERENCE_NO_COHERENT_F_B_CARRIER,,,hypothesis_matrix.json; math_proof_row_sha256=f8da71b498c7f362da64bcb914600e0de6b6d0f41eefdb13a537e7bdd2ee4cf7,true,Formation has not been measured; legacy labels are not formation labels.,PENDING,PENDING,PENDING,PENDING,NOT_MEASURED
endpoint::deepseek8b:seq256:forward:173:in_out_ptr0,ENDPOINT_UNIT,,deepseek8b:seq256:forward:173:in_out_ptr0,deepseek8b,256,FORWARD,add,TRITON,forward:graph0:add_96,true,NORMAL_REFERENCE,NORMAL_REFERENCE_NO_COHERENT_F_B_CARRIER,,,hypothesis_matrix.json; math_proof_row_sha256=a0091ebda3e0e8bc25c947124cded9a345ced468911723cb4170557139c6efe3,true,Formation has not been measured; legacy labels are not formation labels.,PENDING,PENDING,PENDING,PENDING,NOT_MEASURED
endpoint::deepseek8b:seq256:forward:175:output_0,ENDPOINT_UNIT,,deepseek8b:seq256:forward:175:output_0,deepseek8b,256,FORWARD,bmm,EXTERN,forward:graph0:bmm_19,true,NORMAL_REFERENCE,NORMAL_REFERENCE_NO_COHERENT_F_B_CARRIER,,,hypothesis_matrix.json; math_proof_row_sha256=e572f2096ba2f982da1860b7d97a9b65bac9b03b4d86e5d8a5004ae4d6ba09f7,true,Formation has not been measured; legacy labels are not formation labels.,PENDING,PENDING,PENDING,PENDING,NOT_MEASURED
endpoint::deepseek8b:seq256:forward:177:output_0,ENDPOINT_UNIT,,deepseek8b:seq256:forward:177:output_0,deepseek8b,256,FORWARD,mm,EXTERN,forward:graph0:mm_66,true,NORMAL_REFERENCE,NORMAL_REFERENCE_NO_COHERENT_F_B_CARRIER,,,hypothesis_matrix.json; math_proof_row_sha256=6e6e86257a32c43b6de1c93348b5519784171b56db2d4a0a30d3300da02cb7de,true,Formation has not been measured; legacy labels are not formation labels.,PENDING,PENDING,PENDING,PENDING,NOT_MEASURED
endpoint::deepseek8b:seq256:forward:178:in_out_ptr1,ENDPOINT_UNIT,,deepseek8b:seq256:forward:178:in_out_ptr1,deepseek8b,256,FORWARD,rsqrt,TRITON,forward:graph0:rsqrt_39,true,NORMAL_REFERENCE,NORMAL_REFERENCE_NO_COHERENT_F_B_CARRIER,,,hypothesis_matrix.json; math_proof_row_sha256=04d5530ae211b0f648bfdfa890e6e5d9ca358ce924f058813eba9539bac43c3c,true,Formation has not been measured; legacy labels are not formation labels.,PENDING,PENDING,PENDING,PENDING,NOT_MEASURED
endpoint::deepseek8b:seq256:forward:187:in_out_ptr1,ENDPOINT_UNIT,,deepseek8b:seq256:forward:187:in_out_ptr1,deepseek8b,256,FORWARD,add,TRITON,forward:graph0:add_105,true,NORMAL_REFERENCE,NORMAL_REFERENCE_NO_COHERENT_F_B_CARRIER,,,hypothesis_matrix.json; math_proof_row_sha256=6bce5f61f384cf9e72092aa169b6f1acc4e7f5a791d54589511e6ba87b165760,true,Formation has not been measured; legacy labels are not formation labels.,PENDING,PENDING,PENDING,PENDING,NOT_MEASURED
endpoint::deepseek8b:seq256:forward:190:output_0,ENDPOINT_UNIT,,deepseek8b:seq256:forward:190:output_0,deepseek8b,256,FORWARD,bmm,EXTERN,forward:graph0:bmm_20,true,NORMAL_REFERENCE,NORMAL_REFERENCE_NO_COHERENT_F_B_CARRIER,,,hypothesis_matrix.json; math_proof_row_sha256=18937e4608776fcbe6035dec7c5b49f3e75b9c90291761c2e56061a5501ef675,true,Formation has not been measured; legacy labels are not formation labels.,PENDING,PENDING,PENDING,PENDING,NOT_MEASURED
endpoint::deepseek8b:seq256:forward:191:in_out_ptr0,ENDPOINT_UNIT,,deepseek8b:seq256:forward:191:in_out_ptr0,deepseek8b,256,FORWARD,add,TRITON,forward:graph0:add_106,true,NORMAL_REFERENCE,NORMAL_REFERENCE_NO_COHERENT_F_B_CARRIER,,,hypothesis_matrix.json; math_proof_row_sha256=da73a3ec074339f61a9c00958118ca5b6a98aca240307475d7612f49426b89f8,true,Formation has not been measured; legacy labels are not formation labels.,PENDING,PENDING,PENDING,PENDING,NOT_MEASURED
endpoint::deepseek8b:seq256:forward:193:output_0,ENDPOINT_UNIT,,deepseek8b:seq256:forward:193:output_0,deepseek8b,256,FORWARD,bmm,EXTERN,forward:graph0:bmm_21,true,NORMAL_REFERENCE,NORMAL_REFERENCE_NO_COHERENT_F_B_CARRIER,,,hypothesis_matrix.json; math_proof_row_sha256=52eeb3a21d66edec32f06b6c98f0998dcce095e1acc5f9501b6b1c212afbd928,true,Formation has not been measured; legacy labels are not formation labels.,PENDING,PENDING,PENDING,PENDING,NOT_MEASURED
endpoint::deepseek8b:seq256:forward:196:in_out_ptr1,ENDPOINT_UNIT,,deepseek8b:seq256:forward:196:in_out_ptr1,deepseek8b,256,FORWARD,rsqrt,TRITON,forward:graph0:rsqrt_43,true,NORMAL_REFERENCE,NORMAL_REFERENCE_NO_LOCAL_DIRECTIONAL_DIFFERENCE,,,hypothesis_matrix.json; math_proof_row_sha256=ce5daa1f4a8027610671780e78d9634eb7401906135a791ffcfc62868d2a7f40,true,Formation has not been measured; legacy labels are not formation labels.,PENDING,PENDING,PENDING,PENDING,NOT_MEASURED
endpoint::deepseek8b:seq256:forward:201:in_out_ptr1,ENDPOINT_UNIT,,deepseek8b:seq256:forward:201:in_out_ptr1,deepseek8b,256,FORWARD,rsqrt,TRITON,forward:graph0:rsqrt_44,true,NORMAL_REFERENCE,NORMAL_REFERENCE_NO_LOCAL_DIRECTIONAL_DIFFERENCE,,,hypothesis_matrix.json; math_proof_row_sha256=e8c9f8d1128b724ea02bfef9d92f48f882f70abf54983c93729fe81bdb3bfeb5,true,Formation has not been measured; legacy labels are not formation labels.,PENDING,PENDING,PENDING,PENDING,NOT_MEASURED
endpoint::deepseek8b:seq256:forward:203:out_ptr2,ENDPOINT_UNIT,,deepseek8b:seq256:forward:203:out_ptr2,deepseek8b,256,FORWARD,permute,TRITON,forward:graph0:permute_1345,true,NORMAL_REFERENCE,NORMAL_REFERENCE_NO_COHERENT_F_B_CARRIER,,,hypothesis_matrix.json; math_proof_row_sha256=3c6a8bca3faf5cd244c50ddf226dc06c047da89728810ed44feb72265db2d6a4,true,Formation has not been measured; legacy labels are not formation labels.,PENDING,PENDING,PENDING,PENDING,NOT_MEASURED
endpoint::deepseek8b:seq256:forward:208:output_0,ENDPOINT_UNIT,,deepseek8b:seq256:forward:208:output_0,deepseek8b,256,FORWARD,bmm,EXTERN,forward:graph0:bmm_22,true,NORMAL_REFERENCE,NORMAL_REFERENCE_NO_COHERENT_F_B_CARRIER,,,hypothesis_matrix.json; math_proof_row_sha256=4ee9f87fa63c1866917c82d30a3b2484b7dfbb3542c108bba60a93f9cb9c2c48,true,Formation has not been measured; legacy labels are not formation labels.,PENDING,PENDING,PENDING,PENDING,NOT_MEASURED
endpoint::deepseek8b:seq256:forward:209:in_out_ptr0,ENDPOINT_UNIT,,deepseek8b:seq256:forward:209:in_out_ptr0,deepseek8b,256,FORWARD,add,TRITON,forward:graph0:add_116,true,NORMAL_REFERENCE,NORMAL_REFERENCE_NO_COHERENT_F_B_CARRIER,,,hypothesis_matrix.json; math_proof_row_sha256=18e2ce63a7cd1c612e6396ef26c62fe319228c1d1ec645365f719d625430c3ec,true,Formation has not been measured; legacy labels are not formation labels.,PENDING,PENDING,PENDING,PENDING,NOT_MEASURED
endpoint::deepseek8b:seq256:forward:211:output_0,ENDPOINT_UNIT,,deepseek8b:seq256:forward:211:output_0,deepseek8b,256,FORWARD,bmm,EXTERN,forward:graph0:bmm_23,true,NORMAL_REFERENCE,NORMAL_REFERENCE_NO_COHERENT_F_B_CARRIER,,,hypothesis_matrix.json; math_proof_row_sha256=e865c1bc718c912dd04f8e3ee335f0a7a972822caed81d5c23c6040fa228f5af,true,Formation has not been measured; legacy labels are not formation labels.,PENDING,PENDING,PENDING,PENDING,NOT_MEASURED
endpoint::deepseek8b:seq256:forward:212:out_ptr0,ENDPOINT_UNIT,,deepseek8b:seq256:forward:212:out_ptr0,deepseek8b,256,FORWARD,clone,TRITON,forward:graph0:clone_49,true,NORMAL_REFERENCE,NORMAL_REFERENCE_NO_COHERENT_F_B_CARRIER,,,hypothesis_matrix.json; math_proof_row_sha256=f0d804f5f90340041475358c1a2322386fe77a8a0c89e734b2588580c259b90e,true,Formation has not been measured; legacy labels are not formation labels.,PENDING,PENDING,PENDING,PENDING,NOT_MEASURED
endpoint::deepseek8b:seq256:forward:213:output_0,ENDPOINT_UNIT,,deepseek8b:seq256:forward:213:output_0,deepseek8b,256,FORWARD,mm,EXTERN,forward:graph0:mm_80,true,NORMAL_REFERENCE,NORMAL_REFERENCE_NO_COHERENT_F_B_CARRIER,,,hypothesis_matrix.json; math_proof_row_sha256=ed4aacf8f772e526f20f38265959ea558ba4acba108e0f31985f2263f028fec5,true,Formation has not been measured; legacy labels are not formation labels.,PENDING,PENDING,PENDING,PENDING,NOT_MEASURED
endpoint::deepseek8b:seq256:forward:219:in_out_ptr1,ENDPOINT_UNIT,,deepseek8b:seq256:forward:219:in_out_ptr1,deepseek8b,256,FORWARD,rsqrt,TRITON,forward:graph0:rsqrt_48,true,NORMAL_REFERENCE,NORMAL_REFERENCE_NO_COHERENT_F_B_CARRIER,,,hypothesis_matrix.json; math_proof_row_sha256=81d9ce74c6308a2801f37886d7d6b3f711a5d6bc8fcd4def287c63d6551c18c7,true,Formation has not been measured; legacy labels are not formation labels.,PENDING,PENDING,PENDING,PENDING,NOT_MEASURED
endpoint::deepseek8b:seq256:forward:21:in_out_ptr1,ENDPOINT_UNIT,,deepseek8b:seq256:forward:21:in_out_ptr1,deepseek8b,256,FORWARD,rsqrt,TRITON,forward:graph0:rsqrt_4,true,NORMAL_REFERENCE,NORMAL_REFERENCE_NO_COHERENT_F_B_CARRIER,,,hypothesis_matrix.json; math_proof_row_sha256=e3235dade32160e849b79e8dfc94e53cd1a53d0a93b62b7e4529f92b467e6681,true,Formation has not been measured; legacy labels are not formation labels.,PENDING,PENDING,PENDING,PENDING,NOT_MEASURED
endpoint::deepseek8b:seq256:forward:226:output_0,ENDPOINT_UNIT,,deepseek8b:seq256:forward:226:output_0,deepseek8b,256,FORWARD,bmm,EXTERN,forward:graph0:bmm_24,true,NORMAL_REFERENCE,NORMAL_REFERENCE_NO_COHERENT_F_B_CARRIER,,,hypothesis_matrix.json; math_proof_row_sha256=b9e60363e974bc9e33f67f6385c9da057ce8874795bc66deac75f19d0eef421c,true,Formation has not been measured; legacy labels are not formation labels.,PENDING,PENDING,PENDING,PENDING,NOT_MEASURED
endpoint::deepseek8b:seq256:forward:227:in_out_ptr0,ENDPOINT_UNIT,,deepseek8b:seq256:forward:227:in_out_ptr0,deepseek8b,256,FORWARD,add,TRITON,forward:graph0:add_126,true,NORMAL_REFERENCE,NORMAL_REFERENCE_NO_COHERENT_F_B_CARRIER,,,hypothesis_matrix.json; math_proof_row_sha256=479fd1102ddb4e69ef8f4408fcf44027f2e8a463849dfe884b8ab20b5e2e344d,true,Formation has not been measured; legacy labels are not formation labels.,PENDING,PENDING,PENDING,PENDING,NOT_MEASURED
endpoint::deepseek8b:seq256:forward:22:output_0,ENDPOINT_UNIT,,deepseek8b:seq256:forward:22:output_0,deepseek8b,256,FORWARD,mm,EXTERN,forward:graph0:mm_7,true,NORMAL_REFERENCE,NORMAL_REFERENCE_NO_COHERENT_F_B_CARRIER,,,hypothesis_matrix.json; math_proof_row_sha256=05bbc0dcc7719b993cbf77abfb88f07714bb6c8c5d2828f5a75ceeb8c40079fe,true,Formation has not been measured; legacy labels are not formation labels.,PENDING,PENDING,PENDING,PENDING,NOT_MEASURED
endpoint::deepseek8b:seq256:forward:232:in_out_ptr1,ENDPOINT_UNIT,,deepseek8b:seq256:forward:232:in_out_ptr1,deepseek8b,256,FORWARD,rsqrt,TRITON,forward:graph0:rsqrt_51,true,NORMAL_REFERENCE,NORMAL_REFERENCE_NO_COHERENT_F_B_CARRIER,,,hypothesis_matrix.json; math_proof_row_sha256=80e01c69eadf145199d16d90b43da8729d571d647f1035a8f4c8b53a127b499e,true,Formation has not been measured; legacy labels are not formation labels.,PENDING,PENDING,PENDING,PENDING,NOT_MEASURED
endpoint::deepseek8b:seq256:forward:23:out_ptr2,ENDPOINT_UNIT,,deepseek8b:seq256:forward:23:out_ptr2,deepseek8b,256,FORWARD,permute,TRITON,forward:graph0:permute_1715,true,NORMAL_REFERENCE,NORMAL_REFERENCE_NO_COHERENT_F_B_CARRIER,,,hypothesis_matrix.json; math_proof_row_sha256=5997bef1466ff9d5d8718094253a31f50474b5016f04caad69f4d31de11eb86e,true,Formation has not been measured; legacy labels are not formation labels.,PENDING,PENDING,PENDING,PENDING,NOT_MEASURED
endpoint::deepseek8b:seq256:forward:244:output_0,ENDPOINT_UNIT,,deepseek8b:seq256:forward:244:output_0,deepseek8b,256,FORWARD,bmm,EXTERN,forward:graph0:bmm_26,true,NORMAL_REFERENCE,NORMAL_REFERENCE_NO_COHERENT_F_B_CARRIER,,,hypothesis_matrix.json; math_proof_row_sha256=095d08df1105c2c4d40f669f6ab0ba09f09890529b8a1078aeae156c7a0f0b7d,true,Formation has not been measured; legacy labels are not formation labels.,PENDING,PENDING,PENDING,PENDING,NOT_MEASURED
endpoint::deepseek8b:seq256:forward:245:in_out_ptr0,ENDPOINT_UNIT,,deepseek8b:seq256:forward:245:in_out_ptr0,deepseek8b,256,FORWARD,add,TRITON,forward:graph0:add_136,true,NORMAL_REFERENCE,NORMAL_REFERENCE_NO_COHERENT_F_B_CARRIER,,,hypothesis_matrix.json; math_proof_row_sha256=3f0a5527b3ed69e7489c056936dbb8cd2cbbe6f227377e7062cee58bce84f5b1,true,Formation has not been measured; legacy labels are not formation labels.,PENDING,PENDING,PENDING,PENDING,NOT_MEASURED
endpoint::deepseek8b:seq256:forward:25:in_out_ptr1,ENDPOINT_UNIT,,deepseek8b:seq256:forward:25:in_out_ptr1,deepseek8b,256,FORWARD,add,TRITON,forward:graph0:add_15,true,NORMAL_REFERENCE,NORMAL_REFERENCE_NO_COHERENT_F_B_CARRIER,,,hypothesis_matrix.json; math_proof_row_sha256=9cb9105dca28e671b7b264493c3d915135274cd6ddd5ca22d454f986523a3899,true,Formation has not been measured; legacy labels are not formation labels.,PENDING,PENDING,PENDING,PENDING,NOT_MEASURED
endpoint::deepseek8b:seq256:forward:268:in_out_ptr1,ENDPOINT_UNIT,,deepseek8b:seq256:forward:268:in_out_ptr1,deepseek8b,256,FORWARD,rsqrt,TRITON,forward:graph0:rsqrt_59,true,NORMAL_REFERENCE,NORMAL_REFERENCE_NO_COHERENT_F_B_CARRIER,,,hypothesis_matrix.json; math_proof_row_sha256=37260315775f7da47160a2fcb68f984b7e53fa4fd267d5e589e53b36fda643f3,true,Formation has not been measured; legacy labels are not formation labels.,PENDING,PENDING,PENDING,PENDING,NOT_MEASURED
endpoint::deepseek8b:seq256:forward:27:out_ptr0,ENDPOINT_UNIT,,deepseek8b:seq256:forward:27:out_ptr0,deepseek8b,256,FORWARD,clone,TRITON,forward:graph0:clone_6,true,NORMAL_REFERENCE,NORMAL_REFERENCE_NO_COHERENT_F_B_CARRIER,,,hypothesis_matrix.json; math_proof_row_sha256=adde475c5dd35b17786a235cc68d37c89677d70b71c38fdb8d2e62bd55cc47cf,true,Formation has not been measured; legacy labels are not formation labels.,PENDING,PENDING,PENDING,PENDING,NOT_MEASURED
endpoint::deepseek8b:seq256:forward:280:output_0,ENDPOINT_UNIT,,deepseek8b:seq256:forward:280:output_0,deepseek8b,256,FORWARD,bmm,EXTERN,forward:graph0:bmm_30,true,NORMAL_REFERENCE,NORMAL_REFERENCE_NO_COHERENT_F_B_CARRIER,,,hypothesis_matrix.json; math_proof_row_sha256=657607b79b228f73db50544d348e3d7670a2a8148899933205cc73ff8d8c8a1d,true,Formation has not been measured; legacy labels are not formation labels.,PENDING,PENDING,PENDING,PENDING,NOT_MEASURED
endpoint::deepseek8b:seq256:forward:281:in_out_ptr0,ENDPOINT_UNIT,,deepseek8b:seq256:forward:281:in_out_ptr0,deepseek8b,256,FORWARD,add,TRITON,forward:graph0:add_156,true,NORMAL_REFERENCE,NORMAL_REFERENCE_NO_COHERENT_F_B_CARRIER,,,hypothesis_matrix.json; math_proof_row_sha256=f2f64c13762167953eb601700e55bbc684963818d1cb2e7e1c7a9a9984e1aae1,true,Formation has not been measured; legacy labels are not formation labels.,PENDING,PENDING,PENDING,PENDING,NOT_MEASURED
endpoint::deepseek8b:seq256:forward:28:output_0,ENDPOINT_UNIT,,deepseek8b:seq256:forward:28:output_0,deepseek8b,256,FORWARD,bmm,EXTERN,forward:graph0:bmm_2,true,NORMAL_REFERENCE,NORMAL_REFERENCE_NO_COHERENT_F_B_CARRIER,,,hypothesis_matrix.json; math_proof_row_sha256=27fa6ebdf1d39cca48407e9ce82a603dabefac4b5e3fe8dbc9a02e642bd049eb,true,Formation has not been measured; legacy labels are not formation labels.,PENDING,PENDING,PENDING,PENDING,NOT_MEASURED
endpoint::deepseek8b:seq256:forward:29:in_out_ptr0,ENDPOINT_UNIT,,deepseek8b:seq256:forward:29:in_out_ptr0,deepseek8b,256,FORWARD,add,TRITON,forward:graph0:add_16,true,NORMAL_REFERENCE,NORMAL_REFERENCE_NO_COHERENT_F_B_CARRIER,,,hypothesis_matrix.json; math_proof_row_sha256=a79774246628f4dd61fd4071790de0155f47c233dfd1faafc62563ca103ea736,true,Formation has not been measured; legacy labels are not formation labels.,PENDING,PENDING,PENDING,PENDING,NOT_MEASURED
endpoint::deepseek8b:seq256:forward:316:output_0,ENDPOINT_UNIT,,deepseek8b:seq256:forward:316:output_0,deepseek8b,256,FORWARD,bmm,EXTERN,forward:graph0:bmm_34,true,NORMAL_REFERENCE,NORMAL_REFERENCE_NO_COHERENT_F_B_CARRIER,,,hypothesis_matrix.json; math_proof_row_sha256=29958339bdd5611920a1bb00977154b295b0a04c2ad171672a46b06b86728a06,true,Formation has not been measured; legacy labels are not formation labels.,PENDING,PENDING,PENDING,PENDING,NOT_MEASURED
endpoint::deepseek8b:seq256:forward:317:in_out_ptr0,ENDPOINT_UNIT,,deepseek8b:seq256:forward:317:in_out_ptr0,deepseek8b,256,FORWARD,add,TRITON,forward:graph0:add_176,true,COHERENT_F_B_BIAS,OBSERVED_T3_COHERENT_COMPLETE_CARRIER,,,hypothesis_matrix.json; math_proof_row_sha256=19df4751580614ef9a17c95a963f86e37f35f0e546479b7bcadcb7db3f604c35,true,Formation has not been measured; legacy labels are not formation labels.,PENDING,PENDING,PENDING,PENDING,NOT_MEASURED
endpoint::deepseek8b:seq256:forward:334:output_0,ENDPOINT_UNIT,,deepseek8b:seq256:forward:334:output_0,deepseek8b,256,FORWARD,bmm,EXTERN,forward:graph0:bmm_36,true,NORMAL_REFERENCE,NORMAL_REFERENCE_NO_COHERENT_F_B_CARRIER,,,hypothesis_matrix.json; math_proof_row_sha256=9b68b035d4bbd37b4e2041afe656025f5b6c3eec030ac5fef7c6ffb2aec74323,true,Formation has not been measured; legacy labels are not formation labels.,PENDING,PENDING,PENDING,PENDING,NOT_MEASURED
endpoint::deepseek8b:seq256:forward:347:in_out_ptr0,ENDPOINT_UNIT,,deepseek8b:seq256:forward:347:in_out_ptr0,deepseek8b,256,FORWARD,rsqrt,TRITON,forward:graph0:rsqrt_77,true,NORMAL_REFERENCE,NORMAL_REFERENCE_NO_COHERENT_F_B_CARRIER,,,hypothesis_matrix.json; math_proof_row_sha256=d505026687074e9cc5308d6d39b3b675c9dbc28d58b38e617cd022c5a470175c,true,Formation has not been measured; legacy labels are not formation labels.,PENDING,PENDING,PENDING,PENDING,NOT_MEASURED
endpoint::deepseek8b:seq256:forward:34:in_out_ptr1,ENDPOINT_UNIT,,deepseek8b:seq256:forward:34:in_out_ptr1,deepseek8b,256,FORWARD,rsqrt,TRITON,forward:graph0:rsqrt_7,true,NORMAL_REFERENCE,NORMAL_REFERENCE_NO_COHERENT_F_B_CARRIER,,,hypothesis_matrix.json; math_proof_row_sha256=0339cd854920aca02c087c8bc77e7e3c0e3693444793a6bf3b507038cb02a96b,true,Formation has not been measured; legacy labels are not formation labels.,PENDING,PENDING,PENDING,PENDING,NOT_MEASURED
endpoint::deepseek8b:seq256:forward:352:output_0,ENDPOINT_UNIT,,deepseek8b:seq256:forward:352:output_0,deepseek8b,256,FORWARD,bmm,EXTERN,forward:graph0:bmm_38,true,NORMAL_REFERENCE,NORMAL_REFERENCE_NO_COHERENT_F_B_CARRIER,,,hypothesis_matrix.json; math_proof_row_sha256=85f3156dd93d3c235790ef21274ef032ba209eb2c7a91e1a6578927f2dd8b7d3,true,Formation has not been measured; legacy labels are not formation labels.,PENDING,PENDING,PENDING,PENDING,NOT_MEASURED
endpoint::deepseek8b:seq256:forward:353:in_out_ptr0,ENDPOINT_UNIT,,deepseek8b:seq256:forward:353:in_out_ptr0,deepseek8b,256,FORWARD,add,TRITON,forward:graph0:add_196,true,NORMAL_REFERENCE,NORMAL_REFERENCE_NO_COHERENT_F_B_CARRIER,,,hypothesis_matrix.json; math_proof_row_sha256=2b4abf8976ce79e3e3d320f4791debc6962318a44552f47276c143a79bb5eae4,true,Formation has not been measured; legacy labels are not formation labels.,PENDING,PENDING,PENDING,PENDING,NOT_MEASURED
endpoint::deepseek8b:seq256:forward:367:in_out_ptr0,ENDPOINT_UNIT,,deepseek8b:seq256:forward:367:in_out_ptr0,deepseek8b,256,FORWARD,rsqrt,TRITON,forward:graph0:rsqrt_82,true,NORMAL_REFERENCE,NORMAL_REFERENCE_NO_COHERENT_F_B_CARRIER,,,hypothesis_matrix.json; math_proof_row_sha256=6835e7b08dd32889c50a00f0ce1780c61852e240315a5771aa72b32851c34d2b,true,Formation has not been measured; legacy labels are not formation labels.,PENDING,PENDING,PENDING,PENDING,NOT_MEASURED
endpoint::deepseek8b:seq256:forward:370:output_0,ENDPOINT_UNIT,,deepseek8b:seq256:forward:370:output_0,deepseek8b,256,FORWARD,bmm,EXTERN,forward:graph0:bmm_40,true,NORMAL_REFERENCE,NORMAL_REFERENCE_NO_COHERENT_F_B_CARRIER,,,hypothesis_matrix.json; math_proof_row_sha256=e58d0c0dd1fe0d169854462d8c6ee535cf388571c5ea118f2f1e69bb5892e202,true,Formation has not been measured; legacy labels are not formation labels.,PENDING,PENDING,PENDING,PENDING,NOT_MEASURED
endpoint::deepseek8b:seq256:forward:39:in_out_ptr1,ENDPOINT_UNIT,,deepseek8b:seq256:forward:39:in_out_ptr1,deepseek8b,256,FORWARD,rsqrt,TRITON,forward:graph0:rsqrt_8,true,NORMAL_REFERENCE,NORMAL_REFERENCE_NO_COHERENT_F_B_CARRIER,,,hypothesis_matrix.json; math_proof_row_sha256=d775e3af56822f0fe5c4fe8fdc8aac6180752dde61c4d4687bf29938bb9143d3,true,Formation has not been measured; legacy labels are not formation labels.,PENDING,PENDING,PENDING,PENDING,NOT_MEASURED
endpoint::deepseek8b:seq256:forward:406:output_0,ENDPOINT_UNIT,,deepseek8b:seq256:forward:406:output_0,deepseek8b,256,FORWARD,bmm,EXTERN,forward:graph0:bmm_44,true,NORMAL_REFERENCE,NORMAL_REFERENCE_NO_COHERENT_F_B_CARRIER,,,hypothesis_matrix.json; math_proof_row_sha256=f72a7a69abd4b6496a6b22b4697080ccb9e474cba7402e84b3c870300d089dea,true,Formation has not been measured; legacy labels are not formation labels.,PENDING,PENDING,PENDING,PENDING,NOT_MEASURED
endpoint::deepseek8b:seq256:forward:407:in_out_ptr0,ENDPOINT_UNIT,,deepseek8b:seq256:forward:407:in_out_ptr0,deepseek8b,256,FORWARD,add,TRITON,forward:graph0:add_226,true,NORMAL_REFERENCE,NORMAL_REFERENCE_NO_COHERENT_F_B_CARRIER,,,hypothesis_matrix.json; math_proof_row_sha256=bb1563e5afaee0394504f7e3026307faadde8c7ca4b68c16b87c949d07854e61,true,Formation has not been measured; legacy labels are not formation labels.,PENDING,PENDING,PENDING,PENDING,NOT_MEASURED
endpoint::deepseek8b:seq256:forward:424:output_0,ENDPOINT_UNIT,,deepseek8b:seq256:forward:424:output_0,deepseek8b,256,FORWARD,bmm,EXTERN,forward:graph0:bmm_46,true,NORMAL_REFERENCE,NORMAL_REFERENCE_NO_COHERENT_F_B_CARRIER,,,hypothesis_matrix.json; math_proof_row_sha256=be6bf834218312e97190ea3e1ee5e3b9a7eb3fec04dae4fd171a94a8fd431682,true,Formation has not been measured; legacy labels are not formation labels.,PENDING,PENDING,PENDING,PENDING,NOT_MEASURED
endpoint::deepseek8b:seq256:forward:439:in_out_ptr0,ENDPOINT_UNIT,,deepseek8b:seq256:forward:439:in_out_ptr0,deepseek8b,256,FORWARD,rsqrt,TRITON,forward:graph0:rsqrt_98,true,NORMAL_REFERENCE,NORMAL_REFERENCE_NO_COHERENT_F_B_CARRIER,,,hypothesis_matrix.json; math_proof_row_sha256=1f21061bb1b38fac0b3431322600132bbbd71d1034ebe12136ff3e1e1727edd7,true,Formation has not been measured; legacy labels are not formation labels.,PENDING,PENDING,PENDING,PENDING,NOT_MEASURED
endpoint::deepseek8b:seq256:forward:43:in_out_ptr1,ENDPOINT_UNIT,,deepseek8b:seq256:forward:43:in_out_ptr1,deepseek8b,256,FORWARD,add,TRITON,forward:graph0:add_25,true,NORMAL_REFERENCE,NORMAL_REFERENCE_NO_COHERENT_F_B_CARRIER,,,hypothesis_matrix.json; math_proof_row_sha256=66eafb7b7afeae744e9a80770eaae320117d4ebbb85c1098c71949022a2c7d3c,true,Formation has not been measured; legacy labels are not formation labels.,PENDING,PENDING,PENDING,PENDING,NOT_MEASURED
endpoint::deepseek8b:seq256:forward:460:output_0,ENDPOINT_UNIT,,deepseek8b:seq256:forward:460:output_0,deepseek8b,256,FORWARD,bmm,EXTERN,forward:graph0:bmm_50,true,COHERENT_F_B_BIAS,OBSERVED_T3_COHERENT_COMPLETE_CARRIER,,,hypothesis_matrix.json; math_proof_row_sha256=e3eeb71569546be8654548227e15e9e729dc04cc7889b22a390032c710968364,true,Formation has not been measured; legacy labels are not formation labels.,PENDING,PENDING,PENDING,PENDING,NOT_MEASURED
endpoint::deepseek8b:seq256:forward:461:in_out_ptr0,ENDPOINT_UNIT,,deepseek8b:seq256:forward:461:in_out_ptr0,deepseek8b,256,FORWARD,add,TRITON,forward:graph0:add_256,true,COHERENT_F_B_BIAS,OBSERVED_T3_COHERENT_COMPLETE_CARRIER,,,hypothesis_matrix.json; math_proof_row_sha256=a492c34fbb22d5528d40532234a245744aa2465f899e03916d9432d9bb24f042,true,Formation has not been measured; legacy labels are not formation labels.,PENDING,PENDING,PENDING,PENDING,NOT_MEASURED
endpoint::deepseek8b:seq256:forward:46:output_0,ENDPOINT_UNIT,,deepseek8b:seq256:forward:46:output_0,deepseek8b,256,FORWARD,bmm,EXTERN,forward:graph0:bmm_4,true,NORMAL_REFERENCE,NORMAL_REFERENCE_NO_COHERENT_F_B_CARRIER,,,hypothesis_matrix.json; math_proof_row_sha256=95d0420a36060b50295bbc7074d48029ecc77c3cac96790ba7928524050cb5aa,true,Formation has not been measured; legacy labels are not formation labels.,PENDING,PENDING,PENDING,PENDING,NOT_MEASURED
endpoint::deepseek8b:seq256:forward:475:in_out_ptr0,ENDPOINT_UNIT,,deepseek8b:seq256:forward:475:in_out_ptr0,deepseek8b,256,FORWARD,rsqrt,TRITON,forward:graph0:rsqrt_106,true,NORMAL_REFERENCE,NORMAL_REFERENCE_NO_COHERENT_F_B_CARRIER,,,hypothesis_matrix.json; math_proof_row_sha256=ba8ca2d922641c84625ced0db4ca812c3ac4f862c80dbba467d946ceaf2728d3,true,Formation has not been measured; legacy labels are not formation labels.,PENDING,PENDING,PENDING,PENDING,NOT_MEASURED
endpoint::deepseek8b:seq256:forward:479:in_out_ptr0,ENDPOINT_UNIT,,deepseek8b:seq256:forward:479:in_out_ptr0,deepseek8b,256,FORWARD,add,TRITON,forward:graph0:add_266,true,NORMAL_REFERENCE,NORMAL_REFERENCE_NO_COHERENT_F_B_CARRIER,,,hypothesis_matrix.json; math_proof_row_sha256=c7c60a2c473b54fbd405ee351f3ef0cce76a787685cfbb0a9f2e1977b57ee534,true,Formation has not been measured; legacy labels are not formation labels.,PENDING,PENDING,PENDING,PENDING,NOT_MEASURED
endpoint::deepseek8b:seq256:forward:47:in_out_ptr0,ENDPOINT_UNIT,,deepseek8b:seq256:forward:47:in_out_ptr0,deepseek8b,256,FORWARD,add,TRITON,forward:graph0:add_26,true,NORMAL_REFERENCE,NORMAL_REFERENCE_NO_COHERENT_F_B_CARRIER,,,hypothesis_matrix.json; math_proof_row_sha256=afd3b2839e73a6478dc62d70f6300d6b5fbb5359b49e18f3e7e03c51882e69b1,true,Formation has not been measured; legacy labels are not formation labels.,PENDING,PENDING,PENDING,PENDING,NOT_MEASURED
endpoint::deepseek8b:seq256:forward:493:in_out_ptr0,ENDPOINT_UNIT,,deepseek8b:seq256:forward:493:in_out_ptr0,deepseek8b,256,FORWARD,rsqrt,TRITON,forward:graph0:rsqrt_110,true,NORMAL_REFERENCE,NORMAL_REFERENCE_NO_COHERENT_F_B_CARRIER,,,hypothesis_matrix.json; math_proof_row_sha256=77e0601d681c95db451b2c309c4337167c09010103c1996bf5de5fa26b59f2d4,true,Formation has not been measured; legacy labels are not formation labels.,PENDING,PENDING,PENDING,PENDING,NOT_MEASURED
endpoint::deepseek8b:seq256:forward:529:in_out_ptr0,ENDPOINT_UNIT,,deepseek8b:seq256:forward:529:in_out_ptr0,deepseek8b,256,FORWARD,rsqrt,TRITON,forward:graph0:rsqrt_118,true,NORMAL_REFERENCE,NORMAL_REFERENCE_NO_COHERENT_F_B_CARRIER,,,hypothesis_matrix.json; math_proof_row_sha256=53233704daff0ecad576d8da7bd8afd2f0a0ef233dd60217316e9cda3ddfe114,true,Formation has not been measured; legacy labels are not formation labels.,PENDING,PENDING,PENDING,PENDING,NOT_MEASURED
endpoint::deepseek8b:seq256:forward:52:in_out_ptr1,ENDPOINT_UNIT,,deepseek8b:seq256:forward:52:in_out_ptr1,deepseek8b,256,FORWARD,rsqrt,TRITON,forward:graph0:rsqrt_11,true,NORMAL_REFERENCE,NORMAL_REFERENCE_NO_COHERENT_F_B_CARRIER,,,hypothesis_matrix.json; math_proof_row_sha256=cab639ec9b3b84fc796bd7cfb8affa6693ecaf15169051a67a2ed7459474fd92,true,Formation has not been measured; legacy labels are not formation labels.,PENDING,PENDING,PENDING,PENDING,NOT_MEASURED
endpoint::deepseek8b:seq256:forward:532:output_0,ENDPOINT_UNIT,,deepseek8b:seq256:forward:532:output_0,deepseek8b,256,FORWARD,bmm,EXTERN,forward:graph0:bmm_58,true,NORMAL_REFERENCE,NORMAL_REFERENCE_NO_COHERENT_F_B_CARRIER,,,hypothesis_matrix.json; math_proof_row_sha256=bbd8e2ee809827dd40fbc276a96cca99343807ad5f7a497c51a4e1fc88f280eb,true,Formation has not been measured; legacy labels are not formation labels.,PENDING,PENDING,PENDING,PENDING,NOT_MEASURED
endpoint::deepseek8b:seq256:forward:550:output_0,ENDPOINT_UNIT,,deepseek8b:seq256:forward:550:output_0,deepseek8b,256,FORWARD,bmm,EXTERN,forward:graph0:bmm_60,true,COHERENT_F_B_BIAS,OBSERVED_T3_COHERENT_COMPLETE_CARRIER,,,hypothesis_matrix.json; math_proof_row_sha256=58ac134a32cd172f890cbb7a7105d712dbed98494aac0f1319f1353755f1633b,true,Formation has not been measured; legacy labels are not formation labels.,PENDING,PENDING,PENDING,PENDING,NOT_MEASURED
endpoint::deepseek8b:seq256:forward:551:in_out_ptr0,ENDPOINT_UNIT,,deepseek8b:seq256:forward:551:in_out_ptr0,deepseek8b,256,FORWARD,add,TRITON,forward:graph0:add_306,true,COHERENT_F_B_BIAS,OBSERVED_T3_COHERENT_COMPLETE_CARRIER,,,hypothesis_matrix.json; math_proof_row_sha256=ca48c7b4532b50b80daad45b5561422cae5186262702ec758e4430a7f77e9d8b,true,Formation has not been measured; legacy labels are not formation labels.,PENDING,PENDING,PENDING,PENDING,NOT_MEASURED
endpoint::deepseek8b:seq256:forward:565:in_out_ptr0,ENDPOINT_UNIT,,deepseek8b:seq256:forward:565:in_out_ptr0,deepseek8b,256,FORWARD,rsqrt,TRITON,forward:graph0:rsqrt_126,true,NORMAL_REFERENCE,NORMAL_REFERENCE_NO_COHERENT_F_B_CARRIER,,,hypothesis_matrix.json; math_proof_row_sha256=037d5afc067baa515d78ddaaadb1f135edad5371002ab8d65e529862d76a8a1d,true,Formation has not been measured; legacy labels are not formation labels.,PENDING,PENDING,PENDING,PENDING,NOT_MEASURED
endpoint::deepseek8b:seq256:forward:568:output_0,ENDPOINT_UNIT,,deepseek8b:seq256:forward:568:output_0,deepseek8b,256,FORWARD,bmm,EXTERN,forward:graph0:bmm_62,true,NORMAL_REFERENCE,NORMAL_REFERENCE_NO_COHERENT_F_B_CARRIER,,,hypothesis_matrix.json; math_proof_row_sha256=4a2023814a066ad817cc96c7314cf4d9fe10062747483d29815b983727b9dbf4,true,Formation has not been measured; legacy labels are not formation labels.,PENDING,PENDING,PENDING,PENDING,NOT_MEASURED
endpoint::deepseek8b:seq256:forward:569:in_out_ptr0,ENDPOINT_UNIT,,deepseek8b:seq256:forward:569:in_out_ptr0,deepseek8b,256,FORWARD,add,TRITON,forward:graph0:add_316,true,COHERENT_F_B_BIAS,OBSERVED_T3_COHERENT_COMPLETE_CARRIER,,,hypothesis_matrix.json; math_proof_row_sha256=24142c564003f75d2970b11c0ad376056bfa2fedf52ada8c71aabc64dd20a04c,true,Formation has not been measured; legacy labels are not formation labels.,PENDING,PENDING,PENDING,PENDING,NOT_MEASURED
endpoint::deepseek8b:seq256:forward:57:in_out_ptr1,ENDPOINT_UNIT,,deepseek8b:seq256:forward:57:in_out_ptr1,deepseek8b,256,FORWARD,rsqrt,TRITON,forward:graph0:rsqrt_12,true,NORMAL_REFERENCE,NORMAL_REFERENCE_NO_COHERENT_F_B_CARRIER,,,hypothesis_matrix.json; math_proof_row_sha256=5fca5bd24de2101bf26f484b4f2e75cea2cae5368d9494c4529bf816e6c57c54,true,Formation has not been measured; legacy labels are not formation labels.,PENDING,PENDING,PENDING,PENDING,NOT_MEASURED
endpoint::deepseek8b:seq256:forward:5:out_ptr2,ENDPOINT_UNIT,,deepseek8b:seq256:forward:5:out_ptr2,deepseek8b,256,FORWARD,permute,TRITON,forward:graph0:permute_1752,true,NORMAL_REFERENCE,NORMAL_REFERENCE_NO_COHERENT_F_B_CARRIER,,,hypothesis_matrix.json; math_proof_row_sha256=229bf5df587ae67823f58e63b52ba1c4cd7e0679b7c0eef1956b17c8b50179f0,true,Formation has not been measured; legacy labels are not formation labels.,PENDING,PENDING,PENDING,PENDING,NOT_MEASURED
endpoint::deepseek8b:seq256:forward:604:output_0,ENDPOINT_UNIT,,deepseek8b:seq256:forward:604:output_0,deepseek8b,256,FORWARD,bmm,EXTERN,forward:graph0:bmm_66,true,NORMAL_REFERENCE,NORMAL_REFERENCE_NO_COHERENT_F_B_CARRIER,,,hypothesis_matrix.json; math_proof_row_sha256=b13d419d2734501fbc14a315c29751937eb50bfccdcdfaa516786f74725a4afa,true,Formation has not been measured; legacy labels are not formation labels.,PENDING,PENDING,PENDING,PENDING,NOT_MEASURED
endpoint::deepseek8b:seq256:forward:605:in_out_ptr0,ENDPOINT_UNIT,,deepseek8b:seq256:forward:605:in_out_ptr0,deepseek8b,256,FORWARD,add,TRITON,forward:graph0:add_336,true,COHERENT_F_B_BIAS,OBSERVED_T3_COHERENT_COMPLETE_CARRIER,,,hypothesis_matrix.json; math_proof_row_sha256=0bc9e4a089ef1b828548889035350370e4d6bdbe300b761ac140c60af3df2d98,true,Formation has not been measured; legacy labels are not formation labels.,PENDING,PENDING,PENDING,PENDING,NOT_MEASURED
endpoint::deepseek8b:seq256:forward:617:in_out_ptr0,ENDPOINT_UNIT,,deepseek8b:seq256:forward:617:in_out_ptr0,deepseek8b,256,FORWARD,rsqrt,TRITON,forward:graph0:rsqrt_137,true,NORMAL_REFERENCE,NORMAL_REFERENCE_NO_COHERENT_F_B_CARRIER,,,hypothesis_matrix.json; math_proof_row_sha256=8e745bc2f5a2ec3f69979c9144c558c29bf2bbda52896b5659eafef8e0bc0b9b,true,Formation has not been measured; legacy labels are not formation labels.,PENDING,PENDING,PENDING,PENDING,NOT_MEASURED
endpoint::deepseek8b:seq256:forward:619:in_out_ptr0,ENDPOINT_UNIT,,deepseek8b:seq256:forward:619:in_out_ptr0,deepseek8b,256,FORWARD,rsqrt,TRITON,forward:graph0:rsqrt_138,true,COHERENT_F_B_BIAS,OBSERVED_T3_COHERENT_COMPLETE_CARRIER,,,hypothesis_matrix.json; math_proof_row_sha256=2b998659024fafac7695c92acc9fcf2f1d6ab298fb35b921a080e2a38bb3e452,true,Formation has not been measured; legacy labels are not formation labels.,PENDING,PENDING,PENDING,PENDING,NOT_MEASURED
endpoint::deepseek8b:seq256:forward:61:in_out_ptr1,ENDPOINT_UNIT,,deepseek8b:seq256:forward:61:in_out_ptr1,deepseek8b,256,FORWARD,add,TRITON,forward:graph0:add_35,true,NORMAL_REFERENCE,NORMAL_REFERENCE_NO_COHERENT_F_B_CARRIER,,,hypothesis_matrix.json; math_proof_row_sha256=8e1f8da9a8da4576bc89de1c376d6d9ca2ea8bc7f41b59266490388d0bde2a09,true,Formation has not been measured; legacy labels are not formation labels.,PENDING,PENDING,PENDING,PENDING,NOT_MEASURED
endpoint::deepseek8b:seq256:forward:64:output_0,ENDPOINT_UNIT,,deepseek8b:seq256:forward:64:output_0,deepseek8b,256,FORWARD,bmm,EXTERN,forward:graph0:bmm_6,true,NORMAL_REFERENCE,NORMAL_REFERENCE_NO_COHERENT_F_B_CARRIER,,,hypothesis_matrix.json; math_proof_row_sha256=8b76f1bd9a709dca41eaf8d4656dce401ec222db72db390494af1678dc827746,true,Formation has not been measured; legacy labels are not formation labels.,PENDING,PENDING,PENDING,PENDING,NOT_MEASURED
endpoint::deepseek8b:seq256:forward:65:in_out_ptr0,ENDPOINT_UNIT,,deepseek8b:seq256:forward:65:in_out_ptr0,deepseek8b,256,FORWARD,add,TRITON,forward:graph0:add_36,true,NORMAL_REFERENCE,NORMAL_REFERENCE_NO_COHERENT_F_B_CARRIER,,,hypothesis_matrix.json; math_proof_row_sha256=98c799ee59410aa429d6f4f76cdfd3d0e786a3e9e7f4938e539590c585b57c69,true,Formation has not been measured; legacy labels are not formation labels.,PENDING,PENDING,PENDING,PENDING,NOT_MEASURED
endpoint::deepseek8b:seq256:forward:6:output_0,ENDPOINT_UNIT,,deepseek8b:seq256:forward:6:output_0,deepseek8b,256,FORWARD,mm,EXTERN,forward:graph0:mm_1,true,NORMAL_REFERENCE,NORMAL_REFERENCE_NO_COHERENT_F_B_CARRIER,,,hypothesis_matrix.json; math_proof_row_sha256=cf550a71b13f51c5294544e5119452d980c7f1355df667482a29604c7eede05d,true,Formation has not been measured; legacy labels are not formation labels.,PENDING,PENDING,PENDING,PENDING,NOT_MEASURED
endpoint::deepseek8b:seq256:forward:70:in_out_ptr1,ENDPOINT_UNIT,,deepseek8b:seq256:forward:70:in_out_ptr1,deepseek8b,256,FORWARD,rsqrt,TRITON,forward:graph0:rsqrt_15,true,NORMAL_REFERENCE,NORMAL_REFERENCE_NO_COHERENT_F_B_CARRIER,,,hypothesis_matrix.json; math_proof_row_sha256=8a30910aabf88009054cb0624ae6ba82316badd5e7f920d720517e1c802d85fd,true,Formation has not been measured; legacy labels are not formation labels.,PENDING,PENDING,PENDING,PENDING,NOT_MEASURED
endpoint::deepseek8b:seq256:forward:75:in_out_ptr1,ENDPOINT_UNIT,,deepseek8b:seq256:forward:75:in_out_ptr1,deepseek8b,256,FORWARD,rsqrt,TRITON,forward:graph0:rsqrt_16,true,NORMAL_REFERENCE,NORMAL_REFERENCE_NO_COHERENT_F_B_CARRIER,,,hypothesis_matrix.json; math_proof_row_sha256=cbc2602e8b45fed0d4c164aafacee65736be8f3ef15ee4d306377dec0d23ec1e,true,Formation has not been measured; legacy labels are not formation labels.,PENDING,PENDING,PENDING,PENDING,NOT_MEASURED
endpoint::deepseek8b:seq256:forward:79:in_out_ptr1,ENDPOINT_UNIT,,deepseek8b:seq256:forward:79:in_out_ptr1,deepseek8b,256,FORWARD,add,TRITON,forward:graph0:add_45,true,NORMAL_REFERENCE,NORMAL_REFERENCE_NO_COHERENT_F_B_CARRIER,,,hypothesis_matrix.json; math_proof_row_sha256=0894c54bdd3542a69117f8cbf8dc711545cd2aae0f3376b8e8532a9292a5e440,true,Formation has not been measured; legacy labels are not formation labels.,PENDING,PENDING,PENDING,PENDING,NOT_MEASURED
endpoint::deepseek8b:seq256:forward:7:in_out_ptr1,ENDPOINT_UNIT,,deepseek8b:seq256:forward:7:in_out_ptr1,deepseek8b,256,FORWARD,add,TRITON,forward:graph0:add_5,true,NORMAL_REFERENCE,NORMAL_REFERENCE_NO_COHERENT_F_B_CARRIER,,,hypothesis_matrix.json; math_proof_row_sha256=3dc88e7839700b5ecaa8ec9cd0e2834436d75c42ca90661c8ecdafa0e0180f56,true,Formation has not been measured; legacy labels are not formation labels.,PENDING,PENDING,PENDING,PENDING,NOT_MEASURED
endpoint::deepseek8b:seq256:forward:81:out_ptr0,ENDPOINT_UNIT,,deepseek8b:seq256:forward:81:out_ptr0,deepseek8b,256,FORWARD,clone,TRITON,forward:graph0:clone_18,true,NORMAL_REFERENCE,NORMAL_REFERENCE_NO_COHERENT_F_B_CARRIER,,,hypothesis_matrix.json; math_proof_row_sha256=a4b935b64851296f6f90866b82bdb96e61b0ee2464d32dfdfb6510d7ee3b9b65,true,Formation has not been measured; legacy labels are not formation labels.,PENDING,PENDING,PENDING,PENDING,NOT_MEASURED
endpoint::deepseek8b:seq256:forward:82:output_0,ENDPOINT_UNIT,,deepseek8b:seq256:forward:82:output_0,deepseek8b,256,FORWARD,bmm,EXTERN,forward:graph0:bmm_8,true,NORMAL_REFERENCE,NORMAL_REFERENCE_NO_COHERENT_F_B_CARRIER,,,hypothesis_matrix.json; math_proof_row_sha256=07a4504703d1405306285e49588a3d9867b42e9965629699ad58360e29f81e98,true,Formation has not been measured; legacy labels are not formation labels.,PENDING,PENDING,PENDING,PENDING,NOT_MEASURED
endpoint::deepseek8b:seq256:forward:83:in_out_ptr0,ENDPOINT_UNIT,,deepseek8b:seq256:forward:83:in_out_ptr0,deepseek8b,256,FORWARD,add,TRITON,forward:graph0:add_46,true,COHERENT_F_B_BIAS,OBSERVED_T3_COHERENT_COMPLETE_CARRIER,,,hypothesis_matrix.json; math_proof_row_sha256=129c48adf324e74741ef55072f5a2b1bdbdf526b550485a8eeb0d33772679965,true,Formation has not been measured; legacy labels are not formation labels.,PENDING,PENDING,PENDING,PENDING,NOT_MEASURED
endpoint::deepseek8b:seq256:forward:88:in_out_ptr1,ENDPOINT_UNIT,,deepseek8b:seq256:forward:88:in_out_ptr1,deepseek8b,256,FORWARD,rsqrt,TRITON,forward:graph0:rsqrt_19,true,NORMAL_REFERENCE,NORMAL_REFERENCE_NO_COHERENT_F_B_CARRIER,,,hypothesis_matrix.json; math_proof_row_sha256=559937604bb222d223478f1251922250f3bbfb0399a27ec624e81ed438329659,true,Formation has not been measured; legacy labels are not formation labels.,PENDING,PENDING,PENDING,PENDING,NOT_MEASURED
endpoint::deepseek8b:seq256:forward:93:in_out_ptr1,ENDPOINT_UNIT,,deepseek8b:seq256:forward:93:in_out_ptr1,deepseek8b,256,FORWARD,rsqrt,TRITON,forward:graph0:rsqrt_20,true,NORMAL_REFERENCE,NORMAL_REFERENCE_NO_COHERENT_F_B_CARRIER,,,hypothesis_matrix.json; math_proof_row_sha256=f4da258d7572cf41ead6d3b15bdcec94578a3c1b934e4155be5cd0e75d071a1d,true,Formation has not been measured; legacy labels are not formation labels.,PENDING,PENDING,PENDING,PENDING,NOT_MEASURED
endpoint::deepseek8b:seq256:forward:9:out_ptr0,ENDPOINT_UNIT,,deepseek8b:seq256:forward:9:out_ptr0,deepseek8b,256,FORWARD,clone,TRITON,forward:graph0:clone_2,true,NORMAL_REFERENCE,NORMAL_REFERENCE_NO_COHERENT_F_B_CARRIER,,,hypothesis_matrix.json; math_proof_row_sha256=e73a65637a5680b154d0d3b3e72cd2f6a8c04cdd2b879d8defb1c72cdcae94c9,true,Formation has not been measured; legacy labels are not formation labels.,PENDING,PENDING,PENDING,PENDING,NOT_MEASURED
endpoint::deepseek8b:seq64:backward:1781:out_ptr0,ENDPOINT_UNIT,,deepseek8b:seq64:backward:1781:out_ptr0,deepseek8b,64,BACKWARD,sum,TRITON,backward:graph0:sum_400,true,NORMAL_REFERENCE,NORMAL_REFERENCE_NO_LOCAL_DIRECTIONAL_DIFFERENCE,,,hypothesis_matrix.json; math_proof_row_sha256=cf3f7a2cd70a6dc790dc7d80a4ef327e942fb7728d6f56e976a7cbe9b36aa1f5,true,Formation has not been measured; legacy labels are not formation labels.,PENDING,PENDING,PENDING,PENDING,NOT_MEASURED
endpoint::deepseek8b:seq64:backward:1786:out_ptr0,ENDPOINT_UNIT,,deepseek8b:seq64:backward:1786:out_ptr0,deepseek8b,64,BACKWARD,sum,TRITON,backward:graph0:sum_402,true,NORMAL_REFERENCE,NORMAL_REFERENCE_NO_LOCAL_DIRECTIONAL_DIFFERENCE,,,hypothesis_matrix.json; math_proof_row_sha256=4a12237a10258f217e47382ca198b68cd047801be31612f5b6aa7d93b46a3e0f,true,Formation has not been measured; legacy labels are not formation labels.,PENDING,PENDING,PENDING,PENDING,NOT_MEASURED
endpoint::deepseek8b:seq64:backward:1854:out_ptr0,ENDPOINT_UNIT,,deepseek8b:seq64:backward:1854:out_ptr0,deepseek8b,64,BACKWARD,sum,TRITON,backward:graph0:sum_424,true,COHERENT_F_B_BIAS,OBSERVED_T3_COHERENT_COMPLETE_CARRIER,,,hypothesis_matrix.json; math_proof_row_sha256=fd5db244fe56c76895abd931d3cfb391e554e86dd8e24dbd7550eab00bc3afc6,true,Formation has not been measured; legacy labels are not formation labels.,PENDING,PENDING,PENDING,PENDING,NOT_MEASURED
endpoint::deepseek8b:seq64:backward:844:output_0,ENDPOINT_UNIT,,deepseek8b:seq64:backward:844:output_0,deepseek8b,64,BACKWARD,mm,EXTERN,backward:graph0:mm_331,true,NORMAL_REFERENCE,NORMAL_REFERENCE_NO_LOCAL_DIRECTIONAL_DIFFERENCE,,,hypothesis_matrix.json; math_proof_row_sha256=7dc8a707ad01b3024f6a6529bf969581af206a9ca8d83b1e5e2a13052b4b1bb5,true,Formation has not been measured; legacy labels are not formation labels.,PENDING,PENDING,PENDING,PENDING,NOT_MEASURED
endpoint::deepseek8b:seq64:forward:0:in_out_ptr0,ENDPOINT_UNIT,,deepseek8b:seq64:forward:0:in_out_ptr0,deepseek8b,64,FORWARD,rsqrt,TRITON,forward:graph0:rsqrt,true,NORMAL_REFERENCE,NORMAL_REFERENCE_NO_CAUSAL_ENDPOINT_EFFECT,,,hypothesis_matrix.json; math_proof_row_sha256=401b00bfb815677f1257611007b1c932394e5318734a84d5120df5e31900b883,true,Formation has not been measured; legacy labels are not formation labels.,PENDING,PENDING,PENDING,PENDING,NOT_MEASURED
endpoint::deepseek8b:seq64:forward:100:output_0,ENDPOINT_UNIT,,deepseek8b:seq64:forward:100:output_0,deepseek8b,64,FORWARD,bmm,EXTERN,forward:graph0:bmm_10,true,NORMAL_REFERENCE,NORMAL_REFERENCE_NO_COHERENT_F_B_CARRIER,,,hypothesis_matrix.json; math_proof_row_sha256=c356ab79eee38f79e16f9c806f1a9b5a2b59a13448dd665cc3e7b43fd23a54e5,true,Formation has not been measured; legacy labels are not formation labels.,PENDING,PENDING,PENDING,PENDING,NOT_MEASURED
endpoint::deepseek8b:seq64:forward:101:in_out_ptr0,ENDPOINT_UNIT,,deepseek8b:seq64:forward:101:in_out_ptr0,deepseek8b,64,FORWARD,add,TRITON,forward:graph0:add_56,true,NORMAL_REFERENCE,NORMAL_REFERENCE_NO_COHERENT_F_B_CARRIER,,,hypothesis_matrix.json; math_proof_row_sha256=147e5ceff120f912b61d0d6c477ba0429e5a8bc234bfde8db925ea406a79759c,true,Formation has not been measured; legacy labels are not formation labels.,PENDING,PENDING,PENDING,PENDING,NOT_MEASURED
endpoint::deepseek8b:seq64:forward:106:in_out_ptr1,ENDPOINT_UNIT,,deepseek8b:seq64:forward:106:in_out_ptr1,deepseek8b,64,FORWARD,rsqrt,TRITON,forward:graph0:rsqrt_23,true,NORMAL_REFERENCE,NORMAL_REFERENCE_NO_COHERENT_F_B_CARRIER,,,hypothesis_matrix.json; math_proof_row_sha256=646b0895d0619a2fe860a55473ba2bbd80a9849a147d46fa6883c42d4e9abf6f,true,Formation has not been measured; legacy labels are not formation labels.,PENDING,PENDING,PENDING,PENDING,NOT_MEASURED
endpoint::deepseek8b:seq64:forward:10:output_0,ENDPOINT_UNIT,,deepseek8b:seq64:forward:10:output_0,deepseek8b,64,FORWARD,bmm,EXTERN,forward:graph0:bmm,true,NORMAL_REFERENCE,NORMAL_REFERENCE_NO_COHERENT_F_B_CARRIER,,,hypothesis_matrix.json; math_proof_row_sha256=f935d51af346bc99c9bf59f47df2ff163a1da47a5af1196ce4759382cacd8b88,true,Formation has not been measured; legacy labels are not formation labels.,PENDING,PENDING,PENDING,PENDING,NOT_MEASURED
endpoint::deepseek8b:seq64:forward:111:in_out_ptr1,ENDPOINT_UNIT,,deepseek8b:seq64:forward:111:in_out_ptr1,deepseek8b,64,FORWARD,rsqrt,TRITON,forward:graph0:rsqrt_24,true,NORMAL_REFERENCE,NORMAL_REFERENCE_NO_COHERENT_F_B_CARRIER,,,hypothesis_matrix.json; math_proof_row_sha256=6c900177e8f4663604e7f4fb944433b2036a6654c6bc0646bf5cfa199fe5a0a2,true,Formation has not been measured; legacy labels are not formation labels.,PENDING,PENDING,PENDING,PENDING,NOT_MEASURED
endpoint::deepseek8b:seq64:forward:118:output_0,ENDPOINT_UNIT,,deepseek8b:seq64:forward:118:output_0,deepseek8b,64,FORWARD,bmm,EXTERN,forward:graph0:bmm_12,true,NORMAL_REFERENCE,NORMAL_REFERENCE_NO_COHERENT_F_B_CARRIER,,,hypothesis_matrix.json; math_proof_row_sha256=f1d550a6febb3c1d270e74bdeeff5a1665aa2cf9fa6770fa54d2d4eb06a5f066,true,Formation has not been measured; legacy labels are not formation labels.,PENDING,PENDING,PENDING,PENDING,NOT_MEASURED
endpoint::deepseek8b:seq64:forward:119:in_out_ptr0,ENDPOINT_UNIT,,deepseek8b:seq64:forward:119:in_out_ptr0,deepseek8b,64,FORWARD,add,TRITON,forward:graph0:add_66,true,NORMAL_REFERENCE,NORMAL_REFERENCE_NO_COHERENT_F_B_CARRIER,,,hypothesis_matrix.json; math_proof_row_sha256=c8f8a70cc8ebaa42b02b5b4c99415161b856380d14fe103dd312d86440d4eec7,true,Formation has not been measured; legacy labels are not formation labels.,PENDING,PENDING,PENDING,PENDING,NOT_MEASURED
endpoint::deepseek8b:seq64:forward:11:in_out_ptr0,ENDPOINT_UNIT,,deepseek8b:seq64:forward:11:in_out_ptr0,deepseek8b,64,FORWARD,add,TRITON,forward:graph0:add_6,true,NORMAL_REFERENCE,NORMAL_REFERENCE_NO_COHERENT_F_B_CARRIER,,,hypothesis_matrix.json; math_proof_row_sha256=802f4632a33edd8aa9400e00a75e01556b8fc7b1a242c9927d77420432e87f23,true,Formation has not been measured; legacy labels are not formation labels.,PENDING,PENDING,PENDING,PENDING,NOT_MEASURED
endpoint::deepseek8b:seq64:forward:124:in_out_ptr1,ENDPOINT_UNIT,,deepseek8b:seq64:forward:124:in_out_ptr1,deepseek8b,64,FORWARD,rsqrt,TRITON,forward:graph0:rsqrt_27,true,NORMAL_REFERENCE,NORMAL_REFERENCE_NO_COHERENT_F_B_CARRIER,,,hypothesis_matrix.json; math_proof_row_sha256=a2bc5b63f46698e606e0c1aea94e86dda4d384add9d43075b4081a21bab53002,true,Formation has not been measured; legacy labels are not formation labels.,PENDING,PENDING,PENDING,PENDING,NOT_MEASURED
endpoint::deepseek8b:seq64:forward:129:in_out_ptr1,ENDPOINT_UNIT,,deepseek8b:seq64:forward:129:in_out_ptr1,deepseek8b,64,FORWARD,rsqrt,TRITON,forward:graph0:rsqrt_28,true,NORMAL_REFERENCE,NORMAL_REFERENCE_NO_COHERENT_F_B_CARRIER,,,hypothesis_matrix.json; math_proof_row_sha256=2bcdf1982809fed1635613a7a1a21802e5dd4c1c177be5286267644d65e035f7,true,Formation has not been measured; legacy labels are not formation labels.,PENDING,PENDING,PENDING,PENDING,NOT_MEASURED
endpoint::deepseek8b:seq64:forward:136:output_0,ENDPOINT_UNIT,,deepseek8b:seq64:forward:136:output_0,deepseek8b,64,FORWARD,bmm,EXTERN,forward:graph0:bmm_14,true,NORMAL_REFERENCE,NORMAL_REFERENCE_NO_COHERENT_F_B_CARRIER,,,hypothesis_matrix.json; math_proof_row_sha256=496d7e366708cee64a573d01291ff8805b07377d71ffa74199e7eb21df0058d7,true,Formation has not been measured; legacy labels are not formation labels.,PENDING,PENDING,PENDING,PENDING,NOT_MEASURED
endpoint::deepseek8b:seq64:forward:137:in_out_ptr0,ENDPOINT_UNIT,,deepseek8b:seq64:forward:137:in_out_ptr0,deepseek8b,64,FORWARD,add,TRITON,forward:graph0:add_76,true,NORMAL_REFERENCE,NORMAL_REFERENCE_NO_COHERENT_F_B_CARRIER,,,hypothesis_matrix.json; math_proof_row_sha256=0dc59661acd7dcf7f2aac46e4602407cc2dc5b037f6bee991970659f26f1613f,true,Formation has not been measured; legacy labels are not formation labels.,PENDING,PENDING,PENDING,PENDING,NOT_MEASURED
endpoint::deepseek8b:seq64:forward:142:in_out_ptr1,ENDPOINT_UNIT,,deepseek8b:seq64:forward:142:in_out_ptr1,deepseek8b,64,FORWARD,rsqrt,TRITON,forward:graph0:rsqrt_31,true,NORMAL_REFERENCE,NORMAL_REFERENCE_NO_COHERENT_F_B_CARRIER,,,hypothesis_matrix.json; math_proof_row_sha256=3470d7e49308810d0e4c79670f5ce0a4ea974b0e9ddbb399102f9b151cc0d691,true,Formation has not been measured; legacy labels are not formation labels.,PENDING,PENDING,PENDING,PENDING,NOT_MEASURED
endpoint::deepseek8b:seq64:forward:147:in_out_ptr1,ENDPOINT_UNIT,,deepseek8b:seq64:forward:147:in_out_ptr1,deepseek8b,64,FORWARD,rsqrt,TRITON,forward:graph0:rsqrt_32,true,NORMAL_REFERENCE,NORMAL_REFERENCE_NO_COHERENT_F_B_CARRIER,,,hypothesis_matrix.json; math_proof_row_sha256=502c7be7e18f0727c1b761d38764ff402fcdc7000c45edd15776b9b00cc0698c,true,Formation has not been measured; legacy labels are not formation labels.,PENDING,PENDING,PENDING,PENDING,NOT_MEASURED
endpoint::deepseek8b:seq64:forward:151:in_out_ptr0,ENDPOINT_UNIT,,deepseek8b:seq64:forward:151:in_out_ptr0,deepseek8b,64,FORWARD,rsqrt,TRITON,forward:graph0:rsqrt_34,true,NORMAL_REFERENCE,NORMAL_REFERENCE_NO_COHERENT_F_B_CARRIER,,,hypothesis_matrix.json; math_proof_row_sha256=0881a875fc0e8e6121c627589c0caa8d8d72e886b727bb935c629d20b2c8c6ba,true,Formation has not been measured; legacy labels are not formation labels.,PENDING,PENDING,PENDING,PENDING,NOT_MEASURED
endpoint::deepseek8b:seq64:forward:151:in_out_ptr1,ENDPOINT_UNIT,,deepseek8b:seq64:forward:151:in_out_ptr1,deepseek8b,64,FORWARD,add,TRITON,forward:graph0:add_85,true,NORMAL_REFERENCE,NORMAL_REFERENCE_NO_COHERENT_F_B_CARRIER,,,hypothesis_matrix.json; math_proof_row_sha256=581e4f1cd8d1c4b76f492c9904e2513ca58b6c0be1ddf769a907fce723e0f289,true,Formation has not been measured; legacy labels are not formation labels.,PENDING,PENDING,PENDING,PENDING,NOT_MEASURED
endpoint::deepseek8b:seq64:forward:154:output_0,ENDPOINT_UNIT,,deepseek8b:seq64:forward:154:output_0,deepseek8b,64,FORWARD,bmm,EXTERN,forward:graph0:bmm_16,true,NORMAL_REFERENCE,NORMAL_REFERENCE_NO_COHERENT_F_B_CARRIER,,,hypothesis_matrix.json; math_proof_row_sha256=b0af44e8de800a22f28da22eaaeb6126855f2ccd9143e17c37c7b9ffe60a284e,true,Formation has not been measured; legacy labels are not formation labels.,PENDING,PENDING,PENDING,PENDING,NOT_MEASURED
endpoint::deepseek8b:seq64:forward:155:in_out_ptr0,ENDPOINT_UNIT,,deepseek8b:seq64:forward:155:in_out_ptr0,deepseek8b,64,FORWARD,add,TRITON,forward:graph0:add_86,true,NORMAL_REFERENCE,NORMAL_REFERENCE_NO_COHERENT_F_B_CARRIER,,,hypothesis_matrix.json; math_proof_row_sha256=4128343472f7ede34bb2d93e446402f014e4018a7a2671c1dee2ed1ef2363102,true,Formation has not been measured; legacy labels are not formation labels.,PENDING,PENDING,PENDING,PENDING,NOT_MEASURED
endpoint::deepseek8b:seq64:forward:159:output_0,ENDPOINT_UNIT,,deepseek8b:seq64:forward:159:output_0,deepseek8b,64,FORWARD,mm,EXTERN,forward:graph0:mm_59,true,NORMAL_REFERENCE,NORMAL_REFERENCE_NO_COHERENT_F_B_CARRIER,,,hypothesis_matrix.json; math_proof_row_sha256=e2e84d6276964a32259d6ceb0224f49ef796de0b5bed0e09a7d598c3caf5ad55,true,Formation has not been measured; legacy labels are not formation labels.,PENDING,PENDING,PENDING,PENDING,NOT_MEASURED
endpoint::deepseek8b:seq64:forward:160:in_out_ptr0,ENDPOINT_UNIT,,deepseek8b:seq64:forward:160:in_out_ptr0,deepseek8b,64,FORWARD,add,TRITON,forward:graph0:add_87,true,NORMAL_REFERENCE,NORMAL_REFERENCE_NO_LOCAL_DIRECTIONAL_DIFFERENCE,,,hypothesis_matrix.json; math_proof_row_sha256=540d145659bfa1d663a30cfa74afd7c318a695b17c7195edc1427dc2743ea52f,true,Formation has not been measured; legacy labels are not formation labels.,PENDING,PENDING,PENDING,PENDING,NOT_MEASURED
endpoint::deepseek8b:seq64:forward:160:in_out_ptr1,ENDPOINT_UNIT,,deepseek8b:seq64:forward:160:in_out_ptr1,deepseek8b,64,FORWARD,rsqrt,TRITON,forward:graph0:rsqrt_35,true,NORMAL_REFERENCE,NORMAL_REFERENCE_NO_COHERENT_F_B_CARRIER,,,hypothesis_matrix.json; math_proof_row_sha256=5052429bbe9b8e857921ade21e2431fb989c522283c1ae8ec8618d0b54f0b9ac,true,Formation has not been measured; legacy labels are not formation labels.,PENDING,PENDING,PENDING,PENDING,NOT_MEASURED
endpoint::deepseek8b:seq64:forward:161:output_0,ENDPOINT_UNIT,,deepseek8b:seq64:forward:161:output_0,deepseek8b,64,FORWARD,mm,EXTERN,forward:graph0:mm_60,true,NORMAL_REFERENCE,NORMAL_REFERENCE_NO_COHERENT_F_B_CARRIER,,,hypothesis_matrix.json; math_proof_row_sha256=2a43ef23a1ce3ceab5c6f0c48c248145e04803f9fb2626fb7332bec204b9bd6b,true,Formation has not been measured; legacy labels are not formation labels.,PENDING,PENDING,PENDING,PENDING,NOT_MEASURED
endpoint::deepseek8b:seq64:forward:165:in_out_ptr1,ENDPOINT_UNIT,,deepseek8b:seq64:forward:165:in_out_ptr1,deepseek8b,64,FORWARD,rsqrt,TRITON,forward:graph0:rsqrt_36,true,NORMAL_REFERENCE,NORMAL_REFERENCE_NO_COHERENT_F_B_CARRIER,,,hypothesis_matrix.json; math_proof_row_sha256=2be52d9afb9f06a2eb5e12d24bce1a9b43876aaa8ea2cba736ee4662e48e1729,true,Formation has not been measured; legacy labels are not formation labels.,PENDING,PENDING,PENDING,PENDING,NOT_MEASURED
endpoint::deepseek8b:seq64:forward:166:output_0,ENDPOINT_UNIT,,deepseek8b:seq64:forward:166:output_0,deepseek8b,64,FORWARD,mm,EXTERN,forward:graph0:mm_63,true,NORMAL_REFERENCE,NORMAL_REFERENCE_NO_COHERENT_F_B_CARRIER,,,hypothesis_matrix.json; math_proof_row_sha256=feaaad65e3323c188f18929c43a5dd89856b51c7a016a951df42cfbe36a46300,true,Formation has not been measured; legacy labels are not formation labels.,PENDING,PENDING,PENDING,PENDING,NOT_MEASURED
endpoint::deepseek8b:seq64:forward:167:in_out_ptr0,ENDPOINT_UNIT,,deepseek8b:seq64:forward:167:in_out_ptr0,deepseek8b,64,FORWARD,rsqrt,TRITON,forward:graph0:rsqrt_37,true,NORMAL_REFERENCE,NORMAL_REFERENCE_NO_COHERENT_F_B_CARRIER,,,hypothesis_matrix.json; math_proof_row_sha256=1e34a315f04332a61d73f48e277d93979e9ee577d8754321dc71c9c7075be259,true,Formation has not been measured; legacy labels are not formation labels.,PENDING,PENDING,PENDING,PENDING,NOT_MEASURED
endpoint::deepseek8b:seq64:forward:169:in_out_ptr0,ENDPOINT_UNIT,,deepseek8b:seq64:forward:169:in_out_ptr0,deepseek8b,64,FORWARD,rsqrt,TRITON,forward:graph0:rsqrt_38,true,NORMAL_REFERENCE,NORMAL_REFERENCE_NO_COHERENT_F_B_CARRIER,,,hypothesis_matrix.json; math_proof_row_sha256=1ef7bfa8b81724dbe99397eae0faeb0300cb90c1eb211fe69f0a8f26080e54f2,true,Formation has not been measured; legacy labels are not formation labels.,PENDING,PENDING,PENDING,PENDING,NOT_MEASURED
endpoint::deepseek8b:seq64:forward:16:in_out_ptr0,ENDPOINT_UNIT,,deepseek8b:seq64:forward:16:in_out_ptr0,deepseek8b,64,FORWARD,rsqrt,TRITON,forward:graph0:rsqrt_3,true,NORMAL_REFERENCE,NORMAL_REFERENCE_NO_COHERENT_F_B_CARRIER,,,hypothesis_matrix.json; math_proof_row_sha256=c795a2dd66a850eed7d20aa30fde404065e1bacb0c73a23859782b9584226fab,true,Formation has not been measured; legacy labels are not formation labels.,PENDING,PENDING,PENDING,PENDING,NOT_MEASURED
endpoint::deepseek8b:seq64:forward:172:output_0,ENDPOINT_UNIT,,deepseek8b:seq64:forward:172:output_0,deepseek8b,64,FORWARD,bmm,EXTERN,forward:graph0:bmm_18,true,NORMAL_REFERENCE,NORMAL_REFERENCE_NO_COHERENT_F_B_CARRIER,,,hypothesis_matrix.json; math_proof_row_sha256=2c1aa934e6cc13e3800f1902cc5900a31cd474ac6429c7d00339d1ddeb701ad0,true,Formation has not been measured; legacy labels are not formation labels.,PENDING,PENDING,PENDING,PENDING,NOT_MEASURED
endpoint::deepseek8b:seq64:forward:173:in_out_ptr0,ENDPOINT_UNIT,,deepseek8b:seq64:forward:173:in_out_ptr0,deepseek8b,64,FORWARD,add,TRITON,forward:graph0:add_96,true,NORMAL_REFERENCE,NORMAL_REFERENCE_NO_COHERENT_F_B_CARRIER,,,hypothesis_matrix.json; math_proof_row_sha256=9b51202d1d9f4fac8ce0fd5e9cc33bce11e15743bba2ab252ed5a4ef440841b8,true,Formation has not been measured; legacy labels are not formation labels.,PENDING,PENDING,PENDING,PENDING,NOT_MEASURED
endpoint::deepseek8b:seq64:forward:178:in_out_ptr1,ENDPOINT_UNIT,,deepseek8b:seq64:forward:178:in_out_ptr1,deepseek8b,64,FORWARD,rsqrt,TRITON,forward:graph0:rsqrt_39,true,NORMAL_REFERENCE,NORMAL_REFERENCE_NO_COHERENT_F_B_CARRIER,,,hypothesis_matrix.json; math_proof_row_sha256=e77331992415e7be2c8ee51f15e242a7cc2048cb7edb70c34d16f995d4f789dc,true,Formation has not been measured; legacy labels are not formation labels.,PENDING,PENDING,PENDING,PENDING,NOT_MEASURED
endpoint::deepseek8b:seq64:forward:187:in_out_ptr0,ENDPOINT_UNIT,,deepseek8b:seq64:forward:187:in_out_ptr0,deepseek8b,64,FORWARD,rsqrt,TRITON,forward:graph0:rsqrt_42,true,NORMAL_REFERENCE,NORMAL_REFERENCE_NO_COHERENT_F_B_CARRIER,,,hypothesis_matrix.json; math_proof_row_sha256=c181cb3f0bafce0ee5acf2c676c460faf14508250b525e0c8ce7cd9dd5aef7f9,true,Formation has not been measured; legacy labels are not formation labels.,PENDING,PENDING,PENDING,PENDING,NOT_MEASURED
endpoint::deepseek8b:seq64:forward:189:out_ptr0,ENDPOINT_UNIT,,deepseek8b:seq64:forward:189:out_ptr0,deepseek8b,64,FORWARD,clone,TRITON,forward:graph0:clone_42,true,NORMAL_REFERENCE,NORMAL_REFERENCE_NO_COHERENT_F_B_CARRIER,,,hypothesis_matrix.json; math_proof_row_sha256=34a3385d045bd64f4c84e3e2feb5abd8af6d89d91b0d04a87ad059e332a2da2c,true,Formation has not been measured; legacy labels are not formation labels.,PENDING,PENDING,PENDING,PENDING,NOT_MEASURED
endpoint::deepseek8b:seq64:forward:190:output_0,ENDPOINT_UNIT,,deepseek8b:seq64:forward:190:output_0,deepseek8b,64,FORWARD,bmm,EXTERN,forward:graph0:bmm_20,true,NORMAL_REFERENCE,NORMAL_REFERENCE_NO_COHERENT_F_B_CARRIER,,,hypothesis_matrix.json; math_proof_row_sha256=d887f3c98ac10344799110784257fcbe3a5c09a275fe89686dd3df152c17ae13,true,Formation has not been measured; legacy labels are not formation labels.,PENDING,PENDING,PENDING,PENDING,NOT_MEASURED
endpoint::deepseek8b:seq64:forward:191:in_out_ptr0,ENDPOINT_UNIT,,deepseek8b:seq64:forward:191:in_out_ptr0,deepseek8b,64,FORWARD,add,TRITON,forward:graph0:add_106,true,NORMAL_REFERENCE,NORMAL_REFERENCE_NO_COHERENT_F_B_CARRIER,,,hypothesis_matrix.json; math_proof_row_sha256=7b9ab975264ed2209359f9560dcefee86a0c6f07589a86e7c9a12f1d06c01ffc,true,Formation has not been measured; legacy labels are not formation labels.,PENDING,PENDING,PENDING,PENDING,NOT_MEASURED
endpoint::deepseek8b:seq64:forward:196:in_out_ptr1,ENDPOINT_UNIT,,deepseek8b:seq64:forward:196:in_out_ptr1,deepseek8b,64,FORWARD,rsqrt,TRITON,forward:graph0:rsqrt_43,true,NORMAL_REFERENCE,NORMAL_REFERENCE_NO_COHERENT_F_B_CARRIER,,,hypothesis_matrix.json; math_proof_row_sha256=20623fa28fb40b9e76c3a7ab43d3fad7edc76e6d022ee8198b02686a1a163254,true,Formation has not been measured; legacy labels are not formation labels.,PENDING,PENDING,PENDING,PENDING,NOT_MEASURED
endpoint::deepseek8b:seq64:forward:208:output_0,ENDPOINT_UNIT,,deepseek8b:seq64:forward:208:output_0,deepseek8b,64,FORWARD,bmm,EXTERN,forward:graph0:bmm_22,true,NORMAL_REFERENCE,NORMAL_REFERENCE_NO_COHERENT_F_B_CARRIER,,,hypothesis_matrix.json; math_proof_row_sha256=cbc2bb0d73828bfa9c84a62262e50df0f8e0595ef882d6a841fd99945a34dfe8,true,Formation has not been measured; legacy labels are not formation labels.,PENDING,PENDING,PENDING,PENDING,NOT_MEASURED
endpoint::deepseek8b:seq64:forward:209:in_out_ptr0,ENDPOINT_UNIT,,deepseek8b:seq64:forward:209:in_out_ptr0,deepseek8b,64,FORWARD,add,TRITON,forward:graph0:add_116,true,NORMAL_REFERENCE,NORMAL_REFERENCE_NO_COHERENT_F_B_CARRIER,,,hypothesis_matrix.json; math_proof_row_sha256=bcaf83a6a558e19f939c63152c2758f2a6b5d14a3d8e9ce3558e50f92b61efb5,true,Formation has not been measured; legacy labels are not formation labels.,PENDING,PENDING,PENDING,PENDING,NOT_MEASURED
endpoint::deepseek8b:seq64:forward:211:output_0,ENDPOINT_UNIT,,deepseek8b:seq64:forward:211:output_0,deepseek8b,64,FORWARD,bmm,EXTERN,forward:graph0:bmm_23,true,NORMAL_REFERENCE,NORMAL_REFERENCE_NO_COHERENT_F_B_CARRIER,,,hypothesis_matrix.json; math_proof_row_sha256=94310a1e29566e9354975a0c4bad749a51668583a1bc58354ab90b9c837a7c3b,true,Formation has not been measured; legacy labels are not formation labels.,PENDING,PENDING,PENDING,PENDING,NOT_MEASURED
endpoint::deepseek8b:seq64:forward:212:out_ptr0,ENDPOINT_UNIT,,deepseek8b:seq64:forward:212:out_ptr0,deepseek8b,64,FORWARD,clone,TRITON,forward:graph0:clone_49,true,NORMAL_REFERENCE,NORMAL_REFERENCE_NO_COHERENT_F_B_CARRIER,,,hypothesis_matrix.json; math_proof_row_sha256=6337fda709bf4feaa57d513a193ed69a99b3b5235e831af55461d44a2f6a5fec,true,Formation has not been measured; legacy labels are not formation labels.,PENDING,PENDING,PENDING,PENDING,NOT_MEASURED
endpoint::deepseek8b:seq64:forward:214:in_out_ptr0,ENDPOINT_UNIT,,deepseek8b:seq64:forward:214:in_out_ptr0,deepseek8b,64,FORWARD,add,TRITON,forward:graph0:add_117,true,NORMAL_REFERENCE,NORMAL_REFERENCE_NO_LOCAL_DIRECTIONAL_DIFFERENCE,,,hypothesis_matrix.json; math_proof_row_sha256=1d44d7a7c9f43fb518ea5cb53c6691b2e0f52553a5476f7eedab5c16fd52c8e9,true,Formation has not been measured; legacy labels are not formation labels.,PENDING,PENDING,PENDING,PENDING,NOT_MEASURED
endpoint::deepseek8b:seq64:forward:21:in_out_ptr1,ENDPOINT_UNIT,,deepseek8b:seq64:forward:21:in_out_ptr1,deepseek8b,64,FORWARD,rsqrt,TRITON,forward:graph0:rsqrt_4,true,NORMAL_REFERENCE,NORMAL_REFERENCE_NO_COHERENT_F_B_CARRIER,,,hypothesis_matrix.json; math_proof_row_sha256=db6b91f2f73937e658c76dfa73f3e07ae5d5384ce3f70b33dd65ce92304772dc,true,Formation has not been measured; legacy labels are not formation labels.,PENDING,PENDING,PENDING,PENDING,NOT_MEASURED
endpoint::deepseek8b:seq64:forward:221:in_out_ptr0,ENDPOINT_UNIT,,deepseek8b:seq64:forward:221:in_out_ptr0,deepseek8b,64,FORWARD,rsqrt,TRITON,forward:graph0:rsqrt_49,true,NORMAL_REFERENCE,NORMAL_REFERENCE_NO_COHERENT_F_B_CARRIER,,,hypothesis_matrix.json; math_proof_row_sha256=cb23aecafe1b967d8166e63c6f4407d8cf6a025c40e755d64cc8311937c6f9c6,true,Formation has not been measured; legacy labels are not formation labels.,PENDING,PENDING,PENDING,PENDING,NOT_MEASURED
endpoint::deepseek8b:seq64:forward:226:output_0,ENDPOINT_UNIT,,deepseek8b:seq64:forward:226:output_0,deepseek8b,64,FORWARD,bmm,EXTERN,forward:graph0:bmm_24,true,NORMAL_REFERENCE,NORMAL_REFERENCE_NO_COHERENT_F_B_CARRIER,,,hypothesis_matrix.json; math_proof_row_sha256=568deb0c675c768c89df13233dc0714aa485af7c9d271434a443f752954b9a9b,true,Formation has not been measured; legacy labels are not formation labels.,PENDING,PENDING,PENDING,PENDING,NOT_MEASURED
endpoint::deepseek8b:seq64:forward:227:in_out_ptr0,ENDPOINT_UNIT,,deepseek8b:seq64:forward:227:in_out_ptr0,deepseek8b,64,FORWARD,add,TRITON,forward:graph0:add_126,true,NORMAL_REFERENCE,NORMAL_REFERENCE_NO_COHERENT_F_B_CARRIER,,,hypothesis_matrix.json; math_proof_row_sha256=2234862842336bae4e53a56a83fc63a7faf896862c80451cdd2961a68b8b6c61,true,Formation has not been measured; legacy labels are not formation labels.,PENDING,PENDING,PENDING,PENDING,NOT_MEASURED
endpoint::deepseek8b:seq64:forward:230:out_ptr0,ENDPOINT_UNIT,,deepseek8b:seq64:forward:230:out_ptr0,deepseek8b,64,FORWARD,clone,TRITON,forward:graph0:clone_53,true,NORMAL_REFERENCE,NORMAL_REFERENCE_NO_COHERENT_F_B_CARRIER,,,hypothesis_matrix.json; math_proof_row_sha256=2644f5798864c12e18fb4ca11640be9ddd3768ebba278086dc8225de6f4bea52,true,Formation has not been measured; legacy labels are not formation labels.,PENDING,PENDING,PENDING,PENDING,NOT_MEASURED
endpoint::deepseek8b:seq64:forward:232:in_out_ptr0,ENDPOINT_UNIT,,deepseek8b:seq64:forward:232:in_out_ptr0,deepseek8b,64,FORWARD,add,TRITON,forward:graph0:add_127,true,NORMAL_REFERENCE,NORMAL_REFERENCE_NO_LOCAL_DIRECTIONAL_DIFFERENCE,,,hypothesis_matrix.json; math_proof_row_sha256=94afcca62aae28ad1bbd68331c551d28292edea162d654c34f7e11de877b277c,true,Formation has not been measured; legacy labels are not formation labels.,PENDING,PENDING,PENDING,PENDING,NOT_MEASURED
endpoint::deepseek8b:seq64:forward:237:in_out_ptr0,ENDPOINT_UNIT,,deepseek8b:seq64:forward:237:in_out_ptr0,deepseek8b,64,FORWARD,add,TRITON,forward:graph0:add_130,true,NORMAL_REFERENCE,NORMAL_REFERENCE_NO_LOCAL_DIRECTIONAL_DIFFERENCE,,,hypothesis_matrix.json; math_proof_row_sha256=31e070710b919198ab9cb21d949e7bea21872c80e649a0b09b1b7031decef0fa,true,Formation has not been measured; legacy labels are not formation labels.,PENDING,PENDING,PENDING,PENDING,NOT_MEASURED
endpoint::deepseek8b:seq64:forward:239:in_out_ptr0,ENDPOINT_UNIT,,deepseek8b:seq64:forward:239:in_out_ptr0,deepseek8b,64,FORWARD,rsqrt,TRITON,forward:graph0:rsqrt_53,true,NORMAL_REFERENCE,NORMAL_REFERENCE_NO_COHERENT_F_B_CARRIER,,,hypothesis_matrix.json; math_proof_row_sha256=56f9b7f2ab0391b0ef986b86bd78b48317c5ca001bc161d93d3979f88bb08456,true,Formation has not been measured; legacy labels are not formation labels.,PENDING,PENDING,PENDING,PENDING,NOT_MEASURED
endpoint::deepseek8b:seq64:forward:244:output_0,ENDPOINT_UNIT,,deepseek8b:seq64:forward:244:output_0,deepseek8b,64,FORWARD,bmm,EXTERN,forward:graph0:bmm_26,true,NORMAL_REFERENCE,NORMAL_REFERENCE_NO_COHERENT_F_B_CARRIER,,,hypothesis_matrix.json; math_proof_row_sha256=5df85d739b120b7ebdf64b8c3f5fb72d44b6bfb58682f8f6a8824b6713c47af2,true,Formation has not been measured; legacy labels are not formation labels.,PENDING,PENDING,PENDING,PENDING,NOT_MEASURED
endpoint::deepseek8b:seq64:forward:245:in_out_ptr0,ENDPOINT_UNIT,,deepseek8b:seq64:forward:245:in_out_ptr0,deepseek8b,64,FORWARD,add,TRITON,forward:graph0:add_136,true,NORMAL_REFERENCE,NORMAL_REFERENCE_NO_COHERENT_F_B_CARRIER,,,hypothesis_matrix.json; math_proof_row_sha256=5ea3b7437244723ff6fc2aeba840bc27d9acb53ee65e590d3326ce77b4354ea3,true,Formation has not been measured; legacy labels are not formation labels.,PENDING,PENDING,PENDING,PENDING,NOT_MEASURED
endpoint::deepseek8b:seq64:forward:262:output_0,ENDPOINT_UNIT,,deepseek8b:seq64:forward:262:output_0,deepseek8b,64,FORWARD,bmm,EXTERN,forward:graph0:bmm_28,true,NORMAL_REFERENCE,NORMAL_REFERENCE_NO_COHERENT_F_B_CARRIER,,,hypothesis_matrix.json; math_proof_row_sha256=f030d01c4a3ec6d9742b2ce7c83a6ffacb999134b8d807e8c52b7904ff2bed55,true,Formation has not been measured; legacy labels are not formation labels.,PENDING,PENDING,PENDING,PENDING,NOT_MEASURED
endpoint::deepseek8b:seq64:forward:263:in_out_ptr0,ENDPOINT_UNIT,,deepseek8b:seq64:forward:263:in_out_ptr0,deepseek8b,64,FORWARD,add,TRITON,forward:graph0:add_146,true,NORMAL_REFERENCE,NORMAL_REFERENCE_NO_COHERENT_F_B_CARRIER,,,hypothesis_matrix.json; math_proof_row_sha256=85277ac531a3df2dca08b795c51f54d45ec48ebfb19507ab0047624ed9481021,true,Formation has not been measured; legacy labels are not formation labels.,PENDING,PENDING,PENDING,PENDING,NOT_MEASURED
endpoint::deepseek8b:seq64:forward:27:out_ptr0,ENDPOINT_UNIT,,deepseek8b:seq64:forward:27:out_ptr0,deepseek8b,64,FORWARD,clone,TRITON,forward:graph0:clone_6,true,NORMAL_REFERENCE,NORMAL_REFERENCE_NO_COHERENT_F_B_CARRIER,,,hypothesis_matrix.json; math_proof_row_sha256=d0d2ae1fb7915722b4157c08b5172346652d07ffa68ded6d1692675b2008d06b,true,Formation has not been measured; legacy labels are not formation labels.,PENDING,PENDING,PENDING,PENDING,NOT_MEASURED
endpoint::deepseek8b:seq64:forward:280:output_0,ENDPOINT_UNIT,,deepseek8b:seq64:forward:280:output_0,deepseek8b,64,FORWARD,bmm,EXTERN,forward:graph0:bmm_30,true,NORMAL_REFERENCE,NORMAL_REFERENCE_NO_COHERENT_F_B_CARRIER,,,hypothesis_matrix.json; math_proof_row_sha256=05f0b18275622f8064fd268b3f4e0ba728d6410a9af9f65d8fb1f38108e4eaf8,true,Formation has not been measured; legacy labels are not formation labels.,PENDING,PENDING,PENDING,PENDING,NOT_MEASURED
endpoint::deepseek8b:seq64:forward:281:in_out_ptr0,ENDPOINT_UNIT,,deepseek8b:seq64:forward:281:in_out_ptr0,deepseek8b,64,FORWARD,add,TRITON,forward:graph0:add_156,true,NORMAL_REFERENCE,NORMAL_REFERENCE_NO_COHERENT_F_B_CARRIER,,,hypothesis_matrix.json; math_proof_row_sha256=8640b726a12d28f70e67bbcc8d26984b9e9917663e0460e553ece09368785bec,true,Formation has not been measured; legacy labels are not formation labels.,PENDING,PENDING,PENDING,PENDING,NOT_MEASURED
endpoint::deepseek8b:seq64:forward:28:output_0,ENDPOINT_UNIT,,deepseek8b:seq64:forward:28:output_0,deepseek8b,64,FORWARD,bmm,EXTERN,forward:graph0:bmm_2,true,NORMAL_REFERENCE,NORMAL_REFERENCE_NO_COHERENT_F_B_CARRIER,,,hypothesis_matrix.json; math_proof_row_sha256=aa06b9143f1e414277069df31f56516d563839c06883b29b18c9867a29bfaa50,true,Formation has not been measured; legacy labels are not formation labels.,PENDING,PENDING,PENDING,PENDING,NOT_MEASURED
endpoint::deepseek8b:seq64:forward:298:output_0,ENDPOINT_UNIT,,deepseek8b:seq64:forward:298:output_0,deepseek8b,64,FORWARD,bmm,EXTERN,forward:graph0:bmm_32,true,NORMAL_REFERENCE,NORMAL_REFERENCE_NO_COHERENT_F_B_CARRIER,,,hypothesis_matrix.json; math_proof_row_sha256=33519ba00d5c706a2d2f7170d8f2d040c8307ca29bd3e05c0fb3067acaa2be1a,true,Formation has not been measured; legacy labels are not formation labels.,PENDING,PENDING,PENDING,PENDING,NOT_MEASURED
endpoint::deepseek8b:seq64:forward:299:in_out_ptr0,ENDPOINT_UNIT,,deepseek8b:seq64:forward:299:in_out_ptr0,deepseek8b,64,FORWARD,add,TRITON,forward:graph0:add_166,true,COHERENT_F_B_BIAS,OBSERVED_T3_COHERENT_COMPLETE_CARRIER,,,hypothesis_matrix.json; math_proof_row_sha256=40bdb42b6fcf9b4a5b3f16b0cb8975b213699294763c752d1673d0a737671542,true,Formation has not been measured; legacy labels are not formation labels.,PENDING,PENDING,PENDING,PENDING,NOT_MEASURED
endpoint::deepseek8b:seq64:forward:29:in_out_ptr0,ENDPOINT_UNIT,,deepseek8b:seq64:forward:29:in_out_ptr0,deepseek8b,64,FORWARD,add,TRITON,forward:graph0:add_16,true,NORMAL_REFERENCE,NORMAL_REFERENCE_NO_COHERENT_F_B_CARRIER,,,hypothesis_matrix.json; math_proof_row_sha256=c0964a255e23dadc4fdc54998901cf15c525d613e2ba1914be1c4b46ead100c5,true,Formation has not been measured; legacy labels are not formation labels.,PENDING,PENDING,PENDING,PENDING,NOT_MEASURED
endpoint::deepseek8b:seq64:forward:316:output_0,ENDPOINT_UNIT,,deepseek8b:seq64:forward:316:output_0,deepseek8b,64,FORWARD,bmm,EXTERN,forward:graph0:bmm_34,true,NORMAL_REFERENCE,NORMAL_REFERENCE_NO_COHERENT_F_B_CARRIER,,,hypothesis_matrix.json; math_proof_row_sha256=8da7c041cc6072b299225fe663bda260cd86032313dccfdbdad0967a6b311699,true,Formation has not been measured; legacy labels are not formation labels.,PENDING,PENDING,PENDING,PENDING,NOT_MEASURED
endpoint::deepseek8b:seq64:forward:317:in_out_ptr0,ENDPOINT_UNIT,,deepseek8b:seq64:forward:317:in_out_ptr0,deepseek8b,64,FORWARD,add,TRITON,forward:graph0:add_176,true,COHERENT_F_B_BIAS,OBSERVED_T3_COHERENT_COMPLETE_CARRIER,,,hypothesis_matrix.json; math_proof_row_sha256=76234c96cf82bd9d508c7b240e3e7aeb709090c8a196f63a1681d284121afb12,true,Formation has not been measured; legacy labels are not formation labels.,PENDING,PENDING,PENDING,PENDING,NOT_MEASURED
endpoint::deepseek8b:seq64:forward:334:output_0,ENDPOINT_UNIT,,deepseek8b:seq64:forward:334:output_0,deepseek8b,64,FORWARD,bmm,EXTERN,forward:graph0:bmm_36,true,NORMAL_REFERENCE,NORMAL_REFERENCE_NO_COHERENT_F_B_CARRIER,,,hypothesis_matrix.json; math_proof_row_sha256=3fc252a8fddb9fabccd0e819d0ed65a5f188dbb7b2210cd68aff330b6fce3913,true,Formation has not been measured; legacy labels are not formation labels.,PENDING,PENDING,PENDING,PENDING,NOT_MEASURED
endpoint::deepseek8b:seq64:forward:335:in_out_ptr0,ENDPOINT_UNIT,,deepseek8b:seq64:forward:335:in_out_ptr0,deepseek8b,64,FORWARD,add,TRITON,forward:graph0:add_186,true,NORMAL_REFERENCE,NORMAL_REFERENCE_NO_COHERENT_F_B_CARRIER,,,hypothesis_matrix.json; math_proof_row_sha256=c3b7d3b681ff89ce3abb6f4a6d6e1d510bf9ec64161ecce2dca42ecb98afe510,true,Formation has not been measured; legacy labels are not formation labels.,PENDING,PENDING,PENDING,PENDING,NOT_MEASURED
endpoint::deepseek8b:seq64:forward:347:in_out_ptr0,ENDPOINT_UNIT,,deepseek8b:seq64:forward:347:in_out_ptr0,deepseek8b,64,FORWARD,rsqrt,TRITON,forward:graph0:rsqrt_77,true,NORMAL_REFERENCE,NORMAL_REFERENCE_NO_COHERENT_F_B_CARRIER,,,hypothesis_matrix.json; math_proof_row_sha256=c7cc06ad1045d766798da992e9de8ce6972023e0c2fd47d0220fa3312d17c11e,true,Formation has not been measured; legacy labels are not formation labels.,PENDING,PENDING,PENDING,PENDING,NOT_MEASURED
endpoint::deepseek8b:seq64:forward:34:in_out_ptr1,ENDPOINT_UNIT,,deepseek8b:seq64:forward:34:in_out_ptr1,deepseek8b,64,FORWARD,rsqrt,TRITON,forward:graph0:rsqrt_7,true,NORMAL_REFERENCE,NORMAL_REFERENCE_NO_COHERENT_F_B_CARRIER,,,hypothesis_matrix.json; math_proof_row_sha256=7ae1e5c31e8c34c88e442d6a610ca8b61bde9cdfac534e8d75489b95bbd02d3f,true,Formation has not been measured; legacy labels are not formation labels.,PENDING,PENDING,PENDING,PENDING,NOT_MEASURED
endpoint::deepseek8b:seq64:forward:352:output_0,ENDPOINT_UNIT,,deepseek8b:seq64:forward:352:output_0,deepseek8b,64,FORWARD,bmm,EXTERN,forward:graph0:bmm_38,true,NORMAL_REFERENCE,NORMAL_REFERENCE_NO_COHERENT_F_B_CARRIER,,,hypothesis_matrix.json; math_proof_row_sha256=50b3426b279c5a2f90294bfdacad719f5ea0a7b5163bc7fd7addd75bbbb65f42,true,Formation has not been measured; legacy labels are not formation labels.,PENDING,PENDING,PENDING,PENDING,NOT_MEASURED
endpoint::deepseek8b:seq64:forward:353:in_out_ptr0,ENDPOINT_UNIT,,deepseek8b:seq64:forward:353:in_out_ptr0,deepseek8b,64,FORWARD,add,TRITON,forward:graph0:add_196,true,NORMAL_REFERENCE,NORMAL_REFERENCE_NO_COHERENT_F_B_CARRIER,,,hypothesis_matrix.json; math_proof_row_sha256=300bc9cccab7a9c54d10c8d43292dd88831c25d24c50342adc41e4875874a639,true,Formation has not been measured; legacy labels are not formation labels.,PENDING,PENDING,PENDING,PENDING,NOT_MEASURED
endpoint::deepseek8b:seq64:forward:367:in_out_ptr0,ENDPOINT_UNIT,,deepseek8b:seq64:forward:367:in_out_ptr0,deepseek8b,64,FORWARD,rsqrt,TRITON,forward:graph0:rsqrt_82,true,NORMAL_REFERENCE,NORMAL_REFERENCE_NO_COHERENT_F_B_CARRIER,,,hypothesis_matrix.json; math_proof_row_sha256=c70ef9f86507bef3efbdfbbf8a49e44d553c5f87f7edba934fa65e4b2bcea070,true,Formation has not been measured; legacy labels are not formation labels.,PENDING,PENDING,PENDING,PENDING,NOT_MEASURED
endpoint::deepseek8b:seq64:forward:370:output_0,ENDPOINT_UNIT,,deepseek8b:seq64:forward:370:output_0,deepseek8b,64,FORWARD,bmm,EXTERN,forward:graph0:bmm_40,true,NORMAL_REFERENCE,NORMAL_REFERENCE_NO_COHERENT_F_B_CARRIER,,,hypothesis_matrix.json; math_proof_row_sha256=4dca98b8f08774c4b0ca5370ad6cd81bdfbdd2e5e72dd7dec130b00594549acc,true,Formation has not been measured; legacy labels are not formation labels.,PENDING,PENDING,PENDING,PENDING,NOT_MEASURED
endpoint::deepseek8b:seq64:forward:371:in_out_ptr0,ENDPOINT_UNIT,,deepseek8b:seq64:forward:371:in_out_ptr0,deepseek8b,64,FORWARD,add,TRITON,forward:graph0:add_206,true,COHERENT_F_B_BIAS,OBSERVED_T3_COHERENT_COMPLETE_CARRIER,,,hypothesis_matrix.json; math_proof_row_sha256=49871a50208d611fdbe5e6888cf34486e3f626c50f2e2c6f47caea22256ceed2,true,Formation has not been measured; legacy labels are not formation labels.,PENDING,PENDING,PENDING,PENDING,NOT_MEASURED
endpoint::deepseek8b:seq64:forward:388:output_0,ENDPOINT_UNIT,,deepseek8b:seq64:forward:388:output_0,deepseek8b,64,FORWARD,bmm,EXTERN,forward:graph0:bmm_42,true,NORMAL_REFERENCE,NORMAL_REFERENCE_NO_COHERENT_F_B_CARRIER,,,hypothesis_matrix.json; math_proof_row_sha256=8453c7727985233551bb7161ec4fc5f289bdcc01aac3222837bb0498f8cc5528,true,Formation has not been measured; legacy labels are not formation labels.,PENDING,PENDING,PENDING,PENDING,NOT_MEASURED
endpoint::deepseek8b:seq64:forward:389:in_out_ptr0,ENDPOINT_UNIT,,deepseek8b:seq64:forward:389:in_out_ptr0,deepseek8b,64,FORWARD,add,TRITON,forward:graph0:add_216,true,COHERENT_F_B_BIAS,OBSERVED_T3_COHERENT_COMPLETE_CARRIER,,,hypothesis_matrix.json; math_proof_row_sha256=e24a0d3883bce4e469319fea1adbf904d25cd6cd5af4a99e7577be928f84aeff,true,Formation has not been measured; legacy labels are not formation labels.,PENDING,PENDING,PENDING,PENDING,NOT_MEASURED
endpoint::deepseek8b:seq64:forward:39:in_out_ptr1,ENDPOINT_UNIT,,deepseek8b:seq64:forward:39:in_out_ptr1,deepseek8b,64,FORWARD,rsqrt,TRITON,forward:graph0:rsqrt_8,true,NORMAL_REFERENCE,NORMAL_REFERENCE_NO_COHERENT_F_B_CARRIER,,,hypothesis_matrix.json; math_proof_row_sha256=e221046bf03ef304575723ad6caf0d36eeaceed2b167060c52fcf73e9d9837f0,true,Formation has not been measured; legacy labels are not formation labels.,PENDING,PENDING,PENDING,PENDING,NOT_MEASURED
endpoint::deepseek8b:seq64:forward:403:in_out_ptr0,ENDPOINT_UNIT,,deepseek8b:seq64:forward:403:in_out_ptr0,deepseek8b,64,FORWARD,rsqrt,TRITON,forward:graph0:rsqrt_90,true,NORMAL_REFERENCE,NORMAL_REFERENCE_NO_COHERENT_F_B_CARRIER,,,hypothesis_matrix.json; math_proof_row_sha256=d23c19a24f934f675e6c373709846b191c1b4a7c1e532ca47516611d4d1ebd78,true,Formation has not been measured; legacy labels are not formation labels.,PENDING,PENDING,PENDING,PENDING,NOT_MEASURED
endpoint::deepseek8b:seq64:forward:406:output_0,ENDPOINT_UNIT,,deepseek8b:seq64:forward:406:output_0,deepseek8b,64,FORWARD,bmm,EXTERN,forward:graph0:bmm_44,true,NORMAL_REFERENCE,NORMAL_REFERENCE_NO_COHERENT_F_B_CARRIER,,,hypothesis_matrix.json; math_proof_row_sha256=76692dcaf115dd0f433d481436f5e826534b5087cdb11c52e6d474e722fdffb3,true,Formation has not been measured; legacy labels are not formation labels.,PENDING,PENDING,PENDING,PENDING,NOT_MEASURED
endpoint::deepseek8b:seq64:forward:407:in_out_ptr0,ENDPOINT_UNIT,,deepseek8b:seq64:forward:407:in_out_ptr0,deepseek8b,64,FORWARD,add,TRITON,forward:graph0:add_226,true,COHERENT_F_B_BIAS,OBSERVED_T3_COHERENT_COMPLETE_CARRIER,,,hypothesis_matrix.json; math_proof_row_sha256=5d4fa90db289e1bdaa691498fa4d4d3125d6ae5d60d534f49d9bb1b7b38ac620,true,Formation has not been measured; legacy labels are not formation labels.,PENDING,PENDING,PENDING,PENDING,NOT_MEASURED
endpoint::deepseek8b:seq64:forward:423:out_ptr0,ENDPOINT_UNIT,,deepseek8b:seq64:forward:423:out_ptr0,deepseek8b,64,FORWARD,clone,TRITON,forward:graph0:clone_94,true,NORMAL_REFERENCE,NORMAL_REFERENCE_NO_COHERENT_F_B_CARRIER,,,hypothesis_matrix.json; math_proof_row_sha256=e197e0e594bfaa765bc291e56e6adb4fc308f534a61e110df90940bd269c3d17,true,Formation has not been measured; legacy labels are not formation labels.,PENDING,PENDING,PENDING,PENDING,NOT_MEASURED
endpoint::deepseek8b:seq64:forward:424:output_0,ENDPOINT_UNIT,,deepseek8b:seq64:forward:424:output_0,deepseek8b,64,FORWARD,bmm,EXTERN,forward:graph0:bmm_46,true,NORMAL_REFERENCE,NORMAL_REFERENCE_NO_COHERENT_F_B_CARRIER,,,hypothesis_matrix.json; math_proof_row_sha256=7f2f8fea7f407bd0d4bda4e333e0651deb18ba1be5da461389f86d12ebdc80b2,true,Formation has not been measured; legacy labels are not formation labels.,PENDING,PENDING,PENDING,PENDING,NOT_MEASURED
endpoint::deepseek8b:seq64:forward:425:in_out_ptr0,ENDPOINT_UNIT,,deepseek8b:seq64:forward:425:in_out_ptr0,deepseek8b,64,FORWARD,add,TRITON,forward:graph0:add_236,true,NORMAL_REFERENCE,NORMAL_REFERENCE_NO_COHERENT_F_B_CARRIER,,,hypothesis_matrix.json; math_proof_row_sha256=42ef778d74da67778b454f8063ed0e264d928468231b363f0105d20cd2efd53d,true,Formation has not been measured; legacy labels are not formation labels.,PENDING,PENDING,PENDING,PENDING,NOT_MEASURED
endpoint::deepseek8b:seq64:forward:439:in_out_ptr0,ENDPOINT_UNIT,,deepseek8b:seq64:forward:439:in_out_ptr0,deepseek8b,64,FORWARD,rsqrt,TRITON,forward:graph0:rsqrt_98,true,NORMAL_REFERENCE,NORMAL_REFERENCE_NO_COHERENT_F_B_CARRIER,,,hypothesis_matrix.json; math_proof_row_sha256=984091d61cf5226160aab9f3b3598d8c6232a2ff8ea7d67bb92b70b2165693d1,true,Formation has not been measured; legacy labels are not formation labels.,PENDING,PENDING,PENDING,PENDING,NOT_MEASURED
endpoint::deepseek8b:seq64:forward:442:output_0,ENDPOINT_UNIT,,deepseek8b:seq64:forward:442:output_0,deepseek8b,64,FORWARD,bmm,EXTERN,forward:graph0:bmm_48,true,NORMAL_REFERENCE,NORMAL_REFERENCE_NO_COHERENT_F_B_CARRIER,,,hypothesis_matrix.json; math_proof_row_sha256=d2465842f97c4233344b8198b9097ada9556002395d1edae64a78779d9bbd5b9,true,Formation has not been measured; legacy labels are not formation labels.,PENDING,PENDING,PENDING,PENDING,NOT_MEASURED
endpoint::deepseek8b:seq64:forward:443:in_out_ptr0,ENDPOINT_UNIT,,deepseek8b:seq64:forward:443:in_out_ptr0,deepseek8b,64,FORWARD,add,TRITON,forward:graph0:add_246,true,COHERENT_F_B_BIAS,OBSERVED_T3_COHERENT_COMPLETE_CARRIER,,,hypothesis_matrix.json; math_proof_row_sha256=ab6d66896bb50cad11decb0efbc97fcc43ddcd96ae9b6d4568b09f4a4661cd05,true,Formation has not been measured; legacy labels are not formation labels.,PENDING,PENDING,PENDING,PENDING,NOT_MEASURED
endpoint::deepseek8b:seq64:forward:45:out_ptr0,ENDPOINT_UNIT,,deepseek8b:seq64:forward:45:out_ptr0,deepseek8b,64,FORWARD,clone,TRITON,forward:graph0:clone_10,true,NORMAL_REFERENCE,NORMAL_REFERENCE_NO_COHERENT_F_B_CARRIER,,,hypothesis_matrix.json; math_proof_row_sha256=56f94f83128606c72dac90224072bcf00ebc2216bca6e92d24d074ed7e7c0545,true,Formation has not been measured; legacy labels are not formation labels.,PENDING,PENDING,PENDING,PENDING,NOT_MEASURED
endpoint::deepseek8b:seq64:forward:460:output_0,ENDPOINT_UNIT,,deepseek8b:seq64:forward:460:output_0,deepseek8b,64,FORWARD,bmm,EXTERN,forward:graph0:bmm_50,true,COHERENT_F_B_BIAS,OBSERVED_T3_COHERENT_COMPLETE_CARRIER,,,hypothesis_matrix.json; math_proof_row_sha256=34f7eef395f5a082c534fccadcaf9d8ad3a83bc0d713d45e5ee8fd5f188bd8f5,true,Formation has not been measured; legacy labels are not formation labels.,PENDING,PENDING,PENDING,PENDING,NOT_MEASURED
endpoint::deepseek8b:seq64:forward:461:in_out_ptr0,ENDPOINT_UNIT,,deepseek8b:seq64:forward:461:in_out_ptr0,deepseek8b,64,FORWARD,add,TRITON,forward:graph0:add_256,true,COHERENT_F_B_BIAS,OBSERVED_T3_COHERENT_COMPLETE_CARRIER,,,hypothesis_matrix.json; math_proof_row_sha256=54db1a186ec2aee876f6e0c0f6e769321dff68941ce245795107092f2883191b,true,Formation has not been measured; legacy labels are not formation labels.,PENDING,PENDING,PENDING,PENDING,NOT_MEASURED
endpoint::deepseek8b:seq64:forward:464:out_ptr0,ENDPOINT_UNIT,,deepseek8b:seq64:forward:464:out_ptr0,deepseek8b,64,FORWARD,clone,TRITON,forward:graph0:clone_105,true,NORMAL_REFERENCE,NORMAL_REFERENCE_NO_COHERENT_F_B_CARRIER,,,hypothesis_matrix.json; math_proof_row_sha256=ad79212eb740d6ed42bfca19c266476383fd9d4b496b70ba60b898bbd4d9c314,true,Formation has not been measured; legacy labels are not formation labels.,PENDING,PENDING,PENDING,PENDING,NOT_MEASURED
endpoint::deepseek8b:seq64:forward:466:in_out_ptr1,ENDPOINT_UNIT,,deepseek8b:seq64:forward:466:in_out_ptr1,deepseek8b,64,FORWARD,rsqrt,TRITON,forward:graph0:rsqrt_103,true,NORMAL_REFERENCE,NORMAL_REFERENCE_NO_COHERENT_F_B_CARRIER,,,hypothesis_matrix.json; math_proof_row_sha256=4a962d105859ca6055b8d3df0947a9056a1651a8b09b7e9d872ecebcb8ec0060,true,Formation has not been measured; legacy labels are not formation labels.,PENDING,PENDING,PENDING,PENDING,NOT_MEASURED
endpoint::deepseek8b:seq64:forward:46:output_0,ENDPOINT_UNIT,,deepseek8b:seq64:forward:46:output_0,deepseek8b,64,FORWARD,bmm,EXTERN,forward:graph0:bmm_4,true,NORMAL_REFERENCE,NORMAL_REFERENCE_NO_COHERENT_F_B_CARRIER,,,hypothesis_matrix.json; math_proof_row_sha256=eff2f0ab123833ff28997fec52d375331971462d37497a8392c197f1c2563afa,true,Formation has not been measured; legacy labels are not formation labels.,PENDING,PENDING,PENDING,PENDING,NOT_MEASURED
endpoint::deepseek8b:seq64:forward:475:in_out_ptr0,ENDPOINT_UNIT,,deepseek8b:seq64:forward:475:in_out_ptr0,deepseek8b,64,FORWARD,rsqrt,TRITON,forward:graph0:rsqrt_106,true,NORMAL_REFERENCE,NORMAL_REFERENCE_NO_COHERENT_F_B_CARRIER,,,hypothesis_matrix.json; math_proof_row_sha256=42880d8c0d81c5fb559732884a4987e0e2a2e5fea624f87341239e3982741779,true,Formation has not been measured; legacy labels are not formation labels.,PENDING,PENDING,PENDING,PENDING,NOT_MEASURED
endpoint::deepseek8b:seq64:forward:478:output_0,ENDPOINT_UNIT,,deepseek8b:seq64:forward:478:output_0,deepseek8b,64,FORWARD,bmm,EXTERN,forward:graph0:bmm_52,true,NORMAL_REFERENCE,NORMAL_REFERENCE_NO_COHERENT_F_B_CARRIER,,,hypothesis_matrix.json; math_proof_row_sha256=a9f2535fc7bc6a33f4e36b744c4019fee91340dad993317b0018edc300afc336,true,Formation has not been measured; legacy labels are not formation labels.,PENDING,PENDING,PENDING,PENDING,NOT_MEASURED
endpoint::deepseek8b:seq64:forward:479:in_out_ptr0,ENDPOINT_UNIT,,deepseek8b:seq64:forward:479:in_out_ptr0,deepseek8b,64,FORWARD,add,TRITON,forward:graph0:add_266,true,NORMAL_REFERENCE,NORMAL_REFERENCE_NO_COHERENT_F_B_CARRIER,,,hypothesis_matrix.json; math_proof_row_sha256=659424eec2bb3dee0c726c965d76c89959ab46d3a35c0e3147cb69e62be6a8bd,true,Formation has not been measured; legacy labels are not formation labels.,PENDING,PENDING,PENDING,PENDING,NOT_MEASURED
endpoint::deepseek8b:seq64:forward:47:in_out_ptr0,ENDPOINT_UNIT,,deepseek8b:seq64:forward:47:in_out_ptr0,deepseek8b,64,FORWARD,add,TRITON,forward:graph0:add_26,true,COHERENT_F_B_BIAS,OBSERVED_T3_COHERENT_COMPLETE_CARRIER,,,hypothesis_matrix.json; math_proof_row_sha256=47e5c0a5bf772fb1a386066a2670e47c6076ec6ff38705bcbd3c2057e3d8a2b9,true,Formation has not been measured; legacy labels are not formation labels.,PENDING,PENDING,PENDING,PENDING,NOT_MEASURED
endpoint::deepseek8b:seq64:forward:496:output_0,ENDPOINT_UNIT,,deepseek8b:seq64:forward:496:output_0,deepseek8b,64,FORWARD,bmm,EXTERN,forward:graph0:bmm_54,true,NORMAL_REFERENCE,NORMAL_REFERENCE_NO_COHERENT_F_B_CARRIER,,,hypothesis_matrix.json; math_proof_row_sha256=b52b26d0abdf079321aa79260b05109ad032c34929462e8e3b7a470f91a0a889,true,Formation has not been measured; legacy labels are not formation labels.,PENDING,PENDING,PENDING,PENDING,NOT_MEASURED
endpoint::deepseek8b:seq64:forward:497:in_out_ptr0,ENDPOINT_UNIT,,deepseek8b:seq64:forward:497:in_out_ptr0,deepseek8b,64,FORWARD,add,TRITON,forward:graph0:add_276,true,NORMAL_REFERENCE,NORMAL_REFERENCE_NO_COHERENT_F_B_CARRIER,,,hypothesis_matrix.json; math_proof_row_sha256=4417354ec6385342feb51c48254f7d28e8f81384097f8fc2da1479d517b8de4a,true,Formation has not been measured; legacy labels are not formation labels.,PENDING,PENDING,PENDING,PENDING,NOT_MEASURED
endpoint::deepseek8b:seq64:forward:514:output_0,ENDPOINT_UNIT,,deepseek8b:seq64:forward:514:output_0,deepseek8b,64,FORWARD,bmm,EXTERN,forward:graph0:bmm_56,true,NORMAL_REFERENCE,NORMAL_REFERENCE_NO_COHERENT_F_B_CARRIER,,,hypothesis_matrix.json; math_proof_row_sha256=6a63566c48a53751f871c306eedf5ebf010e324d8c2b158fed18958826b69872,true,Formation has not been measured; legacy labels are not formation labels.,PENDING,PENDING,PENDING,PENDING,NOT_MEASURED
endpoint::deepseek8b:seq64:forward:515:in_out_ptr0,ENDPOINT_UNIT,,deepseek8b:seq64:forward:515:in_out_ptr0,deepseek8b,64,FORWARD,add,TRITON,forward:graph0:add_286,true,COHERENT_F_B_BIAS,OBSERVED_T3_COHERENT_COMPLETE_CARRIER,,,hypothesis_matrix.json; math_proof_row_sha256=b9bda126dfbb5d047e406d6eff4165fe372742747be1439dc18cf25bec2b148d,true,Formation has not been measured; legacy labels are not formation labels.,PENDING,PENDING,PENDING,PENDING,NOT_MEASURED
endpoint::deepseek8b:seq64:forward:529:in_out_ptr0,ENDPOINT_UNIT,,deepseek8b:seq64:forward:529:in_out_ptr0,deepseek8b,64,FORWARD,rsqrt,TRITON,forward:graph0:rsqrt_118,true,NORMAL_REFERENCE,NORMAL_REFERENCE_NO_COHERENT_F_B_CARRIER,,,hypothesis_matrix.json; math_proof_row_sha256=a49d079aed96e4e8070053e23c0f7b57cc7d686271ded9f3933464183a6835e4,true,Formation has not been measured; legacy labels are not formation labels.,PENDING,PENDING,PENDING,PENDING,NOT_MEASURED
endpoint::deepseek8b:seq64:forward:52:in_out_ptr1,ENDPOINT_UNIT,,deepseek8b:seq64:forward:52:in_out_ptr1,deepseek8b,64,FORWARD,rsqrt,TRITON,forward:graph0:rsqrt_11,true,NORMAL_REFERENCE,NORMAL_REFERENCE_NO_COHERENT_F_B_CARRIER,,,hypothesis_matrix.json; math_proof_row_sha256=75e8ee3a2ed478d8b655ccbbe777b9e492a4352996ccc071378c314c6554e9fb,true,Formation has not been measured; legacy labels are not formation labels.,PENDING,PENDING,PENDING,PENDING,NOT_MEASURED
endpoint::deepseek8b:seq64:forward:532:output_0,ENDPOINT_UNIT,,deepseek8b:seq64:forward:532:output_0,deepseek8b,64,FORWARD,bmm,EXTERN,forward:graph0:bmm_58,true,NORMAL_REFERENCE,NORMAL_REFERENCE_NO_COHERENT_F_B_CARRIER,,,hypothesis_matrix.json; math_proof_row_sha256=473bcbd238f77a404e23883eed2ee2dd7dbb9e9dda7b5509da8de89f86ece897,true,Formation has not been measured; legacy labels are not formation labels.,PENDING,PENDING,PENDING,PENDING,NOT_MEASURED
endpoint::deepseek8b:seq64:forward:533:in_out_ptr0,ENDPOINT_UNIT,,deepseek8b:seq64:forward:533:in_out_ptr0,deepseek8b,64,FORWARD,add,TRITON,forward:graph0:add_296,true,COHERENT_F_B_BIAS,OBSERVED_T3_COHERENT_COMPLETE_CARRIER,,,hypothesis_matrix.json; math_proof_row_sha256=9c14634b883ee2a3af7f1c330ce2e41dd9e380bba234e1171544dff8f08f8d85,true,Formation has not been measured; legacy labels are not formation labels.,PENDING,PENDING,PENDING,PENDING,NOT_MEASURED
endpoint::deepseek8b:seq64:forward:53:output_0,ENDPOINT_UNIT,,deepseek8b:seq64:forward:53:output_0,deepseek8b,64,FORWARD,mm,EXTERN,forward:graph0:mm_18,true,NORMAL_REFERENCE,NORMAL_REFERENCE_NO_LOCAL_DIRECTIONAL_DIFFERENCE,,,hypothesis_matrix.json; math_proof_row_sha256=9f40d1550066832dd8c956267615e5bcd717a40097edc8c4a81057b46e90649c,true,Formation has not been measured; legacy labels are not formation labels.,PENDING,PENDING,PENDING,PENDING,NOT_MEASURED
endpoint::deepseek8b:seq64:forward:545:in_out_ptr0,ENDPOINT_UNIT,,deepseek8b:seq64:forward:545:in_out_ptr0,deepseek8b,64,FORWARD,rsqrt,TRITON,forward:graph0:rsqrt_121,true,NORMAL_REFERENCE,NORMAL_REFERENCE_NO_COHERENT_F_B_CARRIER,,,hypothesis_matrix.json; math_proof_row_sha256=63fe7cd6d63517200ac96be948d58312185c5c56e4a73062ece68a5ec9139813,true,Formation has not been measured; legacy labels are not formation labels.,PENDING,PENDING,PENDING,PENDING,NOT_MEASURED
endpoint::deepseek8b:seq64:forward:547:in_out_ptr0,ENDPOINT_UNIT,,deepseek8b:seq64:forward:547:in_out_ptr0,deepseek8b,64,FORWARD,rsqrt,TRITON,forward:graph0:rsqrt_122,true,NORMAL_REFERENCE,NORMAL_REFERENCE_NO_COHERENT_F_B_CARRIER,,,hypothesis_matrix.json; math_proof_row_sha256=36fbd2ac2718c6ed137d12122628eacde7639f12a8118cfeeb6b9b0ce467355e,true,Formation has not been measured; legacy labels are not formation labels.,PENDING,PENDING,PENDING,PENDING,NOT_MEASURED
endpoint::deepseek8b:seq64:forward:550:output_0,ENDPOINT_UNIT,,deepseek8b:seq64:forward:550:output_0,deepseek8b,64,FORWARD,bmm,EXTERN,forward:graph0:bmm_60,true,COHERENT_F_B_BIAS,OBSERVED_T3_COHERENT_COMPLETE_CARRIER,,,hypothesis_matrix.json; math_proof_row_sha256=b2782044fdde9a16ba8465256f4ce52c925944498edca193daad8cfe89a5137f,true,Formation has not been measured; legacy labels are not formation labels.,PENDING,PENDING,PENDING,PENDING,NOT_MEASURED
endpoint::deepseek8b:seq64:forward:551:in_out_ptr0,ENDPOINT_UNIT,,deepseek8b:seq64:forward:551:in_out_ptr0,deepseek8b,64,FORWARD,add,TRITON,forward:graph0:add_306,true,COHERENT_F_B_BIAS,OBSERVED_T3_COHERENT_COMPLETE_CARRIER,,,hypothesis_matrix.json; math_proof_row_sha256=f9cc9975d91b9c495bc4ce84735d16945ab796e8ca63ae7dc536b195ceec26b4,true,Formation has not been measured; legacy labels are not formation labels.,PENDING,PENDING,PENDING,PENDING,NOT_MEASURED
endpoint::deepseek8b:seq64:forward:565:in_out_ptr0,ENDPOINT_UNIT,,deepseek8b:seq64:forward:565:in_out_ptr0,deepseek8b,64,FORWARD,rsqrt,TRITON,forward:graph0:rsqrt_126,true,NORMAL_REFERENCE,NORMAL_REFERENCE_NO_COHERENT_F_B_CARRIER,,,hypothesis_matrix.json; math_proof_row_sha256=9a3b0ca822142d48aa1a88035a2c4fec11196b23704c01ff7f6919392d93139c,true,Formation has not been measured; legacy labels are not formation labels.,PENDING,PENDING,PENDING,PENDING,NOT_MEASURED
endpoint::deepseek8b:seq64:forward:568:output_0,ENDPOINT_UNIT,,deepseek8b:seq64:forward:568:output_0,deepseek8b,64,FORWARD,bmm,EXTERN,forward:graph0:bmm_62,true,COHERENT_F_B_BIAS,OBSERVED_T3_COHERENT_COMPLETE_CARRIER,,,hypothesis_matrix.json; math_proof_row_sha256=d1cef1599ad777e4e26c99f58738c1cb1dd626416010c537c509802d3b24b283,true,Formation has not been measured; legacy labels are not formation labels.,PENDING,PENDING,PENDING,PENDING,NOT_MEASURED
endpoint::deepseek8b:seq64:forward:569:in_out_ptr0,ENDPOINT_UNIT,,deepseek8b:seq64:forward:569:in_out_ptr0,deepseek8b,64,FORWARD,add,TRITON,forward:graph0:add_316,true,NORMAL_REFERENCE,NORMAL_REFERENCE_NO_COHERENT_F_B_CARRIER,,,hypothesis_matrix.json; math_proof_row_sha256=8052b5e6e17815d68b493a97a44fc49b29305ad1a53c9bab27a3507dd71b5a28,true,Formation has not been measured; legacy labels are not formation labels.,PENDING,PENDING,PENDING,PENDING,NOT_MEASURED
endpoint::deepseek8b:seq64:forward:57:in_out_ptr1,ENDPOINT_UNIT,,deepseek8b:seq64:forward:57:in_out_ptr1,deepseek8b,64,FORWARD,rsqrt,TRITON,forward:graph0:rsqrt_12,true,NORMAL_REFERENCE,NORMAL_REFERENCE_NO_COHERENT_F_B_CARRIER,,,hypothesis_matrix.json; math_proof_row_sha256=0252e2f2d0fac18f902df20c08c0e714ea0e662cb1b8e9817fb1e1f49fc24bb9,true,Formation has not been measured; legacy labels are not formation labels.,PENDING,PENDING,PENDING,PENDING,NOT_MEASURED
endpoint::deepseek8b:seq64:forward:581:in_out_ptr0,ENDPOINT_UNIT,,deepseek8b:seq64:forward:581:in_out_ptr0,deepseek8b,64,FORWARD,rsqrt,TRITON,forward:graph0:rsqrt_129,true,NORMAL_REFERENCE,NORMAL_REFERENCE_NO_COHERENT_F_B_CARRIER,,,hypothesis_matrix.json; math_proof_row_sha256=fd7fa657a57f099510e3eda98b32932693f8407a2dc35dfcfde08a685a7f0da2,true,Formation has not been measured; legacy labels are not formation labels.,PENDING,PENDING,PENDING,PENDING,NOT_MEASURED
endpoint::deepseek8b:seq64:forward:586:output_0,ENDPOINT_UNIT,,deepseek8b:seq64:forward:586:output_0,deepseek8b,64,FORWARD,bmm,EXTERN,forward:graph0:bmm_64,true,COHERENT_F_B_BIAS,OBSERVED_T3_COHERENT_COMPLETE_CARRIER,,,hypothesis_matrix.json; math_proof_row_sha256=e828667f870b72cfbbe5b36632cb1227608ed08d5694cd03de0506f6afa6f68b,true,Formation has not been measured; legacy labels are not formation labels.,PENDING,PENDING,PENDING,PENDING,NOT_MEASURED
endpoint::deepseek8b:seq64:forward:587:in_out_ptr0,ENDPOINT_UNIT,,deepseek8b:seq64:forward:587:in_out_ptr0,deepseek8b,64,FORWARD,add,TRITON,forward:graph0:add_326,true,COHERENT_F_B_BIAS,OBSERVED_T3_COHERENT_COMPLETE_CARRIER,,,hypothesis_matrix.json; math_proof_row_sha256=4cb3d47358955f5b6ae4d6a20e76344fbe09acd18f3a9bec7d952340a22dba29,true,Formation has not been measured; legacy labels are not formation labels.,PENDING,PENDING,PENDING,PENDING,NOT_MEASURED
endpoint::deepseek8b:seq64:forward:599:in_out_ptr0,ENDPOINT_UNIT,,deepseek8b:seq64:forward:599:in_out_ptr0,deepseek8b,64,FORWARD,rsqrt,TRITON,forward:graph0:rsqrt_133,true,NORMAL_REFERENCE,NORMAL_REFERENCE_NO_COHERENT_F_B_CARRIER,,,hypothesis_matrix.json; math_proof_row_sha256=3dd084cb31cdb30ba968385ea40a360cde477617ad2b40d7bc2cb5c704457fe8,true,Formation has not been measured; legacy labels are not formation labels.,PENDING,PENDING,PENDING,PENDING,NOT_MEASURED
endpoint::deepseek8b:seq64:forward:5:out_ptr2,ENDPOINT_UNIT,,deepseek8b:seq64:forward:5:out_ptr2,deepseek8b,64,FORWARD,permute,TRITON,forward:graph0:permute_1752,true,NORMAL_REFERENCE,NORMAL_REFERENCE_NO_COHERENT_F_B_CARRIER,,,hypothesis_matrix.json; math_proof_row_sha256=d2a6308dd8c664eadd95c037d3fc9cd306c7384eccd382eefc328da8bfc9a270,true,Formation has not been measured; legacy labels are not formation labels.,PENDING,PENDING,PENDING,PENDING,NOT_MEASURED
endpoint::deepseek8b:seq64:forward:604:output_0,ENDPOINT_UNIT,,deepseek8b:seq64:forward:604:output_0,deepseek8b,64,FORWARD,bmm,EXTERN,forward:graph0:bmm_66,true,NORMAL_REFERENCE,NORMAL_REFERENCE_NO_COHERENT_F_B_CARRIER,,,hypothesis_matrix.json; math_proof_row_sha256=d0e6ea71920a701ceadd658892df61175ebf2721ce1ada5f99c0e6ba766191da,true,Formation has not been measured; legacy labels are not formation labels.,PENDING,PENDING,PENDING,PENDING,NOT_MEASURED
endpoint::deepseek8b:seq64:forward:605:in_out_ptr0,ENDPOINT_UNIT,,deepseek8b:seq64:forward:605:in_out_ptr0,deepseek8b,64,FORWARD,add,TRITON,forward:graph0:add_336,true,COHERENT_F_B_BIAS,OBSERVED_T3_COHERENT_COMPLETE_CARRIER,,,hypothesis_matrix.json; math_proof_row_sha256=62681daa21b6cda98d0fb8b9264fd2dd43f961923b85d14194aff07cdeff2748,true,Formation has not been measured; legacy labels are not formation labels.,PENDING,PENDING,PENDING,PENDING,NOT_MEASURED
endpoint::deepseek8b:seq64:forward:619:in_out_ptr0,ENDPOINT_UNIT,,deepseek8b:seq64:forward:619:in_out_ptr0,deepseek8b,64,FORWARD,rsqrt,TRITON,forward:graph0:rsqrt_138,true,COHERENT_F_B_BIAS,OBSERVED_T3_COHERENT_COMPLETE_CARRIER,,,hypothesis_matrix.json; math_proof_row_sha256=4be1bb0b8a94ded2ea1a93ca7106a2e5be750bb2c784407736701532588fc1f4,true,Formation has not been measured; legacy labels are not formation labels.,PENDING,PENDING,PENDING,PENDING,NOT_MEASURED
endpoint::deepseek8b:seq64:forward:61:in_out_ptr1,ENDPOINT_UNIT,,deepseek8b:seq64:forward:61:in_out_ptr1,deepseek8b,64,FORWARD,add,TRITON,forward:graph0:add_35,true,NORMAL_REFERENCE,NORMAL_REFERENCE_NO_COHERENT_F_B_CARRIER,,,hypothesis_matrix.json; math_proof_row_sha256=4108053e458525a502fe2ce3266f7d63924eba0f342cdf9956e14c05a259e2bf,true,Formation has not been measured; legacy labels are not formation labels.,PENDING,PENDING,PENDING,PENDING,NOT_MEASURED
endpoint::deepseek8b:seq64:forward:622:output_0,ENDPOINT_UNIT,,deepseek8b:seq64:forward:622:output_0,deepseek8b,64,FORWARD,bmm,EXTERN,forward:graph0:bmm_68,true,COHERENT_F_B_BIAS,OBSERVED_T3_COHERENT_COMPLETE_CARRIER,,,hypothesis_matrix.json; math_proof_row_sha256=183295db08a7ae410ef523b076d979b4f885699f096073eb60bcdc807620ba8f,true,Formation has not been measured; legacy labels are not formation labels.,PENDING,PENDING,PENDING,PENDING,NOT_MEASURED
endpoint::deepseek8b:seq64:forward:623:in_out_ptr0,ENDPOINT_UNIT,,deepseek8b:seq64:forward:623:in_out_ptr0,deepseek8b,64,FORWARD,add,TRITON,forward:graph0:add_346,true,COHERENT_F_B_BIAS,OBSERVED_T3_COHERENT_COMPLETE_CARRIER,,,hypothesis_matrix.json; math_proof_row_sha256=22c9172503888035e3d38907bdd969819e38d0405f5416b883ef5ce58c8794c8,true,Formation has not been measured; legacy labels are not formation labels.,PENDING,PENDING,PENDING,PENDING,NOT_MEASURED
endpoint::deepseek8b:seq64:forward:649:out_ptr0,ENDPOINT_UNIT,,deepseek8b:seq64:forward:649:out_ptr0,deepseek8b,64,FORWARD,mul,TRITON,forward:graph0:mul_506,true,NORMAL_REFERENCE,NORMAL_REFERENCE_NO_LOCAL_DIRECTIONAL_DIFFERENCE,,,hypothesis_matrix.json; math_proof_row_sha256=00d1c645f36ccee9fc6e72e25b2bd1cf4b4162a2fb7667490ce12e54b2c1f6cb,true,Formation has not been measured; legacy labels are not formation labels.,PENDING,PENDING,PENDING,PENDING,NOT_MEASURED
endpoint::deepseek8b:seq64:forward:64:output_0,ENDPOINT_UNIT,,deepseek8b:seq64:forward:64:output_0,deepseek8b,64,FORWARD,bmm,EXTERN,forward:graph0:bmm_6,true,NORMAL_REFERENCE,NORMAL_REFERENCE_NO_COHERENT_F_B_CARRIER,,,hypothesis_matrix.json; math_proof_row_sha256=b19d88baf97ffa6931f7e3899f6c1e37132f29bce160a9a09b1274972af0f635,true,Formation has not been measured; legacy labels are not formation labels.,PENDING,PENDING,PENDING,PENDING,NOT_MEASURED
endpoint::deepseek8b:seq64:forward:65:in_out_ptr0,ENDPOINT_UNIT,,deepseek8b:seq64:forward:65:in_out_ptr0,deepseek8b,64,FORWARD,add,TRITON,forward:graph0:add_36,true,NORMAL_REFERENCE,NORMAL_REFERENCE_NO_COHERENT_F_B_CARRIER,,,hypothesis_matrix.json; math_proof_row_sha256=ac01fc5621299326a80fa162f4b4d58d20c90cb7d345e00cea5ae3aff433b2ec,true,Formation has not been measured; legacy labels are not formation labels.,PENDING,PENDING,PENDING,PENDING,NOT_MEASURED
endpoint::deepseek8b:seq64:forward:6:output_0,ENDPOINT_UNIT,,deepseek8b:seq64:forward:6:output_0,deepseek8b,64,FORWARD,mm,EXTERN,forward:graph0:mm_1,true,NORMAL_REFERENCE,NORMAL_REFERENCE_NO_COHERENT_F_B_CARRIER,,,hypothesis_matrix.json; math_proof_row_sha256=90ce54f0d0ffc7a2a93c2e7a4e871d094805c8df1f05969fbff363d81bc407f3,true,Formation has not been measured; legacy labels are not formation labels.,PENDING,PENDING,PENDING,PENDING,NOT_MEASURED
endpoint::deepseek8b:seq64:forward:70:in_out_ptr1,ENDPOINT_UNIT,,deepseek8b:seq64:forward:70:in_out_ptr1,deepseek8b,64,FORWARD,rsqrt,TRITON,forward:graph0:rsqrt_15,true,NORMAL_REFERENCE,NORMAL_REFERENCE_NO_COHERENT_F_B_CARRIER,,,hypothesis_matrix.json; math_proof_row_sha256=c35f91d34da2456f428de65250d6d75ac2e1b41bd198fdc43d8afb453d746b97,true,Formation has not been measured; legacy labels are not formation labels.,PENDING,PENDING,PENDING,PENDING,NOT_MEASURED
endpoint::deepseek8b:seq64:forward:75:in_out_ptr1,ENDPOINT_UNIT,,deepseek8b:seq64:forward:75:in_out_ptr1,deepseek8b,64,FORWARD,rsqrt,TRITON,forward:graph0:rsqrt_16,true,NORMAL_REFERENCE,NORMAL_REFERENCE_NO_COHERENT_F_B_CARRIER,,,hypothesis_matrix.json; math_proof_row_sha256=564930fbf9fb5f40301598c4cd54035b54b3b16bb782e304bed1c5037fec2ef2,true,Formation has not been measured; legacy labels are not formation labels.,PENDING,PENDING,PENDING,PENDING,NOT_MEASURED
endpoint::deepseek8b:seq64:forward:77:out_ptr2,ENDPOINT_UNIT,,deepseek8b:seq64:forward:77:out_ptr2,deepseek8b,64,FORWARD,permute,TRITON,forward:graph0:permute_1604,true,NORMAL_REFERENCE,NORMAL_REFERENCE_NO_COHERENT_F_B_CARRIER,,,hypothesis_matrix.json; math_proof_row_sha256=565725094088be9207943ff22c131f4aedb3478dc27b36a3f3711ebbb34fac23,true,Formation has not been measured; legacy labels are not formation labels.,PENDING,PENDING,PENDING,PENDING,NOT_MEASURED
endpoint::deepseek8b:seq64:forward:7:in_out_ptr1,ENDPOINT_UNIT,,deepseek8b:seq64:forward:7:in_out_ptr1,deepseek8b,64,FORWARD,add,TRITON,forward:graph0:add_5,true,NORMAL_REFERENCE,NORMAL_REFERENCE_NO_COHERENT_F_B_CARRIER,,,hypothesis_matrix.json; math_proof_row_sha256=1870b705ff828fa2afd6c4be885b8570148e189793caa7db5865aae2f14d9379,true,Formation has not been measured; legacy labels are not formation labels.,PENDING,PENDING,PENDING,PENDING,NOT_MEASURED
endpoint::deepseek8b:seq64:forward:82:output_0,ENDPOINT_UNIT,,deepseek8b:seq64:forward:82:output_0,deepseek8b,64,FORWARD,bmm,EXTERN,forward:graph0:bmm_8,true,NORMAL_REFERENCE,NORMAL_REFERENCE_NO_COHERENT_F_B_CARRIER,,,hypothesis_matrix.json; math_proof_row_sha256=1395fdf23bc2deed0ec5a7215cabce57b6eb357732958ecfb3fff641ea371aa5,true,Formation has not been measured; legacy labels are not formation labels.,PENDING,PENDING,PENDING,PENDING,NOT_MEASURED
endpoint::deepseek8b:seq64:forward:83:in_out_ptr0,ENDPOINT_UNIT,,deepseek8b:seq64:forward:83:in_out_ptr0,deepseek8b,64,FORWARD,add,TRITON,forward:graph0:add_46,true,NORMAL_REFERENCE,NORMAL_REFERENCE_NO_COHERENT_F_B_CARRIER,,,hypothesis_matrix.json; math_proof_row_sha256=18765c03ff923c4717b75ed8ab846fb3da2a24e6f2aeb2bb35e866a762990b70,true,Formation has not been measured; legacy labels are not formation labels.,PENDING,PENDING,PENDING,PENDING,NOT_MEASURED
endpoint::deepseek8b:seq64:forward:88:in_out_ptr1,ENDPOINT_UNIT,,deepseek8b:seq64:forward:88:in_out_ptr1,deepseek8b,64,FORWARD,rsqrt,TRITON,forward:graph0:rsqrt_19,true,NORMAL_REFERENCE,NORMAL_REFERENCE_NO_COHERENT_F_B_CARRIER,,,hypothesis_matrix.json; math_proof_row_sha256=1f9aa77beb13613578424456ea70307cba34f17c09f09976071a53c4a7189177,true,Formation has not been measured; legacy labels are not formation labels.,PENDING,PENDING,PENDING,PENDING,NOT_MEASURED
endpoint::deepseek8b:seq64:forward:93:in_out_ptr1,ENDPOINT_UNIT,,deepseek8b:seq64:forward:93:in_out_ptr1,deepseek8b,64,FORWARD,rsqrt,TRITON,forward:graph0:rsqrt_20,true,NORMAL_REFERENCE,NORMAL_REFERENCE_NO_COHERENT_F_B_CARRIER,,,hypothesis_matrix.json; math_proof_row_sha256=c6ca833f0903a2a7781f5004b68e51f8eea9c5ccbb5c63f798f6da70b82b99b7,true,Formation has not been measured; legacy labels are not formation labels.,PENDING,PENDING,PENDING,PENDING,NOT_MEASURED
endpoint::deepseek8b:seq64:forward:97:in_out_ptr1,ENDPOINT_UNIT,,deepseek8b:seq64:forward:97:in_out_ptr1,deepseek8b,64,FORWARD,add,TRITON,forward:graph0:add_55,true,NORMAL_REFERENCE,NORMAL_REFERENCE_NO_COHERENT_F_B_CARRIER,,,hypothesis_matrix.json; math_proof_row_sha256=b893a8a9eda67ae1514e6e435b81e326c9a198119158c203946116da78492c0e,true,Formation has not been measured; legacy labels are not formation labels.,PENDING,PENDING,PENDING,PENDING,NOT_MEASURED
endpoint::deepseek8b:seq64:forward:99:out_ptr0,ENDPOINT_UNIT,,deepseek8b:seq64:forward:99:out_ptr0,deepseek8b,64,FORWARD,clone,TRITON,forward:graph0:clone_22,true,NORMAL_REFERENCE,NORMAL_REFERENCE_NO_COHERENT_F_B_CARRIER,,,hypothesis_matrix.json; math_proof_row_sha256=1a16bf6c64016a1b6b4e647aff9b03a2bd5c8fa907af58281e7df791133c0b52,true,Formation has not been measured; legacy labels are not formation labels.,PENDING,PENDING,PENDING,PENDING,NOT_MEASURED
endpoint::deepseek8b:seq64:forward:9:out_ptr0,ENDPOINT_UNIT,,deepseek8b:seq64:forward:9:out_ptr0,deepseek8b,64,FORWARD,clone,TRITON,forward:graph0:clone_2,true,NORMAL_REFERENCE,NORMAL_REFERENCE_NO_COHERENT_F_B_CARRIER,,,hypothesis_matrix.json; math_proof_row_sha256=d161c5dfcf685c1b9f49e19934ba24f840ea48484a5bf951459cfaff7048fa64,true,Formation has not been measured; legacy labels are not formation labels.,PENDING,PENDING,PENDING,PENDING,NOT_MEASURED
endpoint::mamba:seq128:backward:10253:output_0,ENDPOINT_UNIT,,mamba:seq128:backward:10253:output_0,mamba,128,BACKWARD,mm,EXTERN,backward:graph0:mm_default_2751,true,UNRESOLVED,UNRESOLVED_PENDING_REQUIRED_GATE,,,hypothesis_matrix.json; math_proof_row_sha256=9c2853b3339873ebd02264eb3763249e71caa0794e78e61c48505493c8f01d15,true,Formation has not been measured; legacy labels are not formation labels.,PENDING,PENDING,PENDING,PENDING,NOT_MEASURED
endpoint::mamba:seq128:backward:10482:output_0,ENDPOINT_UNIT,,mamba:seq128:backward:10482:output_0,mamba,128,BACKWARD,mm,EXTERN,backward:graph0:mm_default_2675,true,UNRESOLVED,UNRESOLVED_PENDING_REQUIRED_GATE,,,hypothesis_matrix.json; math_proof_row_sha256=256230b4db048ab2b15d2ffc4d7c7dc881c4168020c84bdf9fc757930f257fa7,true,Formation has not been measured; legacy labels are not formation labels.,PENDING,PENDING,PENDING,PENDING,NOT_MEASURED
endpoint::mamba:seq128:backward:11158:output_0,ENDPOINT_UNIT,,mamba:seq128:backward:11158:output_0,mamba,128,BACKWARD,mm,EXTERN,backward:graph0:mm_default_2305,true,UNRESOLVED,UNRESOLVED_PENDING_REQUIRED_GATE,,,hypothesis_matrix.json; math_proof_row_sha256=0ffbc59335c68dee2d18c8508a7ecf0a12a11cac9af97b7befddb2f85ec636e9,true,Formation has not been measured; legacy labels are not formation labels.,PENDING,PENDING,PENDING,PENDING,NOT_MEASURED
endpoint::mamba:seq128:backward:11171:out_ptr0,ENDPOINT_UNIT,,mamba:seq128:backward:11171:out_ptr0,mamba,128,BACKWARD,sum,TRITON,backward:graph0:sum_64,true,NORMAL_REFERENCE,NORMAL_REFERENCE_NO_LOCAL_DIRECTIONAL_DIFFERENCE,,,hypothesis_matrix.json; math_proof_row_sha256=92adaf666fa27de2ccb71537a597a73d128d3419b36b66f238b30e2e0bb22244,true,Formation has not been measured; legacy labels are not formation labels.,PENDING,PENDING,PENDING,PENDING,NOT_MEASURED
endpoint::mamba:seq128:backward:11343:output_0,ENDPOINT_UNIT,,mamba:seq128:backward:11343:output_0,mamba,128,BACKWARD,mm,EXTERN,backward:graph0:mm_default_2273,true,UNRESOLVED,UNRESOLVED_PENDING_REQUIRED_GATE,,,hypothesis_matrix.json; math_proof_row_sha256=233c39248729ae3a334f0fc364697bce6e41640591fa2f856e405b031484a002,true,Formation has not been measured; legacy labels are not formation labels.,PENDING,PENDING,PENDING,PENDING,NOT_MEASURED
endpoint::mamba:seq128:backward:11694:output_0,ENDPOINT_UNIT,,mamba:seq128:backward:11694:output_0,mamba,128,BACKWARD,mm,EXTERN,backward:graph0:mm_default_2075,true,UNRESOLVED,UNRESOLVED_PENDING_REQUIRED_GATE,,,hypothesis_matrix.json; math_proof_row_sha256=1018c815b2c143df1b06b003715074c779d811df864e516f227706f77148738c,true,Formation has not been measured; legacy labels are not formation labels.,PENDING,PENDING,PENDING,PENDING,NOT_MEASURED
endpoint::mamba:seq128:backward:11807:output_0,ENDPOINT_UNIT,,mamba:seq128:backward:11807:output_0,mamba,128,BACKWARD,mm,EXTERN,backward:graph0:mm_default_2044,true,UNRESOLVED,UNRESOLVED_PENDING_REQUIRED_GATE,,,hypothesis_matrix.json; math_proof_row_sha256=c39810229c2f2f6401d8e5c1042d66ab18ea7b9baae310126dc077535e83664c,true,Formation has not been measured; legacy labels are not formation labels.,PENDING,PENDING,PENDING,PENDING,NOT_MEASURED
endpoint::mamba:seq128:backward:12173:output_0,ENDPOINT_UNIT,,mamba:seq128:backward:12173:output_0,mamba,128,BACKWARD,mm,EXTERN,backward:graph0:mm_default_1902,true,UNRESOLVED,UNRESOLVED_PENDING_REQUIRED_GATE,,,hypothesis_matrix.json; math_proof_row_sha256=d3e57b42474c315fd3524d9e4af0b260655f2ec3bae5a3b2629e4dbd841a0e7f,true,Formation has not been measured; legacy labels are not formation labels.,PENDING,PENDING,PENDING,PENDING,NOT_MEASURED
endpoint::mamba:seq128:backward:12490:output_0,ENDPOINT_UNIT,,mamba:seq128:backward:12490:output_0,mamba,128,BACKWARD,mm,EXTERN,backward:graph0:mm_default_1738,true,UNRESOLVED,UNRESOLVED_PENDING_REQUIRED_GATE,,,hypothesis_matrix.json; math_proof_row_sha256=f8024d4b981ce87ebe7c0bd4781ddfa089a9eda06ead904cf251aae153980f2c,true,Formation has not been measured; legacy labels are not formation labels.,PENDING,PENDING,PENDING,PENDING,NOT_MEASURED
endpoint::mamba:seq128:backward:12585:out_ptr0,ENDPOINT_UNIT,,mamba:seq128:backward:12585:out_ptr0,mamba,128,BACKWARD,sum,TRITON,backward:graph0:sum_117,true,NORMAL_REFERENCE,NORMAL_REFERENCE_NO_LOCAL_DIRECTIONAL_DIFFERENCE,,,hypothesis_matrix.json; math_proof_row_sha256=05a974751bacab263e22fe0c66c6c763d3a554c965ecc5b558757d40ad7e9c93,true,Formation has not been measured; legacy labels are not formation labels.,PENDING,PENDING,PENDING,PENDING,NOT_MEASURED
endpoint::mamba:seq128:backward:13058:output_0,ENDPOINT_UNIT,,mamba:seq128:backward:13058:output_0,mamba,128,BACKWARD,mm,EXTERN,backward:graph0:mm_default_1476,true,UNRESOLVED,UNRESOLVED_PENDING_REQUIRED_GATE,,,hypothesis_matrix.json; math_proof_row_sha256=83822a921da333dd4457b6f043c6a099f3ee9dc754f1d9ab0f12ac1cb0732b50,true,Formation has not been measured; legacy labels are not formation labels.,PENDING,PENDING,PENDING,PENDING,NOT_MEASURED
endpoint::mamba:seq128:backward:13118:output_0,ENDPOINT_UNIT,,mamba:seq128:backward:13118:output_0,mamba,128,BACKWARD,mm,EXTERN,backward:graph0:mm_default_1416,true,UNRESOLVED,UNRESOLVED_PENDING_REQUIRED_GATE,,,hypothesis_matrix.json; math_proof_row_sha256=0e2745365bcd90d0f4ad212f6188ef521d98c6fe1a7fbdad7e54a0c1495134ed,true,Formation has not been measured; legacy labels are not formation labels.,PENDING,PENDING,PENDING,PENDING,NOT_MEASURED
endpoint::mamba:seq128:backward:13120:output_0,ENDPOINT_UNIT,,mamba:seq128:backward:13120:output_0,mamba,128,BACKWARD,mm,EXTERN,backward:graph0:mm_default_1414,true,UNRESOLVED,UNRESOLVED_PENDING_REQUIRED_GATE,,,hypothesis_matrix.json; math_proof_row_sha256=bb7cd96ef3027f3b58fbab15286b88b5ea917674cfd921f2f62d0d076af040b4,true,Formation has not been measured; legacy labels are not formation labels.,PENDING,PENDING,PENDING,PENDING,NOT_MEASURED
endpoint::mamba:seq128:backward:13860:output_0,ENDPOINT_UNIT,,mamba:seq128:backward:13860:output_0,mamba,128,BACKWARD,mm,EXTERN,backward:graph0:mm_default_1133,true,UNRESOLVED,UNRESOLVED_PENDING_REQUIRED_GATE,,,hypothesis_matrix.json; math_proof_row_sha256=4db3ab53f55d7fc0d7da2186f9a2bd255f94bac810f28ed52e3a54957227b413,true,Formation has not been measured; legacy labels are not formation labels.,PENDING,PENDING,PENDING,PENDING,NOT_MEASURED
endpoint::mamba:seq128:backward:14488:output_0,ENDPOINT_UNIT,,mamba:seq128:backward:14488:output_0,mamba,128,BACKWARD,mm,EXTERN,backward:graph0:mm_default_811,true,UNRESOLVED,UNRESOLVED_PENDING_REQUIRED_GATE,,,hypothesis_matrix.json; math_proof_row_sha256=46166a3fd29ea4200e5333d0c5e40fb843eb59af4c04afb320ea9e59f75ba8de,true,Formation has not been measured; legacy labels are not formation labels.,PENDING,PENDING,PENDING,PENDING,NOT_MEASURED
endpoint::mamba:seq128:backward:15314:output_0,ENDPOINT_UNIT,,mamba:seq128:backward:15314:output_0,mamba,128,BACKWARD,mm,EXTERN,backward:graph0:mm_default_397,true,UNRESOLVED,UNRESOLVED_PENDING_REQUIRED_GATE,,,hypothesis_matrix.json; math_proof_row_sha256=bde100bee5185c869dc5f49631fa8bf7da58080c44f9a2ac4ff8b9232e0a272b,true,Formation has not been measured; legacy labels are not formation labels.,PENDING,PENDING,PENDING,PENDING,NOT_MEASURED
endpoint::mamba:seq128:backward:16196:output_0,ENDPOINT_UNIT,,mamba:seq128:backward:16196:output_0,mamba,128,BACKWARD,mm,EXTERN,backward:graph0:mm_default_22,true,UNRESOLVED,UNRESOLVED_PENDING_REQUIRED_GATE,,,hypothesis_matrix.json; math_proof_row_sha256=d4ebd2889c9a470d09bb7a8beb1f24f8a016894a89ee0a204ec84d123f63fd0f,true,Formation has not been measured; legacy labels are not formation labels.,PENDING,PENDING,PENDING,PENDING,NOT_MEASURED
endpoint::mamba:seq128:backward:16209:output_0,ENDPOINT_UNIT,,mamba:seq128:backward:16209:output_0,mamba,128,BACKWARD,mm,EXTERN,backward:graph0:mm_default_9,true,UNRESOLVED,UNRESOLVED_PENDING_REQUIRED_GATE,,,hypothesis_matrix.json; math_proof_row_sha256=a426abf285d7354969a598497890961944cfd321c9ae71e41d5740c355cd241e,true,Formation has not been measured; legacy labels are not formation labels.,PENDING,PENDING,PENDING,PENDING,NOT_MEASURED
endpoint::mamba:seq128:backward:9742:output_0,ENDPOINT_UNIT,,mamba:seq128:backward:9742:output_0,mamba,128,BACKWARD,mm,EXTERN,backward:graph0:mm_default_3059,true,UNRESOLVED,UNRESOLVED_PENDING_REQUIRED_GATE,,,hypothesis_matrix.json; math_proof_row_sha256=740024d96933615671a29a4885de32324a62fc5fc9ef09e3747201c16db2b769,true,Formation has not been measured; legacy labels are not formation labels.,PENDING,PENDING,PENDING,PENDING,NOT_MEASURED
endpoint::mamba:seq128:backward:9769:output_0,ENDPOINT_UNIT,,mamba:seq128:backward:9769:output_0,mamba,128,BACKWARD,mm,EXTERN,backward:graph0:mm_105,true,NORMAL_REFERENCE,NORMAL_REFERENCE_NO_LOCAL_DIRECTIONAL_DIFFERENCE,,,hypothesis_matrix.json; math_proof_row_sha256=5b5a9d796c10ee8496cce6fc4f86076f3a0de8f25733a8d4010360c9cf7df8a2,true,Formation has not been measured; legacy labels are not formation labels.,PENDING,PENDING,PENDING,PENDING,NOT_MEASURED
endpoint::mamba:seq128:backward:9838:out_ptr11,ENDPOINT_UNIT,,mamba:seq128:backward:9838:out_ptr11,mamba,128,BACKWARD,add,TRITON,backward:graph0:add_3783,true,NORMAL_REFERENCE,NORMAL_REFERENCE_NO_LOCAL_DIRECTIONAL_DIFFERENCE,,,hypothesis_matrix.json; math_proof_row_sha256=ac8fdcd8e2c0a7aeb3be3312c9a0b0bdc97e9b2ab6322526e1f01fd46717527b,true,Formation has not been measured; legacy labels are not formation labels.,PENDING,PENDING,PENDING,PENDING,NOT_MEASURED
endpoint::mamba:seq128:forward:0:in_out_ptr0,ENDPOINT_UNIT,,mamba:seq128:forward:0:in_out_ptr0,mamba,128,FORWARD,rsqrt,TRITON,forward:graph0:rsqrt,true,NORMAL_REFERENCE,NORMAL_REFERENCE_NO_CAUSAL_ENDPOINT_EFFECT,,,hypothesis_matrix.json; math_proof_row_sha256=10b710d475d1e94f633bfaec647501a262d5bcc1212d6149564bf38006688198,true,Formation has not been measured; legacy labels are not formation labels.,PENDING,PENDING,PENDING,PENDING,NOT_MEASURED
endpoint::mamba:seq128:forward:1354:output_0,ENDPOINT_UNIT,,mamba:seq128:forward:1354:output_0,mamba,128,FORWARD,mm,EXTERN,forward:graph0:mm_default_5680,true,NORMAL_REFERENCE,NORMAL_REFERENCE_NO_LOCAL_DIRECTIONAL_DIFFERENCE,,,hypothesis_matrix.json; math_proof_row_sha256=b5531c0d7cf9cad53c0dd4b00e4a967263eda724634c4c005d441e57a6e66948,true,Formation has not been measured; legacy labels are not formation labels.,PENDING,PENDING,PENDING,PENDING,NOT_MEASURED
endpoint::mamba:seq128:forward:137:out_ptr41,ENDPOINT_UNIT,,mamba:seq128:forward:137:out_ptr41,mamba,128,FORWARD,add,TRITON,forward:graph0:add_108,true,UNRESOLVED,UNRESOLVED_PENDING_REQUIRED_GATE,,,hypothesis_matrix.json; math_proof_row_sha256=72e1bc2adb4e52e8aa281d0ed37d5837c22f7198e006340bcc87aa68377710b0,true,Formation has not been measured; legacy labels are not formation labels.,PENDING,PENDING,PENDING,PENDING,NOT_MEASURED
endpoint::mamba:seq128:forward:137:out_ptr42,ENDPOINT_UNIT,,mamba:seq128:forward:137:out_ptr42,mamba,128,FORWARD,add,TRITON,forward:graph0:add_109,true,UNRESOLVED,UNRESOLVED_PENDING_REQUIRED_GATE,,,hypothesis_matrix.json; math_proof_row_sha256=ed5bb75088d557648ebfcd1323bce36b66b728e0b75fbb026151c269ab03677d,true,Formation has not been measured; legacy labels are not formation labels.,PENDING,PENDING,PENDING,PENDING,NOT_MEASURED
endpoint::mamba:seq128:forward:137:out_ptr45,ENDPOINT_UNIT,,mamba:seq128:forward:137:out_ptr45,mamba,128,FORWARD,add,TRITON,forward:graph0:add_112,true,UNRESOLVED,UNRESOLVED_PENDING_REQUIRED_GATE,,,hypothesis_matrix.json; math_proof_row_sha256=d53a9366070bbbd0a8535b299140def1e1a9e4377fb3f3661470952d0fff8c8b,true,Formation has not been measured; legacy labels are not formation labels.,PENDING,PENDING,PENDING,PENDING,NOT_MEASURED
endpoint::mamba:seq128:forward:137:out_ptr46,ENDPOINT_UNIT,,mamba:seq128:forward:137:out_ptr46,mamba,128,FORWARD,add,TRITON,forward:graph0:add_113,true,UNRESOLVED,UNRESOLVED_PENDING_REQUIRED_GATE,,,hypothesis_matrix.json; math_proof_row_sha256=7b535b3518fb1112f2c76ee8860165b264dc1acf18856c493f65dfea9fe2eb75,true,Formation has not been measured; legacy labels are not formation labels.,PENDING,PENDING,PENDING,PENDING,NOT_MEASURED
endpoint::mamba:seq128:forward:137:out_ptr47,ENDPOINT_UNIT,,mamba:seq128:forward:137:out_ptr47,mamba,128,FORWARD,add,TRITON,forward:graph0:add_114,true,UNRESOLVED,UNRESOLVED_PENDING_REQUIRED_GATE,,,hypothesis_matrix.json; math_proof_row_sha256=cf37a90969666643895cd5c8c9fcedd875fffd449ed96299bf203c4808c82930,true,Formation has not been measured; legacy labels are not formation labels.,PENDING,PENDING,PENDING,PENDING,NOT_MEASURED
endpoint::mamba:seq128:forward:137:out_ptr57,ENDPOINT_UNIT,,mamba:seq128:forward:137:out_ptr57,mamba,128,FORWARD,add,TRITON,forward:graph0:add_124,true,UNRESOLVED,UNRESOLVED_PENDING_REQUIRED_GATE,,,hypothesis_matrix.json; math_proof_row_sha256=c1d90f2882069ff71289008cd709116c53df927a4c48c98ffbab699882c84b4c,true,Formation has not been measured; legacy labels are not formation labels.,PENDING,PENDING,PENDING,PENDING,NOT_MEASURED
endpoint::mamba:seq128:forward:137:out_ptr60,ENDPOINT_UNIT,,mamba:seq128:forward:137:out_ptr60,mamba,128,FORWARD,add,TRITON,forward:graph0:add_127,true,UNRESOLVED,UNRESOLVED_PENDING_REQUIRED_GATE,,,hypothesis_matrix.json; math_proof_row_sha256=1a64ef5d84c0591adfcde05c9c1f71e7c30e3061fb89861d09ec22e52f0a9e79,true,Formation has not been measured; legacy labels are not formation labels.,PENDING,PENDING,PENDING,PENDING,NOT_MEASURED
endpoint::mamba:seq128:forward:1588:out_ptr23,ENDPOINT_UNIT,,mamba:seq128:forward:1588:out_ptr23,mamba,128,FORWARD,add,TRITON,forward:graph0:add_562,true,UNRESOLVED,UNRESOLVED_PENDING_REQUIRED_GATE,,,hypothesis_matrix.json; math_proof_row_sha256=9cc52a3a9aace3c70ed12fbcefc018127b3994f6b13d2470b18504df4a499d17,true,Formation has not been measured; legacy labels are not formation labels.,PENDING,PENDING,PENDING,PENDING,NOT_MEASURED
endpoint::mamba:seq128:forward:1588:out_ptr26,ENDPOINT_UNIT,,mamba:seq128:forward:1588:out_ptr26,mamba,128,FORWARD,add,TRITON,forward:graph0:add_565,true,UNRESOLVED,UNRESOLVED_PENDING_REQUIRED_GATE,,,hypothesis_matrix.json; math_proof_row_sha256=e71add968850b04f6cc2572def0f0acacd8f615c24a92d4fa18e60a1169af7ad,true,Formation has not been measured; legacy labels are not formation labels.,PENDING,PENDING,PENDING,PENDING,NOT_MEASURED
endpoint::mamba:seq128:forward:1588:out_ptr37,ENDPOINT_UNIT,,mamba:seq128:forward:1588:out_ptr37,mamba,128,FORWARD,add,TRITON,forward:graph0:add_576,true,UNRESOLVED,UNRESOLVED_PENDING_REQUIRED_GATE,,,hypothesis_matrix.json; math_proof_row_sha256=5ac53d9d16acee0d0eea23f339ec1af3637e22014f81ab281ae4cedebe795aa4,true,Formation has not been measured; legacy labels are not formation labels.,PENDING,PENDING,PENDING,PENDING,NOT_MEASURED
endpoint::mamba:seq128:forward:1588:out_ptr59,ENDPOINT_UNIT,,mamba:seq128:forward:1588:out_ptr59,mamba,128,FORWARD,add,TRITON,forward:graph0:add_598,true,UNRESOLVED,UNRESOLVED_PENDING_REQUIRED_GATE,,,hypothesis_matrix.json; math_proof_row_sha256=cae71e5a5f65bd63d55aaabafeaf3fc631c12b4dab06fe2b893fde6c2463a7e5,true,Formation has not been measured; legacy labels are not formation labels.,PENDING,PENDING,PENDING,PENDING,NOT_MEASURED
endpoint::mamba:seq128:forward:1656:output_0,ENDPOINT_UNIT,,mamba:seq128:forward:1656:output_0,mamba,128,FORWARD,mm,EXTERN,forward:graph0:mm_default_5598,true,NORMAL_REFERENCE,NORMAL_REFERENCE_NO_LOCAL_DIRECTIONAL_DIFFERENCE,,,hypothesis_matrix.json; math_proof_row_sha256=c51683b9012e2f7953040f528fdd6b46cff6c65f869ccab23fefc7f89cf45add,true,Formation has not been measured; legacy labels are not formation labels.,PENDING,PENDING,PENDING,PENDING,NOT_MEASURED
endpoint::mamba:seq128:forward:1670:output_0,ENDPOINT_UNIT,,mamba:seq128:forward:1670:output_0,mamba,128,FORWARD,mm,EXTERN,forward:graph0:mm_default_5591,true,NORMAL_REFERENCE,NORMAL_REFERENCE_NO_LOCAL_DIRECTIONAL_DIFFERENCE,,,hypothesis_matrix.json; math_proof_row_sha256=a1613ddfaec1b5d9d78706401e4a94940d294665b3351654f49de40af10c5512,true,Formation has not been measured; legacy labels are not formation labels.,PENDING,PENDING,PENDING,PENDING,NOT_MEASURED
endpoint::mamba:seq128:forward:1717:out_ptr45,ENDPOINT_UNIT,,mamba:seq128:forward:1717:out_ptr45,mamba,128,FORWARD,add,TRITON,forward:graph0:add_648,true,UNRESOLVED,UNRESOLVED_PENDING_REQUIRED_GATE,,,hypothesis_matrix.json; math_proof_row_sha256=72303ba896d91def3bb001fed19cd8f73f47cc0923a0a78a236395ea1ca0958c,true,Formation has not been measured; legacy labels are not formation labels.,PENDING,PENDING,PENDING,PENDING,NOT_MEASURED
endpoint::mamba:seq128:forward:1745:output_0,ENDPOINT_UNIT,,mamba:seq128:forward:1745:output_0,mamba,128,FORWARD,mm,EXTERN,forward:graph0:mm_default_5554,true,NORMAL_REFERENCE,NORMAL_REFERENCE_NO_LOCAL_DIRECTIONAL_DIFFERENCE,,,hypothesis_matrix.json; math_proof_row_sha256=d2d843b6f636d1ad8d21709b02bd4102c892fe5e0c064f7a4864c06c1e61fe24,true,Formation has not been measured; legacy labels are not formation labels.,PENDING,PENDING,PENDING,PENDING,NOT_MEASURED
endpoint::mamba:seq128:forward:1983:out_ptr60,ENDPOINT_UNIT,,mamba:seq128:forward:1983:out_ptr60,mamba,128,FORWARD,add,TRITON,forward:graph0:add_733,true,UNRESOLVED,UNRESOLVED_PENDING_REQUIRED_GATE,,,hypothesis_matrix.json; math_proof_row_sha256=a49f7b07c669630de92a09998dbbc5650cd502b6a21ecc315cf2517201767853,true,Formation has not been measured; legacy labels are not formation labels.,PENDING,PENDING,PENDING,PENDING,NOT_MEASURED
endpoint::mamba:seq128:forward:2112:out_ptr11,ENDPOINT_UNIT,,mamba:seq128:forward:2112:out_ptr11,mamba,128,FORWARD,add,TRITON,forward:graph0:add_748,true,UNRESOLVED,UNRESOLVED_PENDING_REQUIRED_GATE,,,hypothesis_matrix.json; math_proof_row_sha256=00fcd67adb264ee63afbe59413f52c1bd24eac95bf731e99ccdcf5685a444e9a,true,Formation has not been measured; legacy labels are not formation labels.,PENDING,PENDING,PENDING,PENDING,NOT_MEASURED
endpoint::mamba:seq128:forward:2112:out_ptr32,ENDPOINT_UNIT,,mamba:seq128:forward:2112:out_ptr32,mamba,128,FORWARD,add,TRITON,forward:graph0:add_769,true,UNRESOLVED,UNRESOLVED_PENDING_REQUIRED_GATE,,,hypothesis_matrix.json; math_proof_row_sha256=c23f19b69fe31bcfc1153735c5c9ca2bf55307e73a91f13b18bc381a67a7c285,true,Formation has not been measured; legacy labels are not formation labels.,PENDING,PENDING,PENDING,PENDING,NOT_MEASURED
endpoint::mamba:seq128:forward:2112:out_ptr33,ENDPOINT_UNIT,,mamba:seq128:forward:2112:out_ptr33,mamba,128,FORWARD,add,TRITON,forward:graph0:add_770,true,UNRESOLVED,UNRESOLVED_PENDING_REQUIRED_GATE,,,hypothesis_matrix.json; math_proof_row_sha256=002371034178618cfd7a7f06c8f15e17d518980bc4a4f6e91e1b37b8d27a2883,true,Formation has not been measured; legacy labels are not formation labels.,PENDING,PENDING,PENDING,PENDING,NOT_MEASURED
endpoint::mamba:seq128:forward:2112:out_ptr34,ENDPOINT_UNIT,,mamba:seq128:forward:2112:out_ptr34,mamba,128,FORWARD,add,TRITON,forward:graph0:add_771,true,UNRESOLVED,UNRESOLVED_PENDING_REQUIRED_GATE,,,hypothesis_matrix.json; math_proof_row_sha256=61cb0a687bdbccce65c72d9beaf76df19a51b69e8292d6c1e70a4754fddf28ac,true,Formation has not been measured; legacy labels are not formation labels.,PENDING,PENDING,PENDING,PENDING,NOT_MEASURED
endpoint::mamba:seq128:forward:2112:out_ptr37,ENDPOINT_UNIT,,mamba:seq128:forward:2112:out_ptr37,mamba,128,FORWARD,add,TRITON,forward:graph0:add_774,true,UNRESOLVED,UNRESOLVED_PENDING_REQUIRED_GATE,,,hypothesis_matrix.json; math_proof_row_sha256=2aa1227757d98efc838b62bc07337e52b53a12e09bf0d0b81c5ba5eb86697453,true,Formation has not been measured; legacy labels are not formation labels.,PENDING,PENDING,PENDING,PENDING,NOT_MEASURED
endpoint::mamba:seq128:forward:2112:out_ptr41,ENDPOINT_UNIT,,mamba:seq128:forward:2112:out_ptr41,mamba,128,FORWARD,add,TRITON,forward:graph0:add_778,true,UNRESOLVED,UNRESOLVED_PENDING_REQUIRED_GATE,,,hypothesis_matrix.json; math_proof_row_sha256=69351c7fc9c4ccd27c1d69f1376064ead0e8e081da3923639153960250da8995,true,Formation has not been measured; legacy labels are not formation labels.,PENDING,PENDING,PENDING,PENDING,NOT_MEASURED
endpoint::mamba:seq128:forward:2112:out_ptr5,ENDPOINT_UNIT,,mamba:seq128:forward:2112:out_ptr5,mamba,128,FORWARD,add,TRITON,forward:graph0:add_742,true,UNRESOLVED,UNRESOLVED_PENDING_REQUIRED_GATE,,,hypothesis_matrix.json; math_proof_row_sha256=b89bc1d9b3cd2cc33f456415ab853cd66ce136c09c25fb4b4157a59236e8670f,true,Formation has not been measured; legacy labels are not formation labels.,PENDING,PENDING,PENDING,PENDING,NOT_MEASURED
endpoint::mamba:seq128:forward:2112:out_ptr53,ENDPOINT_UNIT,,mamba:seq128:forward:2112:out_ptr53,mamba,128,FORWARD,add,TRITON,forward:graph0:add_790,true,UNRESOLVED,UNRESOLVED_PENDING_REQUIRED_GATE,,,hypothesis_matrix.json; math_proof_row_sha256=8f4385b00e625f9b0174ece6b2817c0ce7c8639de1840e43a80289a95021ec98,true,Formation has not been measured; legacy labels are not formation labels.,PENDING,PENDING,PENDING,PENDING,NOT_MEASURED
endpoint::mamba:seq128:forward:2112:out_ptr8,ENDPOINT_UNIT,,mamba:seq128:forward:2112:out_ptr8,mamba,128,FORWARD,add,TRITON,forward:graph0:add_745,true,UNRESOLVED,UNRESOLVED_PENDING_REQUIRED_GATE,,,hypothesis_matrix.json; math_proof_row_sha256=80fe4485bc91a369c656b88689284dd3f5fef8c199c83e181ea05b8404791857,true,Formation has not been measured; legacy labels are not formation labels.,PENDING,PENDING,PENDING,PENDING,NOT_MEASURED
endpoint::mamba:seq128:forward:2238:output_0,ENDPOINT_UNIT,,mamba:seq128:forward:2238:output_0,mamba,128,FORWARD,mm,EXTERN,forward:graph0:mm_default_5377,true,NORMAL_REFERENCE,NORMAL_REFERENCE_NO_LOCAL_DIRECTIONAL_DIFFERENCE,,,hypothesis_matrix.json; math_proof_row_sha256=619573f99f04b3a82972f9420922494c64ef961627ad7119b05d853b41087da6,true,Formation has not been measured; legacy labels are not formation labels.,PENDING,PENDING,PENDING,PENDING,NOT_MEASURED
endpoint::mamba:seq128:forward:2370:in_out_ptr0,ENDPOINT_UNIT,,mamba:seq128:forward:2370:in_out_ptr0,mamba,128,FORWARD,rsqrt,TRITON,forward:graph0:rsqrt_6,true,UNRESOLVED,UNRESOLVED_PENDING_REQUIRED_GATE,,,hypothesis_matrix.json; math_proof_row_sha256=5e85f6bff7ddafd636223cd6d5cb250409c93f3774f5de173382d82bcc8572b3,true,Formation has not been measured; legacy labels are not formation labels.,PENDING,PENDING,PENDING,PENDING,NOT_MEASURED
endpoint::mamba:seq128:forward:24:output_0,ENDPOINT_UNIT,,mamba:seq128:forward:24:output_0,mamba,128,FORWARD,mm,EXTERN,forward:graph0:mm_default_6136,true,UNRESOLVED,UNRESOLVED_PENDING_REQUIRED_GATE,,,hypothesis_matrix.json; math_proof_row_sha256=a39afbbafb1efba49c4b78d27eb8a8deeab59159f51d8066ba5947fa9fbc1bbf,true,Formation has not been measured; legacy labels are not formation labels.,PENDING,PENDING,PENDING,PENDING,NOT_MEASURED
endpoint::mamba:seq128:forward:2765:in_out_ptr0,ENDPOINT_UNIT,,mamba:seq128:forward:2765:in_out_ptr0,mamba,128,FORWARD,rsqrt,TRITON,forward:graph0:rsqrt_7,true,UNRESOLVED,UNRESOLVED_PENDING_REQUIRED_GATE,,,hypothesis_matrix.json; math_proof_row_sha256=a16227d878cd972e6421a18a33623e649d59a6ddf699573be3447e81f5caf957,true,Formation has not been measured; legacy labels are not formation labels.,PENDING,PENDING,PENDING,PENDING,NOT_MEASURED
endpoint::mamba:seq128:forward:403:out_ptr23,ENDPOINT_UNIT,,mamba:seq128:forward:403:out_ptr23,mamba,128,FORWARD,add,TRITON,forward:graph0:add_160,true,UNRESOLVED,UNRESOLVED_PENDING_REQUIRED_GATE,,,hypothesis_matrix.json; math_proof_row_sha256=26a8583cbdee8999f901c06124465a603c57c861e9aae378eb3d9b03ce933dcd,true,Formation has not been measured; legacy labels are not formation labels.,PENDING,PENDING,PENDING,PENDING,NOT_MEASURED
endpoint::mamba:seq128:forward:403:out_ptr28,ENDPOINT_UNIT,,mamba:seq128:forward:403:out_ptr28,mamba,128,FORWARD,add,TRITON,forward:graph0:add_165,true,UNRESOLVED,UNRESOLVED_PENDING_REQUIRED_GATE,,,hypothesis_matrix.json; math_proof_row_sha256=cd1d4c7fae3feb7fb808287ed5d6cc1b7fe0b6ce42708bb06b4539153035d041,true,Formation has not been measured; legacy labels are not formation labels.,PENDING,PENDING,PENDING,PENDING,NOT_MEASURED
endpoint::mamba:seq128:forward:403:out_ptr47,ENDPOINT_UNIT,,mamba:seq128:forward:403:out_ptr47,mamba,128,FORWARD,add,TRITON,forward:graph0:add_184,true,UNRESOLVED,UNRESOLVED_PENDING_REQUIRED_GATE,,,hypothesis_matrix.json; math_proof_row_sha256=d2402d934a3eb08461f8f08420aeba34c187d0cb7165b87c3ffaa09ef82050bb,true,Formation has not been measured; legacy labels are not formation labels.,PENDING,PENDING,PENDING,PENDING,NOT_MEASURED
endpoint::mamba:seq128:forward:403:out_ptr50,ENDPOINT_UNIT,,mamba:seq128:forward:403:out_ptr50,mamba,128,FORWARD,add,TRITON,forward:graph0:add_187,true,UNRESOLVED,UNRESOLVED_PENDING_REQUIRED_GATE,,,hypothesis_matrix.json; math_proof_row_sha256=490d87e1dd78e12b853343354ca5e2d7522817e845ff0ca8c5fe0dc34954039e,true,Formation has not been measured; legacy labels are not formation labels.,PENDING,PENDING,PENDING,PENDING,NOT_MEASURED
endpoint::mamba:seq128:forward:403:out_ptr51,ENDPOINT_UNIT,,mamba:seq128:forward:403:out_ptr51,mamba,128,FORWARD,add,TRITON,forward:graph0:add_188,true,UNRESOLVED,UNRESOLVED_PENDING_REQUIRED_GATE,,,hypothesis_matrix.json; math_proof_row_sha256=6e3f686e7e01c0d886c1c8d2ce759175c60d72f76da54896760a9ce8151aa3c5,true,Formation has not been measured; legacy labels are not formation labels.,PENDING,PENDING,PENDING,PENDING,NOT_MEASURED
endpoint::mamba:seq128:forward:403:out_ptr54,ENDPOINT_UNIT,,mamba:seq128:forward:403:out_ptr54,mamba,128,FORWARD,add,TRITON,forward:graph0:add_191,true,UNRESOLVED,UNRESOLVED_PENDING_REQUIRED_GATE,,,hypothesis_matrix.json; math_proof_row_sha256=cff451fa5cd5ebb5cc82327e0ce89408f4ddd63a4bba644075aa9a78378b5335,true,Formation has not been measured; legacy labels are not formation labels.,PENDING,PENDING,PENDING,PENDING,NOT_MEASURED
endpoint::mamba:seq128:forward:403:out_ptr55,ENDPOINT_UNIT,,mamba:seq128:forward:403:out_ptr55,mamba,128,FORWARD,add,TRITON,forward:graph0:add_192,true,UNRESOLVED,UNRESOLVED_PENDING_REQUIRED_GATE,,,hypothesis_matrix.json; math_proof_row_sha256=a9d653f55b8c591f3fe593c0999b7bd54c87b607450bd53138501e51a54ea996,true,Formation has not been measured; legacy labels are not formation labels.,PENDING,PENDING,PENDING,PENDING,NOT_MEASURED
endpoint::mamba:seq128:forward:403:out_ptr56,ENDPOINT_UNIT,,mamba:seq128:forward:403:out_ptr56,mamba,128,FORWARD,add,TRITON,forward:graph0:add_193,true,UNRESOLVED,UNRESOLVED_PENDING_REQUIRED_GATE,,,hypothesis_matrix.json; math_proof_row_sha256=420c4ae2b22e99f1c0d5ce87e175f37b6673a886a609f93abca1ae64e8c7ebfe,true,Formation has not been measured; legacy labels are not formation labels.,PENDING,PENDING,PENDING,PENDING,NOT_MEASURED
endpoint::mamba:seq128:forward:403:out_ptr57,ENDPOINT_UNIT,,mamba:seq128:forward:403:out_ptr57,mamba,128,FORWARD,add,TRITON,forward:graph0:add_194,true,UNRESOLVED,UNRESOLVED_PENDING_REQUIRED_GATE,,,hypothesis_matrix.json; math_proof_row_sha256=ece03e4d540357b9f84f1fa95c329ef0565c179f66aad178aa931abb38f4dc9e,true,Formation has not been measured; legacy labels are not formation labels.,PENDING,PENDING,PENDING,PENDING,NOT_MEASURED
endpoint::mamba:seq128:forward:403:out_ptr58,ENDPOINT_UNIT,,mamba:seq128:forward:403:out_ptr58,mamba,128,FORWARD,add,TRITON,forward:graph0:add_195,true,UNRESOLVED,UNRESOLVED_PENDING_REQUIRED_GATE,,,hypothesis_matrix.json; math_proof_row_sha256=8edd5d0b9934cfef5a0400a55c62421bf73f7d9bd8f94c8bb49f2e0a4b863574,true,Formation has not been measured; legacy labels are not formation labels.,PENDING,PENDING,PENDING,PENDING,NOT_MEASURED
endpoint::mamba:seq128:forward:403:out_ptr60,ENDPOINT_UNIT,,mamba:seq128:forward:403:out_ptr60,mamba,128,FORWARD,add,TRITON,forward:graph0:add_197,true,UNRESOLVED,UNRESOLVED_PENDING_REQUIRED_GATE,,,hypothesis_matrix.json; math_proof_row_sha256=1f5eb8902245ee112b9965aa2fd092da9c2546f97dc0419215e6e631a463def1,true,Formation has not been measured; legacy labels are not formation labels.,PENDING,PENDING,PENDING,PENDING,NOT_MEASURED
endpoint::mamba:seq128:forward:403:out_ptr61,ENDPOINT_UNIT,,mamba:seq128:forward:403:out_ptr61,mamba,128,FORWARD,add,TRITON,forward:graph0:add_198,true,UNRESOLVED,UNRESOLVED_PENDING_REQUIRED_GATE,,,hypothesis_matrix.json; math_proof_row_sha256=563199314bfc104eb2e42aeed27dfb39c91bd3d2635e67e7f6fb8aad1bd6f94a,true,Formation has not been measured; legacy labels are not formation labels.,PENDING,PENDING,PENDING,PENDING,NOT_MEASURED
endpoint::mamba:seq128:forward:403:out_ptr62,ENDPOINT_UNIT,,mamba:seq128:forward:403:out_ptr62,mamba,128,FORWARD,add,TRITON,forward:graph0:add_199,true,UNRESOLVED,UNRESOLVED_PENDING_REQUIRED_GATE,,,hypothesis_matrix.json; math_proof_row_sha256=88e30e06e4012b463e102f197fb18d4d8f687e8b9fe5b84be7741340ed4b7be0,true,Formation has not been measured; legacy labels are not formation labels.,PENDING,PENDING,PENDING,PENDING,NOT_MEASURED
endpoint::mamba:seq128:forward:449:output_0,ENDPOINT_UNIT,,mamba:seq128:forward:449:output_0,mamba,128,FORWARD,mm,EXTERN,forward:graph0:mm_default_5993,true,UNRESOLVED,UNRESOLVED_PENDING_REQUIRED_GATE,,,hypothesis_matrix.json; math_proof_row_sha256=dfdbd27d4cd7a3816e070ba857171b0cbc1bde81402964fb22724190d1ae3c9b,true,Formation has not been measured; legacy labels are not formation labels.,PENDING,PENDING,PENDING,PENDING,NOT_MEASURED
endpoint::mamba:seq128:forward:4528:output_0,ENDPOINT_UNIT,,mamba:seq128:forward:4528:output_0,mamba,128,FORWARD,mm,EXTERN,forward:graph0:mm_default_4649,true,UNRESOLVED,UNRESOLVED_PENDING_REQUIRED_GATE,,,hypothesis_matrix.json; math_proof_row_sha256=a509c7ad471f4302e8d2155ea5c0f6e63ff9699fb861768cd487a80cffdf9af9,true,Formation has not been measured; legacy labels are not formation labels.,PENDING,PENDING,PENDING,PENDING,NOT_MEASURED
endpoint::mamba:seq128:forward:479:output_0,ENDPOINT_UNIT,,mamba:seq128:forward:479:output_0,mamba,128,FORWARD,mm,EXTERN,forward:graph0:mm_default_5978,true,UNRESOLVED,UNRESOLVED_PENDING_REQUIRED_GATE,,,hypothesis_matrix.json; math_proof_row_sha256=da9d3efcd7f9d4e2dff3e7f4d87e4b3a57bec3a1da830a08becd1ee1533eaf2e,true,Formation has not been measured; legacy labels are not formation labels.,PENDING,PENDING,PENDING,PENDING,NOT_MEASURED
endpoint::mamba:seq128:forward:5272:out_ptr53,ENDPOINT_UNIT,,mamba:seq128:forward:5272:out_ptr53,mamba,128,FORWARD,add,TRITON,forward:graph0:add_1862,true,UNRESOLVED,UNRESOLVED_PENDING_REQUIRED_GATE,,,hypothesis_matrix.json; math_proof_row_sha256=60fe6c0edb7ba8e31e5dc16feefed7d43e3d287622c98f6f42c42f2ac0ae4f9d,true,Formation has not been measured; legacy labels are not formation labels.,PENDING,PENDING,PENDING,PENDING,NOT_MEASURED
endpoint::mamba:seq128:forward:5272:out_ptr54,ENDPOINT_UNIT,,mamba:seq128:forward:5272:out_ptr54,mamba,128,FORWARD,add,TRITON,forward:graph0:add_1863,true,UNRESOLVED,UNRESOLVED_PENDING_REQUIRED_GATE,,,hypothesis_matrix.json; math_proof_row_sha256=0a766c8317dd4d026b434b9d1b23038239a6bbe30098b5c5e36cc411c937b231,true,Formation has not been measured; legacy labels are not formation labels.,PENDING,PENDING,PENDING,PENDING,NOT_MEASURED
endpoint::mamba:seq128:forward:5272:out_ptr55,ENDPOINT_UNIT,,mamba:seq128:forward:5272:out_ptr55,mamba,128,FORWARD,add,TRITON,forward:graph0:add_1864,true,UNRESOLVED,UNRESOLVED_PENDING_REQUIRED_GATE,,,hypothesis_matrix.json; math_proof_row_sha256=4e3910e71c7e066d9dbe02dd18e73f3281f84ce1b664e7c6dfbdf43f8340c348,true,Formation has not been measured; legacy labels are not formation labels.,PENDING,PENDING,PENDING,PENDING,NOT_MEASURED
endpoint::mamba:seq128:forward:5272:out_ptr56,ENDPOINT_UNIT,,mamba:seq128:forward:5272:out_ptr56,mamba,128,FORWARD,add,TRITON,forward:graph0:add_1865,true,UNRESOLVED,UNRESOLVED_PENDING_REQUIRED_GATE,,,hypothesis_matrix.json; math_proof_row_sha256=644aeb331fff97c2ed413962debd121c627d18968fa03f83b9b9cb52dfad7667,true,Formation has not been measured; legacy labels are not formation labels.,PENDING,PENDING,PENDING,PENDING,NOT_MEASURED
endpoint::mamba:seq128:forward:5272:out_ptr57,ENDPOINT_UNIT,,mamba:seq128:forward:5272:out_ptr57,mamba,128,FORWARD,add,TRITON,forward:graph0:add_1866,true,UNRESOLVED,UNRESOLVED_PENDING_REQUIRED_GATE,,,hypothesis_matrix.json; math_proof_row_sha256=7da980f942f38934de509942e7c6ff151aa5d8803bf40819e9d6099e32dd8bb2,true,Formation has not been measured; legacy labels are not formation labels.,PENDING,PENDING,PENDING,PENDING,NOT_MEASURED
endpoint::mamba:seq128:forward:5272:out_ptr58,ENDPOINT_UNIT,,mamba:seq128:forward:5272:out_ptr58,mamba,128,FORWARD,add,TRITON,forward:graph0:add_1867,true,UNRESOLVED,UNRESOLVED_PENDING_REQUIRED_GATE,,,hypothesis_matrix.json; math_proof_row_sha256=6804eba48176f5562059d6966e07ce3c2bd21f77d086b4351a1bcf25c98aee17,true,Formation has not been measured; legacy labels are not formation labels.,PENDING,PENDING,PENDING,PENDING,NOT_MEASURED
endpoint::mamba:seq128:forward:5272:out_ptr59,ENDPOINT_UNIT,,mamba:seq128:forward:5272:out_ptr59,mamba,128,FORWARD,add,TRITON,forward:graph0:add_1868,true,UNRESOLVED,UNRESOLVED_PENDING_REQUIRED_GATE,,,hypothesis_matrix.json; math_proof_row_sha256=885b94c4f0021278b77d65167cbd4db4a7c9a978f9568317abd8f62a8b870ce2,true,Formation has not been measured; legacy labels are not formation labels.,PENDING,PENDING,PENDING,PENDING,NOT_MEASURED
endpoint::mamba:seq128:forward:5298:output_0,ENDPOINT_UNIT,,mamba:seq128:forward:5298:output_0,mamba,128,FORWARD,mm,EXTERN,forward:graph0:mm_default_4403,true,NORMAL_REFERENCE,NORMAL_REFERENCE_NO_LOCAL_DIRECTIONAL_DIFFERENCE,,,hypothesis_matrix.json; math_proof_row_sha256=e573e62cf6a93ae81f6a460ae331e79565dbec2f8a015a02b4b611ca1f1c45ba,true,Formation has not been measured; legacy labels are not formation labels.,PENDING,PENDING,PENDING,PENDING,NOT_MEASURED
endpoint::mamba:seq128:forward:532:out_ptr0,ENDPOINT_UNIT,,mamba:seq128:forward:532:out_ptr0,mamba,128,FORWARD,add,TRITON,forward:graph0:add_201,true,UNRESOLVED,UNRESOLVED_PENDING_REQUIRED_GATE,,,hypothesis_matrix.json; math_proof_row_sha256=5142e310459a1fdebe9021083eb178990158532ba7855dab3aae925e0d5e4968,true,Formation has not been measured; legacy labels are not formation labels.,PENDING,PENDING,PENDING,PENDING,NOT_MEASURED
endpoint::mamba:seq128:forward:532:out_ptr1,ENDPOINT_UNIT,,mamba:seq128:forward:532:out_ptr1,mamba,128,FORWARD,add,TRITON,forward:graph0:add_202,true,UNRESOLVED,UNRESOLVED_PENDING_REQUIRED_GATE,,,hypothesis_matrix.json; math_proof_row_sha256=aff05e2be034c2b88541221b05187300f314091e6862d95d04935fdf9b8db67c,true,Formation has not been measured; legacy labels are not formation labels.,PENDING,PENDING,PENDING,PENDING,NOT_MEASURED
endpoint::mamba:seq128:forward:532:out_ptr10,ENDPOINT_UNIT,,mamba:seq128:forward:532:out_ptr10,mamba,128,FORWARD,add,TRITON,forward:graph0:add_211,true,UNRESOLVED,UNRESOLVED_PENDING_REQUIRED_GATE,,,hypothesis_matrix.json; math_proof_row_sha256=5bfaebe6032b517617492ca38f8e70f0214e0ae2030df7c2e0498d9e169b1328,true,Formation has not been measured; legacy labels are not formation labels.,PENDING,PENDING,PENDING,PENDING,NOT_MEASURED
endpoint::mamba:seq128:forward:532:out_ptr11,ENDPOINT_UNIT,,mamba:seq128:forward:532:out_ptr11,mamba,128,FORWARD,add,TRITON,forward:graph0:add_212,true,UNRESOLVED,UNRESOLVED_PENDING_REQUIRED_GATE,,,hypothesis_matrix.json; math_proof_row_sha256=e9aaf71a01407d363b2e7c16392ec649140a57911a563b508786aa9004c8f81c,true,Formation has not been measured; legacy labels are not formation labels.,PENDING,PENDING,PENDING,PENDING,NOT_MEASURED
endpoint::mamba:seq128:forward:532:out_ptr12,ENDPOINT_UNIT,,mamba:seq128:forward:532:out_ptr12,mamba,128,FORWARD,add,TRITON,forward:graph0:add_213,true,UNRESOLVED,UNRESOLVED_PENDING_REQUIRED_GATE,,,hypothesis_matrix.json; math_proof_row_sha256=2e163016b4bea5bd288864576edaff253adf8448220baba534de0ed7ae7f2ab4,true,Formation has not been measured; legacy labels are not formation labels.,PENDING,PENDING,PENDING,PENDING,NOT_MEASURED
endpoint::mamba:seq128:forward:532:out_ptr13,ENDPOINT_UNIT,,mamba:seq128:forward:532:out_ptr13,mamba,128,FORWARD,add,TRITON,forward:graph0:add_214,true,UNRESOLVED,UNRESOLVED_PENDING_REQUIRED_GATE,,,hypothesis_matrix.json; math_proof_row_sha256=b3ca1769889702015c0b768b16eccb0add11486e7b6e75ca56147c578f7aeea7,true,Formation has not been measured; legacy labels are not formation labels.,PENDING,PENDING,PENDING,PENDING,NOT_MEASURED
endpoint::mamba:seq128:forward:532:out_ptr14,ENDPOINT_UNIT,,mamba:seq128:forward:532:out_ptr14,mamba,128,FORWARD,add,TRITON,forward:graph0:add_215,true,UNRESOLVED,UNRESOLVED_PENDING_REQUIRED_GATE,,,hypothesis_matrix.json; math_proof_row_sha256=94b1c91c84446c95c5ddd5a6715a6c552e69002f0741d076f02065b4b850a793,true,Formation has not been measured; legacy labels are not formation labels.,PENDING,PENDING,PENDING,PENDING,NOT_MEASURED
endpoint::mamba:seq128:forward:532:out_ptr15,ENDPOINT_UNIT,,mamba:seq128:forward:532:out_ptr15,mamba,128,FORWARD,add,TRITON,forward:graph0:add_216,true,UNRESOLVED,UNRESOLVED_PENDING_REQUIRED_GATE,,,hypothesis_matrix.json; math_proof_row_sha256=aa14b575a82f79c15f7d773714d871cced74ca4e8b01943591ee6452d9135473,true,Formation has not been measured; legacy labels are not formation labels.,PENDING,PENDING,PENDING,PENDING,NOT_MEASURED
endpoint::mamba:seq128:forward:532:out_ptr16,ENDPOINT_UNIT,,mamba:seq128:forward:532:out_ptr16,mamba,128,FORWARD,add,TRITON,forward:graph0:add_217,true,UNRESOLVED,UNRESOLVED_PENDING_REQUIRED_GATE,,,hypothesis_matrix.json; math_proof_row_sha256=c41c5312ca109076ebcc38b2ef55647182de84bc04c148bdf9d017ef471347de,true,Formation has not been measured; legacy labels are not formation labels.,PENDING,PENDING,PENDING,PENDING,NOT_MEASURED
endpoint::mamba:seq128:forward:532:out_ptr17,ENDPOINT_UNIT,,mamba:seq128:forward:532:out_ptr17,mamba,128,FORWARD,add,TRITON,forward:graph0:add_218,true,UNRESOLVED,UNRESOLVED_PENDING_REQUIRED_GATE,,,hypothesis_matrix.json; math_proof_row_sha256=c9628ad103ec279129cf826c469376bd0937ea4b1b55b66fdd9699a5e943b85b,true,Formation has not been measured; legacy labels are not formation labels.,PENDING,PENDING,PENDING,PENDING,NOT_MEASURED
endpoint::mamba:seq128:forward:532:out_ptr18,ENDPOINT_UNIT,,mamba:seq128:forward:532:out_ptr18,mamba,128,FORWARD,add,TRITON,forward:graph0:add_219,true,UNRESOLVED,UNRESOLVED_PENDING_REQUIRED_GATE,,,hypothesis_matrix.json; math_proof_row_sha256=ee7502de401e947a5d588f18358b489e52b6e481313fa2818acbc43c47f21731,true,Formation has not been measured; legacy labels are not formation labels.,PENDING,PENDING,PENDING,PENDING,NOT_MEASURED
endpoint::mamba:seq128:forward:532:out_ptr19,ENDPOINT_UNIT,,mamba:seq128:forward:532:out_ptr19,mamba,128,FORWARD,add,TRITON,forward:graph0:add_220,true,UNRESOLVED,UNRESOLVED_PENDING_REQUIRED_GATE,,,hypothesis_matrix.json; math_proof_row_sha256=1731fb19d0cc1510aa07cbb4fa8af0068457a09089b6e5552b7f6d8cdf28ef04,true,Formation has not been measured; legacy labels are not formation labels.,PENDING,PENDING,PENDING,PENDING,NOT_MEASURED
endpoint::mamba:seq128:forward:532:out_ptr2,ENDPOINT_UNIT,,mamba:seq128:forward:532:out_ptr2,mamba,128,FORWARD,add,TRITON,forward:graph0:add_203,true,UNRESOLVED,UNRESOLVED_PENDING_REQUIRED_GATE,,,hypothesis_matrix.json; math_proof_row_sha256=4ea927333a9b79e99fee2868bfc602ffc0e3e3c87ae838cbf7d32405de50c613,true,Formation has not been measured; legacy labels are not formation labels.,PENDING,PENDING,PENDING,PENDING,NOT_MEASURED
endpoint::mamba:seq128:forward:532:out_ptr20,ENDPOINT_UNIT,,mamba:seq128:forward:532:out_ptr20,mamba,128,FORWARD,add,TRITON,forward:graph0:add_221,true,UNRESOLVED,UNRESOLVED_PENDING_REQUIRED_GATE,,,hypothesis_matrix.json; math_proof_row_sha256=366de891f305b690b01b34df9723227bdc7c1a4e0ab78eccc7a2d27b522fb079,true,Formation has not been measured; legacy labels are not formation labels.,PENDING,PENDING,PENDING,PENDING,NOT_MEASURED
endpoint::mamba:seq128:forward:532:out_ptr21,ENDPOINT_UNIT,,mamba:seq128:forward:532:out_ptr21,mamba,128,FORWARD,add,TRITON,forward:graph0:add_222,true,UNRESOLVED,UNRESOLVED_PENDING_REQUIRED_GATE,,,hypothesis_matrix.json; math_proof_row_sha256=2455b9d2e6bd9bcc57c1671c871d82739a6c934293a5d6df4ba975c0d2bc3cb1,true,Formation has not been measured; legacy labels are not formation labels.,PENDING,PENDING,PENDING,PENDING,NOT_MEASURED
endpoint::mamba:seq128:forward:532:out_ptr22,ENDPOINT_UNIT,,mamba:seq128:forward:532:out_ptr22,mamba,128,FORWARD,add,TRITON,forward:graph0:add_223,true,UNRESOLVED,UNRESOLVED_PENDING_REQUIRED_GATE,,,hypothesis_matrix.json; math_proof_row_sha256=232fbb027e694a2228513c595d66cc0295beabc588cac383bfe1e1340d62184e,true,Formation has not been measured; legacy labels are not formation labels.,PENDING,PENDING,PENDING,PENDING,NOT_MEASURED
endpoint::mamba:seq128:forward:532:out_ptr23,ENDPOINT_UNIT,,mamba:seq128:forward:532:out_ptr23,mamba,128,FORWARD,add,TRITON,forward:graph0:add_224,true,UNRESOLVED,UNRESOLVED_PENDING_REQUIRED_GATE,,,hypothesis_matrix.json; math_proof_row_sha256=00b810ea842f9aeb2b784745ff7e884a3a0d6b7c80f62c587705889db9da856b,true,Formation has not been measured; legacy labels are not formation labels.,PENDING,PENDING,PENDING,PENDING,NOT_MEASURED
endpoint::mamba:seq128:forward:532:out_ptr24,ENDPOINT_UNIT,,mamba:seq128:forward:532:out_ptr24,mamba,128,FORWARD,add,TRITON,forward:graph0:add_225,true,UNRESOLVED,UNRESOLVED_PENDING_REQUIRED_GATE,,,hypothesis_matrix.json; math_proof_row_sha256=19a585a74a768dfd0f5c07ec13c1df9c11b7861b3116fa32830b21a8f37e1ee0,true,Formation has not been measured; legacy labels are not formation labels.,PENDING,PENDING,PENDING,PENDING,NOT_MEASURED
endpoint::mamba:seq128:forward:532:out_ptr25,ENDPOINT_UNIT,,mamba:seq128:forward:532:out_ptr25,mamba,128,FORWARD,add,TRITON,forward:graph0:add_226,true,UNRESOLVED,UNRESOLVED_PENDING_REQUIRED_GATE,,,hypothesis_matrix.json; math_proof_row_sha256=f4ea7a8729866c0250ccc565adbbe823193d040e63d323289d2b95b1f398ab3c,true,Formation has not been measured; legacy labels are not formation labels.,PENDING,PENDING,PENDING,PENDING,NOT_MEASURED
endpoint::mamba:seq128:forward:532:out_ptr26,ENDPOINT_UNIT,,mamba:seq128:forward:532:out_ptr26,mamba,128,FORWARD,add,TRITON,forward:graph0:add_227,true,UNRESOLVED,UNRESOLVED_PENDING_REQUIRED_GATE,,,hypothesis_matrix.json; math_proof_row_sha256=012c1cf3789294582b0157613749da23a4d7e3981197cc79b0e601c6bc00c2fa,true,Formation has not been measured; legacy labels are not formation labels.,PENDING,PENDING,PENDING,PENDING,NOT_MEASURED
endpoint::mamba:seq128:forward:532:out_ptr27,ENDPOINT_UNIT,,mamba:seq128:forward:532:out_ptr27,mamba,128,FORWARD,add,TRITON,forward:graph0:add_228,true,UNRESOLVED,UNRESOLVED_PENDING_REQUIRED_GATE,,,hypothesis_matrix.json; math_proof_row_sha256=6cab69bc0d53b710f13f802106b0fe30522e4f7f5bc337096aeaabfdc923950d,true,Formation has not been measured; legacy labels are not formation labels.,PENDING,PENDING,PENDING,PENDING,NOT_MEASURED
endpoint::mamba:seq128:forward:532:out_ptr28,ENDPOINT_UNIT,,mamba:seq128:forward:532:out_ptr28,mamba,128,FORWARD,add,TRITON,forward:graph0:add_229,true,UNRESOLVED,UNRESOLVED_PENDING_REQUIRED_GATE,,,hypothesis_matrix.json; math_proof_row_sha256=a8e33be30e525b096e1741f06ae1241e67913a6290fe6d19b4ee2f0c3e2313d5,true,Formation has not been measured; legacy labels are not formation labels.,PENDING,PENDING,PENDING,PENDING,NOT_MEASURED
endpoint::mamba:seq128:forward:532:out_ptr29,ENDPOINT_UNIT,,mamba:seq128:forward:532:out_ptr29,mamba,128,FORWARD,add,TRITON,forward:graph0:add_230,true,UNRESOLVED,UNRESOLVED_PENDING_REQUIRED_GATE,,,hypothesis_matrix.json; math_proof_row_sha256=a08dc5cad5e920fddc1845c9efe3e5ee1d1bb36b4b825209a90ef77cf9dcaf4c,true,Formation has not been measured; legacy labels are not formation labels.,PENDING,PENDING,PENDING,PENDING,NOT_MEASURED
endpoint::mamba:seq128:forward:532:out_ptr3,ENDPOINT_UNIT,,mamba:seq128:forward:532:out_ptr3,mamba,128,FORWARD,add,TRITON,forward:graph0:add_204,true,UNRESOLVED,UNRESOLVED_PENDING_REQUIRED_GATE,,,hypothesis_matrix.json; math_proof_row_sha256=1689a6b208ee652f2c2d64792f5f5e0caad0c2080802e3c5b7694a2da1a792c9,true,Formation has not been measured; legacy labels are not formation labels.,PENDING,PENDING,PENDING,PENDING,NOT_MEASURED
endpoint::mamba:seq128:forward:532:out_ptr30,ENDPOINT_UNIT,,mamba:seq128:forward:532:out_ptr30,mamba,128,FORWARD,add,TRITON,forward:graph0:add_231,true,UNRESOLVED,UNRESOLVED_PENDING_REQUIRED_GATE,,,hypothesis_matrix.json; math_proof_row_sha256=89f668003385444b3e85b46f928ed77214ebc5a1b313dd16596ed458e8e18eff,true,Formation has not been measured; legacy labels are not formation labels.,PENDING,PENDING,PENDING,PENDING,NOT_MEASURED
endpoint::mamba:seq128:forward:532:out_ptr31,ENDPOINT_UNIT,,mamba:seq128:forward:532:out_ptr31,mamba,128,FORWARD,add,TRITON,forward:graph0:add_232,true,UNRESOLVED,UNRESOLVED_PENDING_REQUIRED_GATE,,,hypothesis_matrix.json; math_proof_row_sha256=ab206e81cfa34ddd906e8f42899dc1e4e26f6dbead8b383b6cd08a6b904561eb,true,Formation has not been measured; legacy labels are not formation labels.,PENDING,PENDING,PENDING,PENDING,NOT_MEASURED
endpoint::mamba:seq128:forward:532:out_ptr32,ENDPOINT_UNIT,,mamba:seq128:forward:532:out_ptr32,mamba,128,FORWARD,add,TRITON,forward:graph0:add_233,true,UNRESOLVED,UNRESOLVED_PENDING_REQUIRED_GATE,,,hypothesis_matrix.json; math_proof_row_sha256=288078bd90013f71eaa9965546fdc4a3fe9fcec00cfd1ffc6f532feab1a6c0c8,true,Formation has not been measured; legacy labels are not formation labels.,PENDING,PENDING,PENDING,PENDING,NOT_MEASURED
endpoint::mamba:seq128:forward:532:out_ptr33,ENDPOINT_UNIT,,mamba:seq128:forward:532:out_ptr33,mamba,128,FORWARD,add,TRITON,forward:graph0:add_234,true,UNRESOLVED,UNRESOLVED_PENDING_REQUIRED_GATE,,,hypothesis_matrix.json; math_proof_row_sha256=a72d74d73b45d44e4ae479b00534fa3296e49c79576e6015d74f6f2df7f1b249,true,Formation has not been measured; legacy labels are not formation labels.,PENDING,PENDING,PENDING,PENDING,NOT_MEASURED
endpoint::mamba:seq128:forward:532:out_ptr34,ENDPOINT_UNIT,,mamba:seq128:forward:532:out_ptr34,mamba,128,FORWARD,add,TRITON,forward:graph0:add_235,true,UNRESOLVED,UNRESOLVED_PENDING_REQUIRED_GATE,,,hypothesis_matrix.json; math_proof_row_sha256=010ed8ea29e0383629e2bdb2b331f14f7d276ea2920cd6fab4d896b47fcac94b,true,Formation has not been measured; legacy labels are not formation labels.,PENDING,PENDING,PENDING,PENDING,NOT_MEASURED
endpoint::mamba:seq128:forward:532:out_ptr35,ENDPOINT_UNIT,,mamba:seq128:forward:532:out_ptr35,mamba,128,FORWARD,add,TRITON,forward:graph0:add_236,true,UNRESOLVED,UNRESOLVED_PENDING_REQUIRED_GATE,,,hypothesis_matrix.json; math_proof_row_sha256=69fe1271e51917045725b3b63a793fdf0b08f2db0db0e4ba034260d7eec0390c,true,Formation has not been measured; legacy labels are not formation labels.,PENDING,PENDING,PENDING,PENDING,NOT_MEASURED
endpoint::mamba:seq128:forward:532:out_ptr36,ENDPOINT_UNIT,,mamba:seq128:forward:532:out_ptr36,mamba,128,FORWARD,add,TRITON,forward:graph0:add_237,true,UNRESOLVED,UNRESOLVED_PENDING_REQUIRED_GATE,,,hypothesis_matrix.json; math_proof_row_sha256=c3cede98f09655e3efa056e42731832b376a54b2302cc159acc01e3298fc3d53,true,Formation has not been measured; legacy labels are not formation labels.,PENDING,PENDING,PENDING,PENDING,NOT_MEASURED
endpoint::mamba:seq128:forward:532:out_ptr37,ENDPOINT_UNIT,,mamba:seq128:forward:532:out_ptr37,mamba,128,FORWARD,add,TRITON,forward:graph0:add_238,true,UNRESOLVED,UNRESOLVED_PENDING_REQUIRED_GATE,,,hypothesis_matrix.json; math_proof_row_sha256=b39c16d808fbe6ee2f88e85b117b04dc8e22861616505c70263ea0f93e847378,true,Formation has not been measured; legacy labels are not formation labels.,PENDING,PENDING,PENDING,PENDING,NOT_MEASURED
endpoint::mamba:seq128:forward:532:out_ptr38,ENDPOINT_UNIT,,mamba:seq128:forward:532:out_ptr38,mamba,128,FORWARD,add,TRITON,forward:graph0:add_239,true,UNRESOLVED,UNRESOLVED_PENDING_REQUIRED_GATE,,,hypothesis_matrix.json; math_proof_row_sha256=8c8df1557d3eba58e2e75f982a646a446234d650c70fd743a1fdd81446b1d755,true,Formation has not been measured; legacy labels are not formation labels.,PENDING,PENDING,PENDING,PENDING,NOT_MEASURED
endpoint::mamba:seq128:forward:532:out_ptr39,ENDPOINT_UNIT,,mamba:seq128:forward:532:out_ptr39,mamba,128,FORWARD,add,TRITON,forward:graph0:add_240,true,UNRESOLVED,UNRESOLVED_PENDING_REQUIRED_GATE,,,hypothesis_matrix.json; math_proof_row_sha256=8bc9fc651888ec6a67c11119dcaa169ed2a0c32c1f3a50e9684d943265eb1763,true,Formation has not been measured; legacy labels are not formation labels.,PENDING,PENDING,PENDING,PENDING,NOT_MEASURED
endpoint::mamba:seq128:forward:532:out_ptr4,ENDPOINT_UNIT,,mamba:seq128:forward:532:out_ptr4,mamba,128,FORWARD,add,TRITON,forward:graph0:add_205,true,UNRESOLVED,UNRESOLVED_PENDING_REQUIRED_GATE,,,hypothesis_matrix.json; math_proof_row_sha256=9422b62abfba5eb588e41eaa7744492d77f8d2d5f4eb5b0b298443d8bb8dab3e,true,Formation has not been measured; legacy labels are not formation labels.,PENDING,PENDING,PENDING,PENDING,NOT_MEASURED
endpoint::mamba:seq128:forward:532:out_ptr40,ENDPOINT_UNIT,,mamba:seq128:forward:532:out_ptr40,mamba,128,FORWARD,add,TRITON,forward:graph0:add_241,true,UNRESOLVED,UNRESOLVED_PENDING_REQUIRED_GATE,,,hypothesis_matrix.json; math_proof_row_sha256=e62752cc46933077aae39bd72a785b01596b5fb8a3223c3bf052dc22af664d26,true,Formation has not been measured; legacy labels are not formation labels.,PENDING,PENDING,PENDING,PENDING,NOT_MEASURED
endpoint::mamba:seq128:forward:532:out_ptr41,ENDPOINT_UNIT,,mamba:seq128:forward:532:out_ptr41,mamba,128,FORWARD,add,TRITON,forward:graph0:add_242,true,UNRESOLVED,UNRESOLVED_PENDING_REQUIRED_GATE,,,hypothesis_matrix.json; math_proof_row_sha256=2205ab4b869fabc10c87d345c2797724c42f6d610d7662b38f37bae96e2ce1db,true,Formation has not been measured; legacy labels are not formation labels.,PENDING,PENDING,PENDING,PENDING,NOT_MEASURED
endpoint::mamba:seq128:forward:532:out_ptr42,ENDPOINT_UNIT,,mamba:seq128:forward:532:out_ptr42,mamba,128,FORWARD,add,TRITON,forward:graph0:add_243,true,UNRESOLVED,UNRESOLVED_PENDING_REQUIRED_GATE,,,hypothesis_matrix.json; math_proof_row_sha256=9711fa4373113d8dae8bf5363c705843faec02cbda8b8e01d730e4d22990cdc1,true,Formation has not been measured; legacy labels are not formation labels.,PENDING,PENDING,PENDING,PENDING,NOT_MEASURED
endpoint::mamba:seq128:forward:532:out_ptr43,ENDPOINT_UNIT,,mamba:seq128:forward:532:out_ptr43,mamba,128,FORWARD,add,TRITON,forward:graph0:add_244,true,UNRESOLVED,UNRESOLVED_PENDING_REQUIRED_GATE,,,hypothesis_matrix.json; math_proof_row_sha256=50b52d035c559914f4efe909b8f93cbbf0e250474c179f5cba0bb72b49849b7d,true,Formation has not been measured; legacy labels are not formation labels.,PENDING,PENDING,PENDING,PENDING,NOT_MEASURED
endpoint::mamba:seq128:forward:532:out_ptr44,ENDPOINT_UNIT,,mamba:seq128:forward:532:out_ptr44,mamba,128,FORWARD,add,TRITON,forward:graph0:add_245,true,UNRESOLVED,UNRESOLVED_PENDING_REQUIRED_GATE,,,hypothesis_matrix.json; math_proof_row_sha256=a4d3e1a32e44706a98589649427a687a4c7e0266cdaf9f40241aef190236e0e1,true,Formation has not been measured; legacy labels are not formation labels.,PENDING,PENDING,PENDING,PENDING,NOT_MEASURED
endpoint::mamba:seq128:forward:532:out_ptr45,ENDPOINT_UNIT,,mamba:seq128:forward:532:out_ptr45,mamba,128,FORWARD,add,TRITON,forward:graph0:add_246,true,UNRESOLVED,UNRESOLVED_PENDING_REQUIRED_GATE,,,hypothesis_matrix.json; math_proof_row_sha256=1d34e721447dd40b64bf825cde4592bc41d93d641369dffd0cf83b65beb34f13,true,Formation has not been measured; legacy labels are not formation labels.,PENDING,PENDING,PENDING,PENDING,NOT_MEASURED
endpoint::mamba:seq128:forward:532:out_ptr46,ENDPOINT_UNIT,,mamba:seq128:forward:532:out_ptr46,mamba,128,FORWARD,add,TRITON,forward:graph0:add_247,true,UNRESOLVED,UNRESOLVED_PENDING_REQUIRED_GATE,,,hypothesis_matrix.json; math_proof_row_sha256=054f53e66d85da45f2008f6c76016d296a3d63ec4be420ff78b809c7ccbb2d72,true,Formation has not been measured; legacy labels are not formation labels.,PENDING,PENDING,PENDING,PENDING,NOT_MEASURED
endpoint::mamba:seq128:forward:532:out_ptr47,ENDPOINT_UNIT,,mamba:seq128:forward:532:out_ptr47,mamba,128,FORWARD,add,TRITON,forward:graph0:add_248,true,UNRESOLVED,UNRESOLVED_PENDING_REQUIRED_GATE,,,hypothesis_matrix.json; math_proof_row_sha256=5cd98d1182acf7366604bd08759a92a79613708d87c066e577784ecb6d3be828,true,Formation has not been measured; legacy labels are not formation labels.,PENDING,PENDING,PENDING,PENDING,NOT_MEASURED
endpoint::mamba:seq128:forward:532:out_ptr48,ENDPOINT_UNIT,,mamba:seq128:forward:532:out_ptr48,mamba,128,FORWARD,add,TRITON,forward:graph0:add_249,true,UNRESOLVED,UNRESOLVED_PENDING_REQUIRED_GATE,,,hypothesis_matrix.json; math_proof_row_sha256=a8aa5e5269e9e8bf879f89b12d23ade2ca8c8fcb5c1f76eb62d8b882a98d43e9,true,Formation has not been measured; legacy labels are not formation labels.,PENDING,PENDING,PENDING,PENDING,NOT_MEASURED
endpoint::mamba:seq128:forward:532:out_ptr49,ENDPOINT_UNIT,,mamba:seq128:forward:532:out_ptr49,mamba,128,FORWARD,add,TRITON,forward:graph0:add_250,true,UNRESOLVED,UNRESOLVED_PENDING_REQUIRED_GATE,,,hypothesis_matrix.json; math_proof_row_sha256=b64361b0ec13470328f8606c60932a04de13a416845c2938eb7d16ae7d89fe91,true,Formation has not been measured; legacy labels are not formation labels.,PENDING,PENDING,PENDING,PENDING,NOT_MEASURED
endpoint::mamba:seq128:forward:532:out_ptr5,ENDPOINT_UNIT,,mamba:seq128:forward:532:out_ptr5,mamba,128,FORWARD,add,TRITON,forward:graph0:add_206,true,UNRESOLVED,UNRESOLVED_PENDING_REQUIRED_GATE,,,hypothesis_matrix.json; math_proof_row_sha256=1a9660175ec015e3d92ae62dd9aa030da1e44eb4c62ebfa546d3d6b2d4673ff7,true,Formation has not been measured; legacy labels are not formation labels.,PENDING,PENDING,PENDING,PENDING,NOT_MEASURED
endpoint::mamba:seq128:forward:532:out_ptr50,ENDPOINT_UNIT,,mamba:seq128:forward:532:out_ptr50,mamba,128,FORWARD,add,TRITON,forward:graph0:add_251,true,UNRESOLVED,UNRESOLVED_PENDING_REQUIRED_GATE,,,hypothesis_matrix.json; math_proof_row_sha256=2ce4e3a32513c909bbaa2abda669625f2c3088700ef254b458f94ed0b90b066c,true,Formation has not been measured; legacy labels are not formation labels.,PENDING,PENDING,PENDING,PENDING,NOT_MEASURED
endpoint::mamba:seq128:forward:532:out_ptr51,ENDPOINT_UNIT,,mamba:seq128:forward:532:out_ptr51,mamba,128,FORWARD,add,TRITON,forward:graph0:add_252,true,UNRESOLVED,UNRESOLVED_PENDING_REQUIRED_GATE,,,hypothesis_matrix.json; math_proof_row_sha256=6b2ff5617f2e635b05318b12ac92b2efe410c8b71acc2530f8d272f3d47b5c6e,true,Formation has not been measured; legacy labels are not formation labels.,PENDING,PENDING,PENDING,PENDING,NOT_MEASURED
endpoint::mamba:seq128:forward:532:out_ptr52,ENDPOINT_UNIT,,mamba:seq128:forward:532:out_ptr52,mamba,128,FORWARD,add,TRITON,forward:graph0:add_253,true,UNRESOLVED,UNRESOLVED_PENDING_REQUIRED_GATE,,,hypothesis_matrix.json; math_proof_row_sha256=cb3f80c68c7bcab162889acfc5d361119b0781ec82d14417535f0dfb1a07ce88,true,Formation has not been measured; legacy labels are not formation labels.,PENDING,PENDING,PENDING,PENDING,NOT_MEASURED
endpoint::mamba:seq128:forward:532:out_ptr53,ENDPOINT_UNIT,,mamba:seq128:forward:532:out_ptr53,mamba,128,FORWARD,add,TRITON,forward:graph0:add_254,true,UNRESOLVED,UNRESOLVED_PENDING_REQUIRED_GATE,,,hypothesis_matrix.json; math_proof_row_sha256=90825b6a872582154654fe08cbcd0ce9778a8e89e2deb9820ad828b983aa9d5c,true,Formation has not been measured; legacy labels are not formation labels.,PENDING,PENDING,PENDING,PENDING,NOT_MEASURED
endpoint::mamba:seq128:forward:532:out_ptr54,ENDPOINT_UNIT,,mamba:seq128:forward:532:out_ptr54,mamba,128,FORWARD,add,TRITON,forward:graph0:add_255,true,UNRESOLVED,UNRESOLVED_PENDING_REQUIRED_GATE,,,hypothesis_matrix.json; math_proof_row_sha256=61b30209c18665feb68fe7ab6202c4d7ab9acd0856f1935406d9fadc13c130a1,true,Formation has not been measured; legacy labels are not formation labels.,PENDING,PENDING,PENDING,PENDING,NOT_MEASURED
endpoint::mamba:seq128:forward:532:out_ptr55,ENDPOINT_UNIT,,mamba:seq128:forward:532:out_ptr55,mamba,128,FORWARD,add,TRITON,forward:graph0:add_256,true,UNRESOLVED,UNRESOLVED_PENDING_REQUIRED_GATE,,,hypothesis_matrix.json; math_proof_row_sha256=cd00ebeba07323c2a6a56910bc3178824474d86056e67798139630878e5dfc30,true,Formation has not been measured; legacy labels are not formation labels.,PENDING,PENDING,PENDING,PENDING,NOT_MEASURED
endpoint::mamba:seq128:forward:532:out_ptr56,ENDPOINT_UNIT,,mamba:seq128:forward:532:out_ptr56,mamba,128,FORWARD,add,TRITON,forward:graph0:add_257,true,UNRESOLVED,UNRESOLVED_PENDING_REQUIRED_GATE,,,hypothesis_matrix.json; math_proof_row_sha256=cd006adc5bcf1334ae81ac6af39eb14d3537bf81640cb2cfb45454b30eef14b9,true,Formation has not been measured; legacy labels are not formation labels.,PENDING,PENDING,PENDING,PENDING,NOT_MEASURED
endpoint::mamba:seq128:forward:532:out_ptr57,ENDPOINT_UNIT,,mamba:seq128:forward:532:out_ptr57,mamba,128,FORWARD,add,TRITON,forward:graph0:add_258,true,UNRESOLVED,UNRESOLVED_PENDING_REQUIRED_GATE,,,hypothesis_matrix.json; math_proof_row_sha256=8261a5720eb9dd1e6084d92b1f55699c78a64e9953d4b8331e62bd19c27caae4,true,Formation has not been measured; legacy labels are not formation labels.,PENDING,PENDING,PENDING,PENDING,NOT_MEASURED
endpoint::mamba:seq128:forward:532:out_ptr58,ENDPOINT_UNIT,,mamba:seq128:forward:532:out_ptr58,mamba,128,FORWARD,add,TRITON,forward:graph0:add_259,true,UNRESOLVED,UNRESOLVED_PENDING_REQUIRED_GATE,,,hypothesis_matrix.json; math_proof_row_sha256=44c5032837a3856db89ad66b91947e087b00b78fdbdb07fc7bf9412b6cb4a7a6,true,Formation has not been measured; legacy labels are not formation labels.,PENDING,PENDING,PENDING,PENDING,NOT_MEASURED
endpoint::mamba:seq128:forward:532:out_ptr59,ENDPOINT_UNIT,,mamba:seq128:forward:532:out_ptr59,mamba,128,FORWARD,add,TRITON,forward:graph0:add_260,true,UNRESOLVED,UNRESOLVED_PENDING_REQUIRED_GATE,,,hypothesis_matrix.json; math_proof_row_sha256=e113b023ae74037b5ee8c10bf571b72aaef07bc7f0964a3582fb89096989f2a9,true,Formation has not been measured; legacy labels are not formation labels.,PENDING,PENDING,PENDING,PENDING,NOT_MEASURED
endpoint::mamba:seq128:forward:532:out_ptr6,ENDPOINT_UNIT,,mamba:seq128:forward:532:out_ptr6,mamba,128,FORWARD,add,TRITON,forward:graph0:add_207,true,UNRESOLVED,UNRESOLVED_PENDING_REQUIRED_GATE,,,hypothesis_matrix.json; math_proof_row_sha256=20fa60dda4b1eb4a581766e5b3f9558ded2f383f0ab0e8c033c1340709b5fdb2,true,Formation has not been measured; legacy labels are not formation labels.,PENDING,PENDING,PENDING,PENDING,NOT_MEASURED
endpoint::mamba:seq128:forward:532:out_ptr60,ENDPOINT_UNIT,,mamba:seq128:forward:532:out_ptr60,mamba,128,FORWARD,add,TRITON,forward:graph0:add_261,true,UNRESOLVED,UNRESOLVED_PENDING_REQUIRED_GATE,,,hypothesis_matrix.json; math_proof_row_sha256=09fe27d95e2af8b06a60998fcea605c0852c9a699542b0d939845f0bb6b7c234,true,Formation has not been measured; legacy labels are not formation labels.,PENDING,PENDING,PENDING,PENDING,NOT_MEASURED
endpoint::mamba:seq128:forward:532:out_ptr61,ENDPOINT_UNIT,,mamba:seq128:forward:532:out_ptr61,mamba,128,FORWARD,add,TRITON,forward:graph0:add_262,true,UNRESOLVED,UNRESOLVED_PENDING_REQUIRED_GATE,,,hypothesis_matrix.json; math_proof_row_sha256=403861dbff349fede911f00cdf3bfb7f4a880302dd43e841ae4c50f9cb659505,true,Formation has not been measured; legacy labels are not formation labels.,PENDING,PENDING,PENDING,PENDING,NOT_MEASURED
endpoint::mamba:seq128:forward:532:out_ptr62,ENDPOINT_UNIT,,mamba:seq128:forward:532:out_ptr62,mamba,128,FORWARD,add,TRITON,forward:graph0:add_263,true,UNRESOLVED,UNRESOLVED_PENDING_REQUIRED_GATE,,,hypothesis_matrix.json; math_proof_row_sha256=b8417993f39c5ad65de25a8dd40f82fc91f1855baa8da1a741fb6bcf045d079d,true,Formation has not been measured; legacy labels are not formation labels.,PENDING,PENDING,PENDING,PENDING,NOT_MEASURED
endpoint::mamba:seq128:forward:532:out_ptr7,ENDPOINT_UNIT,,mamba:seq128:forward:532:out_ptr7,mamba,128,FORWARD,add,TRITON,forward:graph0:add_208,true,UNRESOLVED,UNRESOLVED_PENDING_REQUIRED_GATE,,,hypothesis_matrix.json; math_proof_row_sha256=1ba923c19cc608ba7a2de6828e8c8edd8f306404f12b9dc2e21a68fc1930335e,true,Formation has not been measured; legacy labels are not formation labels.,PENDING,PENDING,PENDING,PENDING,NOT_MEASURED
endpoint::mamba:seq128:forward:532:out_ptr8,ENDPOINT_UNIT,,mamba:seq128:forward:532:out_ptr8,mamba,128,FORWARD,add,TRITON,forward:graph0:add_209,true,UNRESOLVED,UNRESOLVED_PENDING_REQUIRED_GATE,,,hypothesis_matrix.json; math_proof_row_sha256=f1c5402a60756e7a78dc21c6eb613040e012c985b90f2bed4249bf1cbbd1f542,true,Formation has not been measured; legacy labels are not formation labels.,PENDING,PENDING,PENDING,PENDING,NOT_MEASURED
endpoint::mamba:seq128:forward:532:out_ptr9,ENDPOINT_UNIT,,mamba:seq128:forward:532:out_ptr9,mamba,128,FORWARD,add,TRITON,forward:graph0:add_210,true,UNRESOLVED,UNRESOLVED_PENDING_REQUIRED_GATE,,,hypothesis_matrix.json; math_proof_row_sha256=94d92a4a9b21b3100093b935e53f1337cb0ce4dd834ea127b7278cb69a79b8c6,true,Formation has not been measured; legacy labels are not formation labels.,PENDING,PENDING,PENDING,PENDING,NOT_MEASURED
endpoint::mamba:seq128:forward:5382:output_0,ENDPOINT_UNIT,,mamba:seq128:forward:5382:output_0,mamba,128,FORWARD,mm,EXTERN,forward:graph0:mm_default_4361,true,NORMAL_REFERENCE,NORMAL_REFERENCE_NO_LOCAL_DIRECTIONAL_DIFFERENCE,,,hypothesis_matrix.json; math_proof_row_sha256=fceaf58eee629f8cd45847580aaf0c5459cbd82a3a6de73df8df16967687a544,true,Formation has not been measured; legacy labels are not formation labels.,PENDING,PENDING,PENDING,PENDING,NOT_MEASURED
endpoint::mamba:seq128:forward:5386:output_0,ENDPOINT_UNIT,,mamba:seq128:forward:5386:output_0,mamba,128,FORWARD,mm,EXTERN,forward:graph0:mm_default_4359,true,NORMAL_REFERENCE,NORMAL_REFERENCE_NO_LOCAL_DIRECTIONAL_DIFFERENCE,,,hypothesis_matrix.json; math_proof_row_sha256=993ddd0e54eac4830fed492caa6e2e63b38b36710d40e8ee0b4394e67cab25a1,true,Formation has not been measured; legacy labels are not formation labels.,PENDING,PENDING,PENDING,PENDING,NOT_MEASURED
endpoint::mamba:seq128:forward:5703:output_0,ENDPOINT_UNIT,,mamba:seq128:forward:5703:output_0,mamba,128,FORWARD,mm,EXTERN,forward:graph0:mm_default_4270,true,NORMAL_REFERENCE,NORMAL_REFERENCE_NO_LOCAL_DIRECTIONAL_DIFFERENCE,,,hypothesis_matrix.json; math_proof_row_sha256=e755afbf4f2d6d7a809b8f58a1c92993e86ff4d27251226614700e3d84fc3407,true,Formation has not been measured; legacy labels are not formation labels.,PENDING,PENDING,PENDING,PENDING,NOT_MEASURED
endpoint::mamba:seq128:forward:5723:output_0,ENDPOINT_UNIT,,mamba:seq128:forward:5723:output_0,mamba,128,FORWARD,mm,EXTERN,forward:graph0:mm_default_4260,true,UNRESOLVED,UNRESOLVED_PENDING_REQUIRED_GATE,,,hypothesis_matrix.json; math_proof_row_sha256=b12e488692b8c7d279b6c7d5da7a15a08cbe06f25a4577d2157c41a389bc2976,true,Formation has not been measured; legacy labels are not formation labels.,PENDING,PENDING,PENDING,PENDING,NOT_MEASURED
endpoint::mamba:seq128:forward:586:output_0,ENDPOINT_UNIT,,mamba:seq128:forward:586:output_0,mamba,128,FORWARD,mm,EXTERN,forward:graph0:mm_default_5925,true,UNRESOLVED,UNRESOLVED_PENDING_REQUIRED_GATE,,,hypothesis_matrix.json; math_proof_row_sha256=acd233efda7009e769655638f85cf3359ef5aef3ab190c776cbdaededa4dc8fb,true,Formation has not been measured; legacy labels are not formation labels.,PENDING,PENDING,PENDING,PENDING,NOT_MEASURED
endpoint::mamba:seq128:forward:620:output_0,ENDPOINT_UNIT,,mamba:seq128:forward:620:output_0,mamba,128,FORWARD,mm,EXTERN,forward:graph0:mm_default_5908,true,UNRESOLVED,UNRESOLVED_PENDING_REQUIRED_GATE,,,hypothesis_matrix.json; math_proof_row_sha256=a9ddbfa05e4f1e365cab6c4cdcb29e32a4c59e92605cd90902c443b4a8502bb4,true,Formation has not been measured; legacy labels are not formation labels.,PENDING,PENDING,PENDING,PENDING,NOT_MEASURED
endpoint::mamba:seq128:forward:6328:out_ptr36,ENDPOINT_UNIT,,mamba:seq128:forward:6328:out_ptr36,mamba,128,FORWARD,add,TRITON,forward:graph0:add_2183,true,NORMAL_REFERENCE,NORMAL_REFERENCE_NO_LOCAL_DIRECTIONAL_DIFFERENCE,,,hypothesis_matrix.json; math_proof_row_sha256=1c3615a691a40bec6bb8d692e6cb4e01f6482fbaab5e84c9c84b2073dbbba2ef,true,Formation has not been measured; legacy labels are not formation labels.,PENDING,PENDING,PENDING,PENDING,NOT_MEASURED
endpoint::mamba:seq128:forward:6457:out_ptr10,ENDPOINT_UNIT,,mamba:seq128:forward:6457:out_ptr10,mamba,128,FORWARD,add,TRITON,forward:graph0:add_2221,true,UNRESOLVED,UNRESOLVED_PENDING_REQUIRED_GATE,,,hypothesis_matrix.json; math_proof_row_sha256=d28d2c04605c980f06b3b12b5b875bf9c976f956aaaf3d05a66c4af0386662ce,true,Formation has not been measured; legacy labels are not formation labels.,PENDING,PENDING,PENDING,PENDING,NOT_MEASURED
endpoint::mamba:seq128:forward:6457:out_ptr12,ENDPOINT_UNIT,,mamba:seq128:forward:6457:out_ptr12,mamba,128,FORWARD,add,TRITON,forward:graph0:add_2223,true,UNRESOLVED,UNRESOLVED_PENDING_REQUIRED_GATE,,,hypothesis_matrix.json; math_proof_row_sha256=a824b3422e07a417644130a17b7fbf198fe2acccd01d8b46f165d7328ee535f6,true,Formation has not been measured; legacy labels are not formation labels.,PENDING,PENDING,PENDING,PENDING,NOT_MEASURED
endpoint::mamba:seq128:forward:6457:out_ptr47,ENDPOINT_UNIT,,mamba:seq128:forward:6457:out_ptr47,mamba,128,FORWARD,add,TRITON,forward:graph0:add_2258,true,NORMAL_REFERENCE,NORMAL_REFERENCE_NO_LOCAL_DIRECTIONAL_DIFFERENCE,,,hypothesis_matrix.json; math_proof_row_sha256=a0004e544098598b4aecdcd3d9994187650fd4e4a507a1ea473a801d60d2d9e3,true,Formation has not been measured; legacy labels are not formation labels.,PENDING,PENDING,PENDING,PENDING,NOT_MEASURED
endpoint::mamba:seq128:forward:6457:out_ptr48,ENDPOINT_UNIT,,mamba:seq128:forward:6457:out_ptr48,mamba,128,FORWARD,add,TRITON,forward:graph0:add_2259,true,UNRESOLVED,UNRESOLVED_PENDING_REQUIRED_GATE,,,hypothesis_matrix.json; math_proof_row_sha256=369f9f3268cdd6f4faf1b40256ddda33acbddf0838f34885440a10bfe2dffda0,true,Formation has not been measured; legacy labels are not formation labels.,PENDING,PENDING,PENDING,PENDING,NOT_MEASURED
endpoint::mamba:seq128:forward:6457:out_ptr49,ENDPOINT_UNIT,,mamba:seq128:forward:6457:out_ptr49,mamba,128,FORWARD,add,TRITON,forward:graph0:add_2260,true,NORMAL_REFERENCE,NORMAL_REFERENCE_NO_LOCAL_DIRECTIONAL_DIFFERENCE,,,hypothesis_matrix.json; math_proof_row_sha256=bad64fdfb6728e7b70b2497a6d1faa410ec2c88b2c8226eafd20450875c7e722,true,Formation has not been measured; legacy labels are not formation labels.,PENDING,PENDING,PENDING,PENDING,NOT_MEASURED
endpoint::mamba:seq128:forward:6457:out_ptr50,ENDPOINT_UNIT,,mamba:seq128:forward:6457:out_ptr50,mamba,128,FORWARD,add,TRITON,forward:graph0:add_2261,true,UNRESOLVED,UNRESOLVED_PENDING_REQUIRED_GATE,,,hypothesis_matrix.json; math_proof_row_sha256=5611183cf9c83509cfb59d3f8c81b2fc2eb4164f27cbb880671edbeca9638183,true,Formation has not been measured; legacy labels are not formation labels.,PENDING,PENDING,PENDING,PENDING,NOT_MEASURED
endpoint::mamba:seq128:forward:6457:out_ptr53,ENDPOINT_UNIT,,mamba:seq128:forward:6457:out_ptr53,mamba,128,FORWARD,add,TRITON,forward:graph0:add_2264,true,UNRESOLVED,UNRESOLVED_PENDING_REQUIRED_GATE,,,hypothesis_matrix.json; math_proof_row_sha256=5c4de5555556936faf5da68bf006594f931a98a0eccd2e2f086e028ee2e05977,true,Formation has not been measured; legacy labels are not formation labels.,PENDING,PENDING,PENDING,PENDING,NOT_MEASURED
endpoint::mamba:seq128:forward:6457:out_ptr54,ENDPOINT_UNIT,,mamba:seq128:forward:6457:out_ptr54,mamba,128,FORWARD,add,TRITON,forward:graph0:add_2265,true,UNRESOLVED,UNRESOLVED_PENDING_REQUIRED_GATE,,,hypothesis_matrix.json; math_proof_row_sha256=f3affd54ac0ffc038016815f97b5fc228dc61bb7e8e8cc2b5a807bc5017fbe0c,true,Formation has not been measured; legacy labels are not formation labels.,PENDING,PENDING,PENDING,PENDING,NOT_MEASURED
endpoint::mamba:seq128:forward:6457:out_ptr55,ENDPOINT_UNIT,,mamba:seq128:forward:6457:out_ptr55,mamba,128,FORWARD,add,TRITON,forward:graph0:add_2266,true,UNRESOLVED,UNRESOLVED_PENDING_REQUIRED_GATE,,,hypothesis_matrix.json; math_proof_row_sha256=6e0e86f1eaa26d0de6587c0b3163504951e96e096a8c6a4c806cb87f7be122ba,true,Formation has not been measured; legacy labels are not formation labels.,PENDING,PENDING,PENDING,PENDING,NOT_MEASURED
endpoint::mamba:seq128:forward:6457:out_ptr56,ENDPOINT_UNIT,,mamba:seq128:forward:6457:out_ptr56,mamba,128,FORWARD,add,TRITON,forward:graph0:add_2267,true,UNRESOLVED,UNRESOLVED_PENDING_REQUIRED_GATE,,,hypothesis_matrix.json; math_proof_row_sha256=66ad5a986c255cd55ba29dc4be957f274aa2160c9b7ed51c742892c6c5df712e,true,Formation has not been measured; legacy labels are not formation labels.,PENDING,PENDING,PENDING,PENDING,NOT_MEASURED
endpoint::mamba:seq128:forward:6457:out_ptr57,ENDPOINT_UNIT,,mamba:seq128:forward:6457:out_ptr57,mamba,128,FORWARD,add,TRITON,forward:graph0:add_2268,true,UNRESOLVED,UNRESOLVED_PENDING_REQUIRED_GATE,,,hypothesis_matrix.json; math_proof_row_sha256=bcf87573888b32527998c380f152bd2ebb49913cfdb0ad5ba4ed0a4b3aea8c7f,true,Formation has not been measured; legacy labels are not formation labels.,PENDING,PENDING,PENDING,PENDING,NOT_MEASURED
endpoint::mamba:seq128:forward:6457:out_ptr58,ENDPOINT_UNIT,,mamba:seq128:forward:6457:out_ptr58,mamba,128,FORWARD,add,TRITON,forward:graph0:add_2269,true,UNRESOLVED,UNRESOLVED_PENDING_REQUIRED_GATE,,,hypothesis_matrix.json; math_proof_row_sha256=dc0576f90431335d1e83eaab48b41dfdc493dbbd69cb702a1467d2504cea4fc1,true,Formation has not been measured; legacy labels are not formation labels.,PENDING,PENDING,PENDING,PENDING,NOT_MEASURED
endpoint::mamba:seq128:forward:6457:out_ptr62,ENDPOINT_UNIT,,mamba:seq128:forward:6457:out_ptr62,mamba,128,FORWARD,add,TRITON,forward:graph0:add_2273,true,UNRESOLVED,UNRESOLVED_PENDING_REQUIRED_GATE,,,hypothesis_matrix.json; math_proof_row_sha256=19cfccd348fb3fc3d2bd391177563fa8c1a4ee02f7d128e300e02a829903cbe5,true,Formation has not been measured; legacy labels are not formation labels.,PENDING,PENDING,PENDING,PENDING,NOT_MEASURED
endpoint::mamba:seq128:forward:6475:output_0,ENDPOINT_UNIT,,mamba:seq128:forward:6475:output_0,mamba,128,FORWARD,mm,EXTERN,forward:graph0:mm_default_4023,true,NORMAL_REFERENCE,NORMAL_REFERENCE_NO_LOCAL_DIRECTIONAL_DIFFERENCE,,,hypothesis_matrix.json; math_proof_row_sha256=e52b3e8678e52120d03b2a36c486d43e518e31f34fa350b969a4470f2a689441,true,Formation has not been measured; legacy labels are not formation labels.,PENDING,PENDING,PENDING,PENDING,NOT_MEASURED
endpoint::mamba:seq128:forward:6477:output_0,ENDPOINT_UNIT,,mamba:seq128:forward:6477:output_0,mamba,128,FORWARD,mm,EXTERN,forward:graph0:mm_default_4022,true,NORMAL_REFERENCE,NORMAL_REFERENCE_NO_LOCAL_DIRECTIONAL_DIFFERENCE,,,hypothesis_matrix.json; math_proof_row_sha256=53bcf7eac187ddc990c34c403a7e2c5f482e833c03d7682cab67ccfc28508989,true,Formation has not been measured; legacy labels are not formation labels.,PENDING,PENDING,PENDING,PENDING,NOT_MEASURED
endpoint::mamba:seq128:forward:6479:output_0,ENDPOINT_UNIT,,mamba:seq128:forward:6479:output_0,mamba,128,FORWARD,mm,EXTERN,forward:graph0:mm_default_4021,true,NORMAL_REFERENCE,NORMAL_REFERENCE_NO_LOCAL_DIRECTIONAL_DIFFERENCE,,,hypothesis_matrix.json; math_proof_row_sha256=57c11bdec6353a62103bdeb45a2be348a3cc7379024d2bec99e92f59eb2b6afd,true,Formation has not been measured; legacy labels are not formation labels.,PENDING,PENDING,PENDING,PENDING,NOT_MEASURED
endpoint::mamba:seq128:forward:6481:output_0,ENDPOINT_UNIT,,mamba:seq128:forward:6481:output_0,mamba,128,FORWARD,mm,EXTERN,forward:graph0:mm_default_4020,true,UNRESOLVED,UNRESOLVED_PENDING_REQUIRED_GATE,,,hypothesis_matrix.json; math_proof_row_sha256=c238c3f596f2b1a49a8d19e9b2de85e3311d9ea8b72db02216e882046e6e3891,true,Formation has not been measured; legacy labels are not formation labels.,PENDING,PENDING,PENDING,PENDING,NOT_MEASURED
endpoint::mamba:seq128:forward:6483:output_0,ENDPOINT_UNIT,,mamba:seq128:forward:6483:output_0,mamba,128,FORWARD,mm,EXTERN,forward:graph0:mm_default_4019,true,NORMAL_REFERENCE,NORMAL_REFERENCE_NO_LOCAL_DIRECTIONAL_DIFFERENCE,,,hypothesis_matrix.json; math_proof_row_sha256=95a2a692011a99706816228b712461207000615a28ae099767645c0403819365,true,Formation has not been measured; legacy labels are not formation labels.,PENDING,PENDING,PENDING,PENDING,NOT_MEASURED
endpoint::mamba:seq128:forward:6485:output_0,ENDPOINT_UNIT,,mamba:seq128:forward:6485:output_0,mamba,128,FORWARD,mm,EXTERN,forward:graph0:mm_default_4018,true,NORMAL_REFERENCE,NORMAL_REFERENCE_NO_LOCAL_DIRECTIONAL_DIFFERENCE,,,hypothesis_matrix.json; math_proof_row_sha256=8efc5cbb449c18122d410ee775974e447476efcf515957f4224044f5da63669a,true,Formation has not been measured; legacy labels are not formation labels.,PENDING,PENDING,PENDING,PENDING,NOT_MEASURED
endpoint::mamba:seq128:forward:6495:output_0,ENDPOINT_UNIT,,mamba:seq128:forward:6495:output_0,mamba,128,FORWARD,mm,EXTERN,forward:graph0:mm_default_4013,true,NORMAL_REFERENCE,NORMAL_REFERENCE_NO_LOCAL_DIRECTIONAL_DIFFERENCE,,,hypothesis_matrix.json; math_proof_row_sha256=89870f4d0eb19f1d52ab62681efdc853a1526dd72bbe60a72ed6f3016b185562,true,Formation has not been measured; legacy labels are not formation labels.,PENDING,PENDING,PENDING,PENDING,NOT_MEASURED
endpoint::mamba:seq128:forward:6499:output_0,ENDPOINT_UNIT,,mamba:seq128:forward:6499:output_0,mamba,128,FORWARD,mm,EXTERN,forward:graph0:mm_default_4011,true,UNRESOLVED,UNRESOLVED_PENDING_REQUIRED_GATE,,,hypothesis_matrix.json; math_proof_row_sha256=52965071da8cca252831bee4de25d8f80b22844232d6557c6684e88eb4728fb3,true,Formation has not been measured; legacy labels are not formation labels.,PENDING,PENDING,PENDING,PENDING,NOT_MEASURED
endpoint::mamba:seq128:forward:6503:output_0,ENDPOINT_UNIT,,mamba:seq128:forward:6503:output_0,mamba,128,FORWARD,mm,EXTERN,forward:graph0:mm_default_4009,true,NORMAL_REFERENCE,NORMAL_REFERENCE_NO_LOCAL_DIRECTIONAL_DIFFERENCE,,,hypothesis_matrix.json; math_proof_row_sha256=6716a7808676fa7c8aed4f1344b1567d9ed016f91bebaf2c0b29513241cecf90,true,Formation has not been measured; legacy labels are not formation labels.,PENDING,PENDING,PENDING,PENDING,NOT_MEASURED
endpoint::mamba:seq128:forward:6543:output_0,ENDPOINT_UNIT,,mamba:seq128:forward:6543:output_0,mamba,128,FORWARD,mm,EXTERN,forward:graph0:mm_default_3989,true,NORMAL_REFERENCE,NORMAL_REFERENCE_NO_LOCAL_DIRECTIONAL_DIFFERENCE,,,hypothesis_matrix.json; math_proof_row_sha256=bfaa1bb7c25b71edc4e73b342d60900bb4c009b7d39c39df2066c0aea20a577f,true,Formation has not been measured; legacy labels are not formation labels.,PENDING,PENDING,PENDING,PENDING,NOT_MEASURED
endpoint::mamba:seq128:forward:7513:out_ptr39,ENDPOINT_UNIT,,mamba:seq128:forward:7513:out_ptr39,mamba,128,FORWARD,add,TRITON,forward:graph0:add_2588,true,NORMAL_REFERENCE,NORMAL_REFERENCE_NO_LOCAL_DIRECTIONAL_DIFFERENCE,,,hypothesis_matrix.json; math_proof_row_sha256=eb6680ba5ea26f97cfc3ab72d4f3c956f9c2c1ed80b1a1009a9b537726c45d26,true,Formation has not been measured; legacy labels are not formation labels.,PENDING,PENDING,PENDING,PENDING,NOT_MEASURED
endpoint::mamba:seq128:forward:7513:out_ptr4,ENDPOINT_UNIT,,mamba:seq128:forward:7513:out_ptr4,mamba,128,FORWARD,add,TRITON,forward:graph0:add_2553,true,NORMAL_REFERENCE,NORMAL_REFERENCE_NO_LOCAL_DIRECTIONAL_DIFFERENCE,,,hypothesis_matrix.json; math_proof_row_sha256=1579dcdf74337870cc69e8e8b6f1c515d8da2e678bc566bfd55afb8ada93297e,true,Formation has not been measured; legacy labels are not formation labels.,PENDING,PENDING,PENDING,PENDING,NOT_MEASURED
endpoint::mamba:seq128:forward:7513:out_ptr8,ENDPOINT_UNIT,,mamba:seq128:forward:7513:out_ptr8,mamba,128,FORWARD,add,TRITON,forward:graph0:add_2557,true,NORMAL_REFERENCE,NORMAL_REFERENCE_NO_LOCAL_DIRECTIONAL_DIFFERENCE,,,hypothesis_matrix.json; math_proof_row_sha256=fabc5802ed4f857973dc40e8b7b450c4a3daee6626c0cdcb7ddd7a9581bd6c14,true,Formation has not been measured; legacy labels are not formation labels.,PENDING,PENDING,PENDING,PENDING,NOT_MEASURED
endpoint::mamba:seq128:forward:7513:out_ptr9,ENDPOINT_UNIT,,mamba:seq128:forward:7513:out_ptr9,mamba,128,FORWARD,add,TRITON,forward:graph0:add_2558,true,NORMAL_REFERENCE,NORMAL_REFERENCE_NO_LOCAL_DIRECTIONAL_DIFFERENCE,,,hypothesis_matrix.json; math_proof_row_sha256=19280f1e7d681c630f1e808288d1955bf83165d4cd319420e3cf78c299d80ca8,true,Formation has not been measured; legacy labels are not formation labels.,PENDING,PENDING,PENDING,PENDING,NOT_MEASURED
endpoint::mamba:seq128:forward:7551:output_0,ENDPOINT_UNIT,,mamba:seq128:forward:7551:output_0,mamba,128,FORWARD,mm,EXTERN,forward:graph0:mm_default_3693,true,UNRESOLVED,UNRESOLVED_PENDING_REQUIRED_GATE,,,hypothesis_matrix.json; math_proof_row_sha256=6927431aa27aa04fd8a19c922d5ba2197fde50979f5211f41b5e90d2ea1d9b5c,true,Formation has not been measured; legacy labels are not formation labels.,PENDING,PENDING,PENDING,PENDING,NOT_MEASURED
endpoint::mamba:seq128:forward:7561:output_0,ENDPOINT_UNIT,,mamba:seq128:forward:7561:output_0,mamba,128,FORWARD,mm,EXTERN,forward:graph0:mm_default_3688,true,UNRESOLVED,UNRESOLVED_PENDING_REQUIRED_GATE,,,hypothesis_matrix.json; math_proof_row_sha256=0157f7e07ed16a2bc7a1a269b01f2f457ea7ddb8d29cad23129805fe9cd264be,true,Formation has not been measured; legacy labels are not formation labels.,PENDING,PENDING,PENDING,PENDING,NOT_MEASURED
endpoint::mamba:seq128:forward:7565:output_0,ENDPOINT_UNIT,,mamba:seq128:forward:7565:output_0,mamba,128,FORWARD,mm,EXTERN,forward:graph0:mm_default_3686,true,UNRESOLVED,UNRESOLVED_PENDING_REQUIRED_GATE,,,hypothesis_matrix.json; math_proof_row_sha256=5d45c29e600a319a84a21d95f3083104bbae880640add0db48de30e8aa033a84,true,Formation has not been measured; legacy labels are not formation labels.,PENDING,PENDING,PENDING,PENDING,NOT_MEASURED
endpoint::mamba:seq128:forward:7587:output_0,ENDPOINT_UNIT,,mamba:seq128:forward:7587:output_0,mamba,128,FORWARD,mm,EXTERN,forward:graph0:mm_default_3675,true,UNRESOLVED,UNRESOLVED_PENDING_REQUIRED_GATE,,,hypothesis_matrix.json; math_proof_row_sha256=aa5e0d2e86a11931b4df57ef0a56b809c08a944aaf73f16664faef864beb2977,true,Formation has not been measured; legacy labels are not formation labels.,PENDING,PENDING,PENDING,PENDING,NOT_MEASURED
endpoint::mamba:seq128:forward:7595:output_0,ENDPOINT_UNIT,,mamba:seq128:forward:7595:output_0,mamba,128,FORWARD,mm,EXTERN,forward:graph0:mm_default_3671,true,UNRESOLVED,UNRESOLVED_PENDING_REQUIRED_GATE,,,hypothesis_matrix.json; math_proof_row_sha256=4b05b5d19562d65a6d5d76cfa3fc1b4204ce68ff2abdfe72c70f153d2a6115c7,true,Formation has not been measured; legacy labels are not formation labels.,PENDING,PENDING,PENDING,PENDING,NOT_MEASURED
endpoint::mamba:seq128:forward:7646:output_0,ENDPOINT_UNIT,,mamba:seq128:forward:7646:output_0,mamba,128,FORWARD,mm,EXTERN,forward:graph0:mm_default_3646,true,UNRESOLVED,UNRESOLVED_PENDING_REQUIRED_GATE,,,hypothesis_matrix.json; math_proof_row_sha256=e2a5ed85e855da2e5b53743539611690b8c3bed2d81a099de89768eed79c29bd,true,Formation has not been measured; legacy labels are not formation labels.,PENDING,PENDING,PENDING,PENDING,NOT_MEASURED
endpoint::mamba:seq128:forward:7664:output_0,ENDPOINT_UNIT,,mamba:seq128:forward:7664:output_0,mamba,128,FORWARD,mm,EXTERN,forward:graph0:mm_default_3637,true,UNRESOLVED,UNRESOLVED_PENDING_REQUIRED_GATE,,,hypothesis_matrix.json; math_proof_row_sha256=d91237d4e82a281346e71ff917f586847b4d50781c6813005b7581a206c71721,true,Formation has not been measured; legacy labels are not formation labels.,PENDING,PENDING,PENDING,PENDING,NOT_MEASURED
endpoint::mamba:seq128:forward:7694:output_0,ENDPOINT_UNIT,,mamba:seq128:forward:7694:output_0,mamba,128,FORWARD,mm,EXTERN,forward:graph0:mm_default_3622,true,NORMAL_REFERENCE,NORMAL_REFERENCE_NO_LOCAL_DIRECTIONAL_DIFFERENCE,,,hypothesis_matrix.json; math_proof_row_sha256=334ff8a8fe6f7bf4985cd1ba01a4f2ad4d16d1cc3e591aa0603b214a1212983a,true,Formation has not been measured; legacy labels are not formation labels.,PENDING,PENDING,PENDING,PENDING,NOT_MEASURED
endpoint::mamba:seq128:forward:7696:output_0,ENDPOINT_UNIT,,mamba:seq128:forward:7696:output_0,mamba,128,FORWARD,mm,EXTERN,forward:graph0:mm_default_3621,true,UNRESOLVED,UNRESOLVED_PENDING_REQUIRED_GATE,,,hypothesis_matrix.json; math_proof_row_sha256=34d315e159494164f906b7f8c7231ecc06615488517e8fe3941e1abb149ce8c4,true,Formation has not been measured; legacy labels are not formation labels.,PENDING,PENDING,PENDING,PENDING,NOT_MEASURED
endpoint::mamba:seq128:forward:7742:output_0,ENDPOINT_UNIT,,mamba:seq128:forward:7742:output_0,mamba,128,FORWARD,mm,EXTERN,forward:graph0:mm_default_3598,true,NORMAL_REFERENCE,NORMAL_REFERENCE_NO_LOCAL_DIRECTIONAL_DIFFERENCE,,,hypothesis_matrix.json; math_proof_row_sha256=cbe81d1d6849309fe337909c8885dec4a132fcadb200d60f2f21aeec15fc4dc4,true,Formation has not been measured; legacy labels are not formation labels.,PENDING,PENDING,PENDING,PENDING,NOT_MEASURED
endpoint::mamba:seq128:forward:7964:output_0,ENDPOINT_UNIT,,mamba:seq128:forward:7964:output_0,mamba,128,FORWARD,mm,EXTERN,forward:graph0:mm_default_3556,true,NORMAL_REFERENCE,NORMAL_REFERENCE_NO_LOCAL_DIRECTIONAL_DIFFERENCE,,,hypothesis_matrix.json; math_proof_row_sha256=53d9fd5c86a13ba612fec587584c5bb9396d37787d79df8bd5e8ac9adf1046c4,true,Formation has not been measured; legacy labels are not formation labels.,PENDING,PENDING,PENDING,PENDING,NOT_MEASURED
endpoint::mamba:seq128:forward:798:out_ptr15,ENDPOINT_UNIT,,mamba:seq128:forward:798:out_ptr15,mamba,128,FORWARD,add,TRITON,forward:graph0:add_286,true,UNRESOLVED,UNRESOLVED_PENDING_REQUIRED_GATE,,,hypothesis_matrix.json; math_proof_row_sha256=8e43835b0420b62a3db193c6a1d931bacfbd894b42f3a8518de99db6de7b06a2,true,Formation has not been measured; legacy labels are not formation labels.,PENDING,PENDING,PENDING,PENDING,NOT_MEASURED
endpoint::mamba:seq128:forward:798:out_ptr22,ENDPOINT_UNIT,,mamba:seq128:forward:798:out_ptr22,mamba,128,FORWARD,add,TRITON,forward:graph0:add_293,true,UNRESOLVED,UNRESOLVED_PENDING_REQUIRED_GATE,,,hypothesis_matrix.json; math_proof_row_sha256=daa2dd2489b138a8da58c3cd2b7c30ef3cf5019014cc4ef9472b34ea919d44e0,true,Formation has not been measured; legacy labels are not formation labels.,PENDING,PENDING,PENDING,PENDING,NOT_MEASURED
endpoint::mamba:seq128:forward:798:out_ptr25,ENDPOINT_UNIT,,mamba:seq128:forward:798:out_ptr25,mamba,128,FORWARD,add,TRITON,forward:graph0:add_296,true,UNRESOLVED,UNRESOLVED_PENDING_REQUIRED_GATE,,,hypothesis_matrix.json; math_proof_row_sha256=c953a885a17791e944cc2c7cc9b1dc98ffa2a3ae3a6d4862c127fe364baff048,true,Formation has not been measured; legacy labels are not formation labels.,PENDING,PENDING,PENDING,PENDING,NOT_MEASURED
endpoint::mamba:seq128:forward:798:out_ptr27,ENDPOINT_UNIT,,mamba:seq128:forward:798:out_ptr27,mamba,128,FORWARD,add,TRITON,forward:graph0:add_298,true,UNRESOLVED,UNRESOLVED_PENDING_REQUIRED_GATE,,,hypothesis_matrix.json; math_proof_row_sha256=9f8a649d0d630d8b28dff1360bccf146bbbbc9a6ae81b48011b5fb512af73c45,true,Formation has not been measured; legacy labels are not formation labels.,PENDING,PENDING,PENDING,PENDING,NOT_MEASURED
endpoint::mamba:seq128:forward:798:out_ptr30,ENDPOINT_UNIT,,mamba:seq128:forward:798:out_ptr30,mamba,128,FORWARD,add,TRITON,forward:graph0:add_301,true,UNRESOLVED,UNRESOLVED_PENDING_REQUIRED_GATE,,,hypothesis_matrix.json; math_proof_row_sha256=71bbfde1f9031c083101cf7b1cea9774815c3c826387316104073ff88759c98c,true,Formation has not been measured; legacy labels are not formation labels.,PENDING,PENDING,PENDING,PENDING,NOT_MEASURED
endpoint::mamba:seq128:forward:798:out_ptr31,ENDPOINT_UNIT,,mamba:seq128:forward:798:out_ptr31,mamba,128,FORWARD,add,TRITON,forward:graph0:add_302,true,UNRESOLVED,UNRESOLVED_PENDING_REQUIRED_GATE,,,hypothesis_matrix.json; math_proof_row_sha256=4b1a1b2209db060012a40935efc61bffaf7ecf5d0940a1cdcf773fa79146d2cb,true,Formation has not been measured; legacy labels are not formation labels.,PENDING,PENDING,PENDING,PENDING,NOT_MEASURED
endpoint::mamba:seq128:forward:798:out_ptr37,ENDPOINT_UNIT,,mamba:seq128:forward:798:out_ptr37,mamba,128,FORWARD,add,TRITON,forward:graph0:add_308,true,UNRESOLVED,UNRESOLVED_PENDING_REQUIRED_GATE,,,hypothesis_matrix.json; math_proof_row_sha256=23a32205d5140086e92abf821ec9aa3997e64c87080c507b1cb4ac1183d781e1,true,Formation has not been measured; legacy labels are not formation labels.,PENDING,PENDING,PENDING,PENDING,NOT_MEASURED
endpoint::mamba:seq128:forward:798:out_ptr39,ENDPOINT_UNIT,,mamba:seq128:forward:798:out_ptr39,mamba,128,FORWARD,add,TRITON,forward:graph0:add_310,true,UNRESOLVED,UNRESOLVED_PENDING_REQUIRED_GATE,,,hypothesis_matrix.json; math_proof_row_sha256=74e7f95c60d09eb73a5e0e0e2a6828cdae14dbe45eefcd493713252ceb20b1c5,true,Formation has not been measured; legacy labels are not formation labels.,PENDING,PENDING,PENDING,PENDING,NOT_MEASURED
endpoint::mamba:seq128:forward:798:out_ptr40,ENDPOINT_UNIT,,mamba:seq128:forward:798:out_ptr40,mamba,128,FORWARD,add,TRITON,forward:graph0:add_311,true,UNRESOLVED,UNRESOLVED_PENDING_REQUIRED_GATE,,,hypothesis_matrix.json; math_proof_row_sha256=69e8d88497cd92533fc46b247e589384e7d04d0f3338dc20d3071e54ace2a502,true,Formation has not been measured; legacy labels are not formation labels.,PENDING,PENDING,PENDING,PENDING,NOT_MEASURED
endpoint::mamba:seq128:forward:798:out_ptr42,ENDPOINT_UNIT,,mamba:seq128:forward:798:out_ptr42,mamba,128,FORWARD,add,TRITON,forward:graph0:add_313,true,UNRESOLVED,UNRESOLVED_PENDING_REQUIRED_GATE,,,hypothesis_matrix.json; math_proof_row_sha256=dc52b930bcf87386f9689c297c0a81eefb647cebfdccf27c7308cd6bbe8a7e87,true,Formation has not been measured; legacy labels are not formation labels.,PENDING,PENDING,PENDING,PENDING,NOT_MEASURED
endpoint::mamba:seq128:forward:798:out_ptr43,ENDPOINT_UNIT,,mamba:seq128:forward:798:out_ptr43,mamba,128,FORWARD,add,TRITON,forward:graph0:add_314,true,UNRESOLVED,UNRESOLVED_PENDING_REQUIRED_GATE,,,hypothesis_matrix.json; math_proof_row_sha256=167a36a3b937dcb7705c4404c31444a6e46cf31fc4dd6dadcc988553101db9cf,true,Formation has not been measured; legacy labels are not formation labels.,PENDING,PENDING,PENDING,PENDING,NOT_MEASURED
endpoint::mamba:seq128:forward:798:out_ptr44,ENDPOINT_UNIT,,mamba:seq128:forward:798:out_ptr44,mamba,128,FORWARD,add,TRITON,forward:graph0:add_315,true,UNRESOLVED,UNRESOLVED_PENDING_REQUIRED_GATE,,,hypothesis_matrix.json; math_proof_row_sha256=802bc2e4bf8f5a86a9a3163adf05016aef1af7bceaca09e992bdac02fc4f597c,true,Formation has not been measured; legacy labels are not formation labels.,PENDING,PENDING,PENDING,PENDING,NOT_MEASURED
endpoint::mamba:seq128:forward:798:out_ptr45,ENDPOINT_UNIT,,mamba:seq128:forward:798:out_ptr45,mamba,128,FORWARD,add,TRITON,forward:graph0:add_316,true,UNRESOLVED,UNRESOLVED_PENDING_REQUIRED_GATE,,,hypothesis_matrix.json; math_proof_row_sha256=3009073afa3660b08397dd77ecb79e72e6f082d25cc25e5dd282e34f01091a65,true,Formation has not been measured; legacy labels are not formation labels.,PENDING,PENDING,PENDING,PENDING,NOT_MEASURED
endpoint::mamba:seq128:forward:798:out_ptr46,ENDPOINT_UNIT,,mamba:seq128:forward:798:out_ptr46,mamba,128,FORWARD,add,TRITON,forward:graph0:add_317,true,UNRESOLVED,UNRESOLVED_PENDING_REQUIRED_GATE,,,hypothesis_matrix.json; math_proof_row_sha256=5ac5e1bebfdaf46ecefdf0942b25f7036b11dd897f89d1fb5188fecf8b40be0e,true,Formation has not been measured; legacy labels are not formation labels.,PENDING,PENDING,PENDING,PENDING,NOT_MEASURED
endpoint::mamba:seq128:forward:798:out_ptr47,ENDPOINT_UNIT,,mamba:seq128:forward:798:out_ptr47,mamba,128,FORWARD,add,TRITON,forward:graph0:add_318,true,UNRESOLVED,UNRESOLVED_PENDING_REQUIRED_GATE,,,hypothesis_matrix.json; math_proof_row_sha256=29241d7522098a7f437fdb0bd3da6ff10474141e45997fcb8810024d0a2dcba4,true,Formation has not been measured; legacy labels are not formation labels.,PENDING,PENDING,PENDING,PENDING,NOT_MEASURED
endpoint::mamba:seq128:forward:798:out_ptr48,ENDPOINT_UNIT,,mamba:seq128:forward:798:out_ptr48,mamba,128,FORWARD,add,TRITON,forward:graph0:add_319,true,UNRESOLVED,UNRESOLVED_PENDING_REQUIRED_GATE,,,hypothesis_matrix.json; math_proof_row_sha256=6d44acd178ad341f379f6cbebe47fb294757aef62c437a935f0dc1e1653525c4,true,Formation has not been measured; legacy labels are not formation labels.,PENDING,PENDING,PENDING,PENDING,NOT_MEASURED
endpoint::mamba:seq128:forward:798:out_ptr49,ENDPOINT_UNIT,,mamba:seq128:forward:798:out_ptr49,mamba,128,FORWARD,add,TRITON,forward:graph0:add_320,true,UNRESOLVED,UNRESOLVED_PENDING_REQUIRED_GATE,,,hypothesis_matrix.json; math_proof_row_sha256=c4e780653f1dd946b3166cf068c565404d1960edc7ec840de5cf9d9344f2e204,true,Formation has not been measured; legacy labels are not formation labels.,PENDING,PENDING,PENDING,PENDING,NOT_MEASURED
endpoint::mamba:seq128:forward:798:out_ptr50,ENDPOINT_UNIT,,mamba:seq128:forward:798:out_ptr50,mamba,128,FORWARD,add,TRITON,forward:graph0:add_321,true,UNRESOLVED,UNRESOLVED_PENDING_REQUIRED_GATE,,,hypothesis_matrix.json; math_proof_row_sha256=4feb5ca717204ac5bdeebf4985d5ce1809e388ac176a1cac38802434d86e797e,true,Formation has not been measured; legacy labels are not formation labels.,PENDING,PENDING,PENDING,PENDING,NOT_MEASURED
endpoint::mamba:seq128:forward:798:out_ptr51,ENDPOINT_UNIT,,mamba:seq128:forward:798:out_ptr51,mamba,128,FORWARD,add,TRITON,forward:graph0:add_322,true,UNRESOLVED,UNRESOLVED_PENDING_REQUIRED_GATE,,,hypothesis_matrix.json; math_proof_row_sha256=6019ae8ecfc45a548ce54b9be6ef3159c5a6000afbbbbb0a2d3e66770beaa513,true,Formation has not been measured; legacy labels are not formation labels.,PENDING,PENDING,PENDING,PENDING,NOT_MEASURED
endpoint::mamba:seq128:forward:798:out_ptr53,ENDPOINT_UNIT,,mamba:seq128:forward:798:out_ptr53,mamba,128,FORWARD,add,TRITON,forward:graph0:add_324,true,UNRESOLVED,UNRESOLVED_PENDING_REQUIRED_GATE,,,hypothesis_matrix.json; math_proof_row_sha256=36cc5e86285c27c6bb2c27ceb589868669721d6232a4459bd0d3ee8376720012,true,Formation has not been measured; legacy labels are not formation labels.,PENDING,PENDING,PENDING,PENDING,NOT_MEASURED
endpoint::mamba:seq128:forward:798:out_ptr54,ENDPOINT_UNIT,,mamba:seq128:forward:798:out_ptr54,mamba,128,FORWARD,add,TRITON,forward:graph0:add_325,true,UNRESOLVED,UNRESOLVED_PENDING_REQUIRED_GATE,,,hypothesis_matrix.json; math_proof_row_sha256=74124d8975ec11cf3b3f4de2f034b3d359b7ca570e36a3afd113193234f67a96,true,Formation has not been measured; legacy labels are not formation labels.,PENDING,PENDING,PENDING,PENDING,NOT_MEASURED
endpoint::mamba:seq128:forward:798:out_ptr55,ENDPOINT_UNIT,,mamba:seq128:forward:798:out_ptr55,mamba,128,FORWARD,add,TRITON,forward:graph0:add_326,true,UNRESOLVED,UNRESOLVED_PENDING_REQUIRED_GATE,,,hypothesis_matrix.json; math_proof_row_sha256=246abe411699c31bf9164550fc1079c88b538f6a37889263c1d011672501f217,true,Formation has not been measured; legacy labels are not formation labels.,PENDING,PENDING,PENDING,PENDING,NOT_MEASURED
endpoint::mamba:seq128:forward:798:out_ptr56,ENDPOINT_UNIT,,mamba:seq128:forward:798:out_ptr56,mamba,128,FORWARD,add,TRITON,forward:graph0:add_327,true,UNRESOLVED,UNRESOLVED_PENDING_REQUIRED_GATE,,,hypothesis_matrix.json; math_proof_row_sha256=2270d16279080b04be9408bd305abea58492993ccf490e166583f5e47eae0009,true,Formation has not been measured; legacy labels are not formation labels.,PENDING,PENDING,PENDING,PENDING,NOT_MEASURED
endpoint::mamba:seq128:forward:798:out_ptr57,ENDPOINT_UNIT,,mamba:seq128:forward:798:out_ptr57,mamba,128,FORWARD,add,TRITON,forward:graph0:add_328,true,UNRESOLVED,UNRESOLVED_PENDING_REQUIRED_GATE,,,hypothesis_matrix.json; math_proof_row_sha256=f8b67013744769e5e4c12323269e4c6f0e1cbc257139ab74e6ac6b0d3275bea5,true,Formation has not been measured; legacy labels are not formation labels.,PENDING,PENDING,PENDING,PENDING,NOT_MEASURED
endpoint::mamba:seq128:forward:798:out_ptr58,ENDPOINT_UNIT,,mamba:seq128:forward:798:out_ptr58,mamba,128,FORWARD,add,TRITON,forward:graph0:add_329,true,UNRESOLVED,UNRESOLVED_PENDING_REQUIRED_GATE,,,hypothesis_matrix.json; math_proof_row_sha256=c05aadabfda46043570a12eaf580612c752d212d866243db09757d0beebb885c,true,Formation has not been measured; legacy labels are not formation labels.,PENDING,PENDING,PENDING,PENDING,NOT_MEASURED
endpoint::mamba:seq128:forward:798:out_ptr59,ENDPOINT_UNIT,,mamba:seq128:forward:798:out_ptr59,mamba,128,FORWARD,add,TRITON,forward:graph0:add_330,true,UNRESOLVED,UNRESOLVED_PENDING_REQUIRED_GATE,,,hypothesis_matrix.json; math_proof_row_sha256=14cf82858980273a8bf6427729b5fe83d4f19b3d9bfc395258d58e63d2a720db,true,Formation has not been measured; legacy labels are not formation labels.,PENDING,PENDING,PENDING,PENDING,NOT_MEASURED
endpoint::mamba:seq128:forward:798:out_ptr60,ENDPOINT_UNIT,,mamba:seq128:forward:798:out_ptr60,mamba,128,FORWARD,add,TRITON,forward:graph0:add_331,true,UNRESOLVED,UNRESOLVED_PENDING_REQUIRED_GATE,,,hypothesis_matrix.json; math_proof_row_sha256=ad03792ea1ca4fa45b78071880e8c890f437fa46deacc510dcc3bed873347ef5,true,Formation has not been measured; legacy labels are not formation labels.,PENDING,PENDING,PENDING,PENDING,NOT_MEASURED
endpoint::mamba:seq128:forward:798:out_ptr61,ENDPOINT_UNIT,,mamba:seq128:forward:798:out_ptr61,mamba,128,FORWARD,add,TRITON,forward:graph0:add_332,true,UNRESOLVED,UNRESOLVED_PENDING_REQUIRED_GATE,,,hypothesis_matrix.json; math_proof_row_sha256=ca0f8312820c0a67f1b65012fea3df122eed9afd2552b875aa4542956b549426,true,Formation has not been measured; legacy labels are not formation labels.,PENDING,PENDING,PENDING,PENDING,NOT_MEASURED
endpoint::mamba:seq128:forward:798:out_ptr62,ENDPOINT_UNIT,,mamba:seq128:forward:798:out_ptr62,mamba,128,FORWARD,add,TRITON,forward:graph0:add_333,true,UNRESOLVED,UNRESOLVED_PENDING_REQUIRED_GATE,,,hypothesis_matrix.json; math_proof_row_sha256=c38f227f0cf414b29f30928474b4dd3251cdea2b1ad712d87756705bb33c67cd,true,Formation has not been measured; legacy labels are not formation labels.,PENDING,PENDING,PENDING,PENDING,NOT_MEASURED
endpoint::mamba:seq128:forward:798:out_ptr63,ENDPOINT_UNIT,,mamba:seq128:forward:798:out_ptr63,mamba,128,FORWARD,add,TRITON,forward:graph0:add_334,true,UNRESOLVED,UNRESOLVED_PENDING_REQUIRED_GATE,,,hypothesis_matrix.json; math_proof_row_sha256=1580964ba8e467fe39728aee26d5aa0a76f6f4d268e98667f26be34208e80e39,true,Formation has not been measured; legacy labels are not formation labels.,PENDING,PENDING,PENDING,PENDING,NOT_MEASURED
endpoint::mamba:seq128:forward:824:output_0,ENDPOINT_UNIT,,mamba:seq128:forward:824:output_0,mamba,128,FORWARD,mm,EXTERN,forward:graph0:mm_default_5875,true,NORMAL_REFERENCE,NORMAL_REFERENCE_NO_LOCAL_DIRECTIONAL_DIFFERENCE,,,hypothesis_matrix.json; math_proof_row_sha256=b285ce0afebe3240334f66b98d52ddb12f1bcdb56b556931f00de3fc6e297d4a,true,Formation has not been measured; legacy labels are not formation labels.,PENDING,PENDING,PENDING,PENDING,NOT_MEASURED
endpoint::mamba:seq128:forward:838:output_0,ENDPOINT_UNIT,,mamba:seq128:forward:838:output_0,mamba,128,FORWARD,mm,EXTERN,forward:graph0:mm_default_5868,true,NORMAL_REFERENCE,NORMAL_REFERENCE_NO_LOCAL_DIRECTIONAL_DIFFERENCE,,,hypothesis_matrix.json; math_proof_row_sha256=a4be5bea61c1d08377fa29c02c79c821e48b2db8466ad9255b4c726b60019b57,true,Formation has not been measured; legacy labels are not formation labels.,PENDING,PENDING,PENDING,PENDING,NOT_MEASURED
endpoint::mamba:seq128:forward:8397:output_0,ENDPOINT_UNIT,,mamba:seq128:forward:8397:output_0,mamba,128,FORWARD,mm,EXTERN,forward:graph0:mm_default_3409,true,NORMAL_REFERENCE,NORMAL_REFERENCE_NO_LOCAL_DIRECTIONAL_DIFFERENCE,,,hypothesis_matrix.json; math_proof_row_sha256=7765a0b6a5d51a549edd1bf6749c3ce2bdac023e5e74e9d39ca191950b00fe25,true,Formation has not been measured; legacy labels are not formation labels.,PENDING,PENDING,PENDING,PENDING,NOT_MEASURED
endpoint::mamba:seq128:forward:848:output_0,ENDPOINT_UNIT,,mamba:seq128:forward:848:output_0,mamba,128,FORWARD,mm,EXTERN,forward:graph0:mm_default_5863,true,UNRESOLVED,UNRESOLVED_PENDING_REQUIRED_GATE,,,hypothesis_matrix.json; math_proof_row_sha256=f7ffca23e4d5bee425453f78e7b6287bc417566a0814f7490aca104edd0cfeda,true,Formation has not been measured; legacy labels are not formation labels.,PENDING,PENDING,PENDING,PENDING,NOT_MEASURED
endpoint::mamba:seq128:forward:856:output_0,ENDPOINT_UNIT,,mamba:seq128:forward:856:output_0,mamba,128,FORWARD,mm,EXTERN,forward:graph0:mm_default_5859,true,UNRESOLVED,UNRESOLVED_PENDING_REQUIRED_GATE,,,hypothesis_matrix.json; math_proof_row_sha256=0b502c4e251929329ebc523e252cb37d2d6edf8a5d565f02887e8e56e82fb0aa,true,Formation has not been measured; legacy labels are not formation labels.,PENDING,PENDING,PENDING,PENDING,NOT_MEASURED
endpoint::mamba:seq128:forward:872:output_0,ENDPOINT_UNIT,,mamba:seq128:forward:872:output_0,mamba,128,FORWARD,mm,EXTERN,forward:graph0:mm_default_5851,true,UNRESOLVED,UNRESOLVED_PENDING_REQUIRED_GATE,,,hypothesis_matrix.json; math_proof_row_sha256=a349d42cde8845e2c28d70be26609ffb71aedb13159c73b1c9d1a7a9ec1c400a,true,Formation has not been measured; legacy labels are not formation labels.,PENDING,PENDING,PENDING,PENDING,NOT_MEASURED
endpoint::mamba:seq128:forward:8800:output_0,ENDPOINT_UNIT,,mamba:seq128:forward:8800:output_0,mamba,128,FORWARD,mm,EXTERN,forward:graph0:mm_default_3277,true,UNRESOLVED,UNRESOLVED_PENDING_REQUIRED_GATE,,,hypothesis_matrix.json; math_proof_row_sha256=f2bbbdc148de26018d41a8ed943e72e98aab07b5a21e3cf3d0d0b82cfb9baa03,true,Formation has not been measured; legacy labels are not formation labels.,PENDING,PENDING,PENDING,PENDING,NOT_MEASURED
endpoint::mamba:seq128:forward:8827:out_ptr56,ENDPOINT_UNIT,,mamba:seq128:forward:8827:out_ptr56,mamba,128,FORWARD,add,TRITON,forward:graph0:add_3071,true,NORMAL_REFERENCE,NORMAL_REFERENCE_NO_LOCAL_DIRECTIONAL_DIFFERENCE,,,hypothesis_matrix.json; math_proof_row_sha256=2122b3d9bdc192f84f0443b4fb81ae16fabcd6487c87b36d2b9a7afd5a043140,true,Formation has not been measured; legacy labels are not formation labels.,PENDING,PENDING,PENDING,PENDING,NOT_MEASURED
endpoint::mamba:seq128:forward:8827:out_ptr7,ENDPOINT_UNIT,,mamba:seq128:forward:8827:out_ptr7,mamba,128,FORWARD,add,TRITON,forward:graph0:add_3022,true,NORMAL_REFERENCE,NORMAL_REFERENCE_NO_LOCAL_DIRECTIONAL_DIFFERENCE,,,hypothesis_matrix.json; math_proof_row_sha256=c344ddb39965c036a16b7fbed19b31268f35b04ef35e1b9bf69040125bdf8eb4,true,Formation has not been measured; legacy labels are not formation labels.,PENDING,PENDING,PENDING,PENDING,NOT_MEASURED
endpoint::mamba:seq128:forward:886:output_0,ENDPOINT_UNIT,,mamba:seq128:forward:886:output_0,mamba,128,FORWARD,mm,EXTERN,forward:graph0:mm_default_5844,true,UNRESOLVED,UNRESOLVED_PENDING_REQUIRED_GATE,,,hypothesis_matrix.json; math_proof_row_sha256=bd45b30c3d415c1b5979add43f243a08d00e5488d9a50d8191fe0eb954a969cc,true,Formation has not been measured; legacy labels are not formation labels.,PENDING,PENDING,PENDING,PENDING,NOT_MEASURED
endpoint::mamba:seq128:forward:888:output_0,ENDPOINT_UNIT,,mamba:seq128:forward:888:output_0,mamba,128,FORWARD,mm,EXTERN,forward:graph0:mm_default_5843,true,UNRESOLVED,UNRESOLVED_PENDING_REQUIRED_GATE,,,hypothesis_matrix.json; math_proof_row_sha256=98f5603429b08a97b75f2c0a57dcd80e0e0a023a2c48b2b6f438fa2ee47338fa,true,Formation has not been measured; legacy labels are not formation labels.,PENDING,PENDING,PENDING,PENDING,NOT_MEASURED
endpoint::mamba:seq128:forward:894:output_0,ENDPOINT_UNIT,,mamba:seq128:forward:894:output_0,mamba,128,FORWARD,mm,EXTERN,forward:graph0:mm_default_5840,true,UNRESOLVED,UNRESOLVED_PENDING_REQUIRED_GATE,,,hypothesis_matrix.json; math_proof_row_sha256=342c5721c8bc728dcd8e38af07c6d087f9625a62ab95578b0f013a8f98aa8ca7,true,Formation has not been measured; legacy labels are not formation labels.,PENDING,PENDING,PENDING,PENDING,NOT_MEASURED
endpoint::mamba:seq128:forward:898:output_0,ENDPOINT_UNIT,,mamba:seq128:forward:898:output_0,mamba,128,FORWARD,mm,EXTERN,forward:graph0:mm_default_5838,true,UNRESOLVED,UNRESOLVED_PENDING_REQUIRED_GATE,,,hypothesis_matrix.json; math_proof_row_sha256=d4e5725c00ed4f4a9c2025895fda1dd84083644815bba923dd417e89104d237a,true,Formation has not been measured; legacy labels are not formation labels.,PENDING,PENDING,PENDING,PENDING,NOT_MEASURED
endpoint::mamba:seq128:forward:908:output_0,ENDPOINT_UNIT,,mamba:seq128:forward:908:output_0,mamba,128,FORWARD,mm,EXTERN,forward:graph0:mm_default_5833,true,UNRESOLVED,UNRESOLVED_PENDING_REQUIRED_GATE,,,hypothesis_matrix.json; math_proof_row_sha256=ab9cbaa8b7159cdd685f05d96c4a9b6acb0884974fdac7a065e4ed87b0ab8f52,true,Formation has not been measured; legacy labels are not formation labels.,PENDING,PENDING,PENDING,PENDING,NOT_MEASURED
endpoint::mamba:seq128:forward:9189:output_0,ENDPOINT_UNIT,,mamba:seq128:forward:9189:output_0,mamba,128,FORWARD,mm,EXTERN,forward:graph0:mm_default_3152,true,NORMAL_REFERENCE,NORMAL_REFERENCE_NO_LOCAL_DIRECTIONAL_DIFFERENCE,,,hypothesis_matrix.json; math_proof_row_sha256=9c4974ef97590881b720d87834ae7708cf9c482a16848ecaa3cf540c6731a9e8,true,Formation has not been measured; legacy labels are not formation labels.,PENDING,PENDING,PENDING,PENDING,NOT_MEASURED
endpoint::mamba:seq128:forward:927:out_ptr0,ENDPOINT_UNIT,,mamba:seq128:forward:927:out_ptr0,mamba,128,FORWARD,add,TRITON,forward:graph0:add_335,true,UNRESOLVED,UNRESOLVED_PENDING_REQUIRED_GATE,,,hypothesis_matrix.json; math_proof_row_sha256=4c0d9f01c465dbee0f55887d517c15123000799bde18c85a57db48e3dce39175,true,Formation has not been measured; legacy labels are not formation labels.,PENDING,PENDING,PENDING,PENDING,NOT_MEASURED
endpoint::mamba:seq128:forward:927:out_ptr1,ENDPOINT_UNIT,,mamba:seq128:forward:927:out_ptr1,mamba,128,FORWARD,add,TRITON,forward:graph0:add_336,true,UNRESOLVED,UNRESOLVED_PENDING_REQUIRED_GATE,,,hypothesis_matrix.json; math_proof_row_sha256=44f4cb139e41de578e437f1e81f1cef738427e0002333a1f628136c72b3cd9dc,true,Formation has not been measured; legacy labels are not formation labels.,PENDING,PENDING,PENDING,PENDING,NOT_MEASURED
endpoint::mamba:seq128:forward:927:out_ptr10,ENDPOINT_UNIT,,mamba:seq128:forward:927:out_ptr10,mamba,128,FORWARD,add,TRITON,forward:graph0:add_345,true,UNRESOLVED,UNRESOLVED_PENDING_REQUIRED_GATE,,,hypothesis_matrix.json; math_proof_row_sha256=8d42806720e1f91aaa1171ecdc8d0b007eb9a2a47f119b3e9cba8a83b01d5d11,true,Formation has not been measured; legacy labels are not formation labels.,PENDING,PENDING,PENDING,PENDING,NOT_MEASURED
endpoint::mamba:seq128:forward:927:out_ptr11,ENDPOINT_UNIT,,mamba:seq128:forward:927:out_ptr11,mamba,128,FORWARD,add,TRITON,forward:graph0:add_346,true,UNRESOLVED,UNRESOLVED_PENDING_REQUIRED_GATE,,,hypothesis_matrix.json; math_proof_row_sha256=f60b37ea2dfdf7eacddc4b72682dc4835b709d5153c2fd14115ceab814c6e79b,true,Formation has not been measured; legacy labels are not formation labels.,PENDING,PENDING,PENDING,PENDING,NOT_MEASURED
endpoint::mamba:seq128:forward:927:out_ptr12,ENDPOINT_UNIT,,mamba:seq128:forward:927:out_ptr12,mamba,128,FORWARD,add,TRITON,forward:graph0:add_347,true,UNRESOLVED,UNRESOLVED_PENDING_REQUIRED_GATE,,,hypothesis_matrix.json; math_proof_row_sha256=76d36e9aa87e1d4d58f439b81411da310839e5781e57d7a4f307552dea3a0a1e,true,Formation has not been measured; legacy labels are not formation labels.,PENDING,PENDING,PENDING,PENDING,NOT_MEASURED
endpoint::mamba:seq128:forward:927:out_ptr13,ENDPOINT_UNIT,,mamba:seq128:forward:927:out_ptr13,mamba,128,FORWARD,add,TRITON,forward:graph0:add_348,true,UNRESOLVED,UNRESOLVED_PENDING_REQUIRED_GATE,,,hypothesis_matrix.json; math_proof_row_sha256=a2200bf5fe0efadf98d6c1d30c5791dbeb5b96ca330cb946fa953b08c35a46e3,true,Formation has not been measured; legacy labels are not formation labels.,PENDING,PENDING,PENDING,PENDING,NOT_MEASURED
endpoint::mamba:seq128:forward:927:out_ptr14,ENDPOINT_UNIT,,mamba:seq128:forward:927:out_ptr14,mamba,128,FORWARD,add,TRITON,forward:graph0:add_349,true,UNRESOLVED,UNRESOLVED_PENDING_REQUIRED_GATE,,,hypothesis_matrix.json; math_proof_row_sha256=531b329c9824a157909a93675c1440ac58033b390f3728edcc51eee422b052f9,true,Formation has not been measured; legacy labels are not formation labels.,PENDING,PENDING,PENDING,PENDING,NOT_MEASURED
endpoint::mamba:seq128:forward:927:out_ptr15,ENDPOINT_UNIT,,mamba:seq128:forward:927:out_ptr15,mamba,128,FORWARD,add,TRITON,forward:graph0:add_350,true,UNRESOLVED,UNRESOLVED_PENDING_REQUIRED_GATE,,,hypothesis_matrix.json; math_proof_row_sha256=4ff0dea395cf0b86fa4106fd43dc9b49f3490abb543e0f3c6ba0b624e73249ba,true,Formation has not been measured; legacy labels are not formation labels.,PENDING,PENDING,PENDING,PENDING,NOT_MEASURED
endpoint::mamba:seq128:forward:927:out_ptr16,ENDPOINT_UNIT,,mamba:seq128:forward:927:out_ptr16,mamba,128,FORWARD,add,TRITON,forward:graph0:add_351,true,UNRESOLVED,UNRESOLVED_PENDING_REQUIRED_GATE,,,hypothesis_matrix.json; math_proof_row_sha256=87420ffa7549c0611b286baeb7ada7792f6838f4a673ad02411240f44f115a95,true,Formation has not been measured; legacy labels are not formation labels.,PENDING,PENDING,PENDING,PENDING,NOT_MEASURED
endpoint::mamba:seq128:forward:927:out_ptr17,ENDPOINT_UNIT,,mamba:seq128:forward:927:out_ptr17,mamba,128,FORWARD,add,TRITON,forward:graph0:add_352,true,UNRESOLVED,UNRESOLVED_PENDING_REQUIRED_GATE,,,hypothesis_matrix.json; math_proof_row_sha256=fe7ac1849e344ed043d7efeb0d10811eb6607eeb2de7bd3817bfea4858d71ae7,true,Formation has not been measured; legacy labels are not formation labels.,PENDING,PENDING,PENDING,PENDING,NOT_MEASURED
endpoint::mamba:seq128:forward:927:out_ptr18,ENDPOINT_UNIT,,mamba:seq128:forward:927:out_ptr18,mamba,128,FORWARD,add,TRITON,forward:graph0:add_353,true,UNRESOLVED,UNRESOLVED_PENDING_REQUIRED_GATE,,,hypothesis_matrix.json; math_proof_row_sha256=f8ab2a8f266f2bc7a16bf062cfed9215f88e4c057c53f1faf8873716fb7334a3,true,Formation has not been measured; legacy labels are not formation labels.,PENDING,PENDING,PENDING,PENDING,NOT_MEASURED
endpoint::mamba:seq128:forward:927:out_ptr19,ENDPOINT_UNIT,,mamba:seq128:forward:927:out_ptr19,mamba,128,FORWARD,add,TRITON,forward:graph0:add_354,true,UNRESOLVED,UNRESOLVED_PENDING_REQUIRED_GATE,,,hypothesis_matrix.json; math_proof_row_sha256=0695410b673e43371f83d63d41107af5670ea27c5ac3314c71e6b2b1a15ea5e3,true,Formation has not been measured; legacy labels are not formation labels.,PENDING,PENDING,PENDING,PENDING,NOT_MEASURED
endpoint::mamba:seq128:forward:927:out_ptr2,ENDPOINT_UNIT,,mamba:seq128:forward:927:out_ptr2,mamba,128,FORWARD,add,TRITON,forward:graph0:add_337,true,UNRESOLVED,UNRESOLVED_PENDING_REQUIRED_GATE,,,hypothesis_matrix.json; math_proof_row_sha256=77d02629a2ce36060d75b4efb3a7af6e08144fe974e212798edfbd1f86b87d87,true,Formation has not been measured; legacy labels are not formation labels.,PENDING,PENDING,PENDING,PENDING,NOT_MEASURED
endpoint::mamba:seq128:forward:927:out_ptr20,ENDPOINT_UNIT,,mamba:seq128:forward:927:out_ptr20,mamba,128,FORWARD,add,TRITON,forward:graph0:add_355,true,UNRESOLVED,UNRESOLVED_PENDING_REQUIRED_GATE,,,hypothesis_matrix.json; math_proof_row_sha256=2c63eeaa6dc6520d22ed3a3f32c1e7ba2e65fe5e6399d0510474f0d7622c8328,true,Formation has not been measured; legacy labels are not formation labels.,PENDING,PENDING,PENDING,PENDING,NOT_MEASURED
endpoint::mamba:seq128:forward:927:out_ptr21,ENDPOINT_UNIT,,mamba:seq128:forward:927:out_ptr21,mamba,128,FORWARD,add,TRITON,forward:graph0:add_356,true,UNRESOLVED,UNRESOLVED_PENDING_REQUIRED_GATE,,,hypothesis_matrix.json; math_proof_row_sha256=a5f70316295e251121c7f49ae20722bd3225dec7dd6b6fc82903fec362e0a5ae,true,Formation has not been measured; legacy labels are not formation labels.,PENDING,PENDING,PENDING,PENDING,NOT_MEASURED
endpoint::mamba:seq128:forward:927:out_ptr22,ENDPOINT_UNIT,,mamba:seq128:forward:927:out_ptr22,mamba,128,FORWARD,add,TRITON,forward:graph0:add_357,true,UNRESOLVED,UNRESOLVED_PENDING_REQUIRED_GATE,,,hypothesis_matrix.json; math_proof_row_sha256=29207a209f837ae137b027e0744d62205eb553d785e885b86e2582b66187dbec,true,Formation has not been measured; legacy labels are not formation labels.,PENDING,PENDING,PENDING,PENDING,NOT_MEASURED
endpoint::mamba:seq128:forward:927:out_ptr23,ENDPOINT_UNIT,,mamba:seq128:forward:927:out_ptr23,mamba,128,FORWARD,add,TRITON,forward:graph0:add_358,true,UNRESOLVED,UNRESOLVED_PENDING_REQUIRED_GATE,,,hypothesis_matrix.json; math_proof_row_sha256=79fd4fa8e27a2d4aee7ae29de11de0ad9ffdf2704f21ea05f20ce791706964bd,true,Formation has not been measured; legacy labels are not formation labels.,PENDING,PENDING,PENDING,PENDING,NOT_MEASURED
endpoint::mamba:seq128:forward:927:out_ptr25,ENDPOINT_UNIT,,mamba:seq128:forward:927:out_ptr25,mamba,128,FORWARD,add,TRITON,forward:graph0:add_360,true,UNRESOLVED,UNRESOLVED_PENDING_REQUIRED_GATE,,,hypothesis_matrix.json; math_proof_row_sha256=aa28bd5a2e517ae72f315c0d04178159545e5d3c5aaf8c795e3d405903b70f52,true,Formation has not been measured; legacy labels are not formation labels.,PENDING,PENDING,PENDING,PENDING,NOT_MEASURED
endpoint::mamba:seq128:forward:927:out_ptr26,ENDPOINT_UNIT,,mamba:seq128:forward:927:out_ptr26,mamba,128,FORWARD,add,TRITON,forward:graph0:add_361,true,UNRESOLVED,UNRESOLVED_PENDING_REQUIRED_GATE,,,hypothesis_matrix.json; math_proof_row_sha256=227c2b429dc6c32a9aa8a4cadf70ba092a42cf470c68e99d3a89cd6e862ecaae,true,Formation has not been measured; legacy labels are not formation labels.,PENDING,PENDING,PENDING,PENDING,NOT_MEASURED
endpoint::mamba:seq128:forward:927:out_ptr27,ENDPOINT_UNIT,,mamba:seq128:forward:927:out_ptr27,mamba,128,FORWARD,add,TRITON,forward:graph0:add_362,true,UNRESOLVED,UNRESOLVED_PENDING_REQUIRED_GATE,,,hypothesis_matrix.json; math_proof_row_sha256=9e0bfa2fcd3516448ae0baa434528ed81b68a4f19c3b43d0809123888bb66eba,true,Formation has not been measured; legacy labels are not formation labels.,PENDING,PENDING,PENDING,PENDING,NOT_MEASURED
endpoint::mamba:seq128:forward:927:out_ptr28,ENDPOINT_UNIT,,mamba:seq128:forward:927:out_ptr28,mamba,128,FORWARD,add,TRITON,forward:graph0:add_363,true,UNRESOLVED,UNRESOLVED_PENDING_REQUIRED_GATE,,,hypothesis_matrix.json; math_proof_row_sha256=4b52d2972c19a2c31b635669379087a71133b503ab87cf8446e666b41eb8d654,true,Formation has not been measured; legacy labels are not formation labels.,PENDING,PENDING,PENDING,PENDING,NOT_MEASURED
endpoint::mamba:seq128:forward:927:out_ptr29,ENDPOINT_UNIT,,mamba:seq128:forward:927:out_ptr29,mamba,128,FORWARD,add,TRITON,forward:graph0:add_364,true,UNRESOLVED,UNRESOLVED_PENDING_REQUIRED_GATE,,,hypothesis_matrix.json; math_proof_row_sha256=7f25f5dd96a17265990aa0590ebf704054b0b9cd6fe1ca48b57e990c6488d3d8,true,Formation has not been measured; legacy labels are not formation labels.,PENDING,PENDING,PENDING,PENDING,NOT_MEASURED
endpoint::mamba:seq128:forward:927:out_ptr3,ENDPOINT_UNIT,,mamba:seq128:forward:927:out_ptr3,mamba,128,FORWARD,add,TRITON,forward:graph0:add_338,true,UNRESOLVED,UNRESOLVED_PENDING_REQUIRED_GATE,,,hypothesis_matrix.json; math_proof_row_sha256=fdad91c34b112cfa7b4e4274b3e556cb42df13278349d5af9808e87a8bf82ff0,true,Formation has not been measured; legacy labels are not formation labels.,PENDING,PENDING,PENDING,PENDING,NOT_MEASURED
endpoint::mamba:seq128:forward:927:out_ptr30,ENDPOINT_UNIT,,mamba:seq128:forward:927:out_ptr30,mamba,128,FORWARD,add,TRITON,forward:graph0:add_365,true,UNRESOLVED,UNRESOLVED_PENDING_REQUIRED_GATE,,,hypothesis_matrix.json; math_proof_row_sha256=537541447cf9e859c1c7d4a4114792ebcf917b03b3d8db911264bb2c378fa46d,true,Formation has not been measured; legacy labels are not formation labels.,PENDING,PENDING,PENDING,PENDING,NOT_MEASURED
endpoint::mamba:seq128:forward:927:out_ptr31,ENDPOINT_UNIT,,mamba:seq128:forward:927:out_ptr31,mamba,128,FORWARD,add,TRITON,forward:graph0:add_366,true,UNRESOLVED,UNRESOLVED_PENDING_REQUIRED_GATE,,,hypothesis_matrix.json; math_proof_row_sha256=bcac8e93d27c065c035e26be2e5da9f5c31b03bb889232ba46256f45ddaeb347,true,Formation has not been measured; legacy labels are not formation labels.,PENDING,PENDING,PENDING,PENDING,NOT_MEASURED
endpoint::mamba:seq128:forward:927:out_ptr32,ENDPOINT_UNIT,,mamba:seq128:forward:927:out_ptr32,mamba,128,FORWARD,add,TRITON,forward:graph0:add_367,true,UNRESOLVED,UNRESOLVED_PENDING_REQUIRED_GATE,,,hypothesis_matrix.json; math_proof_row_sha256=78fba1e7b59f77d35f0a78cdb36cf0ece8a7eabf7a3499366675c3f316aebf99,true,Formation has not been measured; legacy labels are not formation labels.,PENDING,PENDING,PENDING,PENDING,NOT_MEASURED
endpoint::mamba:seq128:forward:927:out_ptr33,ENDPOINT_UNIT,,mamba:seq128:forward:927:out_ptr33,mamba,128,FORWARD,add,TRITON,forward:graph0:add_368,true,UNRESOLVED,UNRESOLVED_PENDING_REQUIRED_GATE,,,hypothesis_matrix.json; math_proof_row_sha256=6df9f9650798698687df32bcf0903f508419f0f9c6e376916072b4fec454a59d,true,Formation has not been measured; legacy labels are not formation labels.,PENDING,PENDING,PENDING,PENDING,NOT_MEASURED
endpoint::mamba:seq128:forward:927:out_ptr34,ENDPOINT_UNIT,,mamba:seq128:forward:927:out_ptr34,mamba,128,FORWARD,add,TRITON,forward:graph0:add_369,true,UNRESOLVED,UNRESOLVED_PENDING_REQUIRED_GATE,,,hypothesis_matrix.json; math_proof_row_sha256=802bae2279822855f45a09815eb732fe8323a87c8a8757414e38ae0d14b2b680,true,Formation has not been measured; legacy labels are not formation labels.,PENDING,PENDING,PENDING,PENDING,NOT_MEASURED
endpoint::mamba:seq128:forward:927:out_ptr35,ENDPOINT_UNIT,,mamba:seq128:forward:927:out_ptr35,mamba,128,FORWARD,add,TRITON,forward:graph0:add_370,true,UNRESOLVED,UNRESOLVED_PENDING_REQUIRED_GATE,,,hypothesis_matrix.json; math_proof_row_sha256=41870fe09432f8ac96ffe9eaf92a0443ec201e7fad477cea341c869de0c0cd70,true,Formation has not been measured; legacy labels are not formation labels.,PENDING,PENDING,PENDING,PENDING,NOT_MEASURED
endpoint::mamba:seq128:forward:927:out_ptr36,ENDPOINT_UNIT,,mamba:seq128:forward:927:out_ptr36,mamba,128,FORWARD,add,TRITON,forward:graph0:add_371,true,UNRESOLVED,UNRESOLVED_PENDING_REQUIRED_GATE,,,hypothesis_matrix.json; math_proof_row_sha256=61955ea9f95b40d351aae4a3f05a48014327b5eb220b24c06e22663d26db4857,true,Formation has not been measured; legacy labels are not formation labels.,PENDING,PENDING,PENDING,PENDING,NOT_MEASURED
endpoint::mamba:seq128:forward:927:out_ptr37,ENDPOINT_UNIT,,mamba:seq128:forward:927:out_ptr37,mamba,128,FORWARD,add,TRITON,forward:graph0:add_372,true,UNRESOLVED,UNRESOLVED_PENDING_REQUIRED_GATE,,,hypothesis_matrix.json; math_proof_row_sha256=7de64ddf07fbc8c210bd24d5912ec471a2c4337578324bde2e79b297ca91343f,true,Formation has not been measured; legacy labels are not formation labels.,PENDING,PENDING,PENDING,PENDING,NOT_MEASURED
endpoint::mamba:seq128:forward:927:out_ptr38,ENDPOINT_UNIT,,mamba:seq128:forward:927:out_ptr38,mamba,128,FORWARD,add,TRITON,forward:graph0:add_373,true,UNRESOLVED,UNRESOLVED_PENDING_REQUIRED_GATE,,,hypothesis_matrix.json; math_proof_row_sha256=7d1780e01299180660dd373daf9f741e10d1e49ce76105b4f31d82e63aae3878,true,Formation has not been measured; legacy labels are not formation labels.,PENDING,PENDING,PENDING,PENDING,NOT_MEASURED
endpoint::mamba:seq128:forward:927:out_ptr39,ENDPOINT_UNIT,,mamba:seq128:forward:927:out_ptr39,mamba,128,FORWARD,add,TRITON,forward:graph0:add_374,true,UNRESOLVED,UNRESOLVED_PENDING_REQUIRED_GATE,,,hypothesis_matrix.json; math_proof_row_sha256=df65c4852654fc3518cdea37378d1ec7b10a7cc9db6804634ac3cee357da19da,true,Formation has not been measured; legacy labels are not formation labels.,PENDING,PENDING,PENDING,PENDING,NOT_MEASURED
endpoint::mamba:seq128:forward:927:out_ptr4,ENDPOINT_UNIT,,mamba:seq128:forward:927:out_ptr4,mamba,128,FORWARD,add,TRITON,forward:graph0:add_339,true,UNRESOLVED,UNRESOLVED_PENDING_REQUIRED_GATE,,,hypothesis_matrix.json; math_proof_row_sha256=49c5210ad398e66d5b8026619dc9bc54d2e9d5b790d549984d00b233dda7c4f6,true,Formation has not been measured; legacy labels are not formation labels.,PENDING,PENDING,PENDING,PENDING,NOT_MEASURED
endpoint::mamba:seq128:forward:927:out_ptr40,ENDPOINT_UNIT,,mamba:seq128:forward:927:out_ptr40,mamba,128,FORWARD,add,TRITON,forward:graph0:add_375,true,UNRESOLVED,UNRESOLVED_PENDING_REQUIRED_GATE,,,hypothesis_matrix.json; math_proof_row_sha256=f208c44d7541ce0759eaa0df143af840006fe27acc70714ddae6a594175e12ad,true,Formation has not been measured; legacy labels are not formation labels.,PENDING,PENDING,PENDING,PENDING,NOT_MEASURED
endpoint::mamba:seq128:forward:927:out_ptr41,ENDPOINT_UNIT,,mamba:seq128:forward:927:out_ptr41,mamba,128,FORWARD,add,TRITON,forward:graph0:add_376,true,UNRESOLVED,UNRESOLVED_PENDING_REQUIRED_GATE,,,hypothesis_matrix.json; math_proof_row_sha256=98b898eea84382207052bb841af26b8d013bde606a45f6569e8a34aa48762295,true,Formation has not been measured; legacy labels are not formation labels.,PENDING,PENDING,PENDING,PENDING,NOT_MEASURED
endpoint::mamba:seq128:forward:927:out_ptr42,ENDPOINT_UNIT,,mamba:seq128:forward:927:out_ptr42,mamba,128,FORWARD,add,TRITON,forward:graph0:add_377,true,UNRESOLVED,UNRESOLVED_PENDING_REQUIRED_GATE,,,hypothesis_matrix.json; math_proof_row_sha256=210bf4b25c839c06e4fffe6333da541c64f8723c180064ae21ea91b3d5c6b8d4,true,Formation has not been measured; legacy labels are not formation labels.,PENDING,PENDING,PENDING,PENDING,NOT_MEASURED
endpoint::mamba:seq128:forward:927:out_ptr43,ENDPOINT_UNIT,,mamba:seq128:forward:927:out_ptr43,mamba,128,FORWARD,add,TRITON,forward:graph0:add_378,true,UNRESOLVED,UNRESOLVED_PENDING_REQUIRED_GATE,,,hypothesis_matrix.json; math_proof_row_sha256=3276ccc062d24e4ef2a81b2993ffdc24d7f5e3f0d19542187fb3f4f7ecb0cd9f,true,Formation has not been measured; legacy labels are not formation labels.,PENDING,PENDING,PENDING,PENDING,NOT_MEASURED
endpoint::mamba:seq128:forward:927:out_ptr44,ENDPOINT_UNIT,,mamba:seq128:forward:927:out_ptr44,mamba,128,FORWARD,add,TRITON,forward:graph0:add_379,true,UNRESOLVED,UNRESOLVED_PENDING_REQUIRED_GATE,,,hypothesis_matrix.json; math_proof_row_sha256=3d3c7ffe68c044bee4c80d573cb24d7315fb44f9de298bc64efd2ccebbb71a85,true,Formation has not been measured; legacy labels are not formation labels.,PENDING,PENDING,PENDING,PENDING,NOT_MEASURED
endpoint::mamba:seq128:forward:927:out_ptr45,ENDPOINT_UNIT,,mamba:seq128:forward:927:out_ptr45,mamba,128,FORWARD,add,TRITON,forward:graph0:add_380,true,UNRESOLVED,UNRESOLVED_PENDING_REQUIRED_GATE,,,hypothesis_matrix.json; math_proof_row_sha256=cfd92e3725cedda612033357efbd37a4b8a22d00aa4182f2c93803d174f2dc8d,true,Formation has not been measured; legacy labels are not formation labels.,PENDING,PENDING,PENDING,PENDING,NOT_MEASURED
endpoint::mamba:seq128:forward:927:out_ptr46,ENDPOINT_UNIT,,mamba:seq128:forward:927:out_ptr46,mamba,128,FORWARD,add,TRITON,forward:graph0:add_381,true,UNRESOLVED,UNRESOLVED_PENDING_REQUIRED_GATE,,,hypothesis_matrix.json; math_proof_row_sha256=a42f7e34f1a625c41aa712111d14c34f8ab4890929196a8b2ef8a440332656c3,true,Formation has not been measured; legacy labels are not formation labels.,PENDING,PENDING,PENDING,PENDING,NOT_MEASURED
endpoint::mamba:seq128:forward:927:out_ptr47,ENDPOINT_UNIT,,mamba:seq128:forward:927:out_ptr47,mamba,128,FORWARD,add,TRITON,forward:graph0:add_382,true,UNRESOLVED,UNRESOLVED_PENDING_REQUIRED_GATE,,,hypothesis_matrix.json; math_proof_row_sha256=e632666707c88b39fd4751d1316da6e59e6f229ee8cbc34da291064695dc0138,true,Formation has not been measured; legacy labels are not formation labels.,PENDING,PENDING,PENDING,PENDING,NOT_MEASURED
endpoint::mamba:seq128:forward:927:out_ptr48,ENDPOINT_UNIT,,mamba:seq128:forward:927:out_ptr48,mamba,128,FORWARD,add,TRITON,forward:graph0:add_383,true,UNRESOLVED,UNRESOLVED_PENDING_REQUIRED_GATE,,,hypothesis_matrix.json; math_proof_row_sha256=3150155b557eb139628a23c6b6389cf5dd07d097ec3e0abc000ac840da1a1046,true,Formation has not been measured; legacy labels are not formation labels.,PENDING,PENDING,PENDING,PENDING,NOT_MEASURED
endpoint::mamba:seq128:forward:927:out_ptr49,ENDPOINT_UNIT,,mamba:seq128:forward:927:out_ptr49,mamba,128,FORWARD,add,TRITON,forward:graph0:add_384,true,UNRESOLVED,UNRESOLVED_PENDING_REQUIRED_GATE,,,hypothesis_matrix.json; math_proof_row_sha256=2fcbfb7149f361dcb119159e6b10fc7d7b5728d264634166cb923d3f64ede9a2,true,Formation has not been measured; legacy labels are not formation labels.,PENDING,PENDING,PENDING,PENDING,NOT_MEASURED
endpoint::mamba:seq128:forward:927:out_ptr5,ENDPOINT_UNIT,,mamba:seq128:forward:927:out_ptr5,mamba,128,FORWARD,add,TRITON,forward:graph0:add_340,true,UNRESOLVED,UNRESOLVED_PENDING_REQUIRED_GATE,,,hypothesis_matrix.json; math_proof_row_sha256=af17fcd99652cff5f8760685eb82da170ccbbf73a3281a7e5508d191ee30a72f,true,Formation has not been measured; legacy labels are not formation labels.,PENDING,PENDING,PENDING,PENDING,NOT_MEASURED
endpoint::mamba:seq128:forward:927:out_ptr50,ENDPOINT_UNIT,,mamba:seq128:forward:927:out_ptr50,mamba,128,FORWARD,add,TRITON,forward:graph0:add_385,true,UNRESOLVED,UNRESOLVED_PENDING_REQUIRED_GATE,,,hypothesis_matrix.json; math_proof_row_sha256=67c4f8d19f14323f59f649efda404fea92f644b7ca08f96144b00670a8452783,true,Formation has not been measured; legacy labels are not formation labels.,PENDING,PENDING,PENDING,PENDING,NOT_MEASURED
endpoint::mamba:seq128:forward:927:out_ptr51,ENDPOINT_UNIT,,mamba:seq128:forward:927:out_ptr51,mamba,128,FORWARD,add,TRITON,forward:graph0:add_386,true,UNRESOLVED,UNRESOLVED_PENDING_REQUIRED_GATE,,,hypothesis_matrix.json; math_proof_row_sha256=7420b9eef4e226657afa6c631561c5540dd5d18729953c44a882d37631d1d962,true,Formation has not been measured; legacy labels are not formation labels.,PENDING,PENDING,PENDING,PENDING,NOT_MEASURED
endpoint::mamba:seq128:forward:927:out_ptr52,ENDPOINT_UNIT,,mamba:seq128:forward:927:out_ptr52,mamba,128,FORWARD,add,TRITON,forward:graph0:add_387,true,UNRESOLVED,UNRESOLVED_PENDING_REQUIRED_GATE,,,hypothesis_matrix.json; math_proof_row_sha256=e16f8191185492eaedf41e1fd8ddb4a184dbd15d1dcabf8908e141c3fd96af1f,true,Formation has not been measured; legacy labels are not formation labels.,PENDING,PENDING,PENDING,PENDING,NOT_MEASURED
endpoint::mamba:seq128:forward:927:out_ptr53,ENDPOINT_UNIT,,mamba:seq128:forward:927:out_ptr53,mamba,128,FORWARD,add,TRITON,forward:graph0:add_388,true,UNRESOLVED,UNRESOLVED_PENDING_REQUIRED_GATE,,,hypothesis_matrix.json; math_proof_row_sha256=847a353ed5ecb6fa9526352f6c54a15931d591ca333568ccf7e944566c946319,true,Formation has not been measured; legacy labels are not formation labels.,PENDING,PENDING,PENDING,PENDING,NOT_MEASURED
endpoint::mamba:seq128:forward:927:out_ptr54,ENDPOINT_UNIT,,mamba:seq128:forward:927:out_ptr54,mamba,128,FORWARD,add,TRITON,forward:graph0:add_389,true,UNRESOLVED,UNRESOLVED_PENDING_REQUIRED_GATE,,,hypothesis_matrix.json; math_proof_row_sha256=4604e9ee55ff4346dac8a6b7ed6b1c12f89b3c659a93027ba057a68bb6aaee4e,true,Formation has not been measured; legacy labels are not formation labels.,PENDING,PENDING,PENDING,PENDING,NOT_MEASURED
endpoint::mamba:seq128:forward:927:out_ptr55,ENDPOINT_UNIT,,mamba:seq128:forward:927:out_ptr55,mamba,128,FORWARD,add,TRITON,forward:graph0:add_390,true,UNRESOLVED,UNRESOLVED_PENDING_REQUIRED_GATE,,,hypothesis_matrix.json; math_proof_row_sha256=00e4f8189fbe5affb0c51c1acded149a094e32ecdf672d15820ce8baa23cc64b,true,Formation has not been measured; legacy labels are not formation labels.,PENDING,PENDING,PENDING,PENDING,NOT_MEASURED
endpoint::mamba:seq128:forward:927:out_ptr56,ENDPOINT_UNIT,,mamba:seq128:forward:927:out_ptr56,mamba,128,FORWARD,add,TRITON,forward:graph0:add_391,true,UNRESOLVED,UNRESOLVED_PENDING_REQUIRED_GATE,,,hypothesis_matrix.json; math_proof_row_sha256=5517ffc563ba99cee8e1cc03539d84f3dde11daba3954bb62443c3f395c2458e,true,Formation has not been measured; legacy labels are not formation labels.,PENDING,PENDING,PENDING,PENDING,NOT_MEASURED
endpoint::mamba:seq128:forward:927:out_ptr58,ENDPOINT_UNIT,,mamba:seq128:forward:927:out_ptr58,mamba,128,FORWARD,add,TRITON,forward:graph0:add_393,true,UNRESOLVED,UNRESOLVED_PENDING_REQUIRED_GATE,,,hypothesis_matrix.json; math_proof_row_sha256=8515ab8377acb22d9189c62862e8d9eb5b4caa051dff5af014024872ccc2a8eb,true,Formation has not been measured; legacy labels are not formation labels.,PENDING,PENDING,PENDING,PENDING,NOT_MEASURED
endpoint::mamba:seq128:forward:927:out_ptr59,ENDPOINT_UNIT,,mamba:seq128:forward:927:out_ptr59,mamba,128,FORWARD,add,TRITON,forward:graph0:add_394,true,UNRESOLVED,UNRESOLVED_PENDING_REQUIRED_GATE,,,hypothesis_matrix.json; math_proof_row_sha256=5cc2fbe799a9c5acaefda4e88ec4a3b150321342e8e8e2e19bf03dc31fbe9986,true,Formation has not been measured; legacy labels are not formation labels.,PENDING,PENDING,PENDING,PENDING,NOT_MEASURED
endpoint::mamba:seq128:forward:927:out_ptr6,ENDPOINT_UNIT,,mamba:seq128:forward:927:out_ptr6,mamba,128,FORWARD,add,TRITON,forward:graph0:add_341,true,UNRESOLVED,UNRESOLVED_PENDING_REQUIRED_GATE,,,hypothesis_matrix.json; math_proof_row_sha256=fdf950824e3a5447ca754adede961b4e8c1bcd9396a155efa4880af97499a61b,true,Formation has not been measured; legacy labels are not formation labels.,PENDING,PENDING,PENDING,PENDING,NOT_MEASURED
endpoint::mamba:seq128:forward:927:out_ptr60,ENDPOINT_UNIT,,mamba:seq128:forward:927:out_ptr60,mamba,128,FORWARD,add,TRITON,forward:graph0:add_395,true,UNRESOLVED,UNRESOLVED_PENDING_REQUIRED_GATE,,,hypothesis_matrix.json; math_proof_row_sha256=4947edc3404c4b32894b2b1aaf7ba4b63c39e49eaac141d3f07c4e0c96a22291,true,Formation has not been measured; legacy labels are not formation labels.,PENDING,PENDING,PENDING,PENDING,NOT_MEASURED
endpoint::mamba:seq128:forward:927:out_ptr61,ENDPOINT_UNIT,,mamba:seq128:forward:927:out_ptr61,mamba,128,FORWARD,add,TRITON,forward:graph0:add_396,true,UNRESOLVED,UNRESOLVED_PENDING_REQUIRED_GATE,,,hypothesis_matrix.json; math_proof_row_sha256=be8cea2c964227d168e5bd5c34139dd4649eccd77ec58f08de79162ac1f81f52,true,Formation has not been measured; legacy labels are not formation labels.,PENDING,PENDING,PENDING,PENDING,NOT_MEASURED
endpoint::mamba:seq128:forward:927:out_ptr62,ENDPOINT_UNIT,,mamba:seq128:forward:927:out_ptr62,mamba,128,FORWARD,add,TRITON,forward:graph0:add_397,true,UNRESOLVED,UNRESOLVED_PENDING_REQUIRED_GATE,,,hypothesis_matrix.json; math_proof_row_sha256=1bebe0602b4303b4ed2437d7f41c541fd7529b0d97bc0d11fcb09991da143331,true,Formation has not been measured; legacy labels are not formation labels.,PENDING,PENDING,PENDING,PENDING,NOT_MEASURED
endpoint::mamba:seq128:forward:927:out_ptr7,ENDPOINT_UNIT,,mamba:seq128:forward:927:out_ptr7,mamba,128,FORWARD,add,TRITON,forward:graph0:add_342,true,UNRESOLVED,UNRESOLVED_PENDING_REQUIRED_GATE,,,hypothesis_matrix.json; math_proof_row_sha256=dcf4bd3c39ae9c26e0c7510479c6d53b190533db4657d0544176b7a54d64b842,true,Formation has not been measured; legacy labels are not formation labels.,PENDING,PENDING,PENDING,PENDING,NOT_MEASURED
endpoint::mamba:seq128:forward:927:out_ptr8,ENDPOINT_UNIT,,mamba:seq128:forward:927:out_ptr8,mamba,128,FORWARD,add,TRITON,forward:graph0:add_343,true,UNRESOLVED,UNRESOLVED_PENDING_REQUIRED_GATE,,,hypothesis_matrix.json; math_proof_row_sha256=70eac18a7d335aaec932bcaa67f07f1582cf07cb8aea6d37a660d75ce7ddda2f,true,Formation has not been measured; legacy labels are not formation labels.,PENDING,PENDING,PENDING,PENDING,NOT_MEASURED
endpoint::mamba:seq128:forward:927:out_ptr9,ENDPOINT_UNIT,,mamba:seq128:forward:927:out_ptr9,mamba,128,FORWARD,add,TRITON,forward:graph0:add_344,true,UNRESOLVED,UNRESOLVED_PENDING_REQUIRED_GATE,,,hypothesis_matrix.json; math_proof_row_sha256=af2ff81ef4d5ca5394c39336b7ad915620be5b3484a5cfff36d4579700cb3a5d,true,Formation has not been measured; legacy labels are not formation labels.,PENDING,PENDING,PENDING,PENDING,NOT_MEASURED
endpoint::mamba:seq128:forward:929:output_0,ENDPOINT_UNIT,,mamba:seq128:forward:929:output_0,mamba,128,FORWARD,mm,EXTERN,forward:graph0:mm_default_5823,true,UNRESOLVED,UNRESOLVED_PENDING_REQUIRED_GATE,,,hypothesis_matrix.json; math_proof_row_sha256=ba571819b2581a89b44ea117934942735817c8ebe4d028a7ebe791d05abdf235,true,Formation has not been measured; legacy labels are not formation labels.,PENDING,PENDING,PENDING,PENDING,NOT_MEASURED
endpoint::mamba:seq128:forward:949:output_0,ENDPOINT_UNIT,,mamba:seq128:forward:949:output_0,mamba,128,FORWARD,mm,EXTERN,forward:graph0:mm_default_5813,true,UNRESOLVED,UNRESOLVED_PENDING_REQUIRED_GATE,,,hypothesis_matrix.json; math_proof_row_sha256=cba8ee654cd9f78110406b86edd89e58ec14eaf231c794c0cb4228210180d89d,true,Formation has not been measured; legacy labels are not formation labels.,PENDING,PENDING,PENDING,PENDING,NOT_MEASURED
endpoint::mamba:seq128:forward:979:output_0,ENDPOINT_UNIT,,mamba:seq128:forward:979:output_0,mamba,128,FORWARD,mm,EXTERN,forward:graph0:mm_default_5798,true,UNRESOLVED,UNRESOLVED_PENDING_REQUIRED_GATE,,,hypothesis_matrix.json; math_proof_row_sha256=86d99f5a4dc601e012c5d5d0f4177a58f8e2025c5d8b92e52bde0d08cabbf18b,true,Formation has not been measured; legacy labels are not formation labels.,PENDING,PENDING,PENDING,PENDING,NOT_MEASURED
endpoint::mamba:seq128:forward:981:output_0,ENDPOINT_UNIT,,mamba:seq128:forward:981:output_0,mamba,128,FORWARD,mm,EXTERN,forward:graph0:mm_default_5797,true,UNRESOLVED,UNRESOLVED_PENDING_REQUIRED_GATE,,,hypothesis_matrix.json; math_proof_row_sha256=c6f3eb8c7e94696b1cb49213b1e05251a98c80ba06e3ce54ffc2c6af7507e782,true,Formation has not been measured; legacy labels are not formation labels.,PENDING,PENDING,PENDING,PENDING,NOT_MEASURED
endpoint::mamba:seq128:forward:987:output_0,ENDPOINT_UNIT,,mamba:seq128:forward:987:output_0,mamba,128,FORWARD,mm,EXTERN,forward:graph0:mm_default_5794,true,UNRESOLVED,UNRESOLVED_PENDING_REQUIRED_GATE,,,hypothesis_matrix.json; math_proof_row_sha256=7437f39eb7be481f4d91d8bbca8316fef32102af3c6922a587e6c3d830a3ae81,true,Formation has not been measured; legacy labels are not formation labels.,PENDING,PENDING,PENDING,PENDING,NOT_MEASURED
endpoint::mamba:seq128:forward:995:output_0,ENDPOINT_UNIT,,mamba:seq128:forward:995:output_0,mamba,128,FORWARD,mm,EXTERN,forward:graph0:mm_default_5790,true,UNRESOLVED,UNRESOLVED_PENDING_REQUIRED_GATE,,,hypothesis_matrix.json; math_proof_row_sha256=2093df761e124190f16f15cf00294ff1be87f2f39c6238a0a68fdae015529bc2,true,Formation has not been measured; legacy labels are not formation labels.,PENDING,PENDING,PENDING,PENDING,NOT_MEASURED
endpoint::mamba:seq128:forward:999:output_0,ENDPOINT_UNIT,,mamba:seq128:forward:999:output_0,mamba,128,FORWARD,mm,EXTERN,forward:graph0:mm_default_5788,true,UNRESOLVED,UNRESOLVED_PENDING_REQUIRED_GATE,,,hypothesis_matrix.json; math_proof_row_sha256=0e5c66ba082b1c909d11d3b5daf81ad0d7ce1f5ae30b93a2796d8f011a5d0a58,true,Formation has not been measured; legacy labels are not formation labels.,PENDING,PENDING,PENDING,PENDING,NOT_MEASURED
endpoint::mamba:seq256:backward:18748:out_ptr0,ENDPOINT_UNIT,,mamba:seq256:backward:18748:out_ptr0,mamba,256,BACKWARD,sum,TRITON,backward:graph0:sum_4,true,UNRESOLVED,UNRESOLVED_PENDING_REQUIRED_GATE,,,hypothesis_matrix.json; math_proof_row_sha256=77c86217723b923572e212234c0cf2ec2b9967031cd00127a98825e8afd4ad28,true,Formation has not been measured; legacy labels are not formation labels.,PENDING,PENDING,PENDING,PENDING,NOT_MEASURED
endpoint::mamba:seq256:backward:20781:output_0,ENDPOINT_UNIT,,mamba:seq256:backward:20781:output_0,mamba,256,BACKWARD,mm,EXTERN,backward:graph0:mm_default_5236,true,UNRESOLVED,UNRESOLVED_PENDING_REQUIRED_GATE,,,hypothesis_matrix.json; math_proof_row_sha256=cd655d63bda2deeedc078aceda5a664baff2e3562488e299def4c64f70d5b93f,true,Formation has not been measured; legacy labels are not formation labels.,PENDING,PENDING,PENDING,PENDING,NOT_MEASURED
endpoint::mamba:seq256:backward:22298:output_0,ENDPOINT_UNIT,,mamba:seq256:backward:22298:output_0,mamba,256,BACKWARD,mm,EXTERN,backward:graph0:mm_default_4574,true,UNRESOLVED,UNRESOLVED_PENDING_REQUIRED_GATE,,,hypothesis_matrix.json; math_proof_row_sha256=487a5303d7940bd95d102b3ada4fd5a96cfaff15d6061955dac0a0a8b6a3b712,true,Formation has not been measured; legacy labels are not formation labels.,PENDING,PENDING,PENDING,PENDING,NOT_MEASURED
endpoint::mamba:seq256:backward:22791:out_ptr23,ENDPOINT_UNIT,,mamba:seq256:backward:22791:out_ptr23,mamba,256,BACKWARD,add,TRITON,backward:graph0:add_14311,true,UNRESOLVED,UNRESOLVED_PENDING_REQUIRED_GATE,,,hypothesis_matrix.json; math_proof_row_sha256=19b68bd2f7f4c0172e8e7be8b720be6fde725af2aa589339d203135b29c308e7,true,Formation has not been measured; legacy labels are not formation labels.,PENDING,PENDING,PENDING,PENDING,NOT_MEASURED
endpoint::mamba:seq256:backward:22791:out_ptr24,ENDPOINT_UNIT,,mamba:seq256:backward:22791:out_ptr24,mamba,256,BACKWARD,add,TRITON,backward:graph0:add_14315,true,UNRESOLVED,UNRESOLVED_PENDING_REQUIRED_GATE,,,hypothesis_matrix.json; math_proof_row_sha256=e7833e9cf10774b9e5d8dccf02b2259871bc791e3a77817d1dcc17c283a22b2d,true,Formation has not been measured; legacy labels are not formation labels.,PENDING,PENDING,PENDING,PENDING,NOT_MEASURED
endpoint::mamba:seq256:backward:22791:out_ptr25,ENDPOINT_UNIT,,mamba:seq256:backward:22791:out_ptr25,mamba,256,BACKWARD,add,TRITON,backward:graph0:add_14319,true,UNRESOLVED,UNRESOLVED_PENDING_REQUIRED_GATE,,,hypothesis_matrix.json; math_proof_row_sha256=3a1d88051f9ba1062c9d08e51b3fc55efdc9f971f1b3f704513b979c845144d0,true,Formation has not been measured; legacy labels are not formation labels.,PENDING,PENDING,PENDING,PENDING,NOT_MEASURED
endpoint::mamba:seq256:backward:22791:out_ptr26,ENDPOINT_UNIT,,mamba:seq256:backward:22791:out_ptr26,mamba,256,BACKWARD,add,TRITON,backward:graph0:add_14323,true,UNRESOLVED,UNRESOLVED_PENDING_REQUIRED_GATE,,,hypothesis_matrix.json; math_proof_row_sha256=88ee275b58641f077095922de58d190bc81048494fdd804738f4cc9a51f249f3,true,Formation has not been measured; legacy labels are not formation labels.,PENDING,PENDING,PENDING,PENDING,NOT_MEASURED
endpoint::mamba:seq256:backward:22791:out_ptr27,ENDPOINT_UNIT,,mamba:seq256:backward:22791:out_ptr27,mamba,256,BACKWARD,add,TRITON,backward:graph0:add_14327,true,UNRESOLVED,UNRESOLVED_PENDING_REQUIRED_GATE,,,hypothesis_matrix.json; math_proof_row_sha256=03a91d37ee1fcd7939567b57dc31a4c25b491f513a089e5f10ed7a06781c8d07,true,Formation has not been measured; legacy labels are not formation labels.,PENDING,PENDING,PENDING,PENDING,NOT_MEASURED
endpoint::mamba:seq256:backward:22791:out_ptr28,ENDPOINT_UNIT,,mamba:seq256:backward:22791:out_ptr28,mamba,256,BACKWARD,add,TRITON,backward:graph0:add_14331,true,UNRESOLVED,UNRESOLVED_PENDING_REQUIRED_GATE,,,hypothesis_matrix.json; math_proof_row_sha256=2a2d768359ad659a662a69b96f1b8acbc47b8963cf1aea6f6b851a2110759784,true,Formation has not been measured; legacy labels are not formation labels.,PENDING,PENDING,PENDING,PENDING,NOT_MEASURED
endpoint::mamba:seq256:backward:22791:out_ptr29,ENDPOINT_UNIT,,mamba:seq256:backward:22791:out_ptr29,mamba,256,BACKWARD,add,TRITON,backward:graph0:add_14335,true,UNRESOLVED,UNRESOLVED_PENDING_REQUIRED_GATE,,,hypothesis_matrix.json; math_proof_row_sha256=b86a50611c97f6f7188c0a52ef214114a270a93e7983d5cc0d7061e4876fe736,true,Formation has not been measured; legacy labels are not formation labels.,PENDING,PENDING,PENDING,PENDING,NOT_MEASURED
endpoint::mamba:seq256:backward:22791:out_ptr30,ENDPOINT_UNIT,,mamba:seq256:backward:22791:out_ptr30,mamba,256,BACKWARD,add,TRITON,backward:graph0:add_14339,true,UNRESOLVED,UNRESOLVED_PENDING_REQUIRED_GATE,,,hypothesis_matrix.json; math_proof_row_sha256=b8cd8d207812bf3c3120916faede4ca90a234d9fda4ab6c8ab9775bbb5424925,true,Formation has not been measured; legacy labels are not formation labels.,PENDING,PENDING,PENDING,PENDING,NOT_MEASURED
endpoint::mamba:seq256:backward:22791:out_ptr31,ENDPOINT_UNIT,,mamba:seq256:backward:22791:out_ptr31,mamba,256,BACKWARD,add,TRITON,backward:graph0:add_14343,true,UNRESOLVED,UNRESOLVED_PENDING_REQUIRED_GATE,,,hypothesis_matrix.json; math_proof_row_sha256=84541d4f5dd1f9446a4e17a5357d5db570d0a7566863ff9162722de891964f4a,true,Formation has not been measured; legacy labels are not formation labels.,PENDING,PENDING,PENDING,PENDING,NOT_MEASURED
endpoint::mamba:seq256:backward:22791:out_ptr32,ENDPOINT_UNIT,,mamba:seq256:backward:22791:out_ptr32,mamba,256,BACKWARD,add,TRITON,backward:graph0:add_14347,true,UNRESOLVED,UNRESOLVED_PENDING_REQUIRED_GATE,,,hypothesis_matrix.json; math_proof_row_sha256=a33372d7847441bb4aa233126506ef1c75b2f162de2ffa36ad5a43d364198f41,true,Formation has not been measured; legacy labels are not formation labels.,PENDING,PENDING,PENDING,PENDING,NOT_MEASURED
endpoint::mamba:seq256:backward:22791:out_ptr33,ENDPOINT_UNIT,,mamba:seq256:backward:22791:out_ptr33,mamba,256,BACKWARD,add,TRITON,backward:graph0:add_14351,true,UNRESOLVED,UNRESOLVED_PENDING_REQUIRED_GATE,,,hypothesis_matrix.json; math_proof_row_sha256=c9539ceb0d895147a8203d4833642b6ae6fe47ff2e49a668479e0b5df3e21088,true,Formation has not been measured; legacy labels are not formation labels.,PENDING,PENDING,PENDING,PENDING,NOT_MEASURED
endpoint::mamba:seq256:backward:22791:out_ptr34,ENDPOINT_UNIT,,mamba:seq256:backward:22791:out_ptr34,mamba,256,BACKWARD,add,TRITON,backward:graph0:add_14355,true,UNRESOLVED,UNRESOLVED_PENDING_REQUIRED_GATE,,,hypothesis_matrix.json; math_proof_row_sha256=c29ff6524db8e710144a59baf3cdbaee2429c4447b86f77acbc772ba5920867a,true,Formation has not been measured; legacy labels are not formation labels.,PENDING,PENDING,PENDING,PENDING,NOT_MEASURED
endpoint::mamba:seq256:backward:22791:out_ptr35,ENDPOINT_UNIT,,mamba:seq256:backward:22791:out_ptr35,mamba,256,BACKWARD,add,TRITON,backward:graph0:add_14359,true,UNRESOLVED,UNRESOLVED_PENDING_REQUIRED_GATE,,,hypothesis_matrix.json; math_proof_row_sha256=c6b74283473c7a989696badf1abf0258b906f2abeb06f1bec8c44c50ec9fb7b6,true,Formation has not been measured; legacy labels are not formation labels.,PENDING,PENDING,PENDING,PENDING,NOT_MEASURED
endpoint::mamba:seq256:backward:22791:out_ptr36,ENDPOINT_UNIT,,mamba:seq256:backward:22791:out_ptr36,mamba,256,BACKWARD,add,TRITON,backward:graph0:add_14363,true,UNRESOLVED,UNRESOLVED_PENDING_REQUIRED_GATE,,,hypothesis_matrix.json; math_proof_row_sha256=ba6319a532697fe0f07c816351e813565a8a0987751e07930504b76f7dc1fe8f,true,Formation has not been measured; legacy labels are not formation labels.,PENDING,PENDING,PENDING,PENDING,NOT_MEASURED
endpoint::mamba:seq256:backward:22791:out_ptr37,ENDPOINT_UNIT,,mamba:seq256:backward:22791:out_ptr37,mamba,256,BACKWARD,add,TRITON,backward:graph0:add_14367,true,UNRESOLVED,UNRESOLVED_PENDING_REQUIRED_GATE,,,hypothesis_matrix.json; math_proof_row_sha256=a851f90084786dfb6b6849cf8a353b386d44ca31fc7e9ccda7e464693761d669,true,Formation has not been measured; legacy labels are not formation labels.,PENDING,PENDING,PENDING,PENDING,NOT_MEASURED
endpoint::mamba:seq256:backward:22791:out_ptr38,ENDPOINT_UNIT,,mamba:seq256:backward:22791:out_ptr38,mamba,256,BACKWARD,add,TRITON,backward:graph0:add_14371,true,UNRESOLVED,UNRESOLVED_PENDING_REQUIRED_GATE,,,hypothesis_matrix.json; math_proof_row_sha256=e3c3ba2ebc9100b13371f574bed819fe4670767345d86461a1ffbdb28fbe7a4e,true,Formation has not been measured; legacy labels are not formation labels.,PENDING,PENDING,PENDING,PENDING,NOT_MEASURED
endpoint::mamba:seq256:backward:22791:out_ptr39,ENDPOINT_UNIT,,mamba:seq256:backward:22791:out_ptr39,mamba,256,BACKWARD,add,TRITON,backward:graph0:add_14375,true,UNRESOLVED,UNRESOLVED_PENDING_REQUIRED_GATE,,,hypothesis_matrix.json; math_proof_row_sha256=8d6bc29dea557f7b5f4a6e5bbcc5bb96be6ca674262a67f074301e63cbc9cd39,true,Formation has not been measured; legacy labels are not formation labels.,PENDING,PENDING,PENDING,PENDING,NOT_MEASURED
endpoint::mamba:seq256:backward:22791:out_ptr40,ENDPOINT_UNIT,,mamba:seq256:backward:22791:out_ptr40,mamba,256,BACKWARD,add,TRITON,backward:graph0:add_14379,true,UNRESOLVED,UNRESOLVED_PENDING_REQUIRED_GATE,,,hypothesis_matrix.json; math_proof_row_sha256=3a835605effc7dfd04302bdaa97873a291fad4bdb9e2cd87a3d542d1d01c0b67,true,Formation has not been measured; legacy labels are not formation labels.,PENDING,PENDING,PENDING,PENDING,NOT_MEASURED
endpoint::mamba:seq256:backward:22791:out_ptr41,ENDPOINT_UNIT,,mamba:seq256:backward:22791:out_ptr41,mamba,256,BACKWARD,add,TRITON,backward:graph0:add_14383,true,UNRESOLVED,UNRESOLVED_PENDING_REQUIRED_GATE,,,hypothesis_matrix.json; math_proof_row_sha256=04ecb3f1018215ec1ec365455615b2a9acd93471f6061c75392dfbb759354299,true,Formation has not been measured; legacy labels are not formation labels.,PENDING,PENDING,PENDING,PENDING,NOT_MEASURED
endpoint::mamba:seq256:backward:22791:out_ptr42,ENDPOINT_UNIT,,mamba:seq256:backward:22791:out_ptr42,mamba,256,BACKWARD,add,TRITON,backward:graph0:add_14387,true,UNRESOLVED,UNRESOLVED_PENDING_REQUIRED_GATE,,,hypothesis_matrix.json; math_proof_row_sha256=173707aa3268f267b76803f7da021cfb1c06b85f631b7d74f8b35c0d8db9d65a,true,Formation has not been measured; legacy labels are not formation labels.,PENDING,PENDING,PENDING,PENDING,NOT_MEASURED
endpoint::mamba:seq256:backward:22791:out_ptr43,ENDPOINT_UNIT,,mamba:seq256:backward:22791:out_ptr43,mamba,256,BACKWARD,add,TRITON,backward:graph0:add_14391,true,UNRESOLVED,UNRESOLVED_PENDING_REQUIRED_GATE,,,hypothesis_matrix.json; math_proof_row_sha256=0f38a14124f15da1a432fea0c99468190a81d6560fc97cf5a862b5d5e0c8a14a,true,Formation has not been measured; legacy labels are not formation labels.,PENDING,PENDING,PENDING,PENDING,NOT_MEASURED
endpoint::mamba:seq256:backward:22791:out_ptr44,ENDPOINT_UNIT,,mamba:seq256:backward:22791:out_ptr44,mamba,256,BACKWARD,add,TRITON,backward:graph0:add_14395,true,UNRESOLVED,UNRESOLVED_PENDING_REQUIRED_GATE,,,hypothesis_matrix.json; math_proof_row_sha256=7572e0daf5835b72340ad23adf64e0c6e0e53b9683969e949ac0319e154e547a,true,Formation has not been measured; legacy labels are not formation labels.,PENDING,PENDING,PENDING,PENDING,NOT_MEASURED
endpoint::mamba:seq256:backward:22791:out_ptr45,ENDPOINT_UNIT,,mamba:seq256:backward:22791:out_ptr45,mamba,256,BACKWARD,add,TRITON,backward:graph0:add_14399,true,UNRESOLVED,UNRESOLVED_PENDING_REQUIRED_GATE,,,hypothesis_matrix.json; math_proof_row_sha256=2ebf6541646af89ee5a0530251ec3894b3444efee13f2091dab19a8232ed5fec,true,Formation has not been measured; legacy labels are not formation labels.,PENDING,PENDING,PENDING,PENDING,NOT_MEASURED
endpoint::mamba:seq256:backward:22791:out_ptr47,ENDPOINT_UNIT,,mamba:seq256:backward:22791:out_ptr47,mamba,256,BACKWARD,add,TRITON,backward:graph0:add_14407,true,UNRESOLVED,UNRESOLVED_PENDING_REQUIRED_GATE,,,hypothesis_matrix.json; math_proof_row_sha256=57d0fdef276f3ec0dd47bf1c5c592aff0ac475e96a00f986776b528a2d37f1b5,true,Formation has not been measured; legacy labels are not formation labels.,PENDING,PENDING,PENDING,PENDING,NOT_MEASURED
endpoint::mamba:seq256:backward:22981:output_0,ENDPOINT_UNIT,,mamba:seq256:backward:22981:output_0,mamba,256,BACKWARD,mm,EXTERN,backward:graph0:mm_default_4176,true,UNRESOLVED,UNRESOLVED_PENDING_REQUIRED_GATE,,,hypothesis_matrix.json; math_proof_row_sha256=89b2d939750909a88e6e1faaa67d6d3ffa143f7f75abf93861f4ccc83bb7deca,true,Formation has not been measured; legacy labels are not formation labels.,PENDING,PENDING,PENDING,PENDING,NOT_MEASURED
endpoint::mamba:seq256:backward:23067:in_out_ptr0,ENDPOINT_UNIT,,mamba:seq256:backward:23067:in_out_ptr0,mamba,256,BACKWARD,mul,TRITON,backward:graph0:mul_12692,true,UNRESOLVED,UNRESOLVED_PENDING_REQUIRED_GATE,,,hypothesis_matrix.json; math_proof_row_sha256=bc42d20385d919699e4816d72e6312cc0f11bfd49bf50d96acd90166e71d99fd,true,Formation has not been measured; legacy labels are not formation labels.,PENDING,PENDING,PENDING,PENDING,NOT_MEASURED
endpoint::mamba:seq256:backward:24465:output_0,ENDPOINT_UNIT,,mamba:seq256:backward:24465:output_0,mamba,256,BACKWARD,mm,EXTERN,backward:graph0:mm_default_3416,true,UNRESOLVED,UNRESOLVED_PENDING_REQUIRED_GATE,,,hypothesis_matrix.json; math_proof_row_sha256=ba14da72104938a375c83f9333659e470e949d2eb4b0bf8b65c28e76dcd5ffa4,true,Formation has not been measured; legacy labels are not formation labels.,PENDING,PENDING,PENDING,PENDING,NOT_MEASURED
endpoint::mamba:seq256:backward:25153:output_0,ENDPOINT_UNIT,,mamba:seq256:backward:25153:output_0,mamba,256,BACKWARD,mm,EXTERN,backward:graph0:mm_default_3144,true,UNRESOLVED,UNRESOLVED_PENDING_REQUIRED_GATE,,,hypothesis_matrix.json; math_proof_row_sha256=f4d3ae2034c61a67a112cdcd53e883ca20c27c0106794bdd032bd646a0ad9a9a,true,Formation has not been measured; legacy labels are not formation labels.,PENDING,PENDING,PENDING,PENDING,NOT_MEASURED
endpoint::mamba:seq256:backward:25651:output_0,ENDPOINT_UNIT,,mamba:seq256:backward:25651:output_0,mamba,256,BACKWARD,mm,EXTERN,backward:graph0:mm_default_2931,true,UNRESOLVED,UNRESOLVED_PENDING_REQUIRED_GATE,,,hypothesis_matrix.json; math_proof_row_sha256=51b62bcd99b0c4a0a1c88ecf482291d05409e2983062df83987201b94dc66d9a,true,Formation has not been measured; legacy labels are not formation labels.,PENDING,PENDING,PENDING,PENDING,NOT_MEASURED
endpoint::mamba:seq256:backward:25677:output_0,ENDPOINT_UNIT,,mamba:seq256:backward:25677:output_0,mamba,256,BACKWARD,mm,EXTERN,backward:graph0:mm_default_2905,true,UNRESOLVED,UNRESOLVED_PENDING_REQUIRED_GATE,,,hypothesis_matrix.json; math_proof_row_sha256=b732b3d0a04b59babf5f750a4299e3389fbde6c46dc0fbcb169707be1a84c279,true,Formation has not been measured; legacy labels are not formation labels.,PENDING,PENDING,PENDING,PENDING,NOT_MEASURED
endpoint::mamba:seq256:backward:25727:output_0,ENDPOINT_UNIT,,mamba:seq256:backward:25727:output_0,mamba,256,BACKWARD,mm,EXTERN,backward:graph0:mm_default_2855,true,UNRESOLVED,UNRESOLVED_PENDING_REQUIRED_GATE,,,hypothesis_matrix.json; math_proof_row_sha256=d650244671882ab4f693bbde74320efaf7e0834fdb5a74952128ebc141e0b6da,true,Formation has not been measured; legacy labels are not formation labels.,PENDING,PENDING,PENDING,PENDING,NOT_MEASURED
endpoint::mamba:seq256:backward:26863:out_ptr0,ENDPOINT_UNIT,,mamba:seq256:backward:26863:out_ptr0,mamba,256,BACKWARD,cat,TRITON,backward:graph0:cat_53,true,UNRESOLVED,UNRESOLVED_PENDING_REQUIRED_GATE,,,hypothesis_matrix.json; math_proof_row_sha256=25be9d9c267f14a0c720113eddc09235a1928bc94409787d186ba45f6111e442,true,Formation has not been measured; legacy labels are not formation labels.,PENDING,PENDING,PENDING,PENDING,NOT_MEASURED
endpoint::mamba:seq256:backward:27141:output_0,ENDPOINT_UNIT,,mamba:seq256:backward:27141:output_0,mamba,256,BACKWARD,mm,EXTERN,backward:graph0:mm_default_2296,true,UNRESOLVED,UNRESOLVED_PENDING_REQUIRED_GATE,,,hypothesis_matrix.json; math_proof_row_sha256=de0221c0245feba55fc810a13d66d85faac66e53697681c705dcaec5589a9a51,true,Formation has not been measured; legacy labels are not formation labels.,PENDING,PENDING,PENDING,PENDING,NOT_MEASURED
endpoint::mamba:seq256:backward:27153:output_0,ENDPOINT_UNIT,,mamba:seq256:backward:27153:output_0,mamba,256,BACKWARD,mm,EXTERN,backward:graph0:mm_default_2284,true,UNRESOLVED,UNRESOLVED_PENDING_REQUIRED_GATE,,,hypothesis_matrix.json; math_proof_row_sha256=a589f5038956b975e81ce3064db51df97df1869960106506dcf655952c7bee92,true,Formation has not been measured; legacy labels are not formation labels.,PENDING,PENDING,PENDING,PENDING,NOT_MEASURED
endpoint::mamba:seq256:backward:27261:output_0,ENDPOINT_UNIT,,mamba:seq256:backward:27261:output_0,mamba,256,BACKWARD,mm,EXTERN,backward:graph0:mm_default_2176,true,UNRESOLVED,UNRESOLVED_PENDING_REQUIRED_GATE,,,hypothesis_matrix.json; math_proof_row_sha256=0a97a0f573a2ba172cc48983c314c1a378d41f54c87bc4a7a77b9a63fc4b0d26,true,Formation has not been measured; legacy labels are not formation labels.,PENDING,PENDING,PENDING,PENDING,NOT_MEASURED
endpoint::mamba:seq256:backward:27677:out_ptr10,ENDPOINT_UNIT,,mamba:seq256:backward:27677:out_ptr10,mamba,256,BACKWARD,add,TRITON,backward:graph0:add_23769,true,UNRESOLVED,UNRESOLVED_PENDING_REQUIRED_GATE,,,hypothesis_matrix.json; math_proof_row_sha256=9c0597eba199a53244c467d049e892af457a60d7f6de20fa42a5457475fef528,true,Formation has not been measured; legacy labels are not formation labels.,PENDING,PENDING,PENDING,PENDING,NOT_MEASURED
endpoint::mamba:seq256:backward:28866:output_0,ENDPOINT_UNIT,,mamba:seq256:backward:28866:output_0,mamba,256,BACKWARD,mm,EXTERN,backward:graph0:mm_default_1426,true,UNRESOLVED,UNRESOLVED_PENDING_REQUIRED_GATE,,,hypothesis_matrix.json; math_proof_row_sha256=1c1df0c4ddaadc0a1f2eaff6982c09fa39d4bb4ca035c7a3a42225b5747c16d0,true,Formation has not been measured; legacy labels are not formation labels.,PENDING,PENDING,PENDING,PENDING,NOT_MEASURED
endpoint::mamba:seq256:backward:28940:output_0,ENDPOINT_UNIT,,mamba:seq256:backward:28940:output_0,mamba,256,BACKWARD,mm,EXTERN,backward:graph0:mm_default_1352,true,UNRESOLVED,UNRESOLVED_PENDING_REQUIRED_GATE,,,hypothesis_matrix.json; math_proof_row_sha256=30ea1be4a5537de0ff5bda7cd31bc437fc01334ab0ed68810f2375fb52d462f2,true,Formation has not been measured; legacy labels are not formation labels.,PENDING,PENDING,PENDING,PENDING,NOT_MEASURED
endpoint::mamba:seq256:backward:29315:output_0,ENDPOINT_UNIT,,mamba:seq256:backward:29315:output_0,mamba,256,BACKWARD,mm,EXTERN,backward:graph0:mm_default_1262,true,UNRESOLVED,UNRESOLVED_PENDING_REQUIRED_GATE,,,hypothesis_matrix.json; math_proof_row_sha256=7a1aef6924abe35d133e7e29a8add81c044af4a5dff3d27b5e648e6f31f12185,true,Formation has not been measured; legacy labels are not formation labels.,PENDING,PENDING,PENDING,PENDING,NOT_MEASURED
endpoint::mamba:seq256:backward:29456:output_0,ENDPOINT_UNIT,,mamba:seq256:backward:29456:output_0,mamba,256,BACKWARD,mm,EXTERN,backward:graph0:mm_default_1121,true,UNRESOLVED,UNRESOLVED_PENDING_REQUIRED_GATE,,,hypothesis_matrix.json; math_proof_row_sha256=ff4f76fc12cd140b6372cbb0912fa7b684d3def21a177a16fafbe8cc6339e30b,true,Formation has not been measured; legacy labels are not formation labels.,PENDING,PENDING,PENDING,PENDING,NOT_MEASURED
endpoint::mamba:seq256:backward:30044:output_0,ENDPOINT_UNIT,,mamba:seq256:backward:30044:output_0,mamba,256,BACKWARD,mm,EXTERN,backward:graph0:mm_default_818,true,UNRESOLVED,UNRESOLVED_PENDING_REQUIRED_GATE,,,hypothesis_matrix.json; math_proof_row_sha256=88170c768419674c40b359cfdc3f3e9eceb3566e1f76f9c604eb51903458e09e,true,Formation has not been measured; legacy labels are not formation labels.,PENDING,PENDING,PENDING,PENDING,NOT_MEASURED
endpoint::mamba:seq256:backward:30180:out_ptr15,ENDPOINT_UNIT,,mamba:seq256:backward:30180:out_ptr15,mamba,256,BACKWARD,add,TRITON,backward:graph0:add_27983,true,UNRESOLVED,UNRESOLVED_PENDING_REQUIRED_GATE,,,hypothesis_matrix.json; math_proof_row_sha256=e62257aca65a0d8a2c10f22b28af33d2f1d00fda07b66266b8741a0ed0676853,true,Formation has not been measured; legacy labels are not formation labels.,PENDING,PENDING,PENDING,PENDING,NOT_MEASURED
endpoint::mamba:seq256:backward:30180:out_ptr16,ENDPOINT_UNIT,,mamba:seq256:backward:30180:out_ptr16,mamba,256,BACKWARD,add,TRITON,backward:graph0:add_27987,true,UNRESOLVED,UNRESOLVED_PENDING_REQUIRED_GATE,,,hypothesis_matrix.json; math_proof_row_sha256=d83414232f71e0ee1ab1731a4bf0c3c3f991e8c3a6d855e15765274756dcce9f,true,Formation has not been measured; legacy labels are not formation labels.,PENDING,PENDING,PENDING,PENDING,NOT_MEASURED
endpoint::mamba:seq256:backward:30390:output_0,ENDPOINT_UNIT,,mamba:seq256:backward:30390:output_0,mamba,256,BACKWARD,mm,EXTERN,backward:graph0:mm_default_757,true,UNRESOLVED,UNRESOLVED_PENDING_REQUIRED_GATE,,,hypothesis_matrix.json; math_proof_row_sha256=88fb2357ab4184aecc39158ab11dfb6f563d89a447600974d6b398c0fbbd9348,true,Formation has not been measured; legacy labels are not formation labels.,PENDING,PENDING,PENDING,PENDING,NOT_MEASURED
endpoint::mamba:seq256:forward:0:in_out_ptr0,ENDPOINT_UNIT,,mamba:seq256:forward:0:in_out_ptr0,mamba,256,FORWARD,rsqrt,TRITON,forward:graph0:rsqrt,true,UNRESOLVED,UNRESOLVED_PENDING_REQUIRED_GATE,,,hypothesis_matrix.json; math_proof_row_sha256=61bfbfcc1a4aa646f3905b7dca8c1ce4d945d9de75d517b4e5ee33dcd14095d8,true,Formation has not been measured; legacy labels are not formation labels.,PENDING,PENDING,PENDING,PENDING,NOT_MEASURED
endpoint::mamba:seq256:forward:1047:out_ptr0,ENDPOINT_UNIT,,mamba:seq256:forward:1047:out_ptr0,mamba,256,FORWARD,add,TRITON,forward:graph0:add_393,true,UNRESOLVED,UNRESOLVED_PENDING_REQUIRED_GATE,,,hypothesis_matrix.json; math_proof_row_sha256=86df321ea8895b1f1532bd950048fabd7afbcc0ec54beaf3907fdb36235f8950,true,Formation has not been measured; legacy labels are not formation labels.,PENDING,PENDING,PENDING,PENDING,NOT_MEASURED
endpoint::mamba:seq256:forward:1047:out_ptr1,ENDPOINT_UNIT,,mamba:seq256:forward:1047:out_ptr1,mamba,256,FORWARD,add,TRITON,forward:graph0:add_394,true,UNRESOLVED,UNRESOLVED_PENDING_REQUIRED_GATE,,,hypothesis_matrix.json; math_proof_row_sha256=7cf5bccb5ae156f3c84312ac4a897580be5a8d09bc62ba193b502f1b2de3ccbb,true,Formation has not been measured; legacy labels are not formation labels.,PENDING,PENDING,PENDING,PENDING,NOT_MEASURED
endpoint::mamba:seq256:forward:1047:out_ptr10,ENDPOINT_UNIT,,mamba:seq256:forward:1047:out_ptr10,mamba,256,FORWARD,add,TRITON,forward:graph0:add_403,true,UNRESOLVED,UNRESOLVED_PENDING_REQUIRED_GATE,,,hypothesis_matrix.json; math_proof_row_sha256=998614f3308d6a5660ebdf1140a5455465965ac731fa944643ab9d91762e0d84,true,Formation has not been measured; legacy labels are not formation labels.,PENDING,PENDING,PENDING,PENDING,NOT_MEASURED
endpoint::mamba:seq256:forward:1047:out_ptr11,ENDPOINT_UNIT,,mamba:seq256:forward:1047:out_ptr11,mamba,256,FORWARD,add,TRITON,forward:graph0:add_404,true,UNRESOLVED,UNRESOLVED_PENDING_REQUIRED_GATE,,,hypothesis_matrix.json; math_proof_row_sha256=18573e11575d525e99e09cb82b3b7cfc4831fdc7ae3cb654ce986c4cd2163331,true,Formation has not been measured; legacy labels are not formation labels.,PENDING,PENDING,PENDING,PENDING,NOT_MEASURED
endpoint::mamba:seq256:forward:1047:out_ptr12,ENDPOINT_UNIT,,mamba:seq256:forward:1047:out_ptr12,mamba,256,FORWARD,add,TRITON,forward:graph0:add_405,true,UNRESOLVED,UNRESOLVED_PENDING_REQUIRED_GATE,,,hypothesis_matrix.json; math_proof_row_sha256=a56f0054e400ca3d7d558b9108ed86a3113caee6cee7473ac50cdd2a594295da,true,Formation has not been measured; legacy labels are not formation labels.,PENDING,PENDING,PENDING,PENDING,NOT_MEASURED
endpoint::mamba:seq256:forward:1047:out_ptr13,ENDPOINT_UNIT,,mamba:seq256:forward:1047:out_ptr13,mamba,256,FORWARD,add,TRITON,forward:graph0:add_406,true,UNRESOLVED,UNRESOLVED_PENDING_REQUIRED_GATE,,,hypothesis_matrix.json; math_proof_row_sha256=e04546e0c9e0302743c48e07340eb5335275a924d685592a0ac97edb61c4c42e,true,Formation has not been measured; legacy labels are not formation labels.,PENDING,PENDING,PENDING,PENDING,NOT_MEASURED
endpoint::mamba:seq256:forward:1047:out_ptr14,ENDPOINT_UNIT,,mamba:seq256:forward:1047:out_ptr14,mamba,256,FORWARD,add,TRITON,forward:graph0:add_407,true,UNRESOLVED,UNRESOLVED_PENDING_REQUIRED_GATE,,,hypothesis_matrix.json; math_proof_row_sha256=7e403171601b6438ec5c6410e18ec6a213d8c1f3417aa5b07e0dec0297bf4822,true,Formation has not been measured; legacy labels are not formation labels.,PENDING,PENDING,PENDING,PENDING,NOT_MEASURED
endpoint::mamba:seq256:forward:1047:out_ptr15,ENDPOINT_UNIT,,mamba:seq256:forward:1047:out_ptr15,mamba,256,FORWARD,add,TRITON,forward:graph0:add_408,true,UNRESOLVED,UNRESOLVED_PENDING_REQUIRED_GATE,,,hypothesis_matrix.json; math_proof_row_sha256=03ef907b1fbc0456fabb0920d681eee8ac26a550fe1269e11bf8d46e0f420a5b,true,Formation has not been measured; legacy labels are not formation labels.,PENDING,PENDING,PENDING,PENDING,NOT_MEASURED
endpoint::mamba:seq256:forward:1047:out_ptr16,ENDPOINT_UNIT,,mamba:seq256:forward:1047:out_ptr16,mamba,256,FORWARD,add,TRITON,forward:graph0:add_409,true,UNRESOLVED,UNRESOLVED_PENDING_REQUIRED_GATE,,,hypothesis_matrix.json; math_proof_row_sha256=833b1099015286f6897b7833e9732217c2be39dafbd532b68f92576875c78070,true,Formation has not been measured; legacy labels are not formation labels.,PENDING,PENDING,PENDING,PENDING,NOT_MEASURED
endpoint::mamba:seq256:forward:1047:out_ptr17,ENDPOINT_UNIT,,mamba:seq256:forward:1047:out_ptr17,mamba,256,FORWARD,add,TRITON,forward:graph0:add_410,true,UNRESOLVED,UNRESOLVED_PENDING_REQUIRED_GATE,,,hypothesis_matrix.json; math_proof_row_sha256=ee99636fadaf5e1240730c986ad85f4f2ccb0d4c4d2d99bd9e28fae92c5d4517,true,Formation has not been measured; legacy labels are not formation labels.,PENDING,PENDING,PENDING,PENDING,NOT_MEASURED
endpoint::mamba:seq256:forward:1047:out_ptr18,ENDPOINT_UNIT,,mamba:seq256:forward:1047:out_ptr18,mamba,256,FORWARD,add,TRITON,forward:graph0:add_411,true,UNRESOLVED,UNRESOLVED_PENDING_REQUIRED_GATE,,,hypothesis_matrix.json; math_proof_row_sha256=bea1b0d63ca67d6d78268c24c00a97ebb4171a161b3bcc5a1287a89892959dde,true,Formation has not been measured; legacy labels are not formation labels.,PENDING,PENDING,PENDING,PENDING,NOT_MEASURED
endpoint::mamba:seq256:forward:1047:out_ptr19,ENDPOINT_UNIT,,mamba:seq256:forward:1047:out_ptr19,mamba,256,FORWARD,add,TRITON,forward:graph0:add_412,true,UNRESOLVED,UNRESOLVED_PENDING_REQUIRED_GATE,,,hypothesis_matrix.json; math_proof_row_sha256=f87a032dd0deaf2e150f710836e113f53b9043891b84f8bab932ea2075875e58,true,Formation has not been measured; legacy labels are not formation labels.,PENDING,PENDING,PENDING,PENDING,NOT_MEASURED
endpoint::mamba:seq256:forward:1047:out_ptr2,ENDPOINT_UNIT,,mamba:seq256:forward:1047:out_ptr2,mamba,256,FORWARD,add,TRITON,forward:graph0:add_395,true,UNRESOLVED,UNRESOLVED_PENDING_REQUIRED_GATE,,,hypothesis_matrix.json; math_proof_row_sha256=ce88da8ce09b5324794fe9047e74b9f8675ef92d0a897b94478b48a90a3783ca,true,Formation has not been measured; legacy labels are not formation labels.,PENDING,PENDING,PENDING,PENDING,NOT_MEASURED
endpoint::mamba:seq256:forward:1047:out_ptr20,ENDPOINT_UNIT,,mamba:seq256:forward:1047:out_ptr20,mamba,256,FORWARD,add,TRITON,forward:graph0:add_413,true,UNRESOLVED,UNRESOLVED_PENDING_REQUIRED_GATE,,,hypothesis_matrix.json; math_proof_row_sha256=3451acf5e721e8a2c8bf9c1862ffc9f172ecd1b0a2040ee872f83187600069a9,true,Formation has not been measured; legacy labels are not formation labels.,PENDING,PENDING,PENDING,PENDING,NOT_MEASURED
endpoint::mamba:seq256:forward:1047:out_ptr21,ENDPOINT_UNIT,,mamba:seq256:forward:1047:out_ptr21,mamba,256,FORWARD,add,TRITON,forward:graph0:add_414,true,UNRESOLVED,UNRESOLVED_PENDING_REQUIRED_GATE,,,hypothesis_matrix.json; math_proof_row_sha256=105c199149ff066c6967f694e0b12a7a140a1323b7f87b180487c4d92f87a46e,true,Formation has not been measured; legacy labels are not formation labels.,PENDING,PENDING,PENDING,PENDING,NOT_MEASURED
endpoint::mamba:seq256:forward:1047:out_ptr22,ENDPOINT_UNIT,,mamba:seq256:forward:1047:out_ptr22,mamba,256,FORWARD,add,TRITON,forward:graph0:add_415,true,UNRESOLVED,UNRESOLVED_PENDING_REQUIRED_GATE,,,hypothesis_matrix.json; math_proof_row_sha256=457210e4248bb2cde014966656fa52579e522489fc5f8cfb4c429fe1e6763a77,true,Formation has not been measured; legacy labels are not formation labels.,PENDING,PENDING,PENDING,PENDING,NOT_MEASURED
endpoint::mamba:seq256:forward:1047:out_ptr23,ENDPOINT_UNIT,,mamba:seq256:forward:1047:out_ptr23,mamba,256,FORWARD,add,TRITON,forward:graph0:add_416,true,UNRESOLVED,UNRESOLVED_PENDING_REQUIRED_GATE,,,hypothesis_matrix.json; math_proof_row_sha256=8266bf03c4e55c004bfc475459c59da55443d712684dd5f918602b145bd2f78d,true,Formation has not been measured; legacy labels are not formation labels.,PENDING,PENDING,PENDING,PENDING,NOT_MEASURED
endpoint::mamba:seq256:forward:1047:out_ptr24,ENDPOINT_UNIT,,mamba:seq256:forward:1047:out_ptr24,mamba,256,FORWARD,add,TRITON,forward:graph0:add_417,true,UNRESOLVED,UNRESOLVED_PENDING_REQUIRED_GATE,,,hypothesis_matrix.json; math_proof_row_sha256=c4452aad37df6edbc4af280f945aba64161683588b33d92986867215d2305c59,true,Formation has not been measured; legacy labels are not formation labels.,PENDING,PENDING,PENDING,PENDING,NOT_MEASURED
endpoint::mamba:seq256:forward:1047:out_ptr25,ENDPOINT_UNIT,,mamba:seq256:forward:1047:out_ptr25,mamba,256,FORWARD,add,TRITON,forward:graph0:add_418,true,UNRESOLVED,UNRESOLVED_PENDING_REQUIRED_GATE,,,hypothesis_matrix.json; math_proof_row_sha256=0387c58cad3a49392c5a84ae7cdec2aada316f0c6b6aa6cf475c16bf7d296daf,true,Formation has not been measured; legacy labels are not formation labels.,PENDING,PENDING,PENDING,PENDING,NOT_MEASURED
endpoint::mamba:seq256:forward:1047:out_ptr26,ENDPOINT_UNIT,,mamba:seq256:forward:1047:out_ptr26,mamba,256,FORWARD,add,TRITON,forward:graph0:add_419,true,UNRESOLVED,UNRESOLVED_PENDING_REQUIRED_GATE,,,hypothesis_matrix.json; math_proof_row_sha256=135002ac2e9429f1e03aadcc9eeffc92db687ae34ed2ef2b44e401ba9f9a061c,true,Formation has not been measured; legacy labels are not formation labels.,PENDING,PENDING,PENDING,PENDING,NOT_MEASURED
endpoint::mamba:seq256:forward:1047:out_ptr27,ENDPOINT_UNIT,,mamba:seq256:forward:1047:out_ptr27,mamba,256,FORWARD,add,TRITON,forward:graph0:add_420,true,UNRESOLVED,UNRESOLVED_PENDING_REQUIRED_GATE,,,hypothesis_matrix.json; math_proof_row_sha256=c7d6ae515271fe778f8e948619c6e202604460d89f2236c03ff7ad512c303193,true,Formation has not been measured; legacy labels are not formation labels.,PENDING,PENDING,PENDING,PENDING,NOT_MEASURED
endpoint::mamba:seq256:forward:1047:out_ptr28,ENDPOINT_UNIT,,mamba:seq256:forward:1047:out_ptr28,mamba,256,FORWARD,add,TRITON,forward:graph0:add_421,true,UNRESOLVED,UNRESOLVED_PENDING_REQUIRED_GATE,,,hypothesis_matrix.json; math_proof_row_sha256=9780872e068bbc1bafeaeea85dcc9a2545724a1ba95e6a892971597934d921d9,true,Formation has not been measured; legacy labels are not formation labels.,PENDING,PENDING,PENDING,PENDING,NOT_MEASURED
endpoint::mamba:seq256:forward:1047:out_ptr29,ENDPOINT_UNIT,,mamba:seq256:forward:1047:out_ptr29,mamba,256,FORWARD,add,TRITON,forward:graph0:add_422,true,UNRESOLVED,UNRESOLVED_PENDING_REQUIRED_GATE,,,hypothesis_matrix.json; math_proof_row_sha256=dfedf0ca635b7e34153b256171fb962b8d1e310467272d34048f9ac2a9a9e336,true,Formation has not been measured; legacy labels are not formation labels.,PENDING,PENDING,PENDING,PENDING,NOT_MEASURED
endpoint::mamba:seq256:forward:1047:out_ptr3,ENDPOINT_UNIT,,mamba:seq256:forward:1047:out_ptr3,mamba,256,FORWARD,add,TRITON,forward:graph0:add_396,true,UNRESOLVED,UNRESOLVED_PENDING_REQUIRED_GATE,,,hypothesis_matrix.json; math_proof_row_sha256=bbbb74bdfa7a8e060ce64648f65171e922c892faf37a03d791a9c2b56a288f97,true,Formation has not been measured; legacy labels are not formation labels.,PENDING,PENDING,PENDING,PENDING,NOT_MEASURED
endpoint::mamba:seq256:forward:1047:out_ptr30,ENDPOINT_UNIT,,mamba:seq256:forward:1047:out_ptr30,mamba,256,FORWARD,add,TRITON,forward:graph0:add_423,true,UNRESOLVED,UNRESOLVED_PENDING_REQUIRED_GATE,,,hypothesis_matrix.json; math_proof_row_sha256=6af2332a055f3ba3f3a08d3579f960a38a3ad750ec0c49ecf8a5241ba94810e2,true,Formation has not been measured; legacy labels are not formation labels.,PENDING,PENDING,PENDING,PENDING,NOT_MEASURED
endpoint::mamba:seq256:forward:1047:out_ptr31,ENDPOINT_UNIT,,mamba:seq256:forward:1047:out_ptr31,mamba,256,FORWARD,add,TRITON,forward:graph0:add_424,true,UNRESOLVED,UNRESOLVED_PENDING_REQUIRED_GATE,,,hypothesis_matrix.json; math_proof_row_sha256=4249d7365e0bd44c8b47f0805a58e7b70d8f9da4f97b048bf14df224c6bfb712,true,Formation has not been measured; legacy labels are not formation labels.,PENDING,PENDING,PENDING,PENDING,NOT_MEASURED
endpoint::mamba:seq256:forward:1047:out_ptr32,ENDPOINT_UNIT,,mamba:seq256:forward:1047:out_ptr32,mamba,256,FORWARD,add,TRITON,forward:graph0:add_425,true,UNRESOLVED,UNRESOLVED_PENDING_REQUIRED_GATE,,,hypothesis_matrix.json; math_proof_row_sha256=8639838e336f8917e3a4bbc6ffa57d2c5941a79cc29cfd742dee93321cea0701,true,Formation has not been measured; legacy labels are not formation labels.,PENDING,PENDING,PENDING,PENDING,NOT_MEASURED
endpoint::mamba:seq256:forward:1047:out_ptr33,ENDPOINT_UNIT,,mamba:seq256:forward:1047:out_ptr33,mamba,256,FORWARD,add,TRITON,forward:graph0:add_426,true,UNRESOLVED,UNRESOLVED_PENDING_REQUIRED_GATE,,,hypothesis_matrix.json; math_proof_row_sha256=c926d8c66b626226058e0e75c8226aa0fd9f4358190c4d53d2a4ff323f97481d,true,Formation has not been measured; legacy labels are not formation labels.,PENDING,PENDING,PENDING,PENDING,NOT_MEASURED
endpoint::mamba:seq256:forward:1047:out_ptr34,ENDPOINT_UNIT,,mamba:seq256:forward:1047:out_ptr34,mamba,256,FORWARD,add,TRITON,forward:graph0:add_427,true,UNRESOLVED,UNRESOLVED_PENDING_REQUIRED_GATE,,,hypothesis_matrix.json; math_proof_row_sha256=2271df52bc3d0f1ed9047c3612987e2b05528468d2fc505bb40a3b3d56a7f783,true,Formation has not been measured; legacy labels are not formation labels.,PENDING,PENDING,PENDING,PENDING,NOT_MEASURED
endpoint::mamba:seq256:forward:1047:out_ptr35,ENDPOINT_UNIT,,mamba:seq256:forward:1047:out_ptr35,mamba,256,FORWARD,add,TRITON,forward:graph0:add_428,true,UNRESOLVED,UNRESOLVED_PENDING_REQUIRED_GATE,,,hypothesis_matrix.json; math_proof_row_sha256=3d4e5524ced6a43d6c9023cf1c08f9638c803f73a904e4ead974296e739e3623,true,Formation has not been measured; legacy labels are not formation labels.,PENDING,PENDING,PENDING,PENDING,NOT_MEASURED
endpoint::mamba:seq256:forward:1047:out_ptr36,ENDPOINT_UNIT,,mamba:seq256:forward:1047:out_ptr36,mamba,256,FORWARD,add,TRITON,forward:graph0:add_429,true,UNRESOLVED,UNRESOLVED_PENDING_REQUIRED_GATE,,,hypothesis_matrix.json; math_proof_row_sha256=f604b9b7f5ec152ac16a98936790b26759b4415a8e2cafe2645a2d5f6b35fc60,true,Formation has not been measured; legacy labels are not formation labels.,PENDING,PENDING,PENDING,PENDING,NOT_MEASURED
endpoint::mamba:seq256:forward:1047:out_ptr37,ENDPOINT_UNIT,,mamba:seq256:forward:1047:out_ptr37,mamba,256,FORWARD,add,TRITON,forward:graph0:add_430,true,UNRESOLVED,UNRESOLVED_PENDING_REQUIRED_GATE,,,hypothesis_matrix.json; math_proof_row_sha256=9a5dc788aff3a0e9809195feccf1a5ac3df2208f7c4146ae0e65eec337627457,true,Formation has not been measured; legacy labels are not formation labels.,PENDING,PENDING,PENDING,PENDING,NOT_MEASURED
endpoint::mamba:seq256:forward:1047:out_ptr38,ENDPOINT_UNIT,,mamba:seq256:forward:1047:out_ptr38,mamba,256,FORWARD,add,TRITON,forward:graph0:add_431,true,UNRESOLVED,UNRESOLVED_PENDING_REQUIRED_GATE,,,hypothesis_matrix.json; math_proof_row_sha256=e73cc879079ecad467f02d039f72e2767a30de47fd9d1259bcea92ed9a1958de,true,Formation has not been measured; legacy labels are not formation labels.,PENDING,PENDING,PENDING,PENDING,NOT_MEASURED
endpoint::mamba:seq256:forward:1047:out_ptr39,ENDPOINT_UNIT,,mamba:seq256:forward:1047:out_ptr39,mamba,256,FORWARD,add,TRITON,forward:graph0:add_432,true,UNRESOLVED,UNRESOLVED_PENDING_REQUIRED_GATE,,,hypothesis_matrix.json; math_proof_row_sha256=3e9b71d54ac50ad753a6d5586b6e48cabcad785e113d6045e553ed738d9748d3,true,Formation has not been measured; legacy labels are not formation labels.,PENDING,PENDING,PENDING,PENDING,NOT_MEASURED
endpoint::mamba:seq256:forward:1047:out_ptr4,ENDPOINT_UNIT,,mamba:seq256:forward:1047:out_ptr4,mamba,256,FORWARD,add,TRITON,forward:graph0:add_397,true,UNRESOLVED,UNRESOLVED_PENDING_REQUIRED_GATE,,,hypothesis_matrix.json; math_proof_row_sha256=fb36b8ef989c695d4e26cd2cc7d74f1cd8869b349039af83bd1f5ef31e80d699,true,Formation has not been measured; legacy labels are not formation labels.,PENDING,PENDING,PENDING,PENDING,NOT_MEASURED
endpoint::mamba:seq256:forward:1047:out_ptr40,ENDPOINT_UNIT,,mamba:seq256:forward:1047:out_ptr40,mamba,256,FORWARD,add,TRITON,forward:graph0:add_433,true,UNRESOLVED,UNRESOLVED_PENDING_REQUIRED_GATE,,,hypothesis_matrix.json; math_proof_row_sha256=bb11ee63d1fd82d6c4ee3f5b3fadb05ea83e29a4f77ef1390aa95a4c84f0925b,true,Formation has not been measured; legacy labels are not formation labels.,PENDING,PENDING,PENDING,PENDING,NOT_MEASURED
endpoint::mamba:seq256:forward:1047:out_ptr41,ENDPOINT_UNIT,,mamba:seq256:forward:1047:out_ptr41,mamba,256,FORWARD,add,TRITON,forward:graph0:add_434,true,UNRESOLVED,UNRESOLVED_PENDING_REQUIRED_GATE,,,hypothesis_matrix.json; math_proof_row_sha256=aacc33601d5852b72ac52a6a57925419dfd7cc37ef6b9c4fbd458da869317d42,true,Formation has not been measured; legacy labels are not formation labels.,PENDING,PENDING,PENDING,PENDING,NOT_MEASURED
endpoint::mamba:seq256:forward:1047:out_ptr42,ENDPOINT_UNIT,,mamba:seq256:forward:1047:out_ptr42,mamba,256,FORWARD,add,TRITON,forward:graph0:add_435,true,UNRESOLVED,UNRESOLVED_PENDING_REQUIRED_GATE,,,hypothesis_matrix.json; math_proof_row_sha256=51017fd1de731b064802126efb322e8e94f0da64e8dad9a269680e1d2c3a4176,true,Formation has not been measured; legacy labels are not formation labels.,PENDING,PENDING,PENDING,PENDING,NOT_MEASURED
endpoint::mamba:seq256:forward:1047:out_ptr43,ENDPOINT_UNIT,,mamba:seq256:forward:1047:out_ptr43,mamba,256,FORWARD,add,TRITON,forward:graph0:add_436,true,UNRESOLVED,UNRESOLVED_PENDING_REQUIRED_GATE,,,hypothesis_matrix.json; math_proof_row_sha256=b1057c4775245564ee09080f0b9d4a32dbac484989b9ad3ad1d5dc7334d19525,true,Formation has not been measured; legacy labels are not formation labels.,PENDING,PENDING,PENDING,PENDING,NOT_MEASURED
endpoint::mamba:seq256:forward:1047:out_ptr44,ENDPOINT_UNIT,,mamba:seq256:forward:1047:out_ptr44,mamba,256,FORWARD,add,TRITON,forward:graph0:add_437,true,UNRESOLVED,UNRESOLVED_PENDING_REQUIRED_GATE,,,hypothesis_matrix.json; math_proof_row_sha256=15d1aa79ff8a1d36e2023a2f0862929a10bdd562384fdec4ed24c843deb84a9c,true,Formation has not been measured; legacy labels are not formation labels.,PENDING,PENDING,PENDING,PENDING,NOT_MEASURED
endpoint::mamba:seq256:forward:1047:out_ptr45,ENDPOINT_UNIT,,mamba:seq256:forward:1047:out_ptr45,mamba,256,FORWARD,add,TRITON,forward:graph0:add_438,true,UNRESOLVED,UNRESOLVED_PENDING_REQUIRED_GATE,,,hypothesis_matrix.json; math_proof_row_sha256=6a2d2416cfd50ceba474f0d6bf28df5e1169b35593130c746eb47cffcb1fd5fb,true,Formation has not been measured; legacy labels are not formation labels.,PENDING,PENDING,PENDING,PENDING,NOT_MEASURED
endpoint::mamba:seq256:forward:1047:out_ptr46,ENDPOINT_UNIT,,mamba:seq256:forward:1047:out_ptr46,mamba,256,FORWARD,add,TRITON,forward:graph0:add_439,true,UNRESOLVED,UNRESOLVED_PENDING_REQUIRED_GATE,,,hypothesis_matrix.json; math_proof_row_sha256=07b04a8475b1608359253da5474327c744cbb2675e4fbdfe74a0aa6163c92ec4,true,Formation has not been measured; legacy labels are not formation labels.,PENDING,PENDING,PENDING,PENDING,NOT_MEASURED
endpoint::mamba:seq256:forward:1047:out_ptr47,ENDPOINT_UNIT,,mamba:seq256:forward:1047:out_ptr47,mamba,256,FORWARD,add,TRITON,forward:graph0:add_440,true,UNRESOLVED,UNRESOLVED_PENDING_REQUIRED_GATE,,,hypothesis_matrix.json; math_proof_row_sha256=a143a4f06aec6cc1b5f364006d4581e7119062f29398c8b0c062be5f08a1f10f,true,Formation has not been measured; legacy labels are not formation labels.,PENDING,PENDING,PENDING,PENDING,NOT_MEASURED
endpoint::mamba:seq256:forward:1047:out_ptr48,ENDPOINT_UNIT,,mamba:seq256:forward:1047:out_ptr48,mamba,256,FORWARD,add,TRITON,forward:graph0:add_441,true,UNRESOLVED,UNRESOLVED_PENDING_REQUIRED_GATE,,,hypothesis_matrix.json; math_proof_row_sha256=2a687da409acf0257081fe3052520a7fa30a7ba701211ee04423649b36e3c43d,true,Formation has not been measured; legacy labels are not formation labels.,PENDING,PENDING,PENDING,PENDING,NOT_MEASURED
endpoint::mamba:seq256:forward:1047:out_ptr49,ENDPOINT_UNIT,,mamba:seq256:forward:1047:out_ptr49,mamba,256,FORWARD,add,TRITON,forward:graph0:add_442,true,UNRESOLVED,UNRESOLVED_PENDING_REQUIRED_GATE,,,hypothesis_matrix.json; math_proof_row_sha256=51069d429d20da51bd2baadbe09e9435f8956ad8095c9f113d37e187d4fc6c09,true,Formation has not been measured; legacy labels are not formation labels.,PENDING,PENDING,PENDING,PENDING,NOT_MEASURED
endpoint::mamba:seq256:forward:1047:out_ptr5,ENDPOINT_UNIT,,mamba:seq256:forward:1047:out_ptr5,mamba,256,FORWARD,add,TRITON,forward:graph0:add_398,true,UNRESOLVED,UNRESOLVED_PENDING_REQUIRED_GATE,,,hypothesis_matrix.json; math_proof_row_sha256=46131911599158bb43d571d01a5a4a5b80bc7f24c293d7eba07087bdb4d51c3c,true,Formation has not been measured; legacy labels are not formation labels.,PENDING,PENDING,PENDING,PENDING,NOT_MEASURED
endpoint::mamba:seq256:forward:1047:out_ptr50,ENDPOINT_UNIT,,mamba:seq256:forward:1047:out_ptr50,mamba,256,FORWARD,add,TRITON,forward:graph0:add_443,true,UNRESOLVED,UNRESOLVED_PENDING_REQUIRED_GATE,,,hypothesis_matrix.json; math_proof_row_sha256=765774912dda1520b8bb4e55b7c1d0c8a3714c4cb1c2e21d7c2459b6eee678b4,true,Formation has not been measured; legacy labels are not formation labels.,PENDING,PENDING,PENDING,PENDING,NOT_MEASURED
endpoint::mamba:seq256:forward:1047:out_ptr51,ENDPOINT_UNIT,,mamba:seq256:forward:1047:out_ptr51,mamba,256,FORWARD,add,TRITON,forward:graph0:add_444,true,UNRESOLVED,UNRESOLVED_PENDING_REQUIRED_GATE,,,hypothesis_matrix.json; math_proof_row_sha256=eafa1f5fc383d65cc7590e8189efaa2debe1807d9fc6675c5b1b942f9ced8172,true,Formation has not been measured; legacy labels are not formation labels.,PENDING,PENDING,PENDING,PENDING,NOT_MEASURED
endpoint::mamba:seq256:forward:1047:out_ptr52,ENDPOINT_UNIT,,mamba:seq256:forward:1047:out_ptr52,mamba,256,FORWARD,add,TRITON,forward:graph0:add_445,true,UNRESOLVED,UNRESOLVED_PENDING_REQUIRED_GATE,,,hypothesis_matrix.json; math_proof_row_sha256=5afbc166d5dc3c6b3cb5eba8980acf4caf74601a7dc297e79111ce6c16c03e94,true,Formation has not been measured; legacy labels are not formation labels.,PENDING,PENDING,PENDING,PENDING,NOT_MEASURED
endpoint::mamba:seq256:forward:1047:out_ptr53,ENDPOINT_UNIT,,mamba:seq256:forward:1047:out_ptr53,mamba,256,FORWARD,add,TRITON,forward:graph0:add_446,true,UNRESOLVED,UNRESOLVED_PENDING_REQUIRED_GATE,,,hypothesis_matrix.json; math_proof_row_sha256=ac13dfd15b2b0ec3d376bb8ac38f63d2528396a87dea2a47a80a4673c6d4ea3b,true,Formation has not been measured; legacy labels are not formation labels.,PENDING,PENDING,PENDING,PENDING,NOT_MEASURED
endpoint::mamba:seq256:forward:1047:out_ptr54,ENDPOINT_UNIT,,mamba:seq256:forward:1047:out_ptr54,mamba,256,FORWARD,add,TRITON,forward:graph0:add_447,true,UNRESOLVED,UNRESOLVED_PENDING_REQUIRED_GATE,,,hypothesis_matrix.json; math_proof_row_sha256=5d12e5562ce0b1ec3b8fba750c315824d3248615dc3ff366097fa0032e80a273,true,Formation has not been measured; legacy labels are not formation labels.,PENDING,PENDING,PENDING,PENDING,NOT_MEASURED
endpoint::mamba:seq256:forward:1047:out_ptr55,ENDPOINT_UNIT,,mamba:seq256:forward:1047:out_ptr55,mamba,256,FORWARD,add,TRITON,forward:graph0:add_448,true,UNRESOLVED,UNRESOLVED_PENDING_REQUIRED_GATE,,,hypothesis_matrix.json; math_proof_row_sha256=9072e5506f974ace2b06260830d3d040234325e93f340b67f1fc2b22b6afe636,true,Formation has not been measured; legacy labels are not formation labels.,PENDING,PENDING,PENDING,PENDING,NOT_MEASURED
endpoint::mamba:seq256:forward:1047:out_ptr56,ENDPOINT_UNIT,,mamba:seq256:forward:1047:out_ptr56,mamba,256,FORWARD,add,TRITON,forward:graph0:add_449,true,UNRESOLVED,UNRESOLVED_PENDING_REQUIRED_GATE,,,hypothesis_matrix.json; math_proof_row_sha256=c1c1ec70770359826e2981603be3c1b073c9dca5e0416a61c7a4f99d8fd08768,true,Formation has not been measured; legacy labels are not formation labels.,PENDING,PENDING,PENDING,PENDING,NOT_MEASURED
endpoint::mamba:seq256:forward:1047:out_ptr57,ENDPOINT_UNIT,,mamba:seq256:forward:1047:out_ptr57,mamba,256,FORWARD,add,TRITON,forward:graph0:add_450,true,UNRESOLVED,UNRESOLVED_PENDING_REQUIRED_GATE,,,hypothesis_matrix.json; math_proof_row_sha256=9adfa0e212d5a52cc41f7c57888b31701965ec68eb6435d9bd88f031d5bf28bb,true,Formation has not been measured; legacy labels are not formation labels.,PENDING,PENDING,PENDING,PENDING,NOT_MEASURED
endpoint::mamba:seq256:forward:1047:out_ptr58,ENDPOINT_UNIT,,mamba:seq256:forward:1047:out_ptr58,mamba,256,FORWARD,add,TRITON,forward:graph0:add_451,true,UNRESOLVED,UNRESOLVED_PENDING_REQUIRED_GATE,,,hypothesis_matrix.json; math_proof_row_sha256=415997ff6b9c0fdceb5c61e545f422963e918de429a5a6e846b069af4ed40706,true,Formation has not been measured; legacy labels are not formation labels.,PENDING,PENDING,PENDING,PENDING,NOT_MEASURED
endpoint::mamba:seq256:forward:1047:out_ptr59,ENDPOINT_UNIT,,mamba:seq256:forward:1047:out_ptr59,mamba,256,FORWARD,add,TRITON,forward:graph0:add_452,true,UNRESOLVED,UNRESOLVED_PENDING_REQUIRED_GATE,,,hypothesis_matrix.json; math_proof_row_sha256=ffc95318f682101a7188c40d9e6a748f9778d35543688ccdd1c6c2e4db05e037,true,Formation has not been measured; legacy labels are not formation labels.,PENDING,PENDING,PENDING,PENDING,NOT_MEASURED
endpoint::mamba:seq256:forward:1047:out_ptr6,ENDPOINT_UNIT,,mamba:seq256:forward:1047:out_ptr6,mamba,256,FORWARD,add,TRITON,forward:graph0:add_399,true,UNRESOLVED,UNRESOLVED_PENDING_REQUIRED_GATE,,,hypothesis_matrix.json; math_proof_row_sha256=e792d8d6e9a5677e1f5fdc103e3ab504aeec48da0409f15b6228faa052ae6b83,true,Formation has not been measured; legacy labels are not formation labels.,PENDING,PENDING,PENDING,PENDING,NOT_MEASURED
endpoint::mamba:seq256:forward:1047:out_ptr60,ENDPOINT_UNIT,,mamba:seq256:forward:1047:out_ptr60,mamba,256,FORWARD,add,TRITON,forward:graph0:add_453,true,UNRESOLVED,UNRESOLVED_PENDING_REQUIRED_GATE,,,hypothesis_matrix.json; math_proof_row_sha256=fe4697b65040d84cdc2b6863300404f7f6bee189e00898ee659a31a36202ffce,true,Formation has not been measured; legacy labels are not formation labels.,PENDING,PENDING,PENDING,PENDING,NOT_MEASURED
endpoint::mamba:seq256:forward:1047:out_ptr61,ENDPOINT_UNIT,,mamba:seq256:forward:1047:out_ptr61,mamba,256,FORWARD,add,TRITON,forward:graph0:add_454,true,UNRESOLVED,UNRESOLVED_PENDING_REQUIRED_GATE,,,hypothesis_matrix.json; math_proof_row_sha256=cb8d9cd496ef0b7371e0765e776fb5c56b19cb31fba6b608a06b384f087edfed,true,Formation has not been measured; legacy labels are not formation labels.,PENDING,PENDING,PENDING,PENDING,NOT_MEASURED
endpoint::mamba:seq256:forward:1047:out_ptr62,ENDPOINT_UNIT,,mamba:seq256:forward:1047:out_ptr62,mamba,256,FORWARD,add,TRITON,forward:graph0:add_455,true,UNRESOLVED,UNRESOLVED_PENDING_REQUIRED_GATE,,,hypothesis_matrix.json; math_proof_row_sha256=f7a51a9ff90ef3108485779bd6fbb280d8ba9c4ae9fe7a279154c0ab84bf7265,true,Formation has not been measured; legacy labels are not formation labels.,PENDING,PENDING,PENDING,PENDING,NOT_MEASURED
endpoint::mamba:seq256:forward:1047:out_ptr63,ENDPOINT_UNIT,,mamba:seq256:forward:1047:out_ptr63,mamba,256,FORWARD,add,TRITON,forward:graph0:add_456,true,UNRESOLVED,UNRESOLVED_PENDING_REQUIRED_GATE,,,hypothesis_matrix.json; math_proof_row_sha256=61b0cded911f03574bf584890fc9d76a042a8080f2014aee2dc707db4e43f501,true,Formation has not been measured; legacy labels are not formation labels.,PENDING,PENDING,PENDING,PENDING,NOT_MEASURED
endpoint::mamba:seq256:forward:1047:out_ptr7,ENDPOINT_UNIT,,mamba:seq256:forward:1047:out_ptr7,mamba,256,FORWARD,add,TRITON,forward:graph0:add_400,true,UNRESOLVED,UNRESOLVED_PENDING_REQUIRED_GATE,,,hypothesis_matrix.json; math_proof_row_sha256=6257b388672609bb20084c35da9f07cdfc767fd87345504775b3a6784ef70ea6,true,Formation has not been measured; legacy labels are not formation labels.,PENDING,PENDING,PENDING,PENDING,NOT_MEASURED
endpoint::mamba:seq256:forward:1047:out_ptr8,ENDPOINT_UNIT,,mamba:seq256:forward:1047:out_ptr8,mamba,256,FORWARD,add,TRITON,forward:graph0:add_401,true,UNRESOLVED,UNRESOLVED_PENDING_REQUIRED_GATE,,,hypothesis_matrix.json; math_proof_row_sha256=33eaa88710b10abece005b520db59aaf8cbd008ad28ab9a87197fe91ba8b6bd0,true,Formation has not been measured; legacy labels are not formation labels.,PENDING,PENDING,PENDING,PENDING,NOT_MEASURED
endpoint::mamba:seq256:forward:1047:out_ptr9,ENDPOINT_UNIT,,mamba:seq256:forward:1047:out_ptr9,mamba,256,FORWARD,add,TRITON,forward:graph0:add_402,true,UNRESOLVED,UNRESOLVED_PENDING_REQUIRED_GATE,,,hypothesis_matrix.json; math_proof_row_sha256=ac6b0757db16263deedc2470b5e7025624a3c78a4527c38349e04b3ae181664d,true,Formation has not been measured; legacy labels are not formation labels.,PENDING,PENDING,PENDING,PENDING,NOT_MEASURED
endpoint::mamba:seq256:forward:1065:output_0,ENDPOINT_UNIT,,mamba:seq256:forward:1065:output_0,mamba,256,FORWARD,mm,EXTERN,forward:graph0:mm_default_11895,true,UNRESOLVED,UNRESOLVED_PENDING_REQUIRED_GATE,,,hypothesis_matrix.json; math_proof_row_sha256=c53e08e5ca1ef83c66f7dcc70732338d905d7271dbbc0ec79ddb51f498f67fe9,true,Formation has not been measured; legacy labels are not formation labels.,PENDING,PENDING,PENDING,PENDING,NOT_MEASURED
endpoint::mamba:seq256:forward:11024:output_0,ENDPOINT_UNIT,,mamba:seq256:forward:11024:output_0,mamba,256,FORWARD,mm,EXTERN,forward:graph0:mm_default_8663,true,NORMAL_REFERENCE,NORMAL_REFERENCE_NO_LOCAL_DIRECTIONAL_DIFFERENCE,,,hypothesis_matrix.json; math_proof_row_sha256=9c1fbd13e2f397e8738c66f6d55d4917df7421ce944ff101a79d949e34d68430,true,Formation has not been measured; legacy labels are not formation labels.,PENDING,PENDING,PENDING,PENDING,NOT_MEASURED
endpoint::mamba:seq256:forward:1103:output_0,ENDPOINT_UNIT,,mamba:seq256:forward:1103:output_0,mamba,256,FORWARD,mm,EXTERN,forward:graph0:mm_default_11876,true,UNRESOLVED,UNRESOLVED_PENDING_REQUIRED_GATE,,,hypothesis_matrix.json; math_proof_row_sha256=4d6bb963ad17399cb31522274e15bfa6ab64c53f2baa7975333a2e0e5dde38d6,true,Formation has not been measured; legacy labels are not formation labels.,PENDING,PENDING,PENDING,PENDING,NOT_MEASURED
endpoint::mamba:seq256:forward:1109:output_0,ENDPOINT_UNIT,,mamba:seq256:forward:1109:output_0,mamba,256,FORWARD,mm,EXTERN,forward:graph0:mm_default_11873,true,UNRESOLVED,UNRESOLVED_PENDING_REQUIRED_GATE,,,hypothesis_matrix.json; math_proof_row_sha256=4c082165d891524d46174ac401f18fe07e691810f6a5ccbc4d33ffe67a9ec1e3,true,Formation has not been measured; legacy labels are not formation labels.,PENDING,PENDING,PENDING,PENDING,NOT_MEASURED
endpoint::mamba:seq256:forward:11393:output_0,ENDPOINT_UNIT,,mamba:seq256:forward:11393:output_0,mamba,256,FORWARD,mm,EXTERN,forward:graph0:mm_default_8480,true,UNRESOLVED,UNRESOLVED_PENDING_REQUIRED_GATE,,,hypothesis_matrix.json; math_proof_row_sha256=10b083f7175d3d691833f76ce1091981c09b3d582bdf986ff1f18e2b7eb95b8c,true,Formation has not been measured; legacy labels are not formation labels.,PENDING,PENDING,PENDING,PENDING,NOT_MEASURED
endpoint::mamba:seq256:forward:11411:output_0,ENDPOINT_UNIT,,mamba:seq256:forward:11411:output_0,mamba,256,FORWARD,mm,EXTERN,forward:graph0:mm_default_8471,true,UNRESOLVED,UNRESOLVED_PENDING_REQUIRED_GATE,,,hypothesis_matrix.json; math_proof_row_sha256=b141e74b4998fc039d80f1003e7caaf4961e3dc8876af18e93bd090bd2ddcd00,true,Formation has not been measured; legacy labels are not formation labels.,PENDING,PENDING,PENDING,PENDING,NOT_MEASURED
endpoint::mamba:seq256:forward:11433:output_0,ENDPOINT_UNIT,,mamba:seq256:forward:11433:output_0,mamba,256,FORWARD,mm,EXTERN,forward:graph0:mm_default_8460,true,UNRESOLVED,UNRESOLVED_PENDING_REQUIRED_GATE,,,hypothesis_matrix.json; math_proof_row_sha256=8c6449e76edff5a3a79042f70e8be9e914d13b22c2527c9014fab03ce750132f,true,Formation has not been measured; legacy labels are not formation labels.,PENDING,PENDING,PENDING,PENDING,NOT_MEASURED
endpoint::mamba:seq256:forward:11435:output_0,ENDPOINT_UNIT,,mamba:seq256:forward:11435:output_0,mamba,256,FORWARD,mm,EXTERN,forward:graph0:mm_default_8459,true,UNRESOLVED,UNRESOLVED_PENDING_REQUIRED_GATE,,,hypothesis_matrix.json; math_proof_row_sha256=eb8898533b0ac7d4940070658aff6f92c41871940f00dfa9887af1eacbf3b2a8,true,Formation has not been measured; legacy labels are not formation labels.,PENDING,PENDING,PENDING,PENDING,NOT_MEASURED
endpoint::mamba:seq256:forward:1176:out_ptr0,ENDPOINT_UNIT,,mamba:seq256:forward:1176:out_ptr0,mamba,256,FORWARD,add,TRITON,forward:graph0:add_457,true,UNRESOLVED,UNRESOLVED_PENDING_REQUIRED_GATE,,,hypothesis_matrix.json; math_proof_row_sha256=d265e80818fe434f89aa334876556cad62a3f598dcdbb7209268cf3f4202c73c,true,Formation has not been measured; legacy labels are not formation labels.,PENDING,PENDING,PENDING,PENDING,NOT_MEASURED
endpoint::mamba:seq256:forward:1176:out_ptr1,ENDPOINT_UNIT,,mamba:seq256:forward:1176:out_ptr1,mamba,256,FORWARD,add,TRITON,forward:graph0:add_458,true,UNRESOLVED,UNRESOLVED_PENDING_REQUIRED_GATE,,,hypothesis_matrix.json; math_proof_row_sha256=f384e88baddb74d37fd8a7089a38b6aa56e65d9e00b3bbb48ee9156a85d5dfa0,true,Formation has not been measured; legacy labels are not formation labels.,PENDING,PENDING,PENDING,PENDING,NOT_MEASURED
endpoint::mamba:seq256:forward:1176:out_ptr10,ENDPOINT_UNIT,,mamba:seq256:forward:1176:out_ptr10,mamba,256,FORWARD,add,TRITON,forward:graph0:add_467,true,UNRESOLVED,UNRESOLVED_PENDING_REQUIRED_GATE,,,hypothesis_matrix.json; math_proof_row_sha256=d71b955660732fe15cef26a5b77ca9a79e71b9f56f748aa9dcedc554df1e9d17,true,Formation has not been measured; legacy labels are not formation labels.,PENDING,PENDING,PENDING,PENDING,NOT_MEASURED
endpoint::mamba:seq256:forward:1176:out_ptr11,ENDPOINT_UNIT,,mamba:seq256:forward:1176:out_ptr11,mamba,256,FORWARD,add,TRITON,forward:graph0:add_468,true,UNRESOLVED,UNRESOLVED_PENDING_REQUIRED_GATE,,,hypothesis_matrix.json; math_proof_row_sha256=922136e07ef499743396cacfdec1c1f23828c7fb16fe45167a740ca7ae96de28,true,Formation has not been measured; legacy labels are not formation labels.,PENDING,PENDING,PENDING,PENDING,NOT_MEASURED
endpoint::mamba:seq256:forward:1176:out_ptr12,ENDPOINT_UNIT,,mamba:seq256:forward:1176:out_ptr12,mamba,256,FORWARD,add,TRITON,forward:graph0:add_469,true,UNRESOLVED,UNRESOLVED_PENDING_REQUIRED_GATE,,,hypothesis_matrix.json; math_proof_row_sha256=0ba939940b62c3d74ce1cfc981123e85d1a305f97b2687ade175280816070d60,true,Formation has not been measured; legacy labels are not formation labels.,PENDING,PENDING,PENDING,PENDING,NOT_MEASURED
endpoint::mamba:seq256:forward:1176:out_ptr13,ENDPOINT_UNIT,,mamba:seq256:forward:1176:out_ptr13,mamba,256,FORWARD,add,TRITON,forward:graph0:add_470,true,UNRESOLVED,UNRESOLVED_PENDING_REQUIRED_GATE,,,hypothesis_matrix.json; math_proof_row_sha256=3b828dca4ca18be9e98cfa5e29d05ecde9a5038fa44faad6bf427d7e5b6c8d2b,true,Formation has not been measured; legacy labels are not formation labels.,PENDING,PENDING,PENDING,PENDING,NOT_MEASURED
endpoint::mamba:seq256:forward:1176:out_ptr14,ENDPOINT_UNIT,,mamba:seq256:forward:1176:out_ptr14,mamba,256,FORWARD,add,TRITON,forward:graph0:add_471,true,UNRESOLVED,UNRESOLVED_PENDING_REQUIRED_GATE,,,hypothesis_matrix.json; math_proof_row_sha256=96ee6778536413cac4e07608bde4351ae88e890b99a6a282fd530601524139c5,true,Formation has not been measured; legacy labels are not formation labels.,PENDING,PENDING,PENDING,PENDING,NOT_MEASURED
endpoint::mamba:seq256:forward:1176:out_ptr15,ENDPOINT_UNIT,,mamba:seq256:forward:1176:out_ptr15,mamba,256,FORWARD,add,TRITON,forward:graph0:add_472,true,UNRESOLVED,UNRESOLVED_PENDING_REQUIRED_GATE,,,hypothesis_matrix.json; math_proof_row_sha256=885d45489a8220a733ac19bbcf7be70e2321956c04b505c521f1b64a58c5f723,true,Formation has not been measured; legacy labels are not formation labels.,PENDING,PENDING,PENDING,PENDING,NOT_MEASURED
endpoint::mamba:seq256:forward:1176:out_ptr16,ENDPOINT_UNIT,,mamba:seq256:forward:1176:out_ptr16,mamba,256,FORWARD,add,TRITON,forward:graph0:add_473,true,UNRESOLVED,UNRESOLVED_PENDING_REQUIRED_GATE,,,hypothesis_matrix.json; math_proof_row_sha256=fb295187e837fb0bb2230613e8837c009937a1ec03ae8abd159c6809fbd9e686,true,Formation has not been measured; legacy labels are not formation labels.,PENDING,PENDING,PENDING,PENDING,NOT_MEASURED
endpoint::mamba:seq256:forward:1176:out_ptr17,ENDPOINT_UNIT,,mamba:seq256:forward:1176:out_ptr17,mamba,256,FORWARD,add,TRITON,forward:graph0:add_474,true,UNRESOLVED,UNRESOLVED_PENDING_REQUIRED_GATE,,,hypothesis_matrix.json; math_proof_row_sha256=43896715022f6c91b3a94507143cbbb433ac6ef98559d9ae4b311cf9441eab86,true,Formation has not been measured; legacy labels are not formation labels.,PENDING,PENDING,PENDING,PENDING,NOT_MEASURED
endpoint::mamba:seq256:forward:1176:out_ptr18,ENDPOINT_UNIT,,mamba:seq256:forward:1176:out_ptr18,mamba,256,FORWARD,add,TRITON,forward:graph0:add_475,true,UNRESOLVED,UNRESOLVED_PENDING_REQUIRED_GATE,,,hypothesis_matrix.json; math_proof_row_sha256=10b3970994ff0cd4ce3bac67742605cdfea83564260a873455fd4c00f51212c6,true,Formation has not been measured; legacy labels are not formation labels.,PENDING,PENDING,PENDING,PENDING,NOT_MEASURED
endpoint::mamba:seq256:forward:1176:out_ptr19,ENDPOINT_UNIT,,mamba:seq256:forward:1176:out_ptr19,mamba,256,FORWARD,add,TRITON,forward:graph0:add_476,true,UNRESOLVED,UNRESOLVED_PENDING_REQUIRED_GATE,,,hypothesis_matrix.json; math_proof_row_sha256=0e774706575e7fb9d28acd3bd2b1652efe05a0b5660c7ad20ea20ba5f2702d60,true,Formation has not been measured; legacy labels are not formation labels.,PENDING,PENDING,PENDING,PENDING,NOT_MEASURED
endpoint::mamba:seq256:forward:1176:out_ptr2,ENDPOINT_UNIT,,mamba:seq256:forward:1176:out_ptr2,mamba,256,FORWARD,add,TRITON,forward:graph0:add_459,true,UNRESOLVED,UNRESOLVED_PENDING_REQUIRED_GATE,,,hypothesis_matrix.json; math_proof_row_sha256=58edca9870951f8bf4c022aca56aae48640c831dbb68ba2c7dcb3050e7e52a24,true,Formation has not been measured; legacy labels are not formation labels.,PENDING,PENDING,PENDING,PENDING,NOT_MEASURED
endpoint::mamba:seq256:forward:1176:out_ptr20,ENDPOINT_UNIT,,mamba:seq256:forward:1176:out_ptr20,mamba,256,FORWARD,add,TRITON,forward:graph0:add_477,true,UNRESOLVED,UNRESOLVED_PENDING_REQUIRED_GATE,,,hypothesis_matrix.json; math_proof_row_sha256=142b0ffb8bed43fa02965725964e60478fda573ef075b545f6969ae35719cdf4,true,Formation has not been measured; legacy labels are not formation labels.,PENDING,PENDING,PENDING,PENDING,NOT_MEASURED
endpoint::mamba:seq256:forward:1176:out_ptr21,ENDPOINT_UNIT,,mamba:seq256:forward:1176:out_ptr21,mamba,256,FORWARD,add,TRITON,forward:graph0:add_478,true,UNRESOLVED,UNRESOLVED_PENDING_REQUIRED_GATE,,,hypothesis_matrix.json; math_proof_row_sha256=cf13b894588cf4d57a3ad0bb260a55de584de45ce5a5f3302a9e1b076a2cd6c4,true,Formation has not been measured; legacy labels are not formation labels.,PENDING,PENDING,PENDING,PENDING,NOT_MEASURED
endpoint::mamba:seq256:forward:1176:out_ptr22,ENDPOINT_UNIT,,mamba:seq256:forward:1176:out_ptr22,mamba,256,FORWARD,add,TRITON,forward:graph0:add_479,true,UNRESOLVED,UNRESOLVED_PENDING_REQUIRED_GATE,,,hypothesis_matrix.json; math_proof_row_sha256=6fd22679b425f6dccb3c0735f71e4ef38b136c3c856e717b3e52aa443fe6753b,true,Formation has not been measured; legacy labels are not formation labels.,PENDING,PENDING,PENDING,PENDING,NOT_MEASURED
endpoint::mamba:seq256:forward:1176:out_ptr23,ENDPOINT_UNIT,,mamba:seq256:forward:1176:out_ptr23,mamba,256,FORWARD,add,TRITON,forward:graph0:add_480,true,UNRESOLVED,UNRESOLVED_PENDING_REQUIRED_GATE,,,hypothesis_matrix.json; math_proof_row_sha256=b88b04a7ce4405c2f9c028025cd0d3d147bcba9d7cde5038707d7192f501408a,true,Formation has not been measured; legacy labels are not formation labels.,PENDING,PENDING,PENDING,PENDING,NOT_MEASURED
endpoint::mamba:seq256:forward:1176:out_ptr24,ENDPOINT_UNIT,,mamba:seq256:forward:1176:out_ptr24,mamba,256,FORWARD,add,TRITON,forward:graph0:add_481,true,UNRESOLVED,UNRESOLVED_PENDING_REQUIRED_GATE,,,hypothesis_matrix.json; math_proof_row_sha256=af43f41adbb18bb032cecefa90599aa4100efb55757d14296aade885464fde32,true,Formation has not been measured; legacy labels are not formation labels.,PENDING,PENDING,PENDING,PENDING,NOT_MEASURED
endpoint::mamba:seq256:forward:1176:out_ptr25,ENDPOINT_UNIT,,mamba:seq256:forward:1176:out_ptr25,mamba,256,FORWARD,add,TRITON,forward:graph0:add_482,true,UNRESOLVED,UNRESOLVED_PENDING_REQUIRED_GATE,,,hypothesis_matrix.json; math_proof_row_sha256=83f3479e6ab7891719fe51979f2dbcce5d39846f3008784ae21b189dcf664cf1,true,Formation has not been measured; legacy labels are not formation labels.,PENDING,PENDING,PENDING,PENDING,NOT_MEASURED
endpoint::mamba:seq256:forward:1176:out_ptr26,ENDPOINT_UNIT,,mamba:seq256:forward:1176:out_ptr26,mamba,256,FORWARD,add,TRITON,forward:graph0:add_483,true,UNRESOLVED,UNRESOLVED_PENDING_REQUIRED_GATE,,,hypothesis_matrix.json; math_proof_row_sha256=6542e42327268e679d6c5c86a52e36a1a4e844cb13df9f995958a92224e69353,true,Formation has not been measured; legacy labels are not formation labels.,PENDING,PENDING,PENDING,PENDING,NOT_MEASURED
endpoint::mamba:seq256:forward:1176:out_ptr27,ENDPOINT_UNIT,,mamba:seq256:forward:1176:out_ptr27,mamba,256,FORWARD,add,TRITON,forward:graph0:add_484,true,UNRESOLVED,UNRESOLVED_PENDING_REQUIRED_GATE,,,hypothesis_matrix.json; math_proof_row_sha256=73e73e4eab797dccd2633bd289add2f6e8e054ce83626a7ab70c758b266e5ccd,true,Formation has not been measured; legacy labels are not formation labels.,PENDING,PENDING,PENDING,PENDING,NOT_MEASURED
endpoint::mamba:seq256:forward:1176:out_ptr28,ENDPOINT_UNIT,,mamba:seq256:forward:1176:out_ptr28,mamba,256,FORWARD,add,TRITON,forward:graph0:add_485,true,UNRESOLVED,UNRESOLVED_PENDING_REQUIRED_GATE,,,hypothesis_matrix.json; math_proof_row_sha256=0d681afe08fcc6ef05df524fd1957652155cf0563068d6c014b18cf543ba88ed,true,Formation has not been measured; legacy labels are not formation labels.,PENDING,PENDING,PENDING,PENDING,NOT_MEASURED
endpoint::mamba:seq256:forward:1176:out_ptr29,ENDPOINT_UNIT,,mamba:seq256:forward:1176:out_ptr29,mamba,256,FORWARD,add,TRITON,forward:graph0:add_486,true,UNRESOLVED,UNRESOLVED_PENDING_REQUIRED_GATE,,,hypothesis_matrix.json; math_proof_row_sha256=09ccd0890c881294d96f7f8667881b93ca18766273800629576e8e4e012c5a2f,true,Formation has not been measured; legacy labels are not formation labels.,PENDING,PENDING,PENDING,PENDING,NOT_MEASURED
endpoint::mamba:seq256:forward:1176:out_ptr3,ENDPOINT_UNIT,,mamba:seq256:forward:1176:out_ptr3,mamba,256,FORWARD,add,TRITON,forward:graph0:add_460,true,UNRESOLVED,UNRESOLVED_PENDING_REQUIRED_GATE,,,hypothesis_matrix.json; math_proof_row_sha256=cf3f9f2696b1067e785f2e7c4baba7f3a6caead4fb4513690e20f3d7dae76952,true,Formation has not been measured; legacy labels are not formation labels.,PENDING,PENDING,PENDING,PENDING,NOT_MEASURED
endpoint::mamba:seq256:forward:1176:out_ptr30,ENDPOINT_UNIT,,mamba:seq256:forward:1176:out_ptr30,mamba,256,FORWARD,add,TRITON,forward:graph0:add_487,true,UNRESOLVED,UNRESOLVED_PENDING_REQUIRED_GATE,,,hypothesis_matrix.json; math_proof_row_sha256=013c5d4efacd3416e904acb2cb34540f4ad43f890b2071cc3bf6116b55bdf20d,true,Formation has not been measured; legacy labels are not formation labels.,PENDING,PENDING,PENDING,PENDING,NOT_MEASURED
endpoint::mamba:seq256:forward:1176:out_ptr31,ENDPOINT_UNIT,,mamba:seq256:forward:1176:out_ptr31,mamba,256,FORWARD,add,TRITON,forward:graph0:add_488,true,UNRESOLVED,UNRESOLVED_PENDING_REQUIRED_GATE,,,hypothesis_matrix.json; math_proof_row_sha256=34ebbc4efad9cecbac39208b782062e8c5213be9fa220e5078f840f0054a0472,true,Formation has not been measured; legacy labels are not formation labels.,PENDING,PENDING,PENDING,PENDING,NOT_MEASURED
endpoint::mamba:seq256:forward:1176:out_ptr32,ENDPOINT_UNIT,,mamba:seq256:forward:1176:out_ptr32,mamba,256,FORWARD,add,TRITON,forward:graph0:add_489,true,UNRESOLVED,UNRESOLVED_PENDING_REQUIRED_GATE,,,hypothesis_matrix.json; math_proof_row_sha256=33b4a8d328f43f27c16a7e2194bae59db2f1135e54666185fae3225184c65085,true,Formation has not been measured; legacy labels are not formation labels.,PENDING,PENDING,PENDING,PENDING,NOT_MEASURED
endpoint::mamba:seq256:forward:1176:out_ptr33,ENDPOINT_UNIT,,mamba:seq256:forward:1176:out_ptr33,mamba,256,FORWARD,add,TRITON,forward:graph0:add_490,true,UNRESOLVED,UNRESOLVED_PENDING_REQUIRED_GATE,,,hypothesis_matrix.json; math_proof_row_sha256=ee01a88edfe950393870bc5e8b6df7d454e0fc64738f1420080cbad7eaf7b195,true,Formation has not been measured; legacy labels are not formation labels.,PENDING,PENDING,PENDING,PENDING,NOT_MEASURED
endpoint::mamba:seq256:forward:1176:out_ptr34,ENDPOINT_UNIT,,mamba:seq256:forward:1176:out_ptr34,mamba,256,FORWARD,add,TRITON,forward:graph0:add_491,true,UNRESOLVED,UNRESOLVED_PENDING_REQUIRED_GATE,,,hypothesis_matrix.json; math_proof_row_sha256=a60b8bd5020d725e6e9bdda5d90e9e0cc476aec64541eb73ddb2f88bc87b934b,true,Formation has not been measured; legacy labels are not formation labels.,PENDING,PENDING,PENDING,PENDING,NOT_MEASURED
endpoint::mamba:seq256:forward:1176:out_ptr35,ENDPOINT_UNIT,,mamba:seq256:forward:1176:out_ptr35,mamba,256,FORWARD,add,TRITON,forward:graph0:add_492,true,UNRESOLVED,UNRESOLVED_PENDING_REQUIRED_GATE,,,hypothesis_matrix.json; math_proof_row_sha256=9b9ef83e0536d7c9a6e91e7db8bfc95f89e7f9e971dfdab9effc93cc7e8038f5,true,Formation has not been measured; legacy labels are not formation labels.,PENDING,PENDING,PENDING,PENDING,NOT_MEASURED
endpoint::mamba:seq256:forward:1176:out_ptr36,ENDPOINT_UNIT,,mamba:seq256:forward:1176:out_ptr36,mamba,256,FORWARD,add,TRITON,forward:graph0:add_493,true,UNRESOLVED,UNRESOLVED_PENDING_REQUIRED_GATE,,,hypothesis_matrix.json; math_proof_row_sha256=9f8d3b4126b04e43c6cb1999de2274252cfa70baa3f27edaa79e4d7a24bce8ed,true,Formation has not been measured; legacy labels are not formation labels.,PENDING,PENDING,PENDING,PENDING,NOT_MEASURED
endpoint::mamba:seq256:forward:1176:out_ptr37,ENDPOINT_UNIT,,mamba:seq256:forward:1176:out_ptr37,mamba,256,FORWARD,add,TRITON,forward:graph0:add_494,true,UNRESOLVED,UNRESOLVED_PENDING_REQUIRED_GATE,,,hypothesis_matrix.json; math_proof_row_sha256=9ce2b672ef2e10a20d29691bb22172347b451ae04066f1584c949b316c44a01c,true,Formation has not been measured; legacy labels are not formation labels.,PENDING,PENDING,PENDING,PENDING,NOT_MEASURED
endpoint::mamba:seq256:forward:1176:out_ptr38,ENDPOINT_UNIT,,mamba:seq256:forward:1176:out_ptr38,mamba,256,FORWARD,add,TRITON,forward:graph0:add_495,true,UNRESOLVED,UNRESOLVED_PENDING_REQUIRED_GATE,,,hypothesis_matrix.json; math_proof_row_sha256=74d7d05be51df1b7499c1a619df60f177304edad9759ebe9b43a661dc953c74d,true,Formation has not been measured; legacy labels are not formation labels.,PENDING,PENDING,PENDING,PENDING,NOT_MEASURED
endpoint::mamba:seq256:forward:1176:out_ptr39,ENDPOINT_UNIT,,mamba:seq256:forward:1176:out_ptr39,mamba,256,FORWARD,add,TRITON,forward:graph0:add_496,true,UNRESOLVED,UNRESOLVED_PENDING_REQUIRED_GATE,,,hypothesis_matrix.json; math_proof_row_sha256=c3111becd6d2d1ddb3b92809e88af184cbad0f998125accc845090de41b6ac79,true,Formation has not been measured; legacy labels are not formation labels.,PENDING,PENDING,PENDING,PENDING,NOT_MEASURED
endpoint::mamba:seq256:forward:1176:out_ptr4,ENDPOINT_UNIT,,mamba:seq256:forward:1176:out_ptr4,mamba,256,FORWARD,add,TRITON,forward:graph0:add_461,true,UNRESOLVED,UNRESOLVED_PENDING_REQUIRED_GATE,,,hypothesis_matrix.json; math_proof_row_sha256=a8b87377ec23f74068b42c51cfe942713981529e20254e627341c58458cbf8c5,true,Formation has not been measured; legacy labels are not formation labels.,PENDING,PENDING,PENDING,PENDING,NOT_MEASURED
endpoint::mamba:seq256:forward:1176:out_ptr40,ENDPOINT_UNIT,,mamba:seq256:forward:1176:out_ptr40,mamba,256,FORWARD,add,TRITON,forward:graph0:add_497,true,UNRESOLVED,UNRESOLVED_PENDING_REQUIRED_GATE,,,hypothesis_matrix.json; math_proof_row_sha256=c5563371ddfe19413ddc91e0df2316c693b6f882d7b220a2da5a7d840bb9691d,true,Formation has not been measured; legacy labels are not formation labels.,PENDING,PENDING,PENDING,PENDING,NOT_MEASURED
endpoint::mamba:seq256:forward:1176:out_ptr41,ENDPOINT_UNIT,,mamba:seq256:forward:1176:out_ptr41,mamba,256,FORWARD,add,TRITON,forward:graph0:add_498,true,UNRESOLVED,UNRESOLVED_PENDING_REQUIRED_GATE,,,hypothesis_matrix.json; math_proof_row_sha256=1b41419eccff913c3ec1434dc263321fc67c883315a836de6425d7b274df867c,true,Formation has not been measured; legacy labels are not formation labels.,PENDING,PENDING,PENDING,PENDING,NOT_MEASURED
endpoint::mamba:seq256:forward:1176:out_ptr42,ENDPOINT_UNIT,,mamba:seq256:forward:1176:out_ptr42,mamba,256,FORWARD,add,TRITON,forward:graph0:add_499,true,UNRESOLVED,UNRESOLVED_PENDING_REQUIRED_GATE,,,hypothesis_matrix.json; math_proof_row_sha256=0cd04d5bf371a330a9682ec906641af423af1309c9cd4d2d22d37ff8b86bec3e,true,Formation has not been measured; legacy labels are not formation labels.,PENDING,PENDING,PENDING,PENDING,NOT_MEASURED
endpoint::mamba:seq256:forward:1176:out_ptr43,ENDPOINT_UNIT,,mamba:seq256:forward:1176:out_ptr43,mamba,256,FORWARD,add,TRITON,forward:graph0:add_500,true,UNRESOLVED,UNRESOLVED_PENDING_REQUIRED_GATE,,,hypothesis_matrix.json; math_proof_row_sha256=5094608e2e2280c05d2f22fa18532eb7dd66a37b9f12347db05cf3757b73eeda,true,Formation has not been measured; legacy labels are not formation labels.,PENDING,PENDING,PENDING,PENDING,NOT_MEASURED
endpoint::mamba:seq256:forward:1176:out_ptr44,ENDPOINT_UNIT,,mamba:seq256:forward:1176:out_ptr44,mamba,256,FORWARD,add,TRITON,forward:graph0:add_501,true,UNRESOLVED,UNRESOLVED_PENDING_REQUIRED_GATE,,,hypothesis_matrix.json; math_proof_row_sha256=cb924a56164aab09393d4242718070abfc628141778116a3602e8f91b9e601a4,true,Formation has not been measured; legacy labels are not formation labels.,PENDING,PENDING,PENDING,PENDING,NOT_MEASURED
endpoint::mamba:seq256:forward:1176:out_ptr45,ENDPOINT_UNIT,,mamba:seq256:forward:1176:out_ptr45,mamba,256,FORWARD,add,TRITON,forward:graph0:add_502,true,UNRESOLVED,UNRESOLVED_PENDING_REQUIRED_GATE,,,hypothesis_matrix.json; math_proof_row_sha256=61c7f10a74048d06b5680764b5a974fed390cac2c0940e411f3b24cdb3b2b94c,true,Formation has not been measured; legacy labels are not formation labels.,PENDING,PENDING,PENDING,PENDING,NOT_MEASURED
endpoint::mamba:seq256:forward:1176:out_ptr46,ENDPOINT_UNIT,,mamba:seq256:forward:1176:out_ptr46,mamba,256,FORWARD,add,TRITON,forward:graph0:add_503,true,UNRESOLVED,UNRESOLVED_PENDING_REQUIRED_GATE,,,hypothesis_matrix.json; math_proof_row_sha256=c52365a3e4f7e2f20eb08b52481e4010d29da750dca010b12f2cc0293b60a326,true,Formation has not been measured; legacy labels are not formation labels.,PENDING,PENDING,PENDING,PENDING,NOT_MEASURED
endpoint::mamba:seq256:forward:1176:out_ptr47,ENDPOINT_UNIT,,mamba:seq256:forward:1176:out_ptr47,mamba,256,FORWARD,add,TRITON,forward:graph0:add_504,true,UNRESOLVED,UNRESOLVED_PENDING_REQUIRED_GATE,,,hypothesis_matrix.json; math_proof_row_sha256=1766ffd775c360f2abd19901e036d689bf31140e7c7c18219dc071d4458aaa31,true,Formation has not been measured; legacy labels are not formation labels.,PENDING,PENDING,PENDING,PENDING,NOT_MEASURED
endpoint::mamba:seq256:forward:1176:out_ptr48,ENDPOINT_UNIT,,mamba:seq256:forward:1176:out_ptr48,mamba,256,FORWARD,add,TRITON,forward:graph0:add_505,true,UNRESOLVED,UNRESOLVED_PENDING_REQUIRED_GATE,,,hypothesis_matrix.json; math_proof_row_sha256=3010ab0e530705cd635727d32199d07d73f38edd8e8ff25daa2aee6632055476,true,Formation has not been measured; legacy labels are not formation labels.,PENDING,PENDING,PENDING,PENDING,NOT_MEASURED
endpoint::mamba:seq256:forward:1176:out_ptr49,ENDPOINT_UNIT,,mamba:seq256:forward:1176:out_ptr49,mamba,256,FORWARD,add,TRITON,forward:graph0:add_506,true,UNRESOLVED,UNRESOLVED_PENDING_REQUIRED_GATE,,,hypothesis_matrix.json; math_proof_row_sha256=822a5d18318ee0225c5be259e1556de8a44ce7c79cce9648da625aa7e00386a9,true,Formation has not been measured; legacy labels are not formation labels.,PENDING,PENDING,PENDING,PENDING,NOT_MEASURED
endpoint::mamba:seq256:forward:1176:out_ptr5,ENDPOINT_UNIT,,mamba:seq256:forward:1176:out_ptr5,mamba,256,FORWARD,add,TRITON,forward:graph0:add_462,true,UNRESOLVED,UNRESOLVED_PENDING_REQUIRED_GATE,,,hypothesis_matrix.json; math_proof_row_sha256=c350d7eb9a6d42a07e11cc3513f7cc45eab529809f1ebb7fd7592521af5a89f6,true,Formation has not been measured; legacy labels are not formation labels.,PENDING,PENDING,PENDING,PENDING,NOT_MEASURED
endpoint::mamba:seq256:forward:1176:out_ptr50,ENDPOINT_UNIT,,mamba:seq256:forward:1176:out_ptr50,mamba,256,FORWARD,add,TRITON,forward:graph0:add_507,true,UNRESOLVED,UNRESOLVED_PENDING_REQUIRED_GATE,,,hypothesis_matrix.json; math_proof_row_sha256=ca36bf246b8589069148e3a19d7a512d574d80b379bc8fee1ec153d18f84fb52,true,Formation has not been measured; legacy labels are not formation labels.,PENDING,PENDING,PENDING,PENDING,NOT_MEASURED
endpoint::mamba:seq256:forward:1176:out_ptr51,ENDPOINT_UNIT,,mamba:seq256:forward:1176:out_ptr51,mamba,256,FORWARD,add,TRITON,forward:graph0:add_508,true,UNRESOLVED,UNRESOLVED_PENDING_REQUIRED_GATE,,,hypothesis_matrix.json; math_proof_row_sha256=d80e222d64d21cf56b9f0e0ee53b88485d7bf1ef33f3499a268676a473953f2b,true,Formation has not been measured; legacy labels are not formation labels.,PENDING,PENDING,PENDING,PENDING,NOT_MEASURED
endpoint::mamba:seq256:forward:1176:out_ptr52,ENDPOINT_UNIT,,mamba:seq256:forward:1176:out_ptr52,mamba,256,FORWARD,add,TRITON,forward:graph0:add_509,true,UNRESOLVED,UNRESOLVED_PENDING_REQUIRED_GATE,,,hypothesis_matrix.json; math_proof_row_sha256=8d4620c05d1c12ae44966358c5d38f36434df23dbe0695e1cf3d46f403aba472,true,Formation has not been measured; legacy labels are not formation labels.,PENDING,PENDING,PENDING,PENDING,NOT_MEASURED
endpoint::mamba:seq256:forward:1176:out_ptr53,ENDPOINT_UNIT,,mamba:seq256:forward:1176:out_ptr53,mamba,256,FORWARD,add,TRITON,forward:graph0:add_510,true,UNRESOLVED,UNRESOLVED_PENDING_REQUIRED_GATE,,,hypothesis_matrix.json; math_proof_row_sha256=c30640b0ff9931bf3308ddb24f3950d15ed387656d28f8821a1a5236af8c4db5,true,Formation has not been measured; legacy labels are not formation labels.,PENDING,PENDING,PENDING,PENDING,NOT_MEASURED
endpoint::mamba:seq256:forward:1176:out_ptr54,ENDPOINT_UNIT,,mamba:seq256:forward:1176:out_ptr54,mamba,256,FORWARD,add,TRITON,forward:graph0:add_511,true,UNRESOLVED,UNRESOLVED_PENDING_REQUIRED_GATE,,,hypothesis_matrix.json; math_proof_row_sha256=d4eeab46820498a18d7fb275bfc6b3975586bcb01fd1e7334561553522b79cdc,true,Formation has not been measured; legacy labels are not formation labels.,PENDING,PENDING,PENDING,PENDING,NOT_MEASURED
endpoint::mamba:seq256:forward:1176:out_ptr55,ENDPOINT_UNIT,,mamba:seq256:forward:1176:out_ptr55,mamba,256,FORWARD,add,TRITON,forward:graph0:add_512,true,UNRESOLVED,UNRESOLVED_PENDING_REQUIRED_GATE,,,hypothesis_matrix.json; math_proof_row_sha256=19c6f66d5b76c6f350075c3fcc731e3d6b5c02a1f7c455a23bfb49a5aae8a1dc,true,Formation has not been measured; legacy labels are not formation labels.,PENDING,PENDING,PENDING,PENDING,NOT_MEASURED
endpoint::mamba:seq256:forward:1176:out_ptr56,ENDPOINT_UNIT,,mamba:seq256:forward:1176:out_ptr56,mamba,256,FORWARD,add,TRITON,forward:graph0:add_513,true,UNRESOLVED,UNRESOLVED_PENDING_REQUIRED_GATE,,,hypothesis_matrix.json; math_proof_row_sha256=aa9c73e80d6b655b064f5c6d8edfe74d2a1c6e7dd79eb854fae3243da4e60136,true,Formation has not been measured; legacy labels are not formation labels.,PENDING,PENDING,PENDING,PENDING,NOT_MEASURED
endpoint::mamba:seq256:forward:1176:out_ptr57,ENDPOINT_UNIT,,mamba:seq256:forward:1176:out_ptr57,mamba,256,FORWARD,add,TRITON,forward:graph0:add_514,true,UNRESOLVED,UNRESOLVED_PENDING_REQUIRED_GATE,,,hypothesis_matrix.json; math_proof_row_sha256=d48afcc054021a8186a9f4118cde763b795b758a42c349f54d1e03897a6e3554,true,Formation has not been measured; legacy labels are not formation labels.,PENDING,PENDING,PENDING,PENDING,NOT_MEASURED
endpoint::mamba:seq256:forward:1176:out_ptr58,ENDPOINT_UNIT,,mamba:seq256:forward:1176:out_ptr58,mamba,256,FORWARD,add,TRITON,forward:graph0:add_515,true,UNRESOLVED,UNRESOLVED_PENDING_REQUIRED_GATE,,,hypothesis_matrix.json; math_proof_row_sha256=35f45d44458132d2e468561e956427bb9fccd98a262a978737e7c49abf961b08,true,Formation has not been measured; legacy labels are not formation labels.,PENDING,PENDING,PENDING,PENDING,NOT_MEASURED
endpoint::mamba:seq256:forward:1176:out_ptr59,ENDPOINT_UNIT,,mamba:seq256:forward:1176:out_ptr59,mamba,256,FORWARD,add,TRITON,forward:graph0:add_516,true,UNRESOLVED,UNRESOLVED_PENDING_REQUIRED_GATE,,,hypothesis_matrix.json; math_proof_row_sha256=aff335f3594dae4d1466ebe10e1829c21c617930b7e457514a7099a17ee61a15,true,Formation has not been measured; legacy labels are not formation labels.,PENDING,PENDING,PENDING,PENDING,NOT_MEASURED
endpoint::mamba:seq256:forward:1176:out_ptr6,ENDPOINT_UNIT,,mamba:seq256:forward:1176:out_ptr6,mamba,256,FORWARD,add,TRITON,forward:graph0:add_463,true,UNRESOLVED,UNRESOLVED_PENDING_REQUIRED_GATE,,,hypothesis_matrix.json; math_proof_row_sha256=984979db619759b0cbcbde93ff20d9f709c59ff0c0a99c3c458c33c9913865fb,true,Formation has not been measured; legacy labels are not formation labels.,PENDING,PENDING,PENDING,PENDING,NOT_MEASURED
endpoint::mamba:seq256:forward:1176:out_ptr60,ENDPOINT_UNIT,,mamba:seq256:forward:1176:out_ptr60,mamba,256,FORWARD,add,TRITON,forward:graph0:add_517,true,UNRESOLVED,UNRESOLVED_PENDING_REQUIRED_GATE,,,hypothesis_matrix.json; math_proof_row_sha256=0932877199dd66af0c3649ca43bebaabeacb8406d91b33453a1c7ad35187eb68,true,Formation has not been measured; legacy labels are not formation labels.,PENDING,PENDING,PENDING,PENDING,NOT_MEASURED
endpoint::mamba:seq256:forward:1176:out_ptr61,ENDPOINT_UNIT,,mamba:seq256:forward:1176:out_ptr61,mamba,256,FORWARD,add,TRITON,forward:graph0:add_518,true,UNRESOLVED,UNRESOLVED_PENDING_REQUIRED_GATE,,,hypothesis_matrix.json; math_proof_row_sha256=0e26ae2f2c04b23ca209f8a47335fa38ef673550777b617f7d810950934bdc58,true,Formation has not been measured; legacy labels are not formation labels.,PENDING,PENDING,PENDING,PENDING,NOT_MEASURED
endpoint::mamba:seq256:forward:1176:out_ptr62,ENDPOINT_UNIT,,mamba:seq256:forward:1176:out_ptr62,mamba,256,FORWARD,add,TRITON,forward:graph0:add_519,true,UNRESOLVED,UNRESOLVED_PENDING_REQUIRED_GATE,,,hypothesis_matrix.json; math_proof_row_sha256=ea497f602d9d2128a05ba1a2042dc2c20b55ed4a383bad0eee2292bffc231be4,true,Formation has not been measured; legacy labels are not formation labels.,PENDING,PENDING,PENDING,PENDING,NOT_MEASURED
endpoint::mamba:seq256:forward:1176:out_ptr7,ENDPOINT_UNIT,,mamba:seq256:forward:1176:out_ptr7,mamba,256,FORWARD,add,TRITON,forward:graph0:add_464,true,UNRESOLVED,UNRESOLVED_PENDING_REQUIRED_GATE,,,hypothesis_matrix.json; math_proof_row_sha256=420df7dea961f5195598d1338281935abbf132c9d31f906d1b78cba2343422e4,true,Formation has not been measured; legacy labels are not formation labels.,PENDING,PENDING,PENDING,PENDING,NOT_MEASURED
endpoint::mamba:seq256:forward:1176:out_ptr8,ENDPOINT_UNIT,,mamba:seq256:forward:1176:out_ptr8,mamba,256,FORWARD,add,TRITON,forward:graph0:add_465,true,UNRESOLVED,UNRESOLVED_PENDING_REQUIRED_GATE,,,hypothesis_matrix.json; math_proof_row_sha256=37eed5ab93b997c2c1ca60b2ff6bda360b863d58d60da39e802189eae3cbf0c9,true,Formation has not been measured; legacy labels are not formation labels.,PENDING,PENDING,PENDING,PENDING,NOT_MEASURED
endpoint::mamba:seq256:forward:1176:out_ptr9,ENDPOINT_UNIT,,mamba:seq256:forward:1176:out_ptr9,mamba,256,FORWARD,add,TRITON,forward:graph0:add_466,true,UNRESOLVED,UNRESOLVED_PENDING_REQUIRED_GATE,,,hypothesis_matrix.json; math_proof_row_sha256=ce7db16f0e86182f68614fc4ed482c73bd196badb2e83424f6645f25f4722c60,true,Formation has not been measured; legacy labels are not formation labels.,PENDING,PENDING,PENDING,PENDING,NOT_MEASURED
endpoint::mamba:seq256:forward:11976:output_0,ENDPOINT_UNIT,,mamba:seq256:forward:11976:output_0,mamba,256,FORWARD,mm,EXTERN,forward:graph0:mm_default_8322,true,NORMAL_REFERENCE,NORMAL_REFERENCE_NO_LOCAL_DIRECTIONAL_DIFFERENCE,,,hypothesis_matrix.json; math_proof_row_sha256=72ae1548b371e990f45931ea9b722c9ebd32a729de8739995324d13116a1469d,true,Formation has not been measured; legacy labels are not formation labels.,PENDING,PENDING,PENDING,PENDING,NOT_MEASURED
endpoint::mamba:seq256:forward:12142:output_0,ENDPOINT_UNIT,,mamba:seq256:forward:12142:output_0,mamba,256,FORWARD,mm,EXTERN,forward:graph0:mm_default_8240,true,NORMAL_REFERENCE,NORMAL_REFERENCE_NO_LOCAL_DIRECTIONAL_DIFFERENCE,,,hypothesis_matrix.json; math_proof_row_sha256=12c82e53631920a7fc3fc17484f3a51be647f04d2cd5c23f5f56b0c4f8b79fca,true,Formation has not been measured; legacy labels are not formation labels.,PENDING,PENDING,PENDING,PENDING,NOT_MEASURED
endpoint::mamba:seq256:forward:12174:output_0,ENDPOINT_UNIT,,mamba:seq256:forward:12174:output_0,mamba,256,FORWARD,mm,EXTERN,forward:graph0:mm_default_8224,true,NORMAL_REFERENCE,NORMAL_REFERENCE_NO_LOCAL_DIRECTIONAL_DIFFERENCE,,,hypothesis_matrix.json; math_proof_row_sha256=8dde06588e08efd8241ac25661cf3d41db0a82207c68eaa22b3888445312461f,true,Formation has not been measured; legacy labels are not formation labels.,PENDING,PENDING,PENDING,PENDING,NOT_MEASURED
endpoint::mamba:seq256:forward:12224:output_0,ENDPOINT_UNIT,,mamba:seq256:forward:12224:output_0,mamba,256,FORWARD,mm,EXTERN,forward:graph0:mm_default_8199,true,NORMAL_REFERENCE,NORMAL_REFERENCE_NO_LOCAL_DIRECTIONAL_DIFFERENCE,,,hypothesis_matrix.json; math_proof_row_sha256=e04e1d3351df4b7711f878c84ae5caa04466ddcb772de739da45411a4f1dafcc,true,Formation has not been measured; legacy labels are not formation labels.,PENDING,PENDING,PENDING,PENDING,NOT_MEASURED
endpoint::mamba:seq256:forward:1240:output_0,ENDPOINT_UNIT,,mamba:seq256:forward:1240:output_0,mamba,256,FORWARD,mm,EXTERN,forward:graph0:mm_default_11808,true,NORMAL_REFERENCE,NORMAL_REFERENCE_NO_LOCAL_DIRECTIONAL_DIFFERENCE,,,hypothesis_matrix.json; math_proof_row_sha256=c39d2bd6bf0dfcae6b1c0780d7daddee6cc99f01e403aabec8e3932c1e052c44,true,Formation has not been measured; legacy labels are not formation labels.,PENDING,PENDING,PENDING,PENDING,NOT_MEASURED
endpoint::mamba:seq256:forward:12633:out_ptr47,ENDPOINT_UNIT,,mamba:seq256:forward:12633:out_ptr47,mamba,256,FORWARD,add,TRITON,forward:graph0:add_4306,true,UNRESOLVED,UNRESOLVED_PENDING_REQUIRED_GATE,,,hypothesis_matrix.json; math_proof_row_sha256=1bee3c744cf331dd963eae0bac82daf51f3f280f493819d0bb3c7c6e90c3a3aa,true,Formation has not been measured; legacy labels are not formation labels.,PENDING,PENDING,PENDING,PENDING,NOT_MEASURED
endpoint::mamba:seq256:forward:12633:out_ptr52,ENDPOINT_UNIT,,mamba:seq256:forward:12633:out_ptr52,mamba,256,FORWARD,add,TRITON,forward:graph0:add_4311,true,UNRESOLVED,UNRESOLVED_PENDING_REQUIRED_GATE,,,hypothesis_matrix.json; math_proof_row_sha256=cc3f1a1b29268d1b7e8cfcc380ad8bb0d95ec5423ca4cdd04c759567c86fc7bc,true,Formation has not been measured; legacy labels are not formation labels.,PENDING,PENDING,PENDING,PENDING,NOT_MEASURED
endpoint::mamba:seq256:forward:12665:output_0,ENDPOINT_UNIT,,mamba:seq256:forward:12665:output_0,mamba,256,FORWARD,mm,EXTERN,forward:graph0:mm_default_8112,true,NORMAL_REFERENCE,NORMAL_REFERENCE_NO_LOCAL_DIRECTIONAL_DIFFERENCE,,,hypothesis_matrix.json; math_proof_row_sha256=f85b31615a379620ece89d6d4a8583349a140a09969cdebf0fbae1b068d45877,true,Formation has not been measured; legacy labels are not formation labels.,PENDING,PENDING,PENDING,PENDING,NOT_MEASURED
endpoint::mamba:seq256:forward:1280:output_0,ENDPOINT_UNIT,,mamba:seq256:forward:1280:output_0,mamba,256,FORWARD,mm,EXTERN,forward:graph0:mm_default_11788,true,NORMAL_REFERENCE,NORMAL_REFERENCE_NO_LOCAL_DIRECTIONAL_DIFFERENCE,,,hypothesis_matrix.json; math_proof_row_sha256=0dac92cb52eb3644ae3ec9867c04f5c6f50487707405face7a593d29e3ebfd97,true,Formation has not been measured; legacy labels are not formation labels.,PENDING,PENDING,PENDING,PENDING,NOT_MEASURED
endpoint::mamba:seq256:forward:137:out_ptr36,ENDPOINT_UNIT,,mamba:seq256:forward:137:out_ptr36,mamba,256,FORWARD,add,TRITON,forward:graph0:add_103,true,UNRESOLVED,UNRESOLVED_PENDING_REQUIRED_GATE,,,hypothesis_matrix.json; math_proof_row_sha256=20f2b4064494ea4d3a9dc5f1a1b6d6482922e51c4b9ad88486697e8bdc128445,true,Formation has not been measured; legacy labels are not formation labels.,PENDING,PENDING,PENDING,PENDING,NOT_MEASURED
endpoint::mamba:seq256:forward:137:out_ptr41,ENDPOINT_UNIT,,mamba:seq256:forward:137:out_ptr41,mamba,256,FORWARD,add,TRITON,forward:graph0:add_108,true,UNRESOLVED,UNRESOLVED_PENDING_REQUIRED_GATE,,,hypothesis_matrix.json; math_proof_row_sha256=dc71cd4ad3821df73862c0b2c7979a9aaed5350c86ee74ea545b07d6855ce7aa,true,Formation has not been measured; legacy labels are not formation labels.,PENDING,PENDING,PENDING,PENDING,NOT_MEASURED
endpoint::mamba:seq256:forward:137:out_ptr42,ENDPOINT_UNIT,,mamba:seq256:forward:137:out_ptr42,mamba,256,FORWARD,add,TRITON,forward:graph0:add_109,true,UNRESOLVED,UNRESOLVED_PENDING_REQUIRED_GATE,,,hypothesis_matrix.json; math_proof_row_sha256=66b66ea5e27ad036dde2d2de8b0a68f167ab6b8e64417ec759fa70b1889f2d4e,true,Formation has not been measured; legacy labels are not formation labels.,PENDING,PENDING,PENDING,PENDING,NOT_MEASURED
endpoint::mamba:seq256:forward:137:out_ptr44,ENDPOINT_UNIT,,mamba:seq256:forward:137:out_ptr44,mamba,256,FORWARD,add,TRITON,forward:graph0:add_111,true,UNRESOLVED,UNRESOLVED_PENDING_REQUIRED_GATE,,,hypothesis_matrix.json; math_proof_row_sha256=8ed7957c2b71304fb6b0d0c234a94688bc3242112ecbfecc47381bd3ccb2afa1,true,Formation has not been measured; legacy labels are not formation labels.,PENDING,PENDING,PENDING,PENDING,NOT_MEASURED
endpoint::mamba:seq256:forward:137:out_ptr45,ENDPOINT_UNIT,,mamba:seq256:forward:137:out_ptr45,mamba,256,FORWARD,add,TRITON,forward:graph0:add_112,true,UNRESOLVED,UNRESOLVED_PENDING_REQUIRED_GATE,,,hypothesis_matrix.json; math_proof_row_sha256=374c8945c4e03268107eb29858c3b27b5488d516040161407eb0897162893d28,true,Formation has not been measured; legacy labels are not formation labels.,PENDING,PENDING,PENDING,PENDING,NOT_MEASURED
endpoint::mamba:seq256:forward:137:out_ptr46,ENDPOINT_UNIT,,mamba:seq256:forward:137:out_ptr46,mamba,256,FORWARD,add,TRITON,forward:graph0:add_113,true,UNRESOLVED,UNRESOLVED_PENDING_REQUIRED_GATE,,,hypothesis_matrix.json; math_proof_row_sha256=262c5e6ff69455f53f001be7eb034cd1fb9d97e71ec4686cb00e7ed086e1e68b,true,Formation has not been measured; legacy labels are not formation labels.,PENDING,PENDING,PENDING,PENDING,NOT_MEASURED
endpoint::mamba:seq256:forward:137:out_ptr47,ENDPOINT_UNIT,,mamba:seq256:forward:137:out_ptr47,mamba,256,FORWARD,add,TRITON,forward:graph0:add_114,true,UNRESOLVED,UNRESOLVED_PENDING_REQUIRED_GATE,,,hypothesis_matrix.json; math_proof_row_sha256=eb56fb5cf4af71cb707f01b558efaf50dca4d44f970d4759c7315edcccd9e43c,true,Formation has not been measured; legacy labels are not formation labels.,PENDING,PENDING,PENDING,PENDING,NOT_MEASURED
endpoint::mamba:seq256:forward:137:out_ptr49,ENDPOINT_UNIT,,mamba:seq256:forward:137:out_ptr49,mamba,256,FORWARD,add,TRITON,forward:graph0:add_116,true,UNRESOLVED,UNRESOLVED_PENDING_REQUIRED_GATE,,,hypothesis_matrix.json; math_proof_row_sha256=45b8d0711d6a5c236738c99eef58ec1d0ed570021da6cd1256875047e3b9f738,true,Formation has not been measured; legacy labels are not formation labels.,PENDING,PENDING,PENDING,PENDING,NOT_MEASURED
endpoint::mamba:seq256:forward:137:out_ptr50,ENDPOINT_UNIT,,mamba:seq256:forward:137:out_ptr50,mamba,256,FORWARD,add,TRITON,forward:graph0:add_117,true,UNRESOLVED,UNRESOLVED_PENDING_REQUIRED_GATE,,,hypothesis_matrix.json; math_proof_row_sha256=9ae77eafa338b983f4d444fe3c69cee719cf4fcc4e983016bb31b6d85c670980,true,Formation has not been measured; legacy labels are not formation labels.,PENDING,PENDING,PENDING,PENDING,NOT_MEASURED
endpoint::mamba:seq256:forward:137:out_ptr51,ENDPOINT_UNIT,,mamba:seq256:forward:137:out_ptr51,mamba,256,FORWARD,add,TRITON,forward:graph0:add_118,true,UNRESOLVED,UNRESOLVED_PENDING_REQUIRED_GATE,,,hypothesis_matrix.json; math_proof_row_sha256=a7d2eea117eef04a495dd56d103c1ea3e7db688c28bcaf0e59a9b012e9b5b6d1,true,Formation has not been measured; legacy labels are not formation labels.,PENDING,PENDING,PENDING,PENDING,NOT_MEASURED
endpoint::mamba:seq256:forward:137:out_ptr52,ENDPOINT_UNIT,,mamba:seq256:forward:137:out_ptr52,mamba,256,FORWARD,add,TRITON,forward:graph0:add_119,true,UNRESOLVED,UNRESOLVED_PENDING_REQUIRED_GATE,,,hypothesis_matrix.json; math_proof_row_sha256=6359d1c2e9132d222edb82d9f2d8c6ab549d4c11c8be38454965cc589cecce0c,true,Formation has not been measured; legacy labels are not formation labels.,PENDING,PENDING,PENDING,PENDING,NOT_MEASURED
endpoint::mamba:seq256:forward:137:out_ptr60,ENDPOINT_UNIT,,mamba:seq256:forward:137:out_ptr60,mamba,256,FORWARD,add,TRITON,forward:graph0:add_127,true,UNRESOLVED,UNRESOLVED_PENDING_REQUIRED_GATE,,,hypothesis_matrix.json; math_proof_row_sha256=bb74f187982b3b3fd9d8ac5f82ca98ea0401e4f3f1cbd137dba335615f7806ff,true,Formation has not been measured; legacy labels are not formation labels.,PENDING,PENDING,PENDING,PENDING,NOT_MEASURED
endpoint::mamba:seq256:forward:137:out_ptr61,ENDPOINT_UNIT,,mamba:seq256:forward:137:out_ptr61,mamba,256,FORWARD,add,TRITON,forward:graph0:add_128,true,UNRESOLVED,UNRESOLVED_PENDING_REQUIRED_GATE,,,hypothesis_matrix.json; math_proof_row_sha256=e9dc2236e9a3524cc922314bb53280e37d0194f185e43c0a14a9896636d8f225,true,Formation has not been measured; legacy labels are not formation labels.,PENDING,PENDING,PENDING,PENDING,NOT_MEASURED
endpoint::mamba:seq256:forward:137:out_ptr62,ENDPOINT_UNIT,,mamba:seq256:forward:137:out_ptr62,mamba,256,FORWARD,add,TRITON,forward:graph0:add_129,true,UNRESOLVED,UNRESOLVED_PENDING_REQUIRED_GATE,,,hypothesis_matrix.json; math_proof_row_sha256=13e9bf973ad804a935d28e4c779d2ee90565b0ffda8b89360b7362a0f99e6d40,true,Formation has not been measured; legacy labels are not formation labels.,PENDING,PENDING,PENDING,PENDING,NOT_MEASURED
endpoint::mamba:seq256:forward:14442:output_0,ENDPOINT_UNIT,,mamba:seq256:forward:14442:output_0,mamba,256,FORWARD,mm,EXTERN,forward:graph0:mm_default_7493,true,NORMAL_REFERENCE,NORMAL_REFERENCE_NO_LOCAL_DIRECTIONAL_DIFFERENCE,,,hypothesis_matrix.json; math_proof_row_sha256=545737495bbd28a98a5c649b46d358d7e99ccee2f025a00f92df3fa95bc9552a,true,Formation has not been measured; legacy labels are not formation labels.,PENDING,PENDING,PENDING,PENDING,NOT_MEASURED
endpoint::mamba:seq256:forward:14453:out_ptr57,ENDPOINT_UNIT,,mamba:seq256:forward:14453:out_ptr57,mamba,256,FORWARD,add,TRITON,forward:graph0:add_4968,true,UNRESOLVED,UNRESOLVED_PENDING_REQUIRED_GATE,,,hypothesis_matrix.json; math_proof_row_sha256=494a5957b0152d8d848767d5816ef981930f47ed94c028f89477a075d47823c1,true,Formation has not been measured; legacy labels are not formation labels.,PENDING,PENDING,PENDING,PENDING,NOT_MEASURED
endpoint::mamba:seq256:forward:14453:out_ptr62,ENDPOINT_UNIT,,mamba:seq256:forward:14453:out_ptr62,mamba,256,FORWARD,add,TRITON,forward:graph0:add_4973,true,UNRESOLVED,UNRESOLVED_PENDING_REQUIRED_GATE,,,hypothesis_matrix.json; math_proof_row_sha256=3321eecbbf404220f08d4680d3d11572b0c7c085e497714034440339e5198fe7,true,Formation has not been measured; legacy labels are not formation labels.,PENDING,PENDING,PENDING,PENDING,NOT_MEASURED
endpoint::mamba:seq256:forward:14509:output_0,ENDPOINT_UNIT,,mamba:seq256:forward:14509:output_0,mamba,256,FORWARD,mm,EXTERN,forward:graph0:mm_default_7460,true,UNRESOLVED,UNRESOLVED_PENDING_REQUIRED_GATE,,,hypothesis_matrix.json; math_proof_row_sha256=a7db259be36cd6302618048e3150b4707dc3d969921ba1e2a4b2f64e289a14f1,true,Formation has not been measured; legacy labels are not formation labels.,PENDING,PENDING,PENDING,PENDING,NOT_MEASURED
endpoint::mamba:seq256:forward:14511:output_0,ENDPOINT_UNIT,,mamba:seq256:forward:14511:output_0,mamba,256,FORWARD,mm,EXTERN,forward:graph0:mm_default_7459,true,NORMAL_REFERENCE,NORMAL_REFERENCE_NO_LOCAL_DIRECTIONAL_DIFFERENCE,,,hypothesis_matrix.json; math_proof_row_sha256=3c8f2c765534c2ee317739c0ce48e9419d79178778645f494b04ff7d38a6f5ed,true,Formation has not been measured; legacy labels are not formation labels.,PENDING,PENDING,PENDING,PENDING,NOT_MEASURED
endpoint::mamba:seq256:forward:14893:output_0,ENDPOINT_UNIT,,mamba:seq256:forward:14893:output_0,mamba,256,FORWARD,mm,EXTERN,forward:graph0:mm_default_7401,true,UNRESOLVED,UNRESOLVED_PENDING_REQUIRED_GATE,,,hypothesis_matrix.json; math_proof_row_sha256=6076b3bbf6635c786d9b28586727c9b232c1e024f7c75af79d85435d5d8e98b2,true,Formation has not been measured; legacy labels are not formation labels.,PENDING,PENDING,PENDING,PENDING,NOT_MEASURED
endpoint::mamba:seq256:forward:14905:output_0,ENDPOINT_UNIT,,mamba:seq256:forward:14905:output_0,mamba,256,FORWARD,mm,EXTERN,forward:graph0:mm_default_7395,true,UNRESOLVED,UNRESOLVED_PENDING_REQUIRED_GATE,,,hypothesis_matrix.json; math_proof_row_sha256=8a265237ae9192c2083b3f4fa9be10e802e455b7a4755a553b35fce17d87f6bd,true,Formation has not been measured; legacy labels are not formation labels.,PENDING,PENDING,PENDING,PENDING,NOT_MEASURED
endpoint::mamba:seq256:forward:14909:output_0,ENDPOINT_UNIT,,mamba:seq256:forward:14909:output_0,mamba,256,FORWARD,mm,EXTERN,forward:graph0:mm_default_7393,true,UNRESOLVED,UNRESOLVED_PENDING_REQUIRED_GATE,,,hypothesis_matrix.json; math_proof_row_sha256=3e0bfdee1b8ee18fc6f53075035e73e470b13f435728b9cb156049ddc108242c,true,Formation has not been measured; legacy labels are not formation labels.,PENDING,PENDING,PENDING,PENDING,NOT_MEASURED
endpoint::mamba:seq256:forward:14943:output_0,ENDPOINT_UNIT,,mamba:seq256:forward:14943:output_0,mamba,256,FORWARD,mm,EXTERN,forward:graph0:mm_default_7376,true,UNRESOLVED,UNRESOLVED_PENDING_REQUIRED_GATE,,,hypothesis_matrix.json; math_proof_row_sha256=f3aa827e516f1e34bed3156d90be82ac2fc09b6f49c1188a383deaca7b9014ee,true,Formation has not been measured; legacy labels are not formation labels.,PENDING,PENDING,PENDING,PENDING,NOT_MEASURED
endpoint::mamba:seq256:forward:14949:output_0,ENDPOINT_UNIT,,mamba:seq256:forward:14949:output_0,mamba,256,FORWARD,mm,EXTERN,forward:graph0:mm_default_7373,true,NORMAL_REFERENCE,NORMAL_REFERENCE_NO_LOCAL_DIRECTIONAL_DIFFERENCE,,,hypothesis_matrix.json; math_proof_row_sha256=245e3e19b2a89d500e80c74b81166c77481f2f683859e718d63383398b3b2c49,true,Formation has not been measured; legacy labels are not formation labels.,PENDING,PENDING,PENDING,PENDING,NOT_MEASURED
endpoint::mamba:seq256:forward:14951:output_0,ENDPOINT_UNIT,,mamba:seq256:forward:14951:output_0,mamba,256,FORWARD,mm,EXTERN,forward:graph0:mm_default_7372,true,UNRESOLVED,UNRESOLVED_PENDING_REQUIRED_GATE,,,hypothesis_matrix.json; math_proof_row_sha256=4ecdfbed69eb3790c696da4580f6161f139b833920b946079ab797fdca13e094,true,Formation has not been measured; legacy labels are not formation labels.,PENDING,PENDING,PENDING,PENDING,NOT_MEASURED
endpoint::mamba:seq256:forward:14959:output_0,ENDPOINT_UNIT,,mamba:seq256:forward:14959:output_0,mamba,256,FORWARD,mm,EXTERN,forward:graph0:mm_default_7368,true,UNRESOLVED,UNRESOLVED_PENDING_REQUIRED_GATE,,,hypothesis_matrix.json; math_proof_row_sha256=85dda9847981b9c3a65034fbb30bfe284698ad4e05b089660fbac61b33a615a7,true,Formation has not been measured; legacy labels are not formation labels.,PENDING,PENDING,PENDING,PENDING,NOT_MEASURED
endpoint::mamba:seq256:forward:14961:output_0,ENDPOINT_UNIT,,mamba:seq256:forward:14961:output_0,mamba,256,FORWARD,mm,EXTERN,forward:graph0:mm_default_7367,true,UNRESOLVED,UNRESOLVED_PENDING_REQUIRED_GATE,,,hypothesis_matrix.json; math_proof_row_sha256=7902f7b25058774a0cce60c28aea7a96ead8484e48876bf9ec4c7d731c3ee0a2,true,Formation has not been measured; legacy labels are not formation labels.,PENDING,PENDING,PENDING,PENDING,NOT_MEASURED
endpoint::mamba:seq256:forward:15012:output_0,ENDPOINT_UNIT,,mamba:seq256:forward:15012:output_0,mamba,256,FORWARD,mm,EXTERN,forward:graph0:mm_default_7342,true,UNRESOLVED,UNRESOLVED_PENDING_REQUIRED_GATE,,,hypothesis_matrix.json; math_proof_row_sha256=0634ef3b77f0d68661905f087e6c721348ae370ca5e208334ec25bd7d6f6220d,true,Formation has not been measured; legacy labels are not formation labels.,PENDING,PENDING,PENDING,PENDING,NOT_MEASURED
endpoint::mamba:seq256:forward:15030:output_0,ENDPOINT_UNIT,,mamba:seq256:forward:15030:output_0,mamba,256,FORWARD,mm,EXTERN,forward:graph0:mm_default_7333,true,UNRESOLVED,UNRESOLVED_PENDING_REQUIRED_GATE,,,hypothesis_matrix.json; math_proof_row_sha256=c92647bf297b078dc1f65f30b9f93e3cfba8336930f1c6273695e224daf93f9b,true,Formation has not been measured; legacy labels are not formation labels.,PENDING,PENDING,PENDING,PENDING,NOT_MEASURED
endpoint::mamba:seq256:forward:15052:output_0,ENDPOINT_UNIT,,mamba:seq256:forward:15052:output_0,mamba,256,FORWARD,mm,EXTERN,forward:graph0:mm_default_7322,true,NORMAL_REFERENCE,NORMAL_REFERENCE_NO_LOCAL_DIRECTIONAL_DIFFERENCE,,,hypothesis_matrix.json; math_proof_row_sha256=95ca3ffa9d10a475ee2f76e8d67bbae617fb02ad4e2e4fa9a0118533410c5a46,true,Formation has not been measured; legacy labels are not formation labels.,PENDING,PENDING,PENDING,PENDING,NOT_MEASURED
endpoint::mamba:seq256:forward:15062:output_0,ENDPOINT_UNIT,,mamba:seq256:forward:15062:output_0,mamba,256,FORWARD,mm,EXTERN,forward:graph0:mm_default_7317,true,UNRESOLVED,UNRESOLVED_PENDING_REQUIRED_GATE,,,hypothesis_matrix.json; math_proof_row_sha256=7fa7490dbe84d5b42c2a946ada313d05f77cf368ec23f111cc3209546b7cb1a0,true,Formation has not been measured; legacy labels are not formation labels.,PENDING,PENDING,PENDING,PENDING,NOT_MEASURED
endpoint::mamba:seq256:forward:15244:output_0,ENDPOINT_UNIT,,mamba:seq256:forward:15244:output_0,mamba,256,FORWARD,mm,EXTERN,forward:graph0:mm_default_7227,true,NORMAL_REFERENCE,NORMAL_REFERENCE_NO_LOCAL_DIRECTIONAL_DIFFERENCE,,,hypothesis_matrix.json; math_proof_row_sha256=be24a7ee0328e0f2d4b07e49ee299198f718e75b5feab2240bf60ea143c0f966,true,Formation has not been measured; legacy labels are not formation labels.,PENDING,PENDING,PENDING,PENDING,NOT_MEASURED
endpoint::mamba:seq256:forward:15338:output_0,ENDPOINT_UNIT,,mamba:seq256:forward:15338:output_0,mamba,256,FORWARD,mm,EXTERN,forward:graph0:mm_default_7180,true,UNRESOLVED,UNRESOLVED_PENDING_REQUIRED_GATE,,,hypothesis_matrix.json; math_proof_row_sha256=490b35bcd6f506966b4cac01e6bc79d13fcd1939e8878f8ad9efe04bc1fd8a3c,true,Formation has not been measured; legacy labels are not formation labels.,PENDING,PENDING,PENDING,PENDING,NOT_MEASURED
endpoint::mamba:seq256:forward:15346:output_0,ENDPOINT_UNIT,,mamba:seq256:forward:15346:output_0,mamba,256,FORWARD,mm,EXTERN,forward:graph0:mm_default_7176,true,UNRESOLVED,UNRESOLVED_PENDING_REQUIRED_GATE,,,hypothesis_matrix.json; math_proof_row_sha256=8e0d1b3ef1e6d2540d9766785da4acd07bd205a1d20ac78fc22f518774149771,true,Formation has not been measured; legacy labels are not formation labels.,PENDING,PENDING,PENDING,PENDING,NOT_MEASURED
endpoint::mamba:seq256:forward:15352:output_0,ENDPOINT_UNIT,,mamba:seq256:forward:15352:output_0,mamba,256,FORWARD,mm,EXTERN,forward:graph0:mm_default_7173,true,NORMAL_REFERENCE,NORMAL_REFERENCE_NO_LOCAL_DIRECTIONAL_DIFFERENCE,,,hypothesis_matrix.json; math_proof_row_sha256=7c6af43242edcae3076aed9f6f4a8a4eaf677a8c7a92a3c8978964c957fe7ab2,true,Formation has not been measured; legacy labels are not formation labels.,PENDING,PENDING,PENDING,PENDING,NOT_MEASURED
endpoint::mamba:seq256:forward:15356:output_0,ENDPOINT_UNIT,,mamba:seq256:forward:15356:output_0,mamba,256,FORWARD,mm,EXTERN,forward:graph0:mm_default_7171,true,UNRESOLVED,UNRESOLVED_PENDING_REQUIRED_GATE,,,hypothesis_matrix.json; math_proof_row_sha256=78c858068f4a3de5073fdc8850be58b4ab1bb6055872ef93158803d11cf8b29e,true,Formation has not been measured; legacy labels are not formation labels.,PENDING,PENDING,PENDING,PENDING,NOT_MEASURED
endpoint::mamba:seq256:forward:15621:output_0,ENDPOINT_UNIT,,mamba:seq256:forward:15621:output_0,mamba,256,FORWARD,mm,EXTERN,forward:graph0:mm_80,true,UNRESOLVED,UNRESOLVED_PENDING_REQUIRED_GATE,,,hypothesis_matrix.json; math_proof_row_sha256=0dcd6b8232497c7c5ae8e01b0c76661a161f42dc5b72f17878e428cb26e88ca0,true,Formation has not been measured; legacy labels are not formation labels.,PENDING,PENDING,PENDING,PENDING,NOT_MEASURED
endpoint::mamba:seq256:forward:1570:out_ptr31,ENDPOINT_UNIT,,mamba:seq256:forward:1570:out_ptr31,mamba,256,FORWARD,add,TRITON,forward:graph0:add_558,true,UNRESOLVED,UNRESOLVED_PENDING_REQUIRED_GATE,,,hypothesis_matrix.json; math_proof_row_sha256=54a4daf6c6a5376759121934a3d26711aec9ac8d3dbac8b402c3581f0e9d4084,true,Formation has not been measured; legacy labels are not formation labels.,PENDING,PENDING,PENDING,PENDING,NOT_MEASURED
endpoint::mamba:seq256:forward:1570:out_ptr35,ENDPOINT_UNIT,,mamba:seq256:forward:1570:out_ptr35,mamba,256,FORWARD,add,TRITON,forward:graph0:add_562,true,UNRESOLVED,UNRESOLVED_PENDING_REQUIRED_GATE,,,hypothesis_matrix.json; math_proof_row_sha256=662c0be63019eb22c1a115f29746fb8b88f3a2797e11e2485813f3c9652223df,true,Formation has not been measured; legacy labels are not formation labels.,PENDING,PENDING,PENDING,PENDING,NOT_MEASURED
endpoint::mamba:seq256:forward:1570:out_ptr43,ENDPOINT_UNIT,,mamba:seq256:forward:1570:out_ptr43,mamba,256,FORWARD,add,TRITON,forward:graph0:add_570,true,UNRESOLVED,UNRESOLVED_PENDING_REQUIRED_GATE,,,hypothesis_matrix.json; math_proof_row_sha256=393e37bab45336297dfe6c98ca987ecb34a9207c7dfb4ec0fccf0ee33c0e9c89,true,Formation has not been measured; legacy labels are not formation labels.,PENDING,PENDING,PENDING,PENDING,NOT_MEASURED
endpoint::mamba:seq256:forward:1570:out_ptr54,ENDPOINT_UNIT,,mamba:seq256:forward:1570:out_ptr54,mamba,256,FORWARD,add,TRITON,forward:graph0:add_581,true,UNRESOLVED,UNRESOLVED_PENDING_REQUIRED_GATE,,,hypothesis_matrix.json; math_proof_row_sha256=af2eaa8217a98f58357b2ccdb2d45dfd2d1b928969fc8f7b2125214bdfc3eb69,true,Formation has not been measured; legacy labels are not formation labels.,PENDING,PENDING,PENDING,PENDING,NOT_MEASURED
endpoint::mamba:seq256:forward:1570:out_ptr55,ENDPOINT_UNIT,,mamba:seq256:forward:1570:out_ptr55,mamba,256,FORWARD,add,TRITON,forward:graph0:add_582,true,UNRESOLVED,UNRESOLVED_PENDING_REQUIRED_GATE,,,hypothesis_matrix.json; math_proof_row_sha256=026b69a56043aeef6581d31e63f636e75458c31ccbe1366ca9c4440640f6ee3b,true,Formation has not been measured; legacy labels are not formation labels.,PENDING,PENDING,PENDING,PENDING,NOT_MEASURED
endpoint::mamba:seq256:forward:1612:output_0,ENDPOINT_UNIT,,mamba:seq256:forward:1612:output_0,mamba,256,FORWARD,mm,EXTERN,forward:graph0:mm_default_11755,true,UNRESOLVED,UNRESOLVED_PENDING_REQUIRED_GATE,,,hypothesis_matrix.json; math_proof_row_sha256=31a8bf8ddf2216b540412a1eab2818124247ee952deb55fa71a6029982b3cbbc,true,Formation has not been measured; legacy labels are not formation labels.,PENDING,PENDING,PENDING,PENDING,NOT_MEASURED
endpoint::mamba:seq256:forward:1660:output_0,ENDPOINT_UNIT,,mamba:seq256:forward:1660:output_0,mamba,256,FORWARD,mm,EXTERN,forward:graph0:mm_default_11731,true,NORMAL_REFERENCE,NORMAL_REFERENCE_NO_LOCAL_DIRECTIONAL_DIFFERENCE,,,hypothesis_matrix.json; math_proof_row_sha256=b7ca578f6979ed9280b287049a0f6c39c14f9195111be9f6fd0d869532a14b84,true,Formation has not been measured; legacy labels are not formation labels.,PENDING,PENDING,PENDING,PENDING,NOT_MEASURED
endpoint::mamba:seq256:forward:1662:output_0,ENDPOINT_UNIT,,mamba:seq256:forward:1662:output_0,mamba,256,FORWARD,mm,EXTERN,forward:graph0:mm_default_11730,true,NORMAL_REFERENCE,NORMAL_REFERENCE_NO_LOCAL_DIRECTIONAL_DIFFERENCE,,,hypothesis_matrix.json; math_proof_row_sha256=4afc9af6b673be57c4175c06cc9790215f9c72e4655018d2795e6d2b7ab3ff57,true,Formation has not been measured; legacy labels are not formation labels.,PENDING,PENDING,PENDING,PENDING,NOT_MEASURED
endpoint::mamba:seq256:forward:16667:out_ptr50,ENDPOINT_UNIT,,mamba:seq256:forward:16667:out_ptr50,mamba,256,FORWARD,add,TRITON,forward:graph0:add_5683,true,UNRESOLVED,UNRESOLVED_PENDING_REQUIRED_GATE,,,hypothesis_matrix.json; math_proof_row_sha256=8f8b8aaad23a82e27196def0d3e82aabb59c0dcd1e84db29ca51d03b7425cda7,true,Formation has not been measured; legacy labels are not formation labels.,PENDING,PENDING,PENDING,PENDING,NOT_MEASURED
endpoint::mamba:seq256:forward:1666:output_0,ENDPOINT_UNIT,,mamba:seq256:forward:1666:output_0,mamba,256,FORWARD,mm,EXTERN,forward:graph0:mm_default_11728,true,UNRESOLVED,UNRESOLVED_PENDING_REQUIRED_GATE,,,hypothesis_matrix.json; math_proof_row_sha256=5a8d9d7502bca0e2a3d2eedc1ce2b4a924a8d45c7c832aedbb03650913e42477,true,Formation has not been measured; legacy labels are not formation labels.,PENDING,PENDING,PENDING,PENDING,NOT_MEASURED
endpoint::mamba:seq256:forward:1668:output_0,ENDPOINT_UNIT,,mamba:seq256:forward:1668:output_0,mamba,256,FORWARD,mm,EXTERN,forward:graph0:mm_default_11727,true,UNRESOLVED,UNRESOLVED_PENDING_REQUIRED_GATE,,,hypothesis_matrix.json; math_proof_row_sha256=7da4301b9c032e6cad50cb625fdd66109e738d22a3bb1e690b6ddab5996d3503,true,Formation has not been measured; legacy labels are not formation labels.,PENDING,PENDING,PENDING,PENDING,NOT_MEASURED
endpoint::mamba:seq256:forward:1699:out_ptr10,ENDPOINT_UNIT,,mamba:seq256:forward:1699:out_ptr10,mamba,256,FORWARD,add,TRITON,forward:graph0:add_601,true,UNRESOLVED,UNRESOLVED_PENDING_REQUIRED_GATE,,,hypothesis_matrix.json; math_proof_row_sha256=a2c9172a42781fd0d94cf810fbd6cb84a2ae0cea792d8d4c43b35e0ea07c8033,true,Formation has not been measured; legacy labels are not formation labels.,PENDING,PENDING,PENDING,PENDING,NOT_MEASURED
endpoint::mamba:seq256:forward:1699:out_ptr14,ENDPOINT_UNIT,,mamba:seq256:forward:1699:out_ptr14,mamba,256,FORWARD,add,TRITON,forward:graph0:add_605,true,UNRESOLVED,UNRESOLVED_PENDING_REQUIRED_GATE,,,hypothesis_matrix.json; math_proof_row_sha256=7067f12ed5f2b5e579f826ef071bc6cec20c42b0f0f2d13f2df9caebe760510d,true,Formation has not been measured; legacy labels are not formation labels.,PENDING,PENDING,PENDING,PENDING,NOT_MEASURED
endpoint::mamba:seq256:forward:1699:out_ptr2,ENDPOINT_UNIT,,mamba:seq256:forward:1699:out_ptr2,mamba,256,FORWARD,add,TRITON,forward:graph0:add_593,true,UNRESOLVED,UNRESOLVED_PENDING_REQUIRED_GATE,,,hypothesis_matrix.json; math_proof_row_sha256=758ba11f3b7c49a13f9225413e159fe55648ae114813eea3bbd1a8f1b6afb9d6,true,Formation has not been measured; legacy labels are not formation labels.,PENDING,PENDING,PENDING,PENDING,NOT_MEASURED
endpoint::mamba:seq256:forward:1699:out_ptr23,ENDPOINT_UNIT,,mamba:seq256:forward:1699:out_ptr23,mamba,256,FORWARD,add,TRITON,forward:graph0:add_614,true,UNRESOLVED,UNRESOLVED_PENDING_REQUIRED_GATE,,,hypothesis_matrix.json; math_proof_row_sha256=83d84fd1d69cdb4cdc75365123d2f941f27558f28b95c9efd9ef16858de4fc2e,true,Formation has not been measured; legacy labels are not formation labels.,PENDING,PENDING,PENDING,PENDING,NOT_MEASURED
endpoint::mamba:seq256:forward:1699:out_ptr28,ENDPOINT_UNIT,,mamba:seq256:forward:1699:out_ptr28,mamba,256,FORWARD,add,TRITON,forward:graph0:add_619,true,UNRESOLVED,UNRESOLVED_PENDING_REQUIRED_GATE,,,hypothesis_matrix.json; math_proof_row_sha256=25a5f0c468ac0b23892743cf3ab4bbbc149752bd159b23a6d97c0b7adaf8f108,true,Formation has not been measured; legacy labels are not formation labels.,PENDING,PENDING,PENDING,PENDING,NOT_MEASURED
endpoint::mamba:seq256:forward:1699:out_ptr31,ENDPOINT_UNIT,,mamba:seq256:forward:1699:out_ptr31,mamba,256,FORWARD,add,TRITON,forward:graph0:add_622,true,UNRESOLVED,UNRESOLVED_PENDING_REQUIRED_GATE,,,hypothesis_matrix.json; math_proof_row_sha256=3ef177a29e7670d72a87e78a6dae637c378a1cd4179d52d459a9ec79b417b164,true,Formation has not been measured; legacy labels are not formation labels.,PENDING,PENDING,PENDING,PENDING,NOT_MEASURED
endpoint::mamba:seq256:forward:1699:out_ptr35,ENDPOINT_UNIT,,mamba:seq256:forward:1699:out_ptr35,mamba,256,FORWARD,add,TRITON,forward:graph0:add_626,true,UNRESOLVED,UNRESOLVED_PENDING_REQUIRED_GATE,,,hypothesis_matrix.json; math_proof_row_sha256=20b64754f393b8f41984dde79b9ba3742cd5f35ddb93955753aabf99bf4eeb75,true,Formation has not been measured; legacy labels are not formation labels.,PENDING,PENDING,PENDING,PENDING,NOT_MEASURED
endpoint::mamba:seq256:forward:1699:out_ptr36,ENDPOINT_UNIT,,mamba:seq256:forward:1699:out_ptr36,mamba,256,FORWARD,add,TRITON,forward:graph0:add_627,true,UNRESOLVED,UNRESOLVED_PENDING_REQUIRED_GATE,,,hypothesis_matrix.json; math_proof_row_sha256=b9a9969de484665feae21b6f343ee1549ddeb0c2384d3e1dd2ea53cfeb9dbdf3,true,Formation has not been measured; legacy labels are not formation labels.,PENDING,PENDING,PENDING,PENDING,NOT_MEASURED
endpoint::mamba:seq256:forward:1699:out_ptr37,ENDPOINT_UNIT,,mamba:seq256:forward:1699:out_ptr37,mamba,256,FORWARD,add,TRITON,forward:graph0:add_628,true,UNRESOLVED,UNRESOLVED_PENDING_REQUIRED_GATE,,,hypothesis_matrix.json; math_proof_row_sha256=d1b5fd30a2ecd93e80acc96c625aa77c96401a227b5986b13f8a968c8bf5cda4,true,Formation has not been measured; legacy labels are not formation labels.,PENDING,PENDING,PENDING,PENDING,NOT_MEASURED
endpoint::mamba:seq256:forward:1699:out_ptr41,ENDPOINT_UNIT,,mamba:seq256:forward:1699:out_ptr41,mamba,256,FORWARD,add,TRITON,forward:graph0:add_632,true,UNRESOLVED,UNRESOLVED_PENDING_REQUIRED_GATE,,,hypothesis_matrix.json; math_proof_row_sha256=497fd42c3087b4e2f5173cef24ec0073dd4d61f782b2e7a8b411a2fdd02da643,true,Formation has not been measured; legacy labels are not formation labels.,PENDING,PENDING,PENDING,PENDING,NOT_MEASURED
endpoint::mamba:seq256:forward:1699:out_ptr42,ENDPOINT_UNIT,,mamba:seq256:forward:1699:out_ptr42,mamba,256,FORWARD,add,TRITON,forward:graph0:add_633,true,UNRESOLVED,UNRESOLVED_PENDING_REQUIRED_GATE,,,hypothesis_matrix.json; math_proof_row_sha256=8c350bbc5962f5b3454acd697127fa90a168da51872f4c7935d594fba6ae901f,true,Formation has not been measured; legacy labels are not formation labels.,PENDING,PENDING,PENDING,PENDING,NOT_MEASURED
endpoint::mamba:seq256:forward:1699:out_ptr44,ENDPOINT_UNIT,,mamba:seq256:forward:1699:out_ptr44,mamba,256,FORWARD,add,TRITON,forward:graph0:add_635,true,UNRESOLVED,UNRESOLVED_PENDING_REQUIRED_GATE,,,hypothesis_matrix.json; math_proof_row_sha256=e39efea8c30a37c01b8517d2978d696f59d9ca7005fbf38d3d5f87867683a0a0,true,Formation has not been measured; legacy labels are not formation labels.,PENDING,PENDING,PENDING,PENDING,NOT_MEASURED
endpoint::mamba:seq256:forward:1699:out_ptr45,ENDPOINT_UNIT,,mamba:seq256:forward:1699:out_ptr45,mamba,256,FORWARD,add,TRITON,forward:graph0:add_636,true,UNRESOLVED,UNRESOLVED_PENDING_REQUIRED_GATE,,,hypothesis_matrix.json; math_proof_row_sha256=3de6e3cedc76232695fddd4f291cd9a726c771f347916ef69726250ec0ecd319,true,Formation has not been measured; legacy labels are not formation labels.,PENDING,PENDING,PENDING,PENDING,NOT_MEASURED
endpoint::mamba:seq256:forward:1699:out_ptr46,ENDPOINT_UNIT,,mamba:seq256:forward:1699:out_ptr46,mamba,256,FORWARD,add,TRITON,forward:graph0:add_637,true,UNRESOLVED,UNRESOLVED_PENDING_REQUIRED_GATE,,,hypothesis_matrix.json; math_proof_row_sha256=7c3a22c36cb5dcaaf5fff92d003620b939ba13653ef38745e516b46aa3135075,true,Formation has not been measured; legacy labels are not formation labels.,PENDING,PENDING,PENDING,PENDING,NOT_MEASURED
endpoint::mamba:seq256:forward:1699:out_ptr47,ENDPOINT_UNIT,,mamba:seq256:forward:1699:out_ptr47,mamba,256,FORWARD,add,TRITON,forward:graph0:add_638,true,UNRESOLVED,UNRESOLVED_PENDING_REQUIRED_GATE,,,hypothesis_matrix.json; math_proof_row_sha256=a5d1d1b210cc7d82b1fed4a6079edfcf5eb2ca0218982eef7626d67604247c17,true,Formation has not been measured; legacy labels are not formation labels.,PENDING,PENDING,PENDING,PENDING,NOT_MEASURED
endpoint::mamba:seq256:forward:1699:out_ptr48,ENDPOINT_UNIT,,mamba:seq256:forward:1699:out_ptr48,mamba,256,FORWARD,add,TRITON,forward:graph0:add_639,true,UNRESOLVED,UNRESOLVED_PENDING_REQUIRED_GATE,,,hypothesis_matrix.json; math_proof_row_sha256=a6fc811f0e2bcde705ddcf6aef5afdb957dc486d76c3e029782c808452060a48,true,Formation has not been measured; legacy labels are not formation labels.,PENDING,PENDING,PENDING,PENDING,NOT_MEASURED
endpoint::mamba:seq256:forward:1699:out_ptr50,ENDPOINT_UNIT,,mamba:seq256:forward:1699:out_ptr50,mamba,256,FORWARD,add,TRITON,forward:graph0:add_641,true,UNRESOLVED,UNRESOLVED_PENDING_REQUIRED_GATE,,,hypothesis_matrix.json; math_proof_row_sha256=42144e1f639540bb86c1f81633c7fcdf6ca1d3a8857e3e8accc6f8aba4152225,true,Formation has not been measured; legacy labels are not formation labels.,PENDING,PENDING,PENDING,PENDING,NOT_MEASURED
endpoint::mamba:seq256:forward:1699:out_ptr51,ENDPOINT_UNIT,,mamba:seq256:forward:1699:out_ptr51,mamba,256,FORWARD,add,TRITON,forward:graph0:add_642,true,UNRESOLVED,UNRESOLVED_PENDING_REQUIRED_GATE,,,hypothesis_matrix.json; math_proof_row_sha256=9f267e8e52fc48e19d6c2dd565670de9b2876f8d94fbf799f03fb607341e6325,true,Formation has not been measured; legacy labels are not formation labels.,PENDING,PENDING,PENDING,PENDING,NOT_MEASURED
endpoint::mamba:seq256:forward:1699:out_ptr52,ENDPOINT_UNIT,,mamba:seq256:forward:1699:out_ptr52,mamba,256,FORWARD,add,TRITON,forward:graph0:add_643,true,UNRESOLVED,UNRESOLVED_PENDING_REQUIRED_GATE,,,hypothesis_matrix.json; math_proof_row_sha256=0593a1964832af7d1eef258516ce4a1bc7691f2b341472774c0f5116f37e3bb5,true,Formation has not been measured; legacy labels are not formation labels.,PENDING,PENDING,PENDING,PENDING,NOT_MEASURED
endpoint::mamba:seq256:forward:1699:out_ptr53,ENDPOINT_UNIT,,mamba:seq256:forward:1699:out_ptr53,mamba,256,FORWARD,add,TRITON,forward:graph0:add_644,true,UNRESOLVED,UNRESOLVED_PENDING_REQUIRED_GATE,,,hypothesis_matrix.json; math_proof_row_sha256=007d71c3122ece8d804bc21f2fea4880207ba3e9968323d0d521df8751f6e91a,true,Formation has not been measured; legacy labels are not formation labels.,PENDING,PENDING,PENDING,PENDING,NOT_MEASURED
endpoint::mamba:seq256:forward:1699:out_ptr54,ENDPOINT_UNIT,,mamba:seq256:forward:1699:out_ptr54,mamba,256,FORWARD,add,TRITON,forward:graph0:add_645,true,UNRESOLVED,UNRESOLVED_PENDING_REQUIRED_GATE,,,hypothesis_matrix.json; math_proof_row_sha256=bdad01b7fd4efb5f70c92c42d9b74f24516ada05d050135387176b6f1a8bf2f9,true,Formation has not been measured; legacy labels are not formation labels.,PENDING,PENDING,PENDING,PENDING,NOT_MEASURED
endpoint::mamba:seq256:forward:1699:out_ptr55,ENDPOINT_UNIT,,mamba:seq256:forward:1699:out_ptr55,mamba,256,FORWARD,add,TRITON,forward:graph0:add_646,true,UNRESOLVED,UNRESOLVED_PENDING_REQUIRED_GATE,,,hypothesis_matrix.json; math_proof_row_sha256=c013c42942c338b1c9408d34a6ae149aa4ace1806787fe930b911bb7a3429cfe,true,Formation has not been measured; legacy labels are not formation labels.,PENDING,PENDING,PENDING,PENDING,NOT_MEASURED
endpoint::mamba:seq256:forward:1699:out_ptr56,ENDPOINT_UNIT,,mamba:seq256:forward:1699:out_ptr56,mamba,256,FORWARD,add,TRITON,forward:graph0:add_647,true,UNRESOLVED,UNRESOLVED_PENDING_REQUIRED_GATE,,,hypothesis_matrix.json; math_proof_row_sha256=44c7ff4c16e69a884cb4318963ed9631f5432e37efd4f9daa1b7a88f183b851b,true,Formation has not been measured; legacy labels are not formation labels.,PENDING,PENDING,PENDING,PENDING,NOT_MEASURED
endpoint::mamba:seq256:forward:1699:out_ptr58,ENDPOINT_UNIT,,mamba:seq256:forward:1699:out_ptr58,mamba,256,FORWARD,add,TRITON,forward:graph0:add_649,true,UNRESOLVED,UNRESOLVED_PENDING_REQUIRED_GATE,,,hypothesis_matrix.json; math_proof_row_sha256=13fb82051a7dbc29c3b8ad3301a6931d9828631bec88710a51f760913132fbec,true,Formation has not been measured; legacy labels are not formation labels.,PENDING,PENDING,PENDING,PENDING,NOT_MEASURED
endpoint::mamba:seq256:forward:1699:out_ptr59,ENDPOINT_UNIT,,mamba:seq256:forward:1699:out_ptr59,mamba,256,FORWARD,add,TRITON,forward:graph0:add_650,true,UNRESOLVED,UNRESOLVED_PENDING_REQUIRED_GATE,,,hypothesis_matrix.json; math_proof_row_sha256=52b41f14cae2d4b5e99766ad7605a47f2b5ec034e84a0d23cd0e2d3c659d8f44,true,Formation has not been measured; legacy labels are not formation labels.,PENDING,PENDING,PENDING,PENDING,NOT_MEASURED
endpoint::mamba:seq256:forward:1699:out_ptr60,ENDPOINT_UNIT,,mamba:seq256:forward:1699:out_ptr60,mamba,256,FORWARD,add,TRITON,forward:graph0:add_651,true,UNRESOLVED,UNRESOLVED_PENDING_REQUIRED_GATE,,,hypothesis_matrix.json; math_proof_row_sha256=ebd750c44f94a54dea9a5efdd9c3652841867d410a47b58dc1e465ca3cb289b5,true,Formation has not been measured; legacy labels are not formation labels.,PENDING,PENDING,PENDING,PENDING,NOT_MEASURED
endpoint::mamba:seq256:forward:1699:out_ptr61,ENDPOINT_UNIT,,mamba:seq256:forward:1699:out_ptr61,mamba,256,FORWARD,add,TRITON,forward:graph0:add_652,true,UNRESOLVED,UNRESOLVED_PENDING_REQUIRED_GATE,,,hypothesis_matrix.json; math_proof_row_sha256=b657efc605e48c4e763c7c0ca49bdbbc5e78a2d3508d515dfa60fa2480e62b30,true,Formation has not been measured; legacy labels are not formation labels.,PENDING,PENDING,PENDING,PENDING,NOT_MEASURED
endpoint::mamba:seq256:forward:1699:out_ptr62,ENDPOINT_UNIT,,mamba:seq256:forward:1699:out_ptr62,mamba,256,FORWARD,add,TRITON,forward:graph0:add_653,true,UNRESOLVED,UNRESOLVED_PENDING_REQUIRED_GATE,,,hypothesis_matrix.json; math_proof_row_sha256=de17a9a66f0dbc823c36b9730c951c35075ef1c724724240864ed599fef71e01,true,Formation has not been measured; legacy labels are not formation labels.,PENDING,PENDING,PENDING,PENDING,NOT_MEASURED
endpoint::mamba:seq256:forward:1699:out_ptr8,ENDPOINT_UNIT,,mamba:seq256:forward:1699:out_ptr8,mamba,256,FORWARD,add,TRITON,forward:graph0:add_599,true,UNRESOLVED,UNRESOLVED_PENDING_REQUIRED_GATE,,,hypothesis_matrix.json; math_proof_row_sha256=5e4bdfa81b302230c2c7de736aaf7a3d0c77d44969c85675e792caeb81409073,true,Formation has not been measured; legacy labels are not formation labels.,PENDING,PENDING,PENDING,PENDING,NOT_MEASURED
endpoint::mamba:seq256:forward:1709:output_0,ENDPOINT_UNIT,,mamba:seq256:forward:1709:output_0,mamba,256,FORWARD,mm,EXTERN,forward:graph0:mm_default_11707,true,UNRESOLVED,UNRESOLVED_PENDING_REQUIRED_GATE,,,hypothesis_matrix.json; math_proof_row_sha256=373915daea082716993ebb35c9034a975e4df83931311296b0913384b15285c4,true,Formation has not been measured; legacy labels are not formation labels.,PENDING,PENDING,PENDING,PENDING,NOT_MEASURED
endpoint::mamba:seq256:forward:17190:out_ptr58,ENDPOINT_UNIT,,mamba:seq256:forward:17190:out_ptr58,mamba,256,FORWARD,add,TRITON,forward:graph0:add_5825,true,UNRESOLVED,UNRESOLVED_PENDING_REQUIRED_GATE,,,hypothesis_matrix.json; math_proof_row_sha256=8fe56bda2ef16ee3bc4e1342c20fe2b465bd77bf51a173858c1f770fbee5fdaf,true,Formation has not been measured; legacy labels are not formation labels.,PENDING,PENDING,PENDING,PENDING,NOT_MEASURED
endpoint::mamba:seq256:forward:171:output_0,ENDPOINT_UNIT,,mamba:seq256:forward:171:output_0,mamba,256,FORWARD,mm,EXTERN,forward:graph0:mm_default_12207,true,UNRESOLVED,UNRESOLVED_PENDING_REQUIRED_GATE,,,hypothesis_matrix.json; math_proof_row_sha256=962026c1f90d94df1295e4df894259eda9db0518f6c9b4b2efff72d0b5e8e183,true,Formation has not been measured; legacy labels are not formation labels.,PENDING,PENDING,PENDING,PENDING,NOT_MEASURED
endpoint::mamba:seq256:forward:1737:output_0,ENDPOINT_UNIT,,mamba:seq256:forward:1737:output_0,mamba,256,FORWARD,mm,EXTERN,forward:graph0:mm_default_11693,true,UNRESOLVED,UNRESOLVED_PENDING_REQUIRED_GATE,,,hypothesis_matrix.json; math_proof_row_sha256=5a00af01bf0f9979a4f8a995a8cd250aea7894ce7094007180e6433834ac816f,true,Formation has not been measured; legacy labels are not formation labels.,PENDING,PENDING,PENDING,PENDING,NOT_MEASURED
endpoint::mamba:seq256:forward:17383:output_0,ENDPOINT_UNIT,,mamba:seq256:forward:17383:output_0,mamba,256,FORWARD,mm,EXTERN,forward:graph0:mm_default_6560,true,NORMAL_REFERENCE,NORMAL_REFERENCE_NO_LOCAL_DIRECTIONAL_DIFFERENCE,,,hypothesis_matrix.json; math_proof_row_sha256=5ee08c42ccd73ed87aadaf89bc6f2b3c4cdef6a463a2206e795fa24552bbb704,true,Formation has not been measured; legacy labels are not formation labels.,PENDING,PENDING,PENDING,PENDING,NOT_MEASURED
endpoint::mamba:seq256:forward:17522:output_0,ENDPOINT_UNIT,,mamba:seq256:forward:17522:output_0,mamba,256,FORWARD,mm,EXTERN,forward:graph0:mm_default_6491,true,NORMAL_REFERENCE,NORMAL_REFERENCE_NO_LOCAL_DIRECTIONAL_DIFFERENCE,,,hypothesis_matrix.json; math_proof_row_sha256=c43ffaa7ff7479094362bab376274614992ca49060c1670c2f4d3a6183f7a86b,true,Formation has not been measured; legacy labels are not formation labels.,PENDING,PENDING,PENDING,PENDING,NOT_MEASURED
endpoint::mamba:seq256:forward:17611:output_0,ENDPOINT_UNIT,,mamba:seq256:forward:17611:output_0,mamba,256,FORWARD,mm,EXTERN,forward:graph0:mm_default_6447,true,UNRESOLVED,UNRESOLVED_PENDING_REQUIRED_GATE,,,hypothesis_matrix.json; math_proof_row_sha256=524e51a39566f9037f33f27529518237f921de0a325288070cb85e6b937a16af,true,Formation has not been measured; legacy labels are not formation labels.,PENDING,PENDING,PENDING,PENDING,NOT_MEASURED
endpoint::mamba:seq256:forward:1828:out_ptr10,ENDPOINT_UNIT,,mamba:seq256:forward:1828:out_ptr10,mamba,256,FORWARD,add,TRITON,forward:graph0:add_665,true,UNRESOLVED,UNRESOLVED_PENDING_REQUIRED_GATE,,,hypothesis_matrix.json; math_proof_row_sha256=7b5c743d395585c47159339ee68b831791571c332fd08b09196c15f44415789a,true,Formation has not been measured; legacy labels are not formation labels.,PENDING,PENDING,PENDING,PENDING,NOT_MEASURED
endpoint::mamba:seq256:forward:1828:out_ptr11,ENDPOINT_UNIT,,mamba:seq256:forward:1828:out_ptr11,mamba,256,FORWARD,add,TRITON,forward:graph0:add_666,true,UNRESOLVED,UNRESOLVED_PENDING_REQUIRED_GATE,,,hypothesis_matrix.json; math_proof_row_sha256=f44c89ce06e1c39c6b318d9af25c51a07b648d199eeb47e00ac65a787ca7dec6,true,Formation has not been measured; legacy labels are not formation labels.,PENDING,PENDING,PENDING,PENDING,NOT_MEASURED
endpoint::mamba:seq256:forward:1828:out_ptr12,ENDPOINT_UNIT,,mamba:seq256:forward:1828:out_ptr12,mamba,256,FORWARD,add,TRITON,forward:graph0:add_667,true,UNRESOLVED,UNRESOLVED_PENDING_REQUIRED_GATE,,,hypothesis_matrix.json; math_proof_row_sha256=82f0f89ca29ef5e80285cbb15dda7199f919af104f56489643a76f254509acaa,true,Formation has not been measured; legacy labels are not formation labels.,PENDING,PENDING,PENDING,PENDING,NOT_MEASURED
endpoint::mamba:seq256:forward:1828:out_ptr15,ENDPOINT_UNIT,,mamba:seq256:forward:1828:out_ptr15,mamba,256,FORWARD,add,TRITON,forward:graph0:add_670,true,UNRESOLVED,UNRESOLVED_PENDING_REQUIRED_GATE,,,hypothesis_matrix.json; math_proof_row_sha256=799ac7c01a8b0653182b21dc893beeda9c0a3abaac1a8cf7e910de497fffa34f,true,Formation has not been measured; legacy labels are not formation labels.,PENDING,PENDING,PENDING,PENDING,NOT_MEASURED
endpoint::mamba:seq256:forward:1828:out_ptr16,ENDPOINT_UNIT,,mamba:seq256:forward:1828:out_ptr16,mamba,256,FORWARD,add,TRITON,forward:graph0:add_671,true,UNRESOLVED,UNRESOLVED_PENDING_REQUIRED_GATE,,,hypothesis_matrix.json; math_proof_row_sha256=659733eacf3ef209844e694218ca6764f1c5d944f4fb180b27d62a2ca52d8169,true,Formation has not been measured; legacy labels are not formation labels.,PENDING,PENDING,PENDING,PENDING,NOT_MEASURED
endpoint::mamba:seq256:forward:1828:out_ptr17,ENDPOINT_UNIT,,mamba:seq256:forward:1828:out_ptr17,mamba,256,FORWARD,add,TRITON,forward:graph0:add_672,true,UNRESOLVED,UNRESOLVED_PENDING_REQUIRED_GATE,,,hypothesis_matrix.json; math_proof_row_sha256=47ec307de46f70ea6364a0f5f3928625cb4db22abf1a4c7ae16a527c66afc05c,true,Formation has not been measured; legacy labels are not formation labels.,PENDING,PENDING,PENDING,PENDING,NOT_MEASURED
endpoint::mamba:seq256:forward:1828:out_ptr18,ENDPOINT_UNIT,,mamba:seq256:forward:1828:out_ptr18,mamba,256,FORWARD,add,TRITON,forward:graph0:add_673,true,UNRESOLVED,UNRESOLVED_PENDING_REQUIRED_GATE,,,hypothesis_matrix.json; math_proof_row_sha256=7a0671b5df47ef2f52b852257da46230847f1af323a8ae2d971e6ee701214a75,true,Formation has not been measured; legacy labels are not formation labels.,PENDING,PENDING,PENDING,PENDING,NOT_MEASURED
endpoint::mamba:seq256:forward:1828:out_ptr19,ENDPOINT_UNIT,,mamba:seq256:forward:1828:out_ptr19,mamba,256,FORWARD,add,TRITON,forward:graph0:add_674,true,UNRESOLVED,UNRESOLVED_PENDING_REQUIRED_GATE,,,hypothesis_matrix.json; math_proof_row_sha256=4ea1924f2dc6d77442cb48fb8885504eb820f78c772ad90c18b9697be65f4868,true,Formation has not been measured; legacy labels are not formation labels.,PENDING,PENDING,PENDING,PENDING,NOT_MEASURED
endpoint::mamba:seq256:forward:1828:out_ptr2,ENDPOINT_UNIT,,mamba:seq256:forward:1828:out_ptr2,mamba,256,FORWARD,add,TRITON,forward:graph0:add_657,true,UNRESOLVED,UNRESOLVED_PENDING_REQUIRED_GATE,,,hypothesis_matrix.json; math_proof_row_sha256=78cf7b1a2b64d874519d29e1f40a920ea61e2a46c3b0fe404b16ed7fe2722622,true,Formation has not been measured; legacy labels are not formation labels.,PENDING,PENDING,PENDING,PENDING,NOT_MEASURED
endpoint::mamba:seq256:forward:1828:out_ptr20,ENDPOINT_UNIT,,mamba:seq256:forward:1828:out_ptr20,mamba,256,FORWARD,add,TRITON,forward:graph0:add_675,true,UNRESOLVED,UNRESOLVED_PENDING_REQUIRED_GATE,,,hypothesis_matrix.json; math_proof_row_sha256=5cc5d69104210c5013f51d8672557bb5c5a6205bedb8377d6bfad9a475430386,true,Formation has not been measured; legacy labels are not formation labels.,PENDING,PENDING,PENDING,PENDING,NOT_MEASURED
endpoint::mamba:seq256:forward:1828:out_ptr21,ENDPOINT_UNIT,,mamba:seq256:forward:1828:out_ptr21,mamba,256,FORWARD,add,TRITON,forward:graph0:add_676,true,UNRESOLVED,UNRESOLVED_PENDING_REQUIRED_GATE,,,hypothesis_matrix.json; math_proof_row_sha256=94d433f18698611d3e828363ddb896e240c24bf5d88a6ed6f7637515ace833a3,true,Formation has not been measured; legacy labels are not formation labels.,PENDING,PENDING,PENDING,PENDING,NOT_MEASURED
endpoint::mamba:seq256:forward:1828:out_ptr23,ENDPOINT_UNIT,,mamba:seq256:forward:1828:out_ptr23,mamba,256,FORWARD,add,TRITON,forward:graph0:add_678,true,UNRESOLVED,UNRESOLVED_PENDING_REQUIRED_GATE,,,hypothesis_matrix.json; math_proof_row_sha256=2e1821a8102e815e263452fa856b8ddd5d74124d81074113cea115f0fd279df6,true,Formation has not been measured; legacy labels are not formation labels.,PENDING,PENDING,PENDING,PENDING,NOT_MEASURED
endpoint::mamba:seq256:forward:1828:out_ptr24,ENDPOINT_UNIT,,mamba:seq256:forward:1828:out_ptr24,mamba,256,FORWARD,add,TRITON,forward:graph0:add_679,true,UNRESOLVED,UNRESOLVED_PENDING_REQUIRED_GATE,,,hypothesis_matrix.json; math_proof_row_sha256=91610a327ad5dcacb061a5bd0f10e4245204bb0b1a937506ce20d8e7b3078ad9,true,Formation has not been measured; legacy labels are not formation labels.,PENDING,PENDING,PENDING,PENDING,NOT_MEASURED
endpoint::mamba:seq256:forward:1828:out_ptr25,ENDPOINT_UNIT,,mamba:seq256:forward:1828:out_ptr25,mamba,256,FORWARD,add,TRITON,forward:graph0:add_680,true,UNRESOLVED,UNRESOLVED_PENDING_REQUIRED_GATE,,,hypothesis_matrix.json; math_proof_row_sha256=dc08330cdc77235a3b228908b1c8a0478e6d70aab3d17d784de3319225e5f128,true,Formation has not been measured; legacy labels are not formation labels.,PENDING,PENDING,PENDING,PENDING,NOT_MEASURED
endpoint::mamba:seq256:forward:1828:out_ptr26,ENDPOINT_UNIT,,mamba:seq256:forward:1828:out_ptr26,mamba,256,FORWARD,add,TRITON,forward:graph0:add_681,true,UNRESOLVED,UNRESOLVED_PENDING_REQUIRED_GATE,,,hypothesis_matrix.json; math_proof_row_sha256=dcb49f876a8cec1b72cce79b0a3b646091b9f340ba0e724d17bcb9833d7be816,true,Formation has not been measured; legacy labels are not formation labels.,PENDING,PENDING,PENDING,PENDING,NOT_MEASURED
endpoint::mamba:seq256:forward:1828:out_ptr27,ENDPOINT_UNIT,,mamba:seq256:forward:1828:out_ptr27,mamba,256,FORWARD,add,TRITON,forward:graph0:add_682,true,UNRESOLVED,UNRESOLVED_PENDING_REQUIRED_GATE,,,hypothesis_matrix.json; math_proof_row_sha256=a65b9f8da82ce0341714b620dbce6bcffc1576436679b02e54874cffe7a9b10e,true,Formation has not been measured; legacy labels are not formation labels.,PENDING,PENDING,PENDING,PENDING,NOT_MEASURED
endpoint::mamba:seq256:forward:1828:out_ptr28,ENDPOINT_UNIT,,mamba:seq256:forward:1828:out_ptr28,mamba,256,FORWARD,add,TRITON,forward:graph0:add_683,true,UNRESOLVED,UNRESOLVED_PENDING_REQUIRED_GATE,,,hypothesis_matrix.json; math_proof_row_sha256=bca2aba3461a078b8ef6a9471cdd153694aaa6368403d0545edda285daaa1a62,true,Formation has not been measured; legacy labels are not formation labels.,PENDING,PENDING,PENDING,PENDING,NOT_MEASURED
endpoint::mamba:seq256:forward:1828:out_ptr29,ENDPOINT_UNIT,,mamba:seq256:forward:1828:out_ptr29,mamba,256,FORWARD,add,TRITON,forward:graph0:add_684,true,UNRESOLVED,UNRESOLVED_PENDING_REQUIRED_GATE,,,hypothesis_matrix.json; math_proof_row_sha256=af238afe65f12c881d98572feeb4736c819dbbe17c772b9ce468f6ecf535ba37,true,Formation has not been measured; legacy labels are not formation labels.,PENDING,PENDING,PENDING,PENDING,NOT_MEASURED
endpoint::mamba:seq256:forward:1828:out_ptr3,ENDPOINT_UNIT,,mamba:seq256:forward:1828:out_ptr3,mamba,256,FORWARD,add,TRITON,forward:graph0:add_658,true,UNRESOLVED,UNRESOLVED_PENDING_REQUIRED_GATE,,,hypothesis_matrix.json; math_proof_row_sha256=29a297cf399ca4803d0a836e6300cac3a2fdd1b06c7dd6b0b7433e1318cabba6,true,Formation has not been measured; legacy labels are not formation labels.,PENDING,PENDING,PENDING,PENDING,NOT_MEASURED
endpoint::mamba:seq256:forward:1828:out_ptr30,ENDPOINT_UNIT,,mamba:seq256:forward:1828:out_ptr30,mamba,256,FORWARD,add,TRITON,forward:graph0:add_685,true,UNRESOLVED,UNRESOLVED_PENDING_REQUIRED_GATE,,,hypothesis_matrix.json; math_proof_row_sha256=98d7dd05263718418d8a9cf9d3c82398311db232dc70741ab48bf491da78602b,true,Formation has not been measured; legacy labels are not formation labels.,PENDING,PENDING,PENDING,PENDING,NOT_MEASURED
endpoint::mamba:seq256:forward:1828:out_ptr31,ENDPOINT_UNIT,,mamba:seq256:forward:1828:out_ptr31,mamba,256,FORWARD,add,TRITON,forward:graph0:add_686,true,UNRESOLVED,UNRESOLVED_PENDING_REQUIRED_GATE,,,hypothesis_matrix.json; math_proof_row_sha256=1a69b2b76a5c5044d71177216154452005addcef3c19a743be3341765dacb4d2,true,Formation has not been measured; legacy labels are not formation labels.,PENDING,PENDING,PENDING,PENDING,NOT_MEASURED
endpoint::mamba:seq256:forward:1828:out_ptr32,ENDPOINT_UNIT,,mamba:seq256:forward:1828:out_ptr32,mamba,256,FORWARD,add,TRITON,forward:graph0:add_687,true,UNRESOLVED,UNRESOLVED_PENDING_REQUIRED_GATE,,,hypothesis_matrix.json; math_proof_row_sha256=cffd864c1044c836a07287ea75e7719e2326ff8878782fa3f4cf12130db07b7e,true,Formation has not been measured; legacy labels are not formation labels.,PENDING,PENDING,PENDING,PENDING,NOT_MEASURED
endpoint::mamba:seq256:forward:1828:out_ptr33,ENDPOINT_UNIT,,mamba:seq256:forward:1828:out_ptr33,mamba,256,FORWARD,add,TRITON,forward:graph0:add_688,true,UNRESOLVED,UNRESOLVED_PENDING_REQUIRED_GATE,,,hypothesis_matrix.json; math_proof_row_sha256=83cf0afc0952f0bf38bebf820353eb4b4ee7ea08c5fcf7b7fe46426cc0ba03e6,true,Formation has not been measured; legacy labels are not formation labels.,PENDING,PENDING,PENDING,PENDING,NOT_MEASURED
endpoint::mamba:seq256:forward:1828:out_ptr34,ENDPOINT_UNIT,,mamba:seq256:forward:1828:out_ptr34,mamba,256,FORWARD,add,TRITON,forward:graph0:add_689,true,UNRESOLVED,UNRESOLVED_PENDING_REQUIRED_GATE,,,hypothesis_matrix.json; math_proof_row_sha256=4210f31a1e254b39012daf9e665fd68d6e27f6723b78d76ed5b2713ebc76e7ad,true,Formation has not been measured; legacy labels are not formation labels.,PENDING,PENDING,PENDING,PENDING,NOT_MEASURED
endpoint::mamba:seq256:forward:1828:out_ptr35,ENDPOINT_UNIT,,mamba:seq256:forward:1828:out_ptr35,mamba,256,FORWARD,add,TRITON,forward:graph0:add_690,true,UNRESOLVED,UNRESOLVED_PENDING_REQUIRED_GATE,,,hypothesis_matrix.json; math_proof_row_sha256=4016a299c1bac469cc1d08a19875b0971105a4d4cabef6841b2e5927f8875f6a,true,Formation has not been measured; legacy labels are not formation labels.,PENDING,PENDING,PENDING,PENDING,NOT_MEASURED
endpoint::mamba:seq256:forward:1828:out_ptr36,ENDPOINT_UNIT,,mamba:seq256:forward:1828:out_ptr36,mamba,256,FORWARD,add,TRITON,forward:graph0:add_691,true,UNRESOLVED,UNRESOLVED_PENDING_REQUIRED_GATE,,,hypothesis_matrix.json; math_proof_row_sha256=bff2c8eaeeb3ecdd368d06ebff9dc3e4c8cd64130b9ded7f09240c3f315903d5,true,Formation has not been measured; legacy labels are not formation labels.,PENDING,PENDING,PENDING,PENDING,NOT_MEASURED
endpoint::mamba:seq256:forward:1828:out_ptr37,ENDPOINT_UNIT,,mamba:seq256:forward:1828:out_ptr37,mamba,256,FORWARD,add,TRITON,forward:graph0:add_692,true,UNRESOLVED,UNRESOLVED_PENDING_REQUIRED_GATE,,,hypothesis_matrix.json; math_proof_row_sha256=89507d5190c1da723ebe4d5a2acaa886117b4b8b18b2d8417d81afbc8f228728,true,Formation has not been measured; legacy labels are not formation labels.,PENDING,PENDING,PENDING,PENDING,NOT_MEASURED
endpoint::mamba:seq256:forward:1828:out_ptr39,ENDPOINT_UNIT,,mamba:seq256:forward:1828:out_ptr39,mamba,256,FORWARD,add,TRITON,forward:graph0:add_694,true,UNRESOLVED,UNRESOLVED_PENDING_REQUIRED_GATE,,,hypothesis_matrix.json; math_proof_row_sha256=505bc725d6b7867fd79ed562116e6034596bdb67d6079cc3382d98cd1cbbd0b7,true,Formation has not been measured; legacy labels are not formation labels.,PENDING,PENDING,PENDING,PENDING,NOT_MEASURED
endpoint::mamba:seq256:forward:1828:out_ptr4,ENDPOINT_UNIT,,mamba:seq256:forward:1828:out_ptr4,mamba,256,FORWARD,add,TRITON,forward:graph0:add_659,true,UNRESOLVED,UNRESOLVED_PENDING_REQUIRED_GATE,,,hypothesis_matrix.json; math_proof_row_sha256=718a6458a3984736620732e68574a60831745c8b7106339bd8ecf954ccbb09f5,true,Formation has not been measured; legacy labels are not formation labels.,PENDING,PENDING,PENDING,PENDING,NOT_MEASURED
endpoint::mamba:seq256:forward:1828:out_ptr41,ENDPOINT_UNIT,,mamba:seq256:forward:1828:out_ptr41,mamba,256,FORWARD,add,TRITON,forward:graph0:add_696,true,UNRESOLVED,UNRESOLVED_PENDING_REQUIRED_GATE,,,hypothesis_matrix.json; math_proof_row_sha256=9c5ada43a019bfb76fb071857d6a81871545ac687079f6a4ab4c4055218ce07b,true,Formation has not been measured; legacy labels are not formation labels.,PENDING,PENDING,PENDING,PENDING,NOT_MEASURED
endpoint::mamba:seq256:forward:1828:out_ptr42,ENDPOINT_UNIT,,mamba:seq256:forward:1828:out_ptr42,mamba,256,FORWARD,add,TRITON,forward:graph0:add_697,true,UNRESOLVED,UNRESOLVED_PENDING_REQUIRED_GATE,,,hypothesis_matrix.json; math_proof_row_sha256=d71682abbfdc37a58380688cdb7dcffb210cece8be9c5512a6d5a5260009dccc,true,Formation has not been measured; legacy labels are not formation labels.,PENDING,PENDING,PENDING,PENDING,NOT_MEASURED
endpoint::mamba:seq256:forward:1828:out_ptr43,ENDPOINT_UNIT,,mamba:seq256:forward:1828:out_ptr43,mamba,256,FORWARD,add,TRITON,forward:graph0:add_698,true,UNRESOLVED,UNRESOLVED_PENDING_REQUIRED_GATE,,,hypothesis_matrix.json; math_proof_row_sha256=6c92b3401fa52b88dee34da19422bd66a4e981489555dc6c4f7744bcc50b7bf3,true,Formation has not been measured; legacy labels are not formation labels.,PENDING,PENDING,PENDING,PENDING,NOT_MEASURED
endpoint::mamba:seq256:forward:1828:out_ptr45,ENDPOINT_UNIT,,mamba:seq256:forward:1828:out_ptr45,mamba,256,FORWARD,add,TRITON,forward:graph0:add_700,true,UNRESOLVED,UNRESOLVED_PENDING_REQUIRED_GATE,,,hypothesis_matrix.json; math_proof_row_sha256=4d981dbaeb6d106d6dd129a95dcb90d4512f06cfb423b813328ebdbd3e9dc97c,true,Formation has not been measured; legacy labels are not formation labels.,PENDING,PENDING,PENDING,PENDING,NOT_MEASURED
endpoint::mamba:seq256:forward:1828:out_ptr46,ENDPOINT_UNIT,,mamba:seq256:forward:1828:out_ptr46,mamba,256,FORWARD,add,TRITON,forward:graph0:add_701,true,UNRESOLVED,UNRESOLVED_PENDING_REQUIRED_GATE,,,hypothesis_matrix.json; math_proof_row_sha256=c349b04c98cefbed805a7ceb7b3b27feac5696c8a0c934585cc093a596d73638,true,Formation has not been measured; legacy labels are not formation labels.,PENDING,PENDING,PENDING,PENDING,NOT_MEASURED
endpoint::mamba:seq256:forward:1828:out_ptr48,ENDPOINT_UNIT,,mamba:seq256:forward:1828:out_ptr48,mamba,256,FORWARD,add,TRITON,forward:graph0:add_703,true,UNRESOLVED,UNRESOLVED_PENDING_REQUIRED_GATE,,,hypothesis_matrix.json; math_proof_row_sha256=c1e66f37d019e0058342b8ed5097b439a2bacad8c7127831ce39be4b9e072049,true,Formation has not been measured; legacy labels are not formation labels.,PENDING,PENDING,PENDING,PENDING,NOT_MEASURED
endpoint::mamba:seq256:forward:1828:out_ptr49,ENDPOINT_UNIT,,mamba:seq256:forward:1828:out_ptr49,mamba,256,FORWARD,add,TRITON,forward:graph0:add_704,true,UNRESOLVED,UNRESOLVED_PENDING_REQUIRED_GATE,,,hypothesis_matrix.json; math_proof_row_sha256=831adb1b80b13d6aba275800f7c0c6ca5749f29d3b5fd59cc909eda2a1740dcd,true,Formation has not been measured; legacy labels are not formation labels.,PENDING,PENDING,PENDING,PENDING,NOT_MEASURED
endpoint::mamba:seq256:forward:1828:out_ptr50,ENDPOINT_UNIT,,mamba:seq256:forward:1828:out_ptr50,mamba,256,FORWARD,add,TRITON,forward:graph0:add_705,true,UNRESOLVED,UNRESOLVED_PENDING_REQUIRED_GATE,,,hypothesis_matrix.json; math_proof_row_sha256=6fe284cb2684ef9a1bcadc6ca6e4424ebd54e05c1284b4ca6a544c4a73758e9b,true,Formation has not been measured; legacy labels are not formation labels.,PENDING,PENDING,PENDING,PENDING,NOT_MEASURED
endpoint::mamba:seq256:forward:1828:out_ptr51,ENDPOINT_UNIT,,mamba:seq256:forward:1828:out_ptr51,mamba,256,FORWARD,add,TRITON,forward:graph0:add_706,true,UNRESOLVED,UNRESOLVED_PENDING_REQUIRED_GATE,,,hypothesis_matrix.json; math_proof_row_sha256=c5fbb7e40fd6ea86b621380d6c97ec86eb5f5d86bf20b1d494cebde727ded59a,true,Formation has not been measured; legacy labels are not formation labels.,PENDING,PENDING,PENDING,PENDING,NOT_MEASURED
endpoint::mamba:seq256:forward:1828:out_ptr53,ENDPOINT_UNIT,,mamba:seq256:forward:1828:out_ptr53,mamba,256,FORWARD,add,TRITON,forward:graph0:add_708,true,UNRESOLVED,UNRESOLVED_PENDING_REQUIRED_GATE,,,hypothesis_matrix.json; math_proof_row_sha256=dd079faffc0c109f1b49ea74f2cdddd096dc2d3ecaacd4bc463b62ab9fea7209,true,Formation has not been measured; legacy labels are not formation labels.,PENDING,PENDING,PENDING,PENDING,NOT_MEASURED
endpoint::mamba:seq256:forward:1828:out_ptr54,ENDPOINT_UNIT,,mamba:seq256:forward:1828:out_ptr54,mamba,256,FORWARD,add,TRITON,forward:graph0:add_709,true,UNRESOLVED,UNRESOLVED_PENDING_REQUIRED_GATE,,,hypothesis_matrix.json; math_proof_row_sha256=e1650b2101cffb491e8316c16968c36bf2c3528e2e95e859eb58fa56afd9b55d,true,Formation has not been measured; legacy labels are not formation labels.,PENDING,PENDING,PENDING,PENDING,NOT_MEASURED
endpoint::mamba:seq256:forward:1828:out_ptr55,ENDPOINT_UNIT,,mamba:seq256:forward:1828:out_ptr55,mamba,256,FORWARD,add,TRITON,forward:graph0:add_710,true,UNRESOLVED,UNRESOLVED_PENDING_REQUIRED_GATE,,,hypothesis_matrix.json; math_proof_row_sha256=693237e25d0773b7378aea22f13ab2d5b40c60354fd36b76fcae6b69baa25f4b,true,Formation has not been measured; legacy labels are not formation labels.,PENDING,PENDING,PENDING,PENDING,NOT_MEASURED
endpoint::mamba:seq256:forward:1828:out_ptr56,ENDPOINT_UNIT,,mamba:seq256:forward:1828:out_ptr56,mamba,256,FORWARD,add,TRITON,forward:graph0:add_711,true,UNRESOLVED,UNRESOLVED_PENDING_REQUIRED_GATE,,,hypothesis_matrix.json; math_proof_row_sha256=0ff43f8d1f0c3bdba890a1ba44a25858051ffc5c85c95e9a840c9be5ea865c81,true,Formation has not been measured; legacy labels are not formation labels.,PENDING,PENDING,PENDING,PENDING,NOT_MEASURED
endpoint::mamba:seq256:forward:1828:out_ptr57,ENDPOINT_UNIT,,mamba:seq256:forward:1828:out_ptr57,mamba,256,FORWARD,add,TRITON,forward:graph0:add_712,true,UNRESOLVED,UNRESOLVED_PENDING_REQUIRED_GATE,,,hypothesis_matrix.json; math_proof_row_sha256=c43651b5c5c24fd2f7a27c6bc5895998b96dae153bf5ab4f93350880eaa6e054,true,Formation has not been measured; legacy labels are not formation labels.,PENDING,PENDING,PENDING,PENDING,NOT_MEASURED
endpoint::mamba:seq256:forward:1828:out_ptr58,ENDPOINT_UNIT,,mamba:seq256:forward:1828:out_ptr58,mamba,256,FORWARD,add,TRITON,forward:graph0:add_713,true,UNRESOLVED,UNRESOLVED_PENDING_REQUIRED_GATE,,,hypothesis_matrix.json; math_proof_row_sha256=9f004b4da01daff72a1a08998515128242c2e3281da29a546fb9299416f5e380,true,Formation has not been measured; legacy labels are not formation labels.,PENDING,PENDING,PENDING,PENDING,NOT_MEASURED
endpoint::mamba:seq256:forward:1828:out_ptr59,ENDPOINT_UNIT,,mamba:seq256:forward:1828:out_ptr59,mamba,256,FORWARD,add,TRITON,forward:graph0:add_714,true,UNRESOLVED,UNRESOLVED_PENDING_REQUIRED_GATE,,,hypothesis_matrix.json; math_proof_row_sha256=ad91324d67aa02f070f703b6c1e2ce7313fc8dc15062a86efa86a3204593106b,true,Formation has not been measured; legacy labels are not formation labels.,PENDING,PENDING,PENDING,PENDING,NOT_MEASURED
endpoint::mamba:seq256:forward:1828:out_ptr60,ENDPOINT_UNIT,,mamba:seq256:forward:1828:out_ptr60,mamba,256,FORWARD,add,TRITON,forward:graph0:add_715,true,UNRESOLVED,UNRESOLVED_PENDING_REQUIRED_GATE,,,hypothesis_matrix.json; math_proof_row_sha256=5a1b25a601874208e189cd2a6c4750a62202996453fb8e92a79241cf4574919e,true,Formation has not been measured; legacy labels are not formation labels.,PENDING,PENDING,PENDING,PENDING,NOT_MEASURED
endpoint::mamba:seq256:forward:1828:out_ptr61,ENDPOINT_UNIT,,mamba:seq256:forward:1828:out_ptr61,mamba,256,FORWARD,add,TRITON,forward:graph0:add_716,true,UNRESOLVED,UNRESOLVED_PENDING_REQUIRED_GATE,,,hypothesis_matrix.json; math_proof_row_sha256=fb6e5d1ee52312e10170a2d1a2edc0bc3a421fb4cbf445b180592542b962bf97,true,Formation has not been measured; legacy labels are not formation labels.,PENDING,PENDING,PENDING,PENDING,NOT_MEASURED
endpoint::mamba:seq256:forward:1828:out_ptr62,ENDPOINT_UNIT,,mamba:seq256:forward:1828:out_ptr62,mamba,256,FORWARD,add,TRITON,forward:graph0:add_717,true,UNRESOLVED,UNRESOLVED_PENDING_REQUIRED_GATE,,,hypothesis_matrix.json; math_proof_row_sha256=eeaba5ff05b942d7e5e2771ba0a1ae000d491e70ad907fb26cd71f8a8f4cb08f,true,Formation has not been measured; legacy labels are not formation labels.,PENDING,PENDING,PENDING,PENDING,NOT_MEASURED
endpoint::mamba:seq256:forward:1828:out_ptr63,ENDPOINT_UNIT,,mamba:seq256:forward:1828:out_ptr63,mamba,256,FORWARD,add,TRITON,forward:graph0:add_718,true,UNRESOLVED,UNRESOLVED_PENDING_REQUIRED_GATE,,,hypothesis_matrix.json; math_proof_row_sha256=02736e967ff88a463c36263640f58e93d697cf7115f5c1fdf20132bf72a39dec,true,Formation has not been measured; legacy labels are not formation labels.,PENDING,PENDING,PENDING,PENDING,NOT_MEASURED
endpoint::mamba:seq256:forward:1828:out_ptr7,ENDPOINT_UNIT,,mamba:seq256:forward:1828:out_ptr7,mamba,256,FORWARD,add,TRITON,forward:graph0:add_662,true,UNRESOLVED,UNRESOLVED_PENDING_REQUIRED_GATE,,,hypothesis_matrix.json; math_proof_row_sha256=26e09a9db843e60c83f00dfa442a9ef8f335f3d3cf768a6b191e5b44f54d41bc,true,Formation has not been measured; legacy labels are not formation labels.,PENDING,PENDING,PENDING,PENDING,NOT_MEASURED
endpoint::mamba:seq256:forward:1828:out_ptr9,ENDPOINT_UNIT,,mamba:seq256:forward:1828:out_ptr9,mamba,256,FORWARD,add,TRITON,forward:graph0:add_664,true,UNRESOLVED,UNRESOLVED_PENDING_REQUIRED_GATE,,,hypothesis_matrix.json; math_proof_row_sha256=81e68c742d06b9e851930d81b0b5d5cab783bfc302e0e01b93fdcc94bd063455,true,Formation has not been measured; legacy labels are not formation labels.,PENDING,PENDING,PENDING,PENDING,NOT_MEASURED
endpoint::mamba:seq256:forward:1954:output_0,ENDPOINT_UNIT,,mamba:seq256:forward:1954:output_0,mamba,256,FORWARD,mm,EXTERN,forward:graph0:mm_default_11585,true,UNRESOLVED,UNRESOLVED_PENDING_REQUIRED_GATE,,,hypothesis_matrix.json; math_proof_row_sha256=22fa269f2a96470f523ae0a4e46efc3b9fec4843c85bb9b75682ad41ee5aeda7,true,Formation has not been measured; legacy labels are not formation labels.,PENDING,PENDING,PENDING,PENDING,NOT_MEASURED
endpoint::mamba:seq256:forward:1956:output_0,ENDPOINT_UNIT,,mamba:seq256:forward:1956:output_0,mamba,256,FORWARD,mm,EXTERN,forward:graph0:mm_default_11584,true,UNRESOLVED,UNRESOLVED_PENDING_REQUIRED_GATE,,,hypothesis_matrix.json; math_proof_row_sha256=53f239e1f4875830fabbbb739a30d3a85e0de9eea13a2e45d89461da49ec86cc,true,Formation has not been measured; legacy labels are not formation labels.,PENDING,PENDING,PENDING,PENDING,NOT_MEASURED
endpoint::mamba:seq256:forward:1957:out_ptr0,ENDPOINT_UNIT,,mamba:seq256:forward:1957:out_ptr0,mamba,256,FORWARD,add,TRITON,forward:graph0:add_719,true,UNRESOLVED,UNRESOLVED_PENDING_REQUIRED_GATE,,,hypothesis_matrix.json; math_proof_row_sha256=c8e2731048b5b4807d4302da470067444d377608a3d5b05dda83101eb08eadd7,true,Formation has not been measured; legacy labels are not formation labels.,PENDING,PENDING,PENDING,PENDING,NOT_MEASURED
endpoint::mamba:seq256:forward:1957:out_ptr1,ENDPOINT_UNIT,,mamba:seq256:forward:1957:out_ptr1,mamba,256,FORWARD,add,TRITON,forward:graph0:add_720,true,UNRESOLVED,UNRESOLVED_PENDING_REQUIRED_GATE,,,hypothesis_matrix.json; math_proof_row_sha256=55ba4d5894971a72053ed5bdf948916f21222ec848879d567b65518e14fd9609,true,Formation has not been measured; legacy labels are not formation labels.,PENDING,PENDING,PENDING,PENDING,NOT_MEASURED
endpoint::mamba:seq256:forward:1957:out_ptr10,ENDPOINT_UNIT,,mamba:seq256:forward:1957:out_ptr10,mamba,256,FORWARD,add,TRITON,forward:graph0:add_729,true,UNRESOLVED,UNRESOLVED_PENDING_REQUIRED_GATE,,,hypothesis_matrix.json; math_proof_row_sha256=5e56116069e9388638bbdbcf5caaf9f48f80909e76ed73b75ada2559e7cb6b60,true,Formation has not been measured; legacy labels are not formation labels.,PENDING,PENDING,PENDING,PENDING,NOT_MEASURED
endpoint::mamba:seq256:forward:1957:out_ptr11,ENDPOINT_UNIT,,mamba:seq256:forward:1957:out_ptr11,mamba,256,FORWARD,add,TRITON,forward:graph0:add_730,true,UNRESOLVED,UNRESOLVED_PENDING_REQUIRED_GATE,,,hypothesis_matrix.json; math_proof_row_sha256=62d9fb97203e1b75fc99c465d1a6ee38f75cc291390560dfff88cfe8e49d2af7,true,Formation has not been measured; legacy labels are not formation labels.,PENDING,PENDING,PENDING,PENDING,NOT_MEASURED
endpoint::mamba:seq256:forward:1957:out_ptr12,ENDPOINT_UNIT,,mamba:seq256:forward:1957:out_ptr12,mamba,256,FORWARD,add,TRITON,forward:graph0:add_731,true,UNRESOLVED,UNRESOLVED_PENDING_REQUIRED_GATE,,,hypothesis_matrix.json; math_proof_row_sha256=d505fe5221df04b85fdd85ce4f6c2126f917ef8da9267647f6b983cb9ddc57a9,true,Formation has not been measured; legacy labels are not formation labels.,PENDING,PENDING,PENDING,PENDING,NOT_MEASURED
endpoint::mamba:seq256:forward:1957:out_ptr14,ENDPOINT_UNIT,,mamba:seq256:forward:1957:out_ptr14,mamba,256,FORWARD,add,TRITON,forward:graph0:add_733,true,UNRESOLVED,UNRESOLVED_PENDING_REQUIRED_GATE,,,hypothesis_matrix.json; math_proof_row_sha256=6586619104c90cd0e6897f682eb2f655bdbe3aae76855bcd23b19b48765239f6,true,Formation has not been measured; legacy labels are not formation labels.,PENDING,PENDING,PENDING,PENDING,NOT_MEASURED
endpoint::mamba:seq256:forward:1957:out_ptr15,ENDPOINT_UNIT,,mamba:seq256:forward:1957:out_ptr15,mamba,256,FORWARD,add,TRITON,forward:graph0:add_734,true,UNRESOLVED,UNRESOLVED_PENDING_REQUIRED_GATE,,,hypothesis_matrix.json; math_proof_row_sha256=7db9852039b3c2b5370fcb5474d92ddf0dab3292bce66cb714e8d47c17fba8a3,true,Formation has not been measured; legacy labels are not formation labels.,PENDING,PENDING,PENDING,PENDING,NOT_MEASURED
endpoint::mamba:seq256:forward:1957:out_ptr16,ENDPOINT_UNIT,,mamba:seq256:forward:1957:out_ptr16,mamba,256,FORWARD,add,TRITON,forward:graph0:add_735,true,UNRESOLVED,UNRESOLVED_PENDING_REQUIRED_GATE,,,hypothesis_matrix.json; math_proof_row_sha256=8bbade54eebb1165af641c881cc5bc2cc6e2288538e0bb67d88ce1a10e1138b9,true,Formation has not been measured; legacy labels are not formation labels.,PENDING,PENDING,PENDING,PENDING,NOT_MEASURED
endpoint::mamba:seq256:forward:1957:out_ptr17,ENDPOINT_UNIT,,mamba:seq256:forward:1957:out_ptr17,mamba,256,FORWARD,add,TRITON,forward:graph0:add_736,true,UNRESOLVED,UNRESOLVED_PENDING_REQUIRED_GATE,,,hypothesis_matrix.json; math_proof_row_sha256=ecb6e078a3496a02c0680c2c3990764abf763479996612fa1b201604138e78fd,true,Formation has not been measured; legacy labels are not formation labels.,PENDING,PENDING,PENDING,PENDING,NOT_MEASURED
endpoint::mamba:seq256:forward:1957:out_ptr18,ENDPOINT_UNIT,,mamba:seq256:forward:1957:out_ptr18,mamba,256,FORWARD,add,TRITON,forward:graph0:add_737,true,UNRESOLVED,UNRESOLVED_PENDING_REQUIRED_GATE,,,hypothesis_matrix.json; math_proof_row_sha256=13294f898b3afd58c50d1d9cade35edd8dbc129ca6f46ac5a99e8ba986fb8e22,true,Formation has not been measured; legacy labels are not formation labels.,PENDING,PENDING,PENDING,PENDING,NOT_MEASURED
endpoint::mamba:seq256:forward:1957:out_ptr19,ENDPOINT_UNIT,,mamba:seq256:forward:1957:out_ptr19,mamba,256,FORWARD,add,TRITON,forward:graph0:add_738,true,UNRESOLVED,UNRESOLVED_PENDING_REQUIRED_GATE,,,hypothesis_matrix.json; math_proof_row_sha256=574fc45efafcfd7a4e3c993e7bd1e6fff4014d24a7d3017dfbc6e6fb19a2f244,true,Formation has not been measured; legacy labels are not formation labels.,PENDING,PENDING,PENDING,PENDING,NOT_MEASURED
endpoint::mamba:seq256:forward:1957:out_ptr2,ENDPOINT_UNIT,,mamba:seq256:forward:1957:out_ptr2,mamba,256,FORWARD,add,TRITON,forward:graph0:add_721,true,UNRESOLVED,UNRESOLVED_PENDING_REQUIRED_GATE,,,hypothesis_matrix.json; math_proof_row_sha256=1db29974252ffb76b4b76fd39ce8a2f4ba038da30e6c723ca54b517413b344da,true,Formation has not been measured; legacy labels are not formation labels.,PENDING,PENDING,PENDING,PENDING,NOT_MEASURED
endpoint::mamba:seq256:forward:1957:out_ptr20,ENDPOINT_UNIT,,mamba:seq256:forward:1957:out_ptr20,mamba,256,FORWARD,add,TRITON,forward:graph0:add_739,true,UNRESOLVED,UNRESOLVED_PENDING_REQUIRED_GATE,,,hypothesis_matrix.json; math_proof_row_sha256=a604e4747dd267ed4777d729889669fe63fed51400421f22684b422fd5e95c25,true,Formation has not been measured; legacy labels are not formation labels.,PENDING,PENDING,PENDING,PENDING,NOT_MEASURED
endpoint::mamba:seq256:forward:1957:out_ptr21,ENDPOINT_UNIT,,mamba:seq256:forward:1957:out_ptr21,mamba,256,FORWARD,add,TRITON,forward:graph0:add_740,true,UNRESOLVED,UNRESOLVED_PENDING_REQUIRED_GATE,,,hypothesis_matrix.json; math_proof_row_sha256=1c22c4dce4304cd3658de4d0a69eecc7ca19e8766bc12f0453e8568156b18c11,true,Formation has not been measured; legacy labels are not formation labels.,PENDING,PENDING,PENDING,PENDING,NOT_MEASURED
endpoint::mamba:seq256:forward:1957:out_ptr22,ENDPOINT_UNIT,,mamba:seq256:forward:1957:out_ptr22,mamba,256,FORWARD,add,TRITON,forward:graph0:add_741,true,UNRESOLVED,UNRESOLVED_PENDING_REQUIRED_GATE,,,hypothesis_matrix.json; math_proof_row_sha256=9207040697cac345ff8cc2e2fa936c9f118b6fdae86c9bd4cb4c120311d4164b,true,Formation has not been measured; legacy labels are not formation labels.,PENDING,PENDING,PENDING,PENDING,NOT_MEASURED
endpoint::mamba:seq256:forward:1957:out_ptr23,ENDPOINT_UNIT,,mamba:seq256:forward:1957:out_ptr23,mamba,256,FORWARD,add,TRITON,forward:graph0:add_742,true,UNRESOLVED,UNRESOLVED_PENDING_REQUIRED_GATE,,,hypothesis_matrix.json; math_proof_row_sha256=cf93e5e655ad62ac7dad63953e49432939767cbea10e86c49cdf5b2b303fb500,true,Formation has not been measured; legacy labels are not formation labels.,PENDING,PENDING,PENDING,PENDING,NOT_MEASURED
endpoint::mamba:seq256:forward:1957:out_ptr24,ENDPOINT_UNIT,,mamba:seq256:forward:1957:out_ptr24,mamba,256,FORWARD,add,TRITON,forward:graph0:add_743,true,UNRESOLVED,UNRESOLVED_PENDING_REQUIRED_GATE,,,hypothesis_matrix.json; math_proof_row_sha256=c905e06ad4bb4073fc8ba878faf7434fe10d1ae69a8636f2634a413c45254cc8,true,Formation has not been measured; legacy labels are not formation labels.,PENDING,PENDING,PENDING,PENDING,NOT_MEASURED
endpoint::mamba:seq256:forward:1957:out_ptr25,ENDPOINT_UNIT,,mamba:seq256:forward:1957:out_ptr25,mamba,256,FORWARD,add,TRITON,forward:graph0:add_744,true,UNRESOLVED,UNRESOLVED_PENDING_REQUIRED_GATE,,,hypothesis_matrix.json; math_proof_row_sha256=506a654d26f1ca196faedfa4939045564750b560248164488310a913b91ca709,true,Formation has not been measured; legacy labels are not formation labels.,PENDING,PENDING,PENDING,PENDING,NOT_MEASURED
endpoint::mamba:seq256:forward:1957:out_ptr26,ENDPOINT_UNIT,,mamba:seq256:forward:1957:out_ptr26,mamba,256,FORWARD,add,TRITON,forward:graph0:add_745,true,UNRESOLVED,UNRESOLVED_PENDING_REQUIRED_GATE,,,hypothesis_matrix.json; math_proof_row_sha256=cc08decca7fff7b586afe2880d9879623ab76fb0da31e3586f1693e40ada6c15,true,Formation has not been measured; legacy labels are not formation labels.,PENDING,PENDING,PENDING,PENDING,NOT_MEASURED
endpoint::mamba:seq256:forward:1957:out_ptr27,ENDPOINT_UNIT,,mamba:seq256:forward:1957:out_ptr27,mamba,256,FORWARD,add,TRITON,forward:graph0:add_746,true,UNRESOLVED,UNRESOLVED_PENDING_REQUIRED_GATE,,,hypothesis_matrix.json; math_proof_row_sha256=5a83a0c23141900fbd7ad96b15c2886f45089557dc1d4f0f67bbb85644fb423e,true,Formation has not been measured; legacy labels are not formation labels.,PENDING,PENDING,PENDING,PENDING,NOT_MEASURED
endpoint::mamba:seq256:forward:1957:out_ptr28,ENDPOINT_UNIT,,mamba:seq256:forward:1957:out_ptr28,mamba,256,FORWARD,add,TRITON,forward:graph0:add_747,true,UNRESOLVED,UNRESOLVED_PENDING_REQUIRED_GATE,,,hypothesis_matrix.json; math_proof_row_sha256=8a93f39e4933c6ab32e2cd60b812f481d9088ccf107558e78526b350cd0e4ddd,true,Formation has not been measured; legacy labels are not formation labels.,PENDING,PENDING,PENDING,PENDING,NOT_MEASURED
endpoint::mamba:seq256:forward:1957:out_ptr29,ENDPOINT_UNIT,,mamba:seq256:forward:1957:out_ptr29,mamba,256,FORWARD,add,TRITON,forward:graph0:add_748,true,UNRESOLVED,UNRESOLVED_PENDING_REQUIRED_GATE,,,hypothesis_matrix.json; math_proof_row_sha256=4a6134e53bb68ce7381d2b76eea1892e2e9cbe858bd45503f22dfad9c320c5bf,true,Formation has not been measured; legacy labels are not formation labels.,PENDING,PENDING,PENDING,PENDING,NOT_MEASURED
endpoint::mamba:seq256:forward:1957:out_ptr3,ENDPOINT_UNIT,,mamba:seq256:forward:1957:out_ptr3,mamba,256,FORWARD,add,TRITON,forward:graph0:add_722,true,UNRESOLVED,UNRESOLVED_PENDING_REQUIRED_GATE,,,hypothesis_matrix.json; math_proof_row_sha256=6042f854ec790d594df43260ffae87231f2c0c7c3146e5aebf6f374badb49ecf,true,Formation has not been measured; legacy labels are not formation labels.,PENDING,PENDING,PENDING,PENDING,NOT_MEASURED
endpoint::mamba:seq256:forward:1957:out_ptr30,ENDPOINT_UNIT,,mamba:seq256:forward:1957:out_ptr30,mamba,256,FORWARD,add,TRITON,forward:graph0:add_749,true,UNRESOLVED,UNRESOLVED_PENDING_REQUIRED_GATE,,,hypothesis_matrix.json; math_proof_row_sha256=4406d4ce56ea818afb2cd66ef016eaf263131f3443d6463f683aabc93d0ce1be,true,Formation has not been measured; legacy labels are not formation labels.,PENDING,PENDING,PENDING,PENDING,NOT_MEASURED
endpoint::mamba:seq256:forward:1957:out_ptr31,ENDPOINT_UNIT,,mamba:seq256:forward:1957:out_ptr31,mamba,256,FORWARD,add,TRITON,forward:graph0:add_750,true,UNRESOLVED,UNRESOLVED_PENDING_REQUIRED_GATE,,,hypothesis_matrix.json; math_proof_row_sha256=1064196c915669aebbe4c5e8bd817c17975025c50c9f156a1ca002caefa82d28,true,Formation has not been measured; legacy labels are not formation labels.,PENDING,PENDING,PENDING,PENDING,NOT_MEASURED
endpoint::mamba:seq256:forward:1957:out_ptr32,ENDPOINT_UNIT,,mamba:seq256:forward:1957:out_ptr32,mamba,256,FORWARD,add,TRITON,forward:graph0:add_751,true,UNRESOLVED,UNRESOLVED_PENDING_REQUIRED_GATE,,,hypothesis_matrix.json; math_proof_row_sha256=a69fd70a57f0befcced735d627e276321dd8f8560adcc02703db1d1ecca1ed19,true,Formation has not been measured; legacy labels are not formation labels.,PENDING,PENDING,PENDING,PENDING,NOT_MEASURED
endpoint::mamba:seq256:forward:1957:out_ptr33,ENDPOINT_UNIT,,mamba:seq256:forward:1957:out_ptr33,mamba,256,FORWARD,add,TRITON,forward:graph0:add_752,true,UNRESOLVED,UNRESOLVED_PENDING_REQUIRED_GATE,,,hypothesis_matrix.json; math_proof_row_sha256=ff9c8901c433076a0aa985f590f906bbb20ddeb2c8da068ed97e91232d0ca6ba,true,Formation has not been measured; legacy labels are not formation labels.,PENDING,PENDING,PENDING,PENDING,NOT_MEASURED
endpoint::mamba:seq256:forward:1957:out_ptr34,ENDPOINT_UNIT,,mamba:seq256:forward:1957:out_ptr34,mamba,256,FORWARD,add,TRITON,forward:graph0:add_753,true,UNRESOLVED,UNRESOLVED_PENDING_REQUIRED_GATE,,,hypothesis_matrix.json; math_proof_row_sha256=ea6ca92edbd0579acbcc01f12030810da5df48bef949bd73b80e1220f609e725,true,Formation has not been measured; legacy labels are not formation labels.,PENDING,PENDING,PENDING,PENDING,NOT_MEASURED
endpoint::mamba:seq256:forward:1957:out_ptr36,ENDPOINT_UNIT,,mamba:seq256:forward:1957:out_ptr36,mamba,256,FORWARD,add,TRITON,forward:graph0:add_755,true,UNRESOLVED,UNRESOLVED_PENDING_REQUIRED_GATE,,,hypothesis_matrix.json; math_proof_row_sha256=7719f80e36bfcd7c67bc55a33f07acf523913125b0ec36f95fd41725e3cb8114,true,Formation has not been measured; legacy labels are not formation labels.,PENDING,PENDING,PENDING,PENDING,NOT_MEASURED
endpoint::mamba:seq256:forward:1957:out_ptr38,ENDPOINT_UNIT,,mamba:seq256:forward:1957:out_ptr38,mamba,256,FORWARD,add,TRITON,forward:graph0:add_757,true,UNRESOLVED,UNRESOLVED_PENDING_REQUIRED_GATE,,,hypothesis_matrix.json; math_proof_row_sha256=196f143a763379a64c6e872cd63ca513107f51f04b54809ba6a5f8283591e392,true,Formation has not been measured; legacy labels are not formation labels.,PENDING,PENDING,PENDING,PENDING,NOT_MEASURED
endpoint::mamba:seq256:forward:1957:out_ptr4,ENDPOINT_UNIT,,mamba:seq256:forward:1957:out_ptr4,mamba,256,FORWARD,add,TRITON,forward:graph0:add_723,true,UNRESOLVED,UNRESOLVED_PENDING_REQUIRED_GATE,,,hypothesis_matrix.json; math_proof_row_sha256=28a711a3ee4971c5509ac8356e9da909e64eda0a45d8c58f91bec59a523d82bc,true,Formation has not been measured; legacy labels are not formation labels.,PENDING,PENDING,PENDING,PENDING,NOT_MEASURED
endpoint::mamba:seq256:forward:1957:out_ptr40,ENDPOINT_UNIT,,mamba:seq256:forward:1957:out_ptr40,mamba,256,FORWARD,add,TRITON,forward:graph0:add_759,true,UNRESOLVED,UNRESOLVED_PENDING_REQUIRED_GATE,,,hypothesis_matrix.json; math_proof_row_sha256=eca3465fc92394f8f0dedb0cc1e8c4a4c59324d51f33bfad2ee049f82a49ce56,true,Formation has not been measured; legacy labels are not formation labels.,PENDING,PENDING,PENDING,PENDING,NOT_MEASURED
endpoint::mamba:seq256:forward:1957:out_ptr41,ENDPOINT_UNIT,,mamba:seq256:forward:1957:out_ptr41,mamba,256,FORWARD,add,TRITON,forward:graph0:add_760,true,UNRESOLVED,UNRESOLVED_PENDING_REQUIRED_GATE,,,hypothesis_matrix.json; math_proof_row_sha256=18861b90ac250f7d0fd0624bd50ab6da435071637ffe08cdc8e06a616ec1fd67,true,Formation has not been measured; legacy labels are not formation labels.,PENDING,PENDING,PENDING,PENDING,NOT_MEASURED
endpoint::mamba:seq256:forward:1957:out_ptr42,ENDPOINT_UNIT,,mamba:seq256:forward:1957:out_ptr42,mamba,256,FORWARD,add,TRITON,forward:graph0:add_761,true,UNRESOLVED,UNRESOLVED_PENDING_REQUIRED_GATE,,,hypothesis_matrix.json; math_proof_row_sha256=0d122d241b13ea37e4c5d57a2c0e48030ee03a853b16483d6292fbf031a253cd,true,Formation has not been measured; legacy labels are not formation labels.,PENDING,PENDING,PENDING,PENDING,NOT_MEASURED
endpoint::mamba:seq256:forward:1957:out_ptr43,ENDPOINT_UNIT,,mamba:seq256:forward:1957:out_ptr43,mamba,256,FORWARD,add,TRITON,forward:graph0:add_762,true,UNRESOLVED,UNRESOLVED_PENDING_REQUIRED_GATE,,,hypothesis_matrix.json; math_proof_row_sha256=914a3550ffe9046eb3d8186dfe9f05a304374a7d86f466512f4ebba8f1d40193,true,Formation has not been measured; legacy labels are not formation labels.,PENDING,PENDING,PENDING,PENDING,NOT_MEASURED
endpoint::mamba:seq256:forward:1957:out_ptr44,ENDPOINT_UNIT,,mamba:seq256:forward:1957:out_ptr44,mamba,256,FORWARD,add,TRITON,forward:graph0:add_763,true,UNRESOLVED,UNRESOLVED_PENDING_REQUIRED_GATE,,,hypothesis_matrix.json; math_proof_row_sha256=0388639f2cb8dac5e4040280f6eaf82e76c3f6e8374fce0b447e5cfec6978aee,true,Formation has not been measured; legacy labels are not formation labels.,PENDING,PENDING,PENDING,PENDING,NOT_MEASURED
endpoint::mamba:seq256:forward:1957:out_ptr45,ENDPOINT_UNIT,,mamba:seq256:forward:1957:out_ptr45,mamba,256,FORWARD,add,TRITON,forward:graph0:add_764,true,UNRESOLVED,UNRESOLVED_PENDING_REQUIRED_GATE,,,hypothesis_matrix.json; math_proof_row_sha256=294764de0f2ab07231db7745fc91ce120c5a644bf06c6eb60a415741ab7b2739,true,Formation has not been measured; legacy labels are not formation labels.,PENDING,PENDING,PENDING,PENDING,NOT_MEASURED
endpoint::mamba:seq256:forward:1957:out_ptr46,ENDPOINT_UNIT,,mamba:seq256:forward:1957:out_ptr46,mamba,256,FORWARD,add,TRITON,forward:graph0:add_765,true,UNRESOLVED,UNRESOLVED_PENDING_REQUIRED_GATE,,,hypothesis_matrix.json; math_proof_row_sha256=14fb4e268d78cb93e56cc31be2e982eef974d3766668fe9e61251a253b0033ec,true,Formation has not been measured; legacy labels are not formation labels.,PENDING,PENDING,PENDING,PENDING,NOT_MEASURED
endpoint::mamba:seq256:forward:1957:out_ptr47,ENDPOINT_UNIT,,mamba:seq256:forward:1957:out_ptr47,mamba,256,FORWARD,add,TRITON,forward:graph0:add_766,true,UNRESOLVED,UNRESOLVED_PENDING_REQUIRED_GATE,,,hypothesis_matrix.json; math_proof_row_sha256=ba07f8283442956d26b458240e7a1a280961cfddf276328305df74f814e60f47,true,Formation has not been measured; legacy labels are not formation labels.,PENDING,PENDING,PENDING,PENDING,NOT_MEASURED
endpoint::mamba:seq256:forward:1957:out_ptr48,ENDPOINT_UNIT,,mamba:seq256:forward:1957:out_ptr48,mamba,256,FORWARD,add,TRITON,forward:graph0:add_767,true,UNRESOLVED,UNRESOLVED_PENDING_REQUIRED_GATE,,,hypothesis_matrix.json; math_proof_row_sha256=6f9626fce5edbab25798ad87160d7a6e2b045cd72a7fd56c0e5e096d72b76365,true,Formation has not been measured; legacy labels are not formation labels.,PENDING,PENDING,PENDING,PENDING,NOT_MEASURED
endpoint::mamba:seq256:forward:1957:out_ptr49,ENDPOINT_UNIT,,mamba:seq256:forward:1957:out_ptr49,mamba,256,FORWARD,add,TRITON,forward:graph0:add_768,true,UNRESOLVED,UNRESOLVED_PENDING_REQUIRED_GATE,,,hypothesis_matrix.json; math_proof_row_sha256=8cd17949c217abf631e989a7e48963dad2afbedf3645dea0f6af7bc6f90d68f9,true,Formation has not been measured; legacy labels are not formation labels.,PENDING,PENDING,PENDING,PENDING,NOT_MEASURED
endpoint::mamba:seq256:forward:1957:out_ptr5,ENDPOINT_UNIT,,mamba:seq256:forward:1957:out_ptr5,mamba,256,FORWARD,add,TRITON,forward:graph0:add_724,true,UNRESOLVED,UNRESOLVED_PENDING_REQUIRED_GATE,,,hypothesis_matrix.json; math_proof_row_sha256=643b4f0ef7b6792d249efdd2913093b8b66bd95c06d8dbf5ee242ed084d46780,true,Formation has not been measured; legacy labels are not formation labels.,PENDING,PENDING,PENDING,PENDING,NOT_MEASURED
endpoint::mamba:seq256:forward:1957:out_ptr50,ENDPOINT_UNIT,,mamba:seq256:forward:1957:out_ptr50,mamba,256,FORWARD,add,TRITON,forward:graph0:add_769,true,UNRESOLVED,UNRESOLVED_PENDING_REQUIRED_GATE,,,hypothesis_matrix.json; math_proof_row_sha256=25bfc58fd994f38961df74adfa70163bec833d46a2b572d275f81d96d6c9b701,true,Formation has not been measured; legacy labels are not formation labels.,PENDING,PENDING,PENDING,PENDING,NOT_MEASURED
endpoint::mamba:seq256:forward:1957:out_ptr51,ENDPOINT_UNIT,,mamba:seq256:forward:1957:out_ptr51,mamba,256,FORWARD,add,TRITON,forward:graph0:add_770,true,UNRESOLVED,UNRESOLVED_PENDING_REQUIRED_GATE,,,hypothesis_matrix.json; math_proof_row_sha256=e087bd98806680abfd2a5234499d7c725491a49e6c0c836aa3bec77f5eb864c4,true,Formation has not been measured; legacy labels are not formation labels.,PENDING,PENDING,PENDING,PENDING,NOT_MEASURED
endpoint::mamba:seq256:forward:1957:out_ptr52,ENDPOINT_UNIT,,mamba:seq256:forward:1957:out_ptr52,mamba,256,FORWARD,add,TRITON,forward:graph0:add_771,true,UNRESOLVED,UNRESOLVED_PENDING_REQUIRED_GATE,,,hypothesis_matrix.json; math_proof_row_sha256=6a64e02fd21eadcc49d0cf6fd98ba2339d46a8fa09a41e7a858f46e52b2b1522,true,Formation has not been measured; legacy labels are not formation labels.,PENDING,PENDING,PENDING,PENDING,NOT_MEASURED
endpoint::mamba:seq256:forward:1957:out_ptr53,ENDPOINT_UNIT,,mamba:seq256:forward:1957:out_ptr53,mamba,256,FORWARD,add,TRITON,forward:graph0:add_772,true,UNRESOLVED,UNRESOLVED_PENDING_REQUIRED_GATE,,,hypothesis_matrix.json; math_proof_row_sha256=9c634fa2ad4b538d3d2dce61a20fdbb3b7b0022e6af2ee3310270e74596273f5,true,Formation has not been measured; legacy labels are not formation labels.,PENDING,PENDING,PENDING,PENDING,NOT_MEASURED
endpoint::mamba:seq256:forward:1957:out_ptr54,ENDPOINT_UNIT,,mamba:seq256:forward:1957:out_ptr54,mamba,256,FORWARD,add,TRITON,forward:graph0:add_773,true,UNRESOLVED,UNRESOLVED_PENDING_REQUIRED_GATE,,,hypothesis_matrix.json; math_proof_row_sha256=edd0da642615c03db4904f56620950e114251381bd9e3594999b95aea92394c4,true,Formation has not been measured; legacy labels are not formation labels.,PENDING,PENDING,PENDING,PENDING,NOT_MEASURED
endpoint::mamba:seq256:forward:1957:out_ptr55,ENDPOINT_UNIT,,mamba:seq256:forward:1957:out_ptr55,mamba,256,FORWARD,add,TRITON,forward:graph0:add_774,true,UNRESOLVED,UNRESOLVED_PENDING_REQUIRED_GATE,,,hypothesis_matrix.json; math_proof_row_sha256=81abb08239610925e12f443167145e72e2e8b85b115712767b864daa21967127,true,Formation has not been measured; legacy labels are not formation labels.,PENDING,PENDING,PENDING,PENDING,NOT_MEASURED
endpoint::mamba:seq256:forward:1957:out_ptr56,ENDPOINT_UNIT,,mamba:seq256:forward:1957:out_ptr56,mamba,256,FORWARD,add,TRITON,forward:graph0:add_775,true,UNRESOLVED,UNRESOLVED_PENDING_REQUIRED_GATE,,,hypothesis_matrix.json; math_proof_row_sha256=a2833192e61615165c82adc1dfd5f2adf26b03982d1bdaaaba0269d8d4f89a7a,true,Formation has not been measured; legacy labels are not formation labels.,PENDING,PENDING,PENDING,PENDING,NOT_MEASURED
endpoint::mamba:seq256:forward:1957:out_ptr57,ENDPOINT_UNIT,,mamba:seq256:forward:1957:out_ptr57,mamba,256,FORWARD,add,TRITON,forward:graph0:add_776,true,UNRESOLVED,UNRESOLVED_PENDING_REQUIRED_GATE,,,hypothesis_matrix.json; math_proof_row_sha256=3cdd2c1c05f3bd23f83182d1a1471ac920a207bea1f6732a1fddb85026596148,true,Formation has not been measured; legacy labels are not formation labels.,PENDING,PENDING,PENDING,PENDING,NOT_MEASURED
endpoint::mamba:seq256:forward:1957:out_ptr58,ENDPOINT_UNIT,,mamba:seq256:forward:1957:out_ptr58,mamba,256,FORWARD,add,TRITON,forward:graph0:add_777,true,UNRESOLVED,UNRESOLVED_PENDING_REQUIRED_GATE,,,hypothesis_matrix.json; math_proof_row_sha256=e6e9c9b4ee766333b72183863f3694683b9fc666eb5e83ba03d05f958551a578,true,Formation has not been measured; legacy labels are not formation labels.,PENDING,PENDING,PENDING,PENDING,NOT_MEASURED
endpoint::mamba:seq256:forward:1957:out_ptr59,ENDPOINT_UNIT,,mamba:seq256:forward:1957:out_ptr59,mamba,256,FORWARD,add,TRITON,forward:graph0:add_778,true,UNRESOLVED,UNRESOLVED_PENDING_REQUIRED_GATE,,,hypothesis_matrix.json; math_proof_row_sha256=53cf4a822b9a94969c1b0dda016e9f75db6e4d3dd4d98f29c13497da83d9b529,true,Formation has not been measured; legacy labels are not formation labels.,PENDING,PENDING,PENDING,PENDING,NOT_MEASURED
endpoint::mamba:seq256:forward:1957:out_ptr6,ENDPOINT_UNIT,,mamba:seq256:forward:1957:out_ptr6,mamba,256,FORWARD,add,TRITON,forward:graph0:add_725,true,UNRESOLVED,UNRESOLVED_PENDING_REQUIRED_GATE,,,hypothesis_matrix.json; math_proof_row_sha256=5f679443a6ad02f18f3ccc0cd5867a6b2df4c8ba651c6cca71347ed713f687fc,true,Formation has not been measured; legacy labels are not formation labels.,PENDING,PENDING,PENDING,PENDING,NOT_MEASURED
endpoint::mamba:seq256:forward:1957:out_ptr60,ENDPOINT_UNIT,,mamba:seq256:forward:1957:out_ptr60,mamba,256,FORWARD,add,TRITON,forward:graph0:add_779,true,UNRESOLVED,UNRESOLVED_PENDING_REQUIRED_GATE,,,hypothesis_matrix.json; math_proof_row_sha256=8bc9921e8b220a4be07ec85e11d203e798a5eba80e900d5b941a460b67a0e2a5,true,Formation has not been measured; legacy labels are not formation labels.,PENDING,PENDING,PENDING,PENDING,NOT_MEASURED
endpoint::mamba:seq256:forward:1957:out_ptr61,ENDPOINT_UNIT,,mamba:seq256:forward:1957:out_ptr61,mamba,256,FORWARD,add,TRITON,forward:graph0:add_780,true,UNRESOLVED,UNRESOLVED_PENDING_REQUIRED_GATE,,,hypothesis_matrix.json; math_proof_row_sha256=8d1af4c5ab4fa1747823ac5e36693274ef60fc0bcf71ad3cd5453aedb3b7acea,true,Formation has not been measured; legacy labels are not formation labels.,PENDING,PENDING,PENDING,PENDING,NOT_MEASURED
endpoint::mamba:seq256:forward:1957:out_ptr62,ENDPOINT_UNIT,,mamba:seq256:forward:1957:out_ptr62,mamba,256,FORWARD,add,TRITON,forward:graph0:add_781,true,UNRESOLVED,UNRESOLVED_PENDING_REQUIRED_GATE,,,hypothesis_matrix.json; math_proof_row_sha256=81d8787a20fbdc7cc86b99f334786d001cfb36d72629a63c03507afee523cbea,true,Formation has not been measured; legacy labels are not formation labels.,PENDING,PENDING,PENDING,PENDING,NOT_MEASURED
endpoint::mamba:seq256:forward:1957:out_ptr7,ENDPOINT_UNIT,,mamba:seq256:forward:1957:out_ptr7,mamba,256,FORWARD,add,TRITON,forward:graph0:add_726,true,UNRESOLVED,UNRESOLVED_PENDING_REQUIRED_GATE,,,hypothesis_matrix.json; math_proof_row_sha256=c166a16847539e2be82b2751e27661a079755f47cfb333a79f7273cdffc96373,true,Formation has not been measured; legacy labels are not formation labels.,PENDING,PENDING,PENDING,PENDING,NOT_MEASURED
endpoint::mamba:seq256:forward:1957:out_ptr8,ENDPOINT_UNIT,,mamba:seq256:forward:1957:out_ptr8,mamba,256,FORWARD,add,TRITON,forward:graph0:add_727,true,UNRESOLVED,UNRESOLVED_PENDING_REQUIRED_GATE,,,hypothesis_matrix.json; math_proof_row_sha256=4387814be000e16ebb12b09f5075260313c2285836f4cecaf97ece6defb21d49,true,Formation has not been measured; legacy labels are not formation labels.,PENDING,PENDING,PENDING,PENDING,NOT_MEASURED
endpoint::mamba:seq256:forward:1957:out_ptr9,ENDPOINT_UNIT,,mamba:seq256:forward:1957:out_ptr9,mamba,256,FORWARD,add,TRITON,forward:graph0:add_728,true,UNRESOLVED,UNRESOLVED_PENDING_REQUIRED_GATE,,,hypothesis_matrix.json; math_proof_row_sha256=34db9138d0355f38b458993860ac099a98b7d6cceee631eaf60998af974d2990,true,Formation has not been measured; legacy labels are not formation labels.,PENDING,PENDING,PENDING,PENDING,NOT_MEASURED
endpoint::mamba:seq256:forward:1995:output_0,ENDPOINT_UNIT,,mamba:seq256:forward:1995:output_0,mamba,256,FORWARD,mm,EXTERN,forward:graph0:mm_default_11565,true,UNRESOLVED,UNRESOLVED_PENDING_REQUIRED_GATE,,,hypothesis_matrix.json; math_proof_row_sha256=e29b533d7b836cb4ccbac4e14c60b1ce74497cc4ab94c2f6dac461c5d53ef7ab,true,Formation has not been measured; legacy labels are not formation labels.,PENDING,PENDING,PENDING,PENDING,NOT_MEASURED
endpoint::mamba:seq256:forward:2031:output_0,ENDPOINT_UNIT,,mamba:seq256:forward:2031:output_0,mamba,256,FORWARD,mm,EXTERN,forward:graph0:mm_default_11547,true,NORMAL_REFERENCE,NORMAL_REFERENCE_NO_LOCAL_DIRECTIONAL_DIFFERENCE,,,hypothesis_matrix.json; math_proof_row_sha256=b9f93a83bd4493382ae45b504607b81520d2a74302fe9397ab7b137416c6d5b6,true,Formation has not been measured; legacy labels are not formation labels.,PENDING,PENDING,PENDING,PENDING,NOT_MEASURED
endpoint::mamba:seq256:forward:2532:output_0,ENDPOINT_UNIT,,mamba:seq256:forward:2532:output_0,mamba,256,FORWARD,mm,EXTERN,forward:graph0:mm_default_11430,true,UNRESOLVED,UNRESOLVED_PENDING_REQUIRED_GATE,,,hypothesis_matrix.json; math_proof_row_sha256=7d2afefbca4bd919b47b0cda2706f5ec82086831f24b3e17b81cfe4974d9f81e,true,Formation has not been measured; legacy labels are not formation labels.,PENDING,PENDING,PENDING,PENDING,NOT_MEASURED
endpoint::mamba:seq256:forward:266:out_ptr1,ENDPOINT_UNIT,,mamba:seq256:forward:266:out_ptr1,mamba,256,FORWARD,add,TRITON,forward:graph0:add_132,true,UNRESOLVED,UNRESOLVED_PENDING_REQUIRED_GATE,,,hypothesis_matrix.json; math_proof_row_sha256=fe36b7f3676df96e26c014ded9b00e43c3f50bcd6d8d607b31fea63fc9f5f863,true,Formation has not been measured; legacy labels are not formation labels.,PENDING,PENDING,PENDING,PENDING,NOT_MEASURED
endpoint::mamba:seq256:forward:266:out_ptr11,ENDPOINT_UNIT,,mamba:seq256:forward:266:out_ptr11,mamba,256,FORWARD,add,TRITON,forward:graph0:add_142,true,UNRESOLVED,UNRESOLVED_PENDING_REQUIRED_GATE,,,hypothesis_matrix.json; math_proof_row_sha256=5c45084c0960b061cd2a69376296a840022463bb20a896d0659f56a75a888490,true,Formation has not been measured; legacy labels are not formation labels.,PENDING,PENDING,PENDING,PENDING,NOT_MEASURED
endpoint::mamba:seq256:forward:266:out_ptr12,ENDPOINT_UNIT,,mamba:seq256:forward:266:out_ptr12,mamba,256,FORWARD,add,TRITON,forward:graph0:add_143,true,UNRESOLVED,UNRESOLVED_PENDING_REQUIRED_GATE,,,hypothesis_matrix.json; math_proof_row_sha256=8d6a2320107e559ea6d68fd7a9bd1d5503f08845a364f09d520ef124dcf19a93,true,Formation has not been measured; legacy labels are not formation labels.,PENDING,PENDING,PENDING,PENDING,NOT_MEASURED
endpoint::mamba:seq256:forward:266:out_ptr14,ENDPOINT_UNIT,,mamba:seq256:forward:266:out_ptr14,mamba,256,FORWARD,add,TRITON,forward:graph0:add_145,true,UNRESOLVED,UNRESOLVED_PENDING_REQUIRED_GATE,,,hypothesis_matrix.json; math_proof_row_sha256=73d5593c63f02b27f50dd76ac3fc18ae218b81d8a1d0f6b887b47656989f2ce7,true,Formation has not been measured; legacy labels are not formation labels.,PENDING,PENDING,PENDING,PENDING,NOT_MEASURED
endpoint::mamba:seq256:forward:266:out_ptr17,ENDPOINT_UNIT,,mamba:seq256:forward:266:out_ptr17,mamba,256,FORWARD,add,TRITON,forward:graph0:add_148,true,UNRESOLVED,UNRESOLVED_PENDING_REQUIRED_GATE,,,hypothesis_matrix.json; math_proof_row_sha256=4cbcdbfdae46f0440e2aba6ab7d6ea3eec224526b9a645a6d09e072503fdd59e,true,Formation has not been measured; legacy labels are not formation labels.,PENDING,PENDING,PENDING,PENDING,NOT_MEASURED
endpoint::mamba:seq256:forward:266:out_ptr2,ENDPOINT_UNIT,,mamba:seq256:forward:266:out_ptr2,mamba,256,FORWARD,add,TRITON,forward:graph0:add_133,true,UNRESOLVED,UNRESOLVED_PENDING_REQUIRED_GATE,,,hypothesis_matrix.json; math_proof_row_sha256=bee2f44542e75162f485bbe7ebede77b3c6f2c752982f2e793ad4b35cc1fb60a,true,Formation has not been measured; legacy labels are not formation labels.,PENDING,PENDING,PENDING,PENDING,NOT_MEASURED
endpoint::mamba:seq256:forward:266:out_ptr21,ENDPOINT_UNIT,,mamba:seq256:forward:266:out_ptr21,mamba,256,FORWARD,add,TRITON,forward:graph0:add_152,true,UNRESOLVED,UNRESOLVED_PENDING_REQUIRED_GATE,,,hypothesis_matrix.json; math_proof_row_sha256=bebd662d6c34bdf91d1b1905b37be93262c49536b589d575dd22e500af5d2745,true,Formation has not been measured; legacy labels are not formation labels.,PENDING,PENDING,PENDING,PENDING,NOT_MEASURED
endpoint::mamba:seq256:forward:266:out_ptr22,ENDPOINT_UNIT,,mamba:seq256:forward:266:out_ptr22,mamba,256,FORWARD,add,TRITON,forward:graph0:add_153,true,UNRESOLVED,UNRESOLVED_PENDING_REQUIRED_GATE,,,hypothesis_matrix.json; math_proof_row_sha256=4c14fe2e0e21c3c2cd71a9dfb35ec1d6ffa622dadaad8853623afa8ae234ad7f,true,Formation has not been measured; legacy labels are not formation labels.,PENDING,PENDING,PENDING,PENDING,NOT_MEASURED
endpoint::mamba:seq256:forward:266:out_ptr23,ENDPOINT_UNIT,,mamba:seq256:forward:266:out_ptr23,mamba,256,FORWARD,add,TRITON,forward:graph0:add_154,true,UNRESOLVED,UNRESOLVED_PENDING_REQUIRED_GATE,,,hypothesis_matrix.json; math_proof_row_sha256=5fac931890dd178af754f86f15f689ef212adc60aa8aeff689cffaa622e63095,true,Formation has not been measured; legacy labels are not formation labels.,PENDING,PENDING,PENDING,PENDING,NOT_MEASURED
endpoint::mamba:seq256:forward:266:out_ptr24,ENDPOINT_UNIT,,mamba:seq256:forward:266:out_ptr24,mamba,256,FORWARD,add,TRITON,forward:graph0:add_155,true,UNRESOLVED,UNRESOLVED_PENDING_REQUIRED_GATE,,,hypothesis_matrix.json; math_proof_row_sha256=b4e3c12a30404a00af8766f34814bee2fc8ec8cf4e6576163c37f73e5281d641,true,Formation has not been measured; legacy labels are not formation labels.,PENDING,PENDING,PENDING,PENDING,NOT_MEASURED
endpoint::mamba:seq256:forward:266:out_ptr25,ENDPOINT_UNIT,,mamba:seq256:forward:266:out_ptr25,mamba,256,FORWARD,add,TRITON,forward:graph0:add_156,true,UNRESOLVED,UNRESOLVED_PENDING_REQUIRED_GATE,,,hypothesis_matrix.json; math_proof_row_sha256=501d81fc67214480e35d6c0c9fb4880bc9ccf44be183c6110247b2e5a237b910,true,Formation has not been measured; legacy labels are not formation labels.,PENDING,PENDING,PENDING,PENDING,NOT_MEASURED
endpoint::mamba:seq256:forward:266:out_ptr26,ENDPOINT_UNIT,,mamba:seq256:forward:266:out_ptr26,mamba,256,FORWARD,add,TRITON,forward:graph0:add_157,true,UNRESOLVED,UNRESOLVED_PENDING_REQUIRED_GATE,,,hypothesis_matrix.json; math_proof_row_sha256=569cdb15291722652da8eac323ae32360ba84844cc7318e01e8ce22b2c0285ff,true,Formation has not been measured; legacy labels are not formation labels.,PENDING,PENDING,PENDING,PENDING,NOT_MEASURED
endpoint::mamba:seq256:forward:266:out_ptr28,ENDPOINT_UNIT,,mamba:seq256:forward:266:out_ptr28,mamba,256,FORWARD,add,TRITON,forward:graph0:add_159,true,UNRESOLVED,UNRESOLVED_PENDING_REQUIRED_GATE,,,hypothesis_matrix.json; math_proof_row_sha256=af1e8b4ae6033a82e3ba7439ae018d96a08b8fccbf03a52e2132d355c30d72f3,true,Formation has not been measured; legacy labels are not formation labels.,PENDING,PENDING,PENDING,PENDING,NOT_MEASURED
endpoint::mamba:seq256:forward:266:out_ptr29,ENDPOINT_UNIT,,mamba:seq256:forward:266:out_ptr29,mamba,256,FORWARD,add,TRITON,forward:graph0:add_160,true,UNRESOLVED,UNRESOLVED_PENDING_REQUIRED_GATE,,,hypothesis_matrix.json; math_proof_row_sha256=375ec1a0c2912f32823651110b1f5ef6130cde59b94d1e892b45efada5f53045,true,Formation has not been measured; legacy labels are not formation labels.,PENDING,PENDING,PENDING,PENDING,NOT_MEASURED
endpoint::mamba:seq256:forward:266:out_ptr3,ENDPOINT_UNIT,,mamba:seq256:forward:266:out_ptr3,mamba,256,FORWARD,add,TRITON,forward:graph0:add_134,true,UNRESOLVED,UNRESOLVED_PENDING_REQUIRED_GATE,,,hypothesis_matrix.json; math_proof_row_sha256=041cc90fa66b885713812a06b4a6f58023ced0dc4dc23d601e37dbbe7238d059,true,Formation has not been measured; legacy labels are not formation labels.,PENDING,PENDING,PENDING,PENDING,NOT_MEASURED
endpoint::mamba:seq256:forward:266:out_ptr30,ENDPOINT_UNIT,,mamba:seq256:forward:266:out_ptr30,mamba,256,FORWARD,add,TRITON,forward:graph0:add_161,true,UNRESOLVED,UNRESOLVED_PENDING_REQUIRED_GATE,,,hypothesis_matrix.json; math_proof_row_sha256=5cf65623adc14bc70f9bd94145f2b015827f3efc42973e57b8d701691978de0e,true,Formation has not been measured; legacy labels are not formation labels.,PENDING,PENDING,PENDING,PENDING,NOT_MEASURED
endpoint::mamba:seq256:forward:266:out_ptr31,ENDPOINT_UNIT,,mamba:seq256:forward:266:out_ptr31,mamba,256,FORWARD,add,TRITON,forward:graph0:add_162,true,UNRESOLVED,UNRESOLVED_PENDING_REQUIRED_GATE,,,hypothesis_matrix.json; math_proof_row_sha256=8955e985cc7509b0ca11dca6f9b6c52e36a82ebdb4272d99604279c999b0f039,true,Formation has not been measured; legacy labels are not formation labels.,PENDING,PENDING,PENDING,PENDING,NOT_MEASURED
endpoint::mamba:seq256:forward:266:out_ptr32,ENDPOINT_UNIT,,mamba:seq256:forward:266:out_ptr32,mamba,256,FORWARD,add,TRITON,forward:graph0:add_163,true,UNRESOLVED,UNRESOLVED_PENDING_REQUIRED_GATE,,,hypothesis_matrix.json; math_proof_row_sha256=e696093d223f2a9f5cfa850b634d8b90a046f6570bd3559ee334580f673765bf,true,Formation has not been measured; legacy labels are not formation labels.,PENDING,PENDING,PENDING,PENDING,NOT_MEASURED
endpoint::mamba:seq256:forward:266:out_ptr33,ENDPOINT_UNIT,,mamba:seq256:forward:266:out_ptr33,mamba,256,FORWARD,add,TRITON,forward:graph0:add_164,true,UNRESOLVED,UNRESOLVED_PENDING_REQUIRED_GATE,,,hypothesis_matrix.json; math_proof_row_sha256=7612c3098c2bc1887d463a9800ac1a79dcaebd4cb802863b5d6f7104d09b7591,true,Formation has not been measured; legacy labels are not formation labels.,PENDING,PENDING,PENDING,PENDING,NOT_MEASURED
endpoint::mamba:seq256:forward:266:out_ptr34,ENDPOINT_UNIT,,mamba:seq256:forward:266:out_ptr34,mamba,256,FORWARD,add,TRITON,forward:graph0:add_165,true,UNRESOLVED,UNRESOLVED_PENDING_REQUIRED_GATE,,,hypothesis_matrix.json; math_proof_row_sha256=7864b083adbfa43f74971c12f9b83356f1eb63fccf0219bd98f4e592faf0354e,true,Formation has not been measured; legacy labels are not formation labels.,PENDING,PENDING,PENDING,PENDING,NOT_MEASURED
endpoint::mamba:seq256:forward:266:out_ptr36,ENDPOINT_UNIT,,mamba:seq256:forward:266:out_ptr36,mamba,256,FORWARD,add,TRITON,forward:graph0:add_167,true,UNRESOLVED,UNRESOLVED_PENDING_REQUIRED_GATE,,,hypothesis_matrix.json; math_proof_row_sha256=6d15a8e738af90877277e43b572c28df306f7a4b0caeebd438ee51b64bbd75fe,true,Formation has not been measured; legacy labels are not formation labels.,PENDING,PENDING,PENDING,PENDING,NOT_MEASURED
endpoint::mamba:seq256:forward:266:out_ptr37,ENDPOINT_UNIT,,mamba:seq256:forward:266:out_ptr37,mamba,256,FORWARD,add,TRITON,forward:graph0:add_168,true,UNRESOLVED,UNRESOLVED_PENDING_REQUIRED_GATE,,,hypothesis_matrix.json; math_proof_row_sha256=d45aa446096b35414c4cbee495aebf4887adde51c3c0b2bc80576b9ebe1bd9ff,true,Formation has not been measured; legacy labels are not formation labels.,PENDING,PENDING,PENDING,PENDING,NOT_MEASURED
endpoint::mamba:seq256:forward:266:out_ptr39,ENDPOINT_UNIT,,mamba:seq256:forward:266:out_ptr39,mamba,256,FORWARD,add,TRITON,forward:graph0:add_170,true,UNRESOLVED,UNRESOLVED_PENDING_REQUIRED_GATE,,,hypothesis_matrix.json; math_proof_row_sha256=7616de98695d9c334f5ee9f66ced4db18cebab9e04d5b56165d8a851c3eb6bdb,true,Formation has not been measured; legacy labels are not formation labels.,PENDING,PENDING,PENDING,PENDING,NOT_MEASURED
endpoint::mamba:seq256:forward:266:out_ptr41,ENDPOINT_UNIT,,mamba:seq256:forward:266:out_ptr41,mamba,256,FORWARD,add,TRITON,forward:graph0:add_172,true,UNRESOLVED,UNRESOLVED_PENDING_REQUIRED_GATE,,,hypothesis_matrix.json; math_proof_row_sha256=b3868cf3278fcd87d75c43d05f734e4949778c15ec02ac0990068ffede4f3385,true,Formation has not been measured; legacy labels are not formation labels.,PENDING,PENDING,PENDING,PENDING,NOT_MEASURED
endpoint::mamba:seq256:forward:266:out_ptr42,ENDPOINT_UNIT,,mamba:seq256:forward:266:out_ptr42,mamba,256,FORWARD,add,TRITON,forward:graph0:add_173,true,UNRESOLVED,UNRESOLVED_PENDING_REQUIRED_GATE,,,hypothesis_matrix.json; math_proof_row_sha256=47224cf174ccd41844229c1c0b3e7d49601bdfb0a4803d9ae60962eac5ae7c78,true,Formation has not been measured; legacy labels are not formation labels.,PENDING,PENDING,PENDING,PENDING,NOT_MEASURED
endpoint::mamba:seq256:forward:266:out_ptr44,ENDPOINT_UNIT,,mamba:seq256:forward:266:out_ptr44,mamba,256,FORWARD,add,TRITON,forward:graph0:add_175,true,UNRESOLVED,UNRESOLVED_PENDING_REQUIRED_GATE,,,hypothesis_matrix.json; math_proof_row_sha256=59d97b71f6cd98ff7ea162dc4a1497333ac9a59ad75fba6df3fbc5e6feb53c97,true,Formation has not been measured; legacy labels are not formation labels.,PENDING,PENDING,PENDING,PENDING,NOT_MEASURED
endpoint::mamba:seq256:forward:266:out_ptr45,ENDPOINT_UNIT,,mamba:seq256:forward:266:out_ptr45,mamba,256,FORWARD,add,TRITON,forward:graph0:add_176,true,UNRESOLVED,UNRESOLVED_PENDING_REQUIRED_GATE,,,hypothesis_matrix.json; math_proof_row_sha256=fe5d75d2cf62a653a06b659a47962243ebd3b8bcc60949e4e610db674208121c,true,Formation has not been measured; legacy labels are not formation labels.,PENDING,PENDING,PENDING,PENDING,NOT_MEASURED
endpoint::mamba:seq256:forward:266:out_ptr46,ENDPOINT_UNIT,,mamba:seq256:forward:266:out_ptr46,mamba,256,FORWARD,add,TRITON,forward:graph0:add_177,true,UNRESOLVED,UNRESOLVED_PENDING_REQUIRED_GATE,,,hypothesis_matrix.json; math_proof_row_sha256=eb31a9ba2a750ea912677f9e415e65f0bdfd9104cf9f1b53bb0484f69f465499,true,Formation has not been measured; legacy labels are not formation labels.,PENDING,PENDING,PENDING,PENDING,NOT_MEASURED
endpoint::mamba:seq256:forward:266:out_ptr48,ENDPOINT_UNIT,,mamba:seq256:forward:266:out_ptr48,mamba,256,FORWARD,add,TRITON,forward:graph0:add_179,true,UNRESOLVED,UNRESOLVED_PENDING_REQUIRED_GATE,,,hypothesis_matrix.json; math_proof_row_sha256=b238543d616f14c327a0be62bb044c5447a318f677968157a29be019539d2c11,true,Formation has not been measured; legacy labels are not formation labels.,PENDING,PENDING,PENDING,PENDING,NOT_MEASURED
endpoint::mamba:seq256:forward:266:out_ptr53,ENDPOINT_UNIT,,mamba:seq256:forward:266:out_ptr53,mamba,256,FORWARD,add,TRITON,forward:graph0:add_184,true,UNRESOLVED,UNRESOLVED_PENDING_REQUIRED_GATE,,,hypothesis_matrix.json; math_proof_row_sha256=9449f7839dff2b2aa91a827592032d766e4faf7f1c8dc1914a721e2e235d8fae,true,Formation has not been measured; legacy labels are not formation labels.,PENDING,PENDING,PENDING,PENDING,NOT_MEASURED
endpoint::mamba:seq256:forward:266:out_ptr54,ENDPOINT_UNIT,,mamba:seq256:forward:266:out_ptr54,mamba,256,FORWARD,add,TRITON,forward:graph0:add_185,true,UNRESOLVED,UNRESOLVED_PENDING_REQUIRED_GATE,,,hypothesis_matrix.json; math_proof_row_sha256=d7ee68e97709202da170afdd313fba4772bfbbd011639743dbe5de3a4176e1fc,true,Formation has not been measured; legacy labels are not formation labels.,PENDING,PENDING,PENDING,PENDING,NOT_MEASURED
endpoint::mamba:seq256:forward:266:out_ptr55,ENDPOINT_UNIT,,mamba:seq256:forward:266:out_ptr55,mamba,256,FORWARD,add,TRITON,forward:graph0:add_186,true,UNRESOLVED,UNRESOLVED_PENDING_REQUIRED_GATE,,,hypothesis_matrix.json; math_proof_row_sha256=a46efd3da639cdafae68dd7fcee6acd1bbb131f70a40ddf5a52c50abbde3f649,true,Formation has not been measured; legacy labels are not formation labels.,PENDING,PENDING,PENDING,PENDING,NOT_MEASURED
endpoint::mamba:seq256:forward:266:out_ptr56,ENDPOINT_UNIT,,mamba:seq256:forward:266:out_ptr56,mamba,256,FORWARD,add,TRITON,forward:graph0:add_187,true,UNRESOLVED,UNRESOLVED_PENDING_REQUIRED_GATE,,,hypothesis_matrix.json; math_proof_row_sha256=9d14303bbb4b50f0d61b177760a83f5b9df5b876871cb90e4bb029771b3ad1c3,true,Formation has not been measured; legacy labels are not formation labels.,PENDING,PENDING,PENDING,PENDING,NOT_MEASURED
endpoint::mamba:seq256:forward:266:out_ptr57,ENDPOINT_UNIT,,mamba:seq256:forward:266:out_ptr57,mamba,256,FORWARD,add,TRITON,forward:graph0:add_188,true,UNRESOLVED,UNRESOLVED_PENDING_REQUIRED_GATE,,,hypothesis_matrix.json; math_proof_row_sha256=75b37beceaba21086cc6ad54bd775fc1d6069bc6b57532a39711da7f568cc001,true,Formation has not been measured; legacy labels are not formation labels.,PENDING,PENDING,PENDING,PENDING,NOT_MEASURED
endpoint::mamba:seq256:forward:266:out_ptr59,ENDPOINT_UNIT,,mamba:seq256:forward:266:out_ptr59,mamba,256,FORWARD,add,TRITON,forward:graph0:add_190,true,UNRESOLVED,UNRESOLVED_PENDING_REQUIRED_GATE,,,hypothesis_matrix.json; math_proof_row_sha256=f4a14aeb6d23debc422a2d2a2466fdd878d8877a53f2194eef223f8232737ecb,true,Formation has not been measured; legacy labels are not formation labels.,PENDING,PENDING,PENDING,PENDING,NOT_MEASURED
endpoint::mamba:seq256:forward:266:out_ptr60,ENDPOINT_UNIT,,mamba:seq256:forward:266:out_ptr60,mamba,256,FORWARD,add,TRITON,forward:graph0:add_191,true,UNRESOLVED,UNRESOLVED_PENDING_REQUIRED_GATE,,,hypothesis_matrix.json; math_proof_row_sha256=aa23a9e90bfa8493de33cc56bcc82bf34cc83a782e2e2fcf8be957008de7557d,true,Formation has not been measured; legacy labels are not formation labels.,PENDING,PENDING,PENDING,PENDING,NOT_MEASURED
endpoint::mamba:seq256:forward:266:out_ptr62,ENDPOINT_UNIT,,mamba:seq256:forward:266:out_ptr62,mamba,256,FORWARD,add,TRITON,forward:graph0:add_193,true,UNRESOLVED,UNRESOLVED_PENDING_REQUIRED_GATE,,,hypothesis_matrix.json; math_proof_row_sha256=53b85390f0f0337c1f70980bfc55d0c2b2d879ea9c41643f7cf98ecefc07afb5,true,Formation has not been measured; legacy labels are not formation labels.,PENDING,PENDING,PENDING,PENDING,NOT_MEASURED
endpoint::mamba:seq256:forward:266:out_ptr63,ENDPOINT_UNIT,,mamba:seq256:forward:266:out_ptr63,mamba,256,FORWARD,add,TRITON,forward:graph0:add_194,true,UNRESOLVED,UNRESOLVED_PENDING_REQUIRED_GATE,,,hypothesis_matrix.json; math_proof_row_sha256=30222add981bfa3733bdb1c32de2249b25f2ddf422c8abb107a61e3b11ac5648,true,Formation has not been measured; legacy labels are not formation labels.,PENDING,PENDING,PENDING,PENDING,NOT_MEASURED
endpoint::mamba:seq256:forward:3132:out_ptr26,ENDPOINT_UNIT,,mamba:seq256:forward:3132:out_ptr26,mamba,256,FORWARD,add,TRITON,forward:graph0:add_1077,true,UNRESOLVED,UNRESOLVED_PENDING_REQUIRED_GATE,,,hypothesis_matrix.json; math_proof_row_sha256=32a32f955d35eff080027cacf10b4eb9148431746623c108e3e3c5c5d440fa77,true,Formation has not been measured; legacy labels are not formation labels.,PENDING,PENDING,PENDING,PENDING,NOT_MEASURED
endpoint::mamba:seq256:forward:3132:out_ptr27,ENDPOINT_UNIT,,mamba:seq256:forward:3132:out_ptr27,mamba,256,FORWARD,add,TRITON,forward:graph0:add_1078,true,UNRESOLVED,UNRESOLVED_PENDING_REQUIRED_GATE,,,hypothesis_matrix.json; math_proof_row_sha256=4602edcda605a59059830a007f5b87736b9c12ea27193988a9f929c78eccc020,true,Formation has not been measured; legacy labels are not formation labels.,PENDING,PENDING,PENDING,PENDING,NOT_MEASURED
endpoint::mamba:seq256:forward:3174:output_0,ENDPOINT_UNIT,,mamba:seq256:forward:3174:output_0,mamba,256,FORWARD,mm,EXTERN,forward:graph0:mm_default_11243,true,NORMAL_REFERENCE,NORMAL_REFERENCE_NO_LOCAL_DIRECTIONAL_DIFFERENCE,,,hypothesis_matrix.json; math_proof_row_sha256=4dad53013e0eae2e0985eb48793894d4075fea756724c059a44bdc0f8200e447,true,Formation has not been measured; legacy labels are not formation labels.,PENDING,PENDING,PENDING,PENDING,NOT_MEASURED
endpoint::mamba:seq256:forward:3230:output_0,ENDPOINT_UNIT,,mamba:seq256:forward:3230:output_0,mamba,256,FORWARD,mm,EXTERN,forward:graph0:mm_default_11215,true,UNRESOLVED,UNRESOLVED_PENDING_REQUIRED_GATE,,,hypothesis_matrix.json; math_proof_row_sha256=6cb56b13b0e0183f0cae12a97efced850f6964aab19bccb44e476548c33c8589,true,Formation has not been measured; legacy labels are not formation labels.,PENDING,PENDING,PENDING,PENDING,NOT_MEASURED
endpoint::mamba:seq256:forward:3234:output_0,ENDPOINT_UNIT,,mamba:seq256:forward:3234:output_0,mamba,256,FORWARD,mm,EXTERN,forward:graph0:mm_default_11213,true,NORMAL_REFERENCE,NORMAL_REFERENCE_NO_LOCAL_DIRECTIONAL_DIFFERENCE,,,hypothesis_matrix.json; math_proof_row_sha256=8be94b1593ef8c0756326925ca530faa601f850c9104aeca38239f8bcb16d857,true,Formation has not been measured; legacy labels are not formation labels.,PENDING,PENDING,PENDING,PENDING,NOT_MEASURED
endpoint::mamba:seq256:forward:3261:out_ptr33,ENDPOINT_UNIT,,mamba:seq256:forward:3261:out_ptr33,mamba,256,FORWARD,add,TRITON,forward:graph0:add_1148,true,UNRESOLVED,UNRESOLVED_PENDING_REQUIRED_GATE,,,hypothesis_matrix.json; math_proof_row_sha256=e948e215d3f56d7cac18fbb6064e531074ebbc6ad14b2ab74126ce650a75bcd1,true,Formation has not been measured; legacy labels are not formation labels.,PENDING,PENDING,PENDING,PENDING,NOT_MEASURED
endpoint::mamba:seq256:forward:3269:output_0,ENDPOINT_UNIT,,mamba:seq256:forward:3269:output_0,mamba,256,FORWARD,mm,EXTERN,forward:graph0:mm_default_11196,true,NORMAL_REFERENCE,NORMAL_REFERENCE_NO_LOCAL_DIRECTIONAL_DIFFERENCE,,,hypothesis_matrix.json; math_proof_row_sha256=993d2e6be24a36c157f364ae80146c5f397366a09b5954358231d622295665d8,true,Formation has not been measured; legacy labels are not formation labels.,PENDING,PENDING,PENDING,PENDING,NOT_MEASURED
endpoint::mamba:seq256:forward:3277:output_0,ENDPOINT_UNIT,,mamba:seq256:forward:3277:output_0,mamba,256,FORWARD,mm,EXTERN,forward:graph0:mm_default_11192,true,UNRESOLVED,UNRESOLVED_PENDING_REQUIRED_GATE,,,hypothesis_matrix.json; math_proof_row_sha256=0428d4dc4fd65007be9e9188089c1b46342eca604ae4a1e7c84b7f22e3467f07,true,Formation has not been measured; legacy labels are not formation labels.,PENDING,PENDING,PENDING,PENDING,NOT_MEASURED
endpoint::mamba:seq256:forward:3293:output_0,ENDPOINT_UNIT,,mamba:seq256:forward:3293:output_0,mamba,256,FORWARD,mm,EXTERN,forward:graph0:mm_default_11184,true,NORMAL_REFERENCE,NORMAL_REFERENCE_NO_LOCAL_DIRECTIONAL_DIFFERENCE,,,hypothesis_matrix.json; math_proof_row_sha256=6389bb2941ecf005e79962e71c11dcef2320f454bc26381f2598f78e4fc40bc6,true,Formation has not been measured; legacy labels are not formation labels.,PENDING,PENDING,PENDING,PENDING,NOT_MEASURED
endpoint::mamba:seq256:forward:3349:output_0,ENDPOINT_UNIT,,mamba:seq256:forward:3349:output_0,mamba,256,FORWARD,mm,EXTERN,forward:graph0:mm_default_11156,true,NORMAL_REFERENCE,NORMAL_REFERENCE_NO_LOCAL_DIRECTIONAL_DIFFERENCE,,,hypothesis_matrix.json; math_proof_row_sha256=7387a9e16ecd804dca840aa6ea7faaacdbcb3a78ae892a493eb2e8e056845c32,true,Formation has not been measured; legacy labels are not formation labels.,PENDING,PENDING,PENDING,PENDING,NOT_MEASURED
endpoint::mamba:seq256:forward:3390:out_ptr0,ENDPOINT_UNIT,,mamba:seq256:forward:3390:out_ptr0,mamba,256,FORWARD,add,TRITON,forward:graph0:add_1179,true,UNRESOLVED,UNRESOLVED_PENDING_REQUIRED_GATE,,,hypothesis_matrix.json; math_proof_row_sha256=d16f6a8ae1b4f175463e9480a7146246eb18beae90ddf223ae5eec6f0b386865,true,Formation has not been measured; legacy labels are not formation labels.,PENDING,PENDING,PENDING,PENDING,NOT_MEASURED
endpoint::mamba:seq256:forward:3396:output_0,ENDPOINT_UNIT,,mamba:seq256:forward:3396:output_0,mamba,256,FORWARD,mm,EXTERN,forward:graph0:mm_default_11133,true,UNRESOLVED,UNRESOLVED_PENDING_REQUIRED_GATE,,,hypothesis_matrix.json; math_proof_row_sha256=e32bdfef041c4ee901ac093a0337ce7536fb7837fb382a036142d6aec9787839,true,Formation has not been measured; legacy labels are not formation labels.,PENDING,PENDING,PENDING,PENDING,NOT_MEASURED
endpoint::mamba:seq256:forward:3519:out_ptr14,ENDPOINT_UNIT,,mamba:seq256:forward:3519:out_ptr14,mamba,256,FORWARD,add,TRITON,forward:graph0:add_1257,true,UNRESOLVED,UNRESOLVED_PENDING_REQUIRED_GATE,,,hypothesis_matrix.json; math_proof_row_sha256=e0fd8ee750d86a97579cfa2eaa0b7ba7992433bf4af1da22735ab4bbf3003a19,true,Formation has not been measured; legacy labels are not formation labels.,PENDING,PENDING,PENDING,PENDING,NOT_MEASURED
endpoint::mamba:seq256:forward:3519:out_ptr15,ENDPOINT_UNIT,,mamba:seq256:forward:3519:out_ptr15,mamba,256,FORWARD,add,TRITON,forward:graph0:add_1258,true,UNRESOLVED,UNRESOLVED_PENDING_REQUIRED_GATE,,,hypothesis_matrix.json; math_proof_row_sha256=c5b29338c0ee9d301e0501b8f9b6c636d13aff2b1a133267f6c5b0ab847095cd,true,Formation has not been measured; legacy labels are not formation labels.,PENDING,PENDING,PENDING,PENDING,NOT_MEASURED
endpoint::mamba:seq256:forward:3519:out_ptr17,ENDPOINT_UNIT,,mamba:seq256:forward:3519:out_ptr17,mamba,256,FORWARD,add,TRITON,forward:graph0:add_1260,true,UNRESOLVED,UNRESOLVED_PENDING_REQUIRED_GATE,,,hypothesis_matrix.json; math_proof_row_sha256=17eba58b8563050d5ae0b8d50386684043bdda3dc8df1efd0856442c3cb35c2a,true,Formation has not been measured; legacy labels are not formation labels.,PENDING,PENDING,PENDING,PENDING,NOT_MEASURED
endpoint::mamba:seq256:forward:3519:out_ptr47,ENDPOINT_UNIT,,mamba:seq256:forward:3519:out_ptr47,mamba,256,FORWARD,add,TRITON,forward:graph0:add_1290,true,UNRESOLVED,UNRESOLVED_PENDING_REQUIRED_GATE,,,hypothesis_matrix.json; math_proof_row_sha256=c8ae4be2a3eccecba48a9572f965db0c9c7dbf141d87f153da4c10a9d65b5e36,true,Formation has not been measured; legacy labels are not formation labels.,PENDING,PENDING,PENDING,PENDING,NOT_MEASURED
endpoint::mamba:seq256:forward:3519:out_ptr50,ENDPOINT_UNIT,,mamba:seq256:forward:3519:out_ptr50,mamba,256,FORWARD,add,TRITON,forward:graph0:add_1293,true,UNRESOLVED,UNRESOLVED_PENDING_REQUIRED_GATE,,,hypothesis_matrix.json; math_proof_row_sha256=d62a10d6a40abf6d1bf7782bfc95a4405de91acd02bbf70778b29e640ef9e6b0,true,Formation has not been measured; legacy labels are not formation labels.,PENDING,PENDING,PENDING,PENDING,NOT_MEASURED
endpoint::mamba:seq256:forward:3577:output_0,ENDPOINT_UNIT,,mamba:seq256:forward:3577:output_0,mamba,256,FORWARD,mm,EXTERN,forward:graph0:mm_default_11043,true,NORMAL_REFERENCE,NORMAL_REFERENCE_NO_LOCAL_DIRECTIONAL_DIFFERENCE,,,hypothesis_matrix.json; math_proof_row_sha256=f83a71ddf749df9d5ae5446e9b8db360f59ffb876c38967a046da8815ef90d90,true,Formation has not been measured; legacy labels are not formation labels.,PENDING,PENDING,PENDING,PENDING,NOT_MEASURED
endpoint::mamba:seq256:forward:3913:out_ptr46,ENDPOINT_UNIT,,mamba:seq256:forward:3913:out_ptr46,mamba,256,FORWARD,add,TRITON,forward:graph0:add_1359,true,UNRESOLVED,UNRESOLVED_PENDING_REQUIRED_GATE,,,hypothesis_matrix.json; math_proof_row_sha256=6da9b8ab2878a29b5f1175cedac9265239696dcddc229b6181b04c3bb27401e0,true,Formation has not been measured; legacy labels are not formation labels.,PENDING,PENDING,PENDING,PENDING,NOT_MEASURED
endpoint::mamba:seq256:forward:3913:out_ptr48,ENDPOINT_UNIT,,mamba:seq256:forward:3913:out_ptr48,mamba,256,FORWARD,add,TRITON,forward:graph0:add_1361,true,UNRESOLVED,UNRESOLVED_PENDING_REQUIRED_GATE,,,hypothesis_matrix.json; math_proof_row_sha256=861823f6ab8e9a9030147a2b438e0bfdd6b34fec506b4ab732fc9cd43563957a,true,Formation has not been measured; legacy labels are not formation labels.,PENDING,PENDING,PENDING,PENDING,NOT_MEASURED
endpoint::mamba:seq256:forward:3913:out_ptr50,ENDPOINT_UNIT,,mamba:seq256:forward:3913:out_ptr50,mamba,256,FORWARD,add,TRITON,forward:graph0:add_1363,true,UNRESOLVED,UNRESOLVED_PENDING_REQUIRED_GATE,,,hypothesis_matrix.json; math_proof_row_sha256=7f4fb1ab08f4ead19f8b3cf9aa3d8f61bf39096dd4a20f45dd14a241affd9d4c,true,Formation has not been measured; legacy labels are not formation labels.,PENDING,PENDING,PENDING,PENDING,NOT_MEASURED
endpoint::mamba:seq256:forward:3913:out_ptr51,ENDPOINT_UNIT,,mamba:seq256:forward:3913:out_ptr51,mamba,256,FORWARD,add,TRITON,forward:graph0:add_1364,true,UNRESOLVED,UNRESOLVED_PENDING_REQUIRED_GATE,,,hypothesis_matrix.json; math_proof_row_sha256=e02ca65d2f9383dc3c31df3f282ff58c490dc6d1185f3fef6a1d37bdbc7f5442,true,Formation has not been measured; legacy labels are not formation labels.,PENDING,PENDING,PENDING,PENDING,NOT_MEASURED
endpoint::mamba:seq256:forward:3913:out_ptr52,ENDPOINT_UNIT,,mamba:seq256:forward:3913:out_ptr52,mamba,256,FORWARD,add,TRITON,forward:graph0:add_1365,true,UNRESOLVED,UNRESOLVED_PENDING_REQUIRED_GATE,,,hypothesis_matrix.json; math_proof_row_sha256=c84018dcb12702a3285cd023d59d76ffd33ced4280771d28df62376b05c8b89d,true,Formation has not been measured; legacy labels are not formation labels.,PENDING,PENDING,PENDING,PENDING,NOT_MEASURED
endpoint::mamba:seq256:forward:3913:out_ptr54,ENDPOINT_UNIT,,mamba:seq256:forward:3913:out_ptr54,mamba,256,FORWARD,add,TRITON,forward:graph0:add_1367,true,UNRESOLVED,UNRESOLVED_PENDING_REQUIRED_GATE,,,hypothesis_matrix.json; math_proof_row_sha256=0ddc27b2ca1d74b96a8b29e69c0b61a724e7db0db224266f9221c2be3d692eb5,true,Formation has not been measured; legacy labels are not formation labels.,PENDING,PENDING,PENDING,PENDING,NOT_MEASURED
endpoint::mamba:seq256:forward:3913:out_ptr55,ENDPOINT_UNIT,,mamba:seq256:forward:3913:out_ptr55,mamba,256,FORWARD,add,TRITON,forward:graph0:add_1368,true,UNRESOLVED,UNRESOLVED_PENDING_REQUIRED_GATE,,,hypothesis_matrix.json; math_proof_row_sha256=d6b7bf140b581242fca93975469a7aa9fb19b77ce359b32a8ba58091c692309b,true,Formation has not been measured; legacy labels are not formation labels.,PENDING,PENDING,PENDING,PENDING,NOT_MEASURED
endpoint::mamba:seq256:forward:3913:out_ptr56,ENDPOINT_UNIT,,mamba:seq256:forward:3913:out_ptr56,mamba,256,FORWARD,add,TRITON,forward:graph0:add_1369,true,UNRESOLVED,UNRESOLVED_PENDING_REQUIRED_GATE,,,hypothesis_matrix.json; math_proof_row_sha256=3d6a3ba360a88b9cd6ac6fbf2d9b398b67a261e866dfd3515bb58df1928dd5f9,true,Formation has not been measured; legacy labels are not formation labels.,PENDING,PENDING,PENDING,PENDING,NOT_MEASURED
endpoint::mamba:seq256:forward:3913:out_ptr57,ENDPOINT_UNIT,,mamba:seq256:forward:3913:out_ptr57,mamba,256,FORWARD,add,TRITON,forward:graph0:add_1370,true,UNRESOLVED,UNRESOLVED_PENDING_REQUIRED_GATE,,,hypothesis_matrix.json; math_proof_row_sha256=de8ce976422eb3f5f5e5d5d22cfe796853a753c487bdaddb11b44b770525acda,true,Formation has not been measured; legacy labels are not formation labels.,PENDING,PENDING,PENDING,PENDING,NOT_MEASURED
endpoint::mamba:seq256:forward:3913:out_ptr58,ENDPOINT_UNIT,,mamba:seq256:forward:3913:out_ptr58,mamba,256,FORWARD,add,TRITON,forward:graph0:add_1371,true,UNRESOLVED,UNRESOLVED_PENDING_REQUIRED_GATE,,,hypothesis_matrix.json; math_proof_row_sha256=354d5fd9763c20156a28bfadd361932c6d2731178d6434bff98336e700aa1c97,true,Formation has not been measured; legacy labels are not formation labels.,PENDING,PENDING,PENDING,PENDING,NOT_MEASURED
endpoint::mamba:seq256:forward:3913:out_ptr59,ENDPOINT_UNIT,,mamba:seq256:forward:3913:out_ptr59,mamba,256,FORWARD,add,TRITON,forward:graph0:add_1372,true,UNRESOLVED,UNRESOLVED_PENDING_REQUIRED_GATE,,,hypothesis_matrix.json; math_proof_row_sha256=9026f4412aa44c25674091f0a5b3c6e24a23208afec4b280c11dba711f12985c,true,Formation has not been measured; legacy labels are not formation labels.,PENDING,PENDING,PENDING,PENDING,NOT_MEASURED
endpoint::mamba:seq256:forward:3913:out_ptr60,ENDPOINT_UNIT,,mamba:seq256:forward:3913:out_ptr60,mamba,256,FORWARD,add,TRITON,forward:graph0:add_1373,true,UNRESOLVED,UNRESOLVED_PENDING_REQUIRED_GATE,,,hypothesis_matrix.json; math_proof_row_sha256=bc6f1aa0604cb7fe5b9fe65f9a51b189d1f020879ee99b734abc6f59940a2d11,true,Formation has not been measured; legacy labels are not formation labels.,PENDING,PENDING,PENDING,PENDING,NOT_MEASURED
endpoint::mamba:seq256:forward:3913:out_ptr61,ENDPOINT_UNIT,,mamba:seq256:forward:3913:out_ptr61,mamba,256,FORWARD,add,TRITON,forward:graph0:add_1374,true,UNRESOLVED,UNRESOLVED_PENDING_REQUIRED_GATE,,,hypothesis_matrix.json; math_proof_row_sha256=d5912fd0dbd37b00e4b5cf47c26b3f3ce8e7a11ef769ed7e04c5c6fec56c2b70,true,Formation has not been measured; legacy labels are not formation labels.,PENDING,PENDING,PENDING,PENDING,NOT_MEASURED
endpoint::mamba:seq256:forward:3913:out_ptr62,ENDPOINT_UNIT,,mamba:seq256:forward:3913:out_ptr62,mamba,256,FORWARD,add,TRITON,forward:graph0:add_1375,true,UNRESOLVED,UNRESOLVED_PENDING_REQUIRED_GATE,,,hypothesis_matrix.json; math_proof_row_sha256=5eb065bd93f8848b96ff000af71a1cb011dc7ab88f84d77b0cdbe8955d0454d4,true,Formation has not been measured; legacy labels are not formation labels.,PENDING,PENDING,PENDING,PENDING,NOT_MEASURED
endpoint::mamba:seq256:forward:3913:out_ptr63,ENDPOINT_UNIT,,mamba:seq256:forward:3913:out_ptr63,mamba,256,FORWARD,add,TRITON,forward:graph0:add_1376,true,UNRESOLVED,UNRESOLVED_PENDING_REQUIRED_GATE,,,hypothesis_matrix.json; math_proof_row_sha256=f3708f9a11c7cc98bea96dcbd9276df1d88972ed17e7d93803272a26cd57490c,true,Formation has not been measured; legacy labels are not formation labels.,PENDING,PENDING,PENDING,PENDING,NOT_MEASURED
endpoint::mamba:seq256:forward:395:out_ptr0,ENDPOINT_UNIT,,mamba:seq256:forward:395:out_ptr0,mamba,256,FORWARD,add,TRITON,forward:graph0:add_195,true,UNRESOLVED,UNRESOLVED_PENDING_REQUIRED_GATE,,,hypothesis_matrix.json; math_proof_row_sha256=b4bfeef1f5cdbffebe45bc713bfc268e2bd8733b4fd63e2f056f2a1fee4b60ca,true,Formation has not been measured; legacy labels are not formation labels.,PENDING,PENDING,PENDING,PENDING,NOT_MEASURED
endpoint::mamba:seq256:forward:395:out_ptr1,ENDPOINT_UNIT,,mamba:seq256:forward:395:out_ptr1,mamba,256,FORWARD,add,TRITON,forward:graph0:add_196,true,UNRESOLVED,UNRESOLVED_PENDING_REQUIRED_GATE,,,hypothesis_matrix.json; math_proof_row_sha256=2cf0d5f1a3e6c3082131bfd5d36e34015086b76ad4a6a6d4dc6ac73840c9b9fe,true,Formation has not been measured; legacy labels are not formation labels.,PENDING,PENDING,PENDING,PENDING,NOT_MEASURED
endpoint::mamba:seq256:forward:395:out_ptr10,ENDPOINT_UNIT,,mamba:seq256:forward:395:out_ptr10,mamba,256,FORWARD,add,TRITON,forward:graph0:add_205,true,UNRESOLVED,UNRESOLVED_PENDING_REQUIRED_GATE,,,hypothesis_matrix.json; math_proof_row_sha256=14b16e59de0e66a191b9677867e64dca53e3363294d4904cfb41a62c09585f73,true,Formation has not been measured; legacy labels are not formation labels.,PENDING,PENDING,PENDING,PENDING,NOT_MEASURED
endpoint::mamba:seq256:forward:395:out_ptr11,ENDPOINT_UNIT,,mamba:seq256:forward:395:out_ptr11,mamba,256,FORWARD,add,TRITON,forward:graph0:add_206,true,UNRESOLVED,UNRESOLVED_PENDING_REQUIRED_GATE,,,hypothesis_matrix.json; math_proof_row_sha256=6b14f371a6239fb98c24764d65421c10bc18f1f2cf2935ebdd026607119bef55,true,Formation has not been measured; legacy labels are not formation labels.,PENDING,PENDING,PENDING,PENDING,NOT_MEASURED
endpoint::mamba:seq256:forward:395:out_ptr12,ENDPOINT_UNIT,,mamba:seq256:forward:395:out_ptr12,mamba,256,FORWARD,add,TRITON,forward:graph0:add_207,true,UNRESOLVED,UNRESOLVED_PENDING_REQUIRED_GATE,,,hypothesis_matrix.json; math_proof_row_sha256=36a8f06a638335e5920e3f3df6dc57d7c87c53351923e2f9301e322538bb0c79,true,Formation has not been measured; legacy labels are not formation labels.,PENDING,PENDING,PENDING,PENDING,NOT_MEASURED
endpoint::mamba:seq256:forward:395:out_ptr13,ENDPOINT_UNIT,,mamba:seq256:forward:395:out_ptr13,mamba,256,FORWARD,add,TRITON,forward:graph0:add_208,true,UNRESOLVED,UNRESOLVED_PENDING_REQUIRED_GATE,,,hypothesis_matrix.json; math_proof_row_sha256=7368f1d0bc49037b2de490528436ff1c10d6bedce710730c039bf57b9d105da0,true,Formation has not been measured; legacy labels are not formation labels.,PENDING,PENDING,PENDING,PENDING,NOT_MEASURED
endpoint::mamba:seq256:forward:395:out_ptr14,ENDPOINT_UNIT,,mamba:seq256:forward:395:out_ptr14,mamba,256,FORWARD,add,TRITON,forward:graph0:add_209,true,UNRESOLVED,UNRESOLVED_PENDING_REQUIRED_GATE,,,hypothesis_matrix.json; math_proof_row_sha256=941925dcedc780ff2c5d33722a6860c4448319b298e59e30f94370e1740b0be3,true,Formation has not been measured; legacy labels are not formation labels.,PENDING,PENDING,PENDING,PENDING,NOT_MEASURED
endpoint::mamba:seq256:forward:395:out_ptr15,ENDPOINT_UNIT,,mamba:seq256:forward:395:out_ptr15,mamba,256,FORWARD,add,TRITON,forward:graph0:add_210,true,UNRESOLVED,UNRESOLVED_PENDING_REQUIRED_GATE,,,hypothesis_matrix.json; math_proof_row_sha256=00fd18fe4a49b68846dfe053a327d5103e43478eff506b3de12a31b88252a2dc,true,Formation has not been measured; legacy labels are not formation labels.,PENDING,PENDING,PENDING,PENDING,NOT_MEASURED
endpoint::mamba:seq256:forward:395:out_ptr16,ENDPOINT_UNIT,,mamba:seq256:forward:395:out_ptr16,mamba,256,FORWARD,add,TRITON,forward:graph0:add_211,true,UNRESOLVED,UNRESOLVED_PENDING_REQUIRED_GATE,,,hypothesis_matrix.json; math_proof_row_sha256=45312954e279af24b502299166516946683f4550e7c55e4101390bb269c53e41,true,Formation has not been measured; legacy labels are not formation labels.,PENDING,PENDING,PENDING,PENDING,NOT_MEASURED
endpoint::mamba:seq256:forward:395:out_ptr17,ENDPOINT_UNIT,,mamba:seq256:forward:395:out_ptr17,mamba,256,FORWARD,add,TRITON,forward:graph0:add_212,true,UNRESOLVED,UNRESOLVED_PENDING_REQUIRED_GATE,,,hypothesis_matrix.json; math_proof_row_sha256=7c30cf66adda1cfc55a047f953bc2441e0bfc6943a4e508c28b904752f17a7c9,true,Formation has not been measured; legacy labels are not formation labels.,PENDING,PENDING,PENDING,PENDING,NOT_MEASURED
endpoint::mamba:seq256:forward:395:out_ptr19,ENDPOINT_UNIT,,mamba:seq256:forward:395:out_ptr19,mamba,256,FORWARD,add,TRITON,forward:graph0:add_214,true,UNRESOLVED,UNRESOLVED_PENDING_REQUIRED_GATE,,,hypothesis_matrix.json; math_proof_row_sha256=531df87451939d83cafcaa555a3e145d1b7dfc62f9cce9c7e61fca3e9c6c1bc9,true,Formation has not been measured; legacy labels are not formation labels.,PENDING,PENDING,PENDING,PENDING,NOT_MEASURED
endpoint::mamba:seq256:forward:395:out_ptr2,ENDPOINT_UNIT,,mamba:seq256:forward:395:out_ptr2,mamba,256,FORWARD,add,TRITON,forward:graph0:add_197,true,UNRESOLVED,UNRESOLVED_PENDING_REQUIRED_GATE,,,hypothesis_matrix.json; math_proof_row_sha256=3d3b64e69c6d3321ff4b658b13daf40509fe8a482e27e4f16a4ad65c2c8d270d,true,Formation has not been measured; legacy labels are not formation labels.,PENDING,PENDING,PENDING,PENDING,NOT_MEASURED
endpoint::mamba:seq256:forward:395:out_ptr20,ENDPOINT_UNIT,,mamba:seq256:forward:395:out_ptr20,mamba,256,FORWARD,add,TRITON,forward:graph0:add_215,true,UNRESOLVED,UNRESOLVED_PENDING_REQUIRED_GATE,,,hypothesis_matrix.json; math_proof_row_sha256=312cfddd326202f79b5e5aa1aeef53b352397aaaefe3efd64f0eda03aafbea15,true,Formation has not been measured; legacy labels are not formation labels.,PENDING,PENDING,PENDING,PENDING,NOT_MEASURED
endpoint::mamba:seq256:forward:395:out_ptr22,ENDPOINT_UNIT,,mamba:seq256:forward:395:out_ptr22,mamba,256,FORWARD,add,TRITON,forward:graph0:add_217,true,UNRESOLVED,UNRESOLVED_PENDING_REQUIRED_GATE,,,hypothesis_matrix.json; math_proof_row_sha256=7a913c7a103b0e4026b7e68794265ed6e0e5b072e637e463cf6acf42bcb7bb19,true,Formation has not been measured; legacy labels are not formation labels.,PENDING,PENDING,PENDING,PENDING,NOT_MEASURED
endpoint::mamba:seq256:forward:395:out_ptr23,ENDPOINT_UNIT,,mamba:seq256:forward:395:out_ptr23,mamba,256,FORWARD,add,TRITON,forward:graph0:add_218,true,UNRESOLVED,UNRESOLVED_PENDING_REQUIRED_GATE,,,hypothesis_matrix.json; math_proof_row_sha256=99dfa47b27de02510d52680318ce4474a669589ff6a7b18e712a91e337bf75e6,true,Formation has not been measured; legacy labels are not formation labels.,PENDING,PENDING,PENDING,PENDING,NOT_MEASURED
endpoint::mamba:seq256:forward:395:out_ptr25,ENDPOINT_UNIT,,mamba:seq256:forward:395:out_ptr25,mamba,256,FORWARD,add,TRITON,forward:graph0:add_220,true,UNRESOLVED,UNRESOLVED_PENDING_REQUIRED_GATE,,,hypothesis_matrix.json; math_proof_row_sha256=b02d21732a5ee060ec144c3d379827e25ec35e0ddb23870c7ba0c01a99bbcab8,true,Formation has not been measured; legacy labels are not formation labels.,PENDING,PENDING,PENDING,PENDING,NOT_MEASURED
endpoint::mamba:seq256:forward:395:out_ptr29,ENDPOINT_UNIT,,mamba:seq256:forward:395:out_ptr29,mamba,256,FORWARD,add,TRITON,forward:graph0:add_224,true,UNRESOLVED,UNRESOLVED_PENDING_REQUIRED_GATE,,,hypothesis_matrix.json; math_proof_row_sha256=dedd54970803a5e7f2c436e6501fd6d3b0eff71d7a3648406abebfaf4ee9a3f4,true,Formation has not been measured; legacy labels are not formation labels.,PENDING,PENDING,PENDING,PENDING,NOT_MEASURED
endpoint::mamba:seq256:forward:395:out_ptr3,ENDPOINT_UNIT,,mamba:seq256:forward:395:out_ptr3,mamba,256,FORWARD,add,TRITON,forward:graph0:add_198,true,UNRESOLVED,UNRESOLVED_PENDING_REQUIRED_GATE,,,hypothesis_matrix.json; math_proof_row_sha256=a5273b27e8541f32ca95a7a15909f67a435f2e0d5e0992175bbb9321c6e7f7ab,true,Formation has not been measured; legacy labels are not formation labels.,PENDING,PENDING,PENDING,PENDING,NOT_MEASURED
endpoint::mamba:seq256:forward:395:out_ptr30,ENDPOINT_UNIT,,mamba:seq256:forward:395:out_ptr30,mamba,256,FORWARD,add,TRITON,forward:graph0:add_225,true,UNRESOLVED,UNRESOLVED_PENDING_REQUIRED_GATE,,,hypothesis_matrix.json; math_proof_row_sha256=5b78cf5ab68804d8931f454d8abcdc503b98a77b64623ad9c424ef0d2929d6b4,true,Formation has not been measured; legacy labels are not formation labels.,PENDING,PENDING,PENDING,PENDING,NOT_MEASURED
endpoint::mamba:seq256:forward:395:out_ptr33,ENDPOINT_UNIT,,mamba:seq256:forward:395:out_ptr33,mamba,256,FORWARD,add,TRITON,forward:graph0:add_228,true,UNRESOLVED,UNRESOLVED_PENDING_REQUIRED_GATE,,,hypothesis_matrix.json; math_proof_row_sha256=dc601732dece4f225523c03a8ec549b2043ac44ee07f7140157c47958b230a36,true,Formation has not been measured; legacy labels are not formation labels.,PENDING,PENDING,PENDING,PENDING,NOT_MEASURED
endpoint::mamba:seq256:forward:395:out_ptr34,ENDPOINT_UNIT,,mamba:seq256:forward:395:out_ptr34,mamba,256,FORWARD,add,TRITON,forward:graph0:add_229,true,UNRESOLVED,UNRESOLVED_PENDING_REQUIRED_GATE,,,hypothesis_matrix.json; math_proof_row_sha256=5910c9cf6ada061159b547c82f2788e57672e5664447661f6a714c5d058815ad,true,Formation has not been measured; legacy labels are not formation labels.,PENDING,PENDING,PENDING,PENDING,NOT_MEASURED
endpoint::mamba:seq256:forward:395:out_ptr35,ENDPOINT_UNIT,,mamba:seq256:forward:395:out_ptr35,mamba,256,FORWARD,add,TRITON,forward:graph0:add_230,true,UNRESOLVED,UNRESOLVED_PENDING_REQUIRED_GATE,,,hypothesis_matrix.json; math_proof_row_sha256=1ed8c0b7895f8c539f81956aa6cf09a97d21b76c185054b11fc62dd6e48af3d5,true,Formation has not been measured; legacy labels are not formation labels.,PENDING,PENDING,PENDING,PENDING,NOT_MEASURED
endpoint::mamba:seq256:forward:395:out_ptr37,ENDPOINT_UNIT,,mamba:seq256:forward:395:out_ptr37,mamba,256,FORWARD,add,TRITON,forward:graph0:add_232,true,UNRESOLVED,UNRESOLVED_PENDING_REQUIRED_GATE,,,hypothesis_matrix.json; math_proof_row_sha256=26acd9fa7c43d4aedbfb5c964c8b5601d1fe9e222facc60e52498105a495f949,true,Formation has not been measured; legacy labels are not formation labels.,PENDING,PENDING,PENDING,PENDING,NOT_MEASURED
endpoint::mamba:seq256:forward:395:out_ptr4,ENDPOINT_UNIT,,mamba:seq256:forward:395:out_ptr4,mamba,256,FORWARD,add,TRITON,forward:graph0:add_199,true,UNRESOLVED,UNRESOLVED_PENDING_REQUIRED_GATE,,,hypothesis_matrix.json; math_proof_row_sha256=45552b7d2154bb906d945831fc25de431cf4381686f78312f5a4c043196d6fe8,true,Formation has not been measured; legacy labels are not formation labels.,PENDING,PENDING,PENDING,PENDING,NOT_MEASURED
endpoint::mamba:seq256:forward:395:out_ptr40,ENDPOINT_UNIT,,mamba:seq256:forward:395:out_ptr40,mamba,256,FORWARD,add,TRITON,forward:graph0:add_235,true,UNRESOLVED,UNRESOLVED_PENDING_REQUIRED_GATE,,,hypothesis_matrix.json; math_proof_row_sha256=bbbfc901aa3d709863139ff2e888dcf99beb58cecc6a6fe45747d7d27d049391,true,Formation has not been measured; legacy labels are not formation labels.,PENDING,PENDING,PENDING,PENDING,NOT_MEASURED
endpoint::mamba:seq256:forward:395:out_ptr43,ENDPOINT_UNIT,,mamba:seq256:forward:395:out_ptr43,mamba,256,FORWARD,add,TRITON,forward:graph0:add_238,true,UNRESOLVED,UNRESOLVED_PENDING_REQUIRED_GATE,,,hypothesis_matrix.json; math_proof_row_sha256=daaee74a590dcde6d38052d17d15500d01b7886e8a48efc71453f0a06e4b9d61,true,Formation has not been measured; legacy labels are not formation labels.,PENDING,PENDING,PENDING,PENDING,NOT_MEASURED
endpoint::mamba:seq256:forward:395:out_ptr44,ENDPOINT_UNIT,,mamba:seq256:forward:395:out_ptr44,mamba,256,FORWARD,add,TRITON,forward:graph0:add_239,true,UNRESOLVED,UNRESOLVED_PENDING_REQUIRED_GATE,,,hypothesis_matrix.json; math_proof_row_sha256=677cda403266680e3359be8c53bdc0c8c3079fc02dd237992b4d1ea06ce3c432,true,Formation has not been measured; legacy labels are not formation labels.,PENDING,PENDING,PENDING,PENDING,NOT_MEASURED
endpoint::mamba:seq256:forward:395:out_ptr48,ENDPOINT_UNIT,,mamba:seq256:forward:395:out_ptr48,mamba,256,FORWARD,add,TRITON,forward:graph0:add_243,true,UNRESOLVED,UNRESOLVED_PENDING_REQUIRED_GATE,,,hypothesis_matrix.json; math_proof_row_sha256=db6d5e87a258844e862138006f579a1b5dabc0a5d669dcb3b2a27bcb3d25345b,true,Formation has not been measured; legacy labels are not formation labels.,PENDING,PENDING,PENDING,PENDING,NOT_MEASURED
endpoint::mamba:seq256:forward:395:out_ptr5,ENDPOINT_UNIT,,mamba:seq256:forward:395:out_ptr5,mamba,256,FORWARD,add,TRITON,forward:graph0:add_200,true,UNRESOLVED,UNRESOLVED_PENDING_REQUIRED_GATE,,,hypothesis_matrix.json; math_proof_row_sha256=deef40eedb65fdd67caebd8aa260dc6993460f9170d30210e87a2ce5cc2d920d,true,Formation has not been measured; legacy labels are not formation labels.,PENDING,PENDING,PENDING,PENDING,NOT_MEASURED
endpoint::mamba:seq256:forward:395:out_ptr52,ENDPOINT_UNIT,,mamba:seq256:forward:395:out_ptr52,mamba,256,FORWARD,add,TRITON,forward:graph0:add_247,true,UNRESOLVED,UNRESOLVED_PENDING_REQUIRED_GATE,,,hypothesis_matrix.json; math_proof_row_sha256=9521a9fbaf3c32109470948cbb103d6fa6d752e17329f813c203f2d762e4148c,true,Formation has not been measured; legacy labels are not formation labels.,PENDING,PENDING,PENDING,PENDING,NOT_MEASURED
endpoint::mamba:seq256:forward:395:out_ptr54,ENDPOINT_UNIT,,mamba:seq256:forward:395:out_ptr54,mamba,256,FORWARD,add,TRITON,forward:graph0:add_249,true,UNRESOLVED,UNRESOLVED_PENDING_REQUIRED_GATE,,,hypothesis_matrix.json; math_proof_row_sha256=7a48765a0370b7b184c3e9e1cfc43dc2c310e77b9325cc6e6869f82cbba660b0,true,Formation has not been measured; legacy labels are not formation labels.,PENDING,PENDING,PENDING,PENDING,NOT_MEASURED
endpoint::mamba:seq256:forward:395:out_ptr56,ENDPOINT_UNIT,,mamba:seq256:forward:395:out_ptr56,mamba,256,FORWARD,add,TRITON,forward:graph0:add_251,true,UNRESOLVED,UNRESOLVED_PENDING_REQUIRED_GATE,,,hypothesis_matrix.json; math_proof_row_sha256=b53ec2475cc55c0a0fc7cbb581e05a27056e7e3936e17c657242a1407e64779c,true,Formation has not been measured; legacy labels are not formation labels.,PENDING,PENDING,PENDING,PENDING,NOT_MEASURED
endpoint::mamba:seq256:forward:395:out_ptr6,ENDPOINT_UNIT,,mamba:seq256:forward:395:out_ptr6,mamba,256,FORWARD,add,TRITON,forward:graph0:add_201,true,UNRESOLVED,UNRESOLVED_PENDING_REQUIRED_GATE,,,hypothesis_matrix.json; math_proof_row_sha256=3821bf794c36f629dd9daa4ebc250916df3e571cf8979b4c1f5f26fb84972019,true,Formation has not been measured; legacy labels are not formation labels.,PENDING,PENDING,PENDING,PENDING,NOT_MEASURED
endpoint::mamba:seq256:forward:395:out_ptr60,ENDPOINT_UNIT,,mamba:seq256:forward:395:out_ptr60,mamba,256,FORWARD,add,TRITON,forward:graph0:add_255,true,UNRESOLVED,UNRESOLVED_PENDING_REQUIRED_GATE,,,hypothesis_matrix.json; math_proof_row_sha256=6565ade1de398a6036994436d491cb561ea1db61e4c8eadc37f2b4dfb2ab0333,true,Formation has not been measured; legacy labels are not formation labels.,PENDING,PENDING,PENDING,PENDING,NOT_MEASURED
endpoint::mamba:seq256:forward:395:out_ptr61,ENDPOINT_UNIT,,mamba:seq256:forward:395:out_ptr61,mamba,256,FORWARD,add,TRITON,forward:graph0:add_256,true,UNRESOLVED,UNRESOLVED_PENDING_REQUIRED_GATE,,,hypothesis_matrix.json; math_proof_row_sha256=876b61aefb9d8b604f978959f94c97b2f092151cdb20c0950c353f1ef2d23177,true,Formation has not been measured; legacy labels are not formation labels.,PENDING,PENDING,PENDING,PENDING,NOT_MEASURED
endpoint::mamba:seq256:forward:395:out_ptr62,ENDPOINT_UNIT,,mamba:seq256:forward:395:out_ptr62,mamba,256,FORWARD,add,TRITON,forward:graph0:add_257,true,UNRESOLVED,UNRESOLVED_PENDING_REQUIRED_GATE,,,hypothesis_matrix.json; math_proof_row_sha256=eac6b63ae0f192adb77d6ec2692998174613eb80e738744f2ec0bce61f6edaed,true,Formation has not been measured; legacy labels are not formation labels.,PENDING,PENDING,PENDING,PENDING,NOT_MEASURED
endpoint::mamba:seq256:forward:395:out_ptr7,ENDPOINT_UNIT,,mamba:seq256:forward:395:out_ptr7,mamba,256,FORWARD,add,TRITON,forward:graph0:add_202,true,UNRESOLVED,UNRESOLVED_PENDING_REQUIRED_GATE,,,hypothesis_matrix.json; math_proof_row_sha256=7ff5bcd9901ac3abfbc80c717de5ca9aa2be87963b18eb04514e55c45874d638,true,Formation has not been measured; legacy labels are not formation labels.,PENDING,PENDING,PENDING,PENDING,NOT_MEASURED
endpoint::mamba:seq256:forward:395:out_ptr8,ENDPOINT_UNIT,,mamba:seq256:forward:395:out_ptr8,mamba,256,FORWARD,add,TRITON,forward:graph0:add_203,true,UNRESOLVED,UNRESOLVED_PENDING_REQUIRED_GATE,,,hypothesis_matrix.json; math_proof_row_sha256=39ee2a70cafb41f52d4e7769e6f2f8118f1f2fd6c896e7499d390c474164773b,true,Formation has not been measured; legacy labels are not formation labels.,PENDING,PENDING,PENDING,PENDING,NOT_MEASURED
endpoint::mamba:seq256:forward:395:out_ptr9,ENDPOINT_UNIT,,mamba:seq256:forward:395:out_ptr9,mamba,256,FORWARD,add,TRITON,forward:graph0:add_204,true,UNRESOLVED,UNRESOLVED_PENDING_REQUIRED_GATE,,,hypothesis_matrix.json; math_proof_row_sha256=50d4cbf700af5207e421b7ff9e944476b2c013169b349d292f83c86fce45dd24,true,Formation has not been measured; legacy labels are not formation labels.,PENDING,PENDING,PENDING,PENDING,NOT_MEASURED
endpoint::mamba:seq256:forward:4042:out_ptr0,ENDPOINT_UNIT,,mamba:seq256:forward:4042:out_ptr0,mamba,256,FORWARD,add,TRITON,forward:graph0:add_1377,true,UNRESOLVED,UNRESOLVED_PENDING_REQUIRED_GATE,,,hypothesis_matrix.json; math_proof_row_sha256=5b6efb614a783015d7cf2473eaeebd3753f7adf7772affe92643b8d28274df10,true,Formation has not been measured; legacy labels are not formation labels.,PENDING,PENDING,PENDING,PENDING,NOT_MEASURED
endpoint::mamba:seq256:forward:4042:out_ptr10,ENDPOINT_UNIT,,mamba:seq256:forward:4042:out_ptr10,mamba,256,FORWARD,add,TRITON,forward:graph0:add_1387,true,UNRESOLVED,UNRESOLVED_PENDING_REQUIRED_GATE,,,hypothesis_matrix.json; math_proof_row_sha256=51cd865136f9bc23ff601f158fe62823b316ff5f12e101badd21a67689148d90,true,Formation has not been measured; legacy labels are not formation labels.,PENDING,PENDING,PENDING,PENDING,NOT_MEASURED
endpoint::mamba:seq256:forward:4042:out_ptr11,ENDPOINT_UNIT,,mamba:seq256:forward:4042:out_ptr11,mamba,256,FORWARD,add,TRITON,forward:graph0:add_1388,true,UNRESOLVED,UNRESOLVED_PENDING_REQUIRED_GATE,,,hypothesis_matrix.json; math_proof_row_sha256=dd85fa1a29c7810ac0cf570e5f28b413118f82878c5b329f9f14577099971ea2,true,Formation has not been measured; legacy labels are not formation labels.,PENDING,PENDING,PENDING,PENDING,NOT_MEASURED
endpoint::mamba:seq256:forward:4042:out_ptr12,ENDPOINT_UNIT,,mamba:seq256:forward:4042:out_ptr12,mamba,256,FORWARD,add,TRITON,forward:graph0:add_1389,true,UNRESOLVED,UNRESOLVED_PENDING_REQUIRED_GATE,,,hypothesis_matrix.json; math_proof_row_sha256=e948a2829979eca200d83b11cd2bbc9bc857be5d839169bdf7c3f69463b5c94f,true,Formation has not been measured; legacy labels are not formation labels.,PENDING,PENDING,PENDING,PENDING,NOT_MEASURED
endpoint::mamba:seq256:forward:4042:out_ptr13,ENDPOINT_UNIT,,mamba:seq256:forward:4042:out_ptr13,mamba,256,FORWARD,add,TRITON,forward:graph0:add_1390,true,UNRESOLVED,UNRESOLVED_PENDING_REQUIRED_GATE,,,hypothesis_matrix.json; math_proof_row_sha256=2edd7cbdbfdfe10c33433d9e5d36438e307c2b20605508cf576c8b6e86cac71c,true,Formation has not been measured; legacy labels are not formation labels.,PENDING,PENDING,PENDING,PENDING,NOT_MEASURED
endpoint::mamba:seq256:forward:4042:out_ptr14,ENDPOINT_UNIT,,mamba:seq256:forward:4042:out_ptr14,mamba,256,FORWARD,add,TRITON,forward:graph0:add_1391,true,UNRESOLVED,UNRESOLVED_PENDING_REQUIRED_GATE,,,hypothesis_matrix.json; math_proof_row_sha256=97dd2171ca35bb216d6ee4c4e46ff172f98402cd23d378c49a0145ab6f59ff08,true,Formation has not been measured; legacy labels are not formation labels.,PENDING,PENDING,PENDING,PENDING,NOT_MEASURED
endpoint::mamba:seq256:forward:4042:out_ptr15,ENDPOINT_UNIT,,mamba:seq256:forward:4042:out_ptr15,mamba,256,FORWARD,add,TRITON,forward:graph0:add_1392,true,UNRESOLVED,UNRESOLVED_PENDING_REQUIRED_GATE,,,hypothesis_matrix.json; math_proof_row_sha256=cc566303a915540da312ea94a7e3d0fe02c0e206ce34c27a1e2e2e3598a97947,true,Formation has not been measured; legacy labels are not formation labels.,PENDING,PENDING,PENDING,PENDING,NOT_MEASURED
endpoint::mamba:seq256:forward:4042:out_ptr16,ENDPOINT_UNIT,,mamba:seq256:forward:4042:out_ptr16,mamba,256,FORWARD,add,TRITON,forward:graph0:add_1393,true,UNRESOLVED,UNRESOLVED_PENDING_REQUIRED_GATE,,,hypothesis_matrix.json; math_proof_row_sha256=da47220fc7765960bcb93f28368e0e4ccd6becd81ca2304b27753db52b878d0b,true,Formation has not been measured; legacy labels are not formation labels.,PENDING,PENDING,PENDING,PENDING,NOT_MEASURED
endpoint::mamba:seq256:forward:4042:out_ptr17,ENDPOINT_UNIT,,mamba:seq256:forward:4042:out_ptr17,mamba,256,FORWARD,add,TRITON,forward:graph0:add_1394,true,UNRESOLVED,UNRESOLVED_PENDING_REQUIRED_GATE,,,hypothesis_matrix.json; math_proof_row_sha256=4ded80065d9ea03f666a1c97fd608db28671ca2b7af816c47807840678220d0b,true,Formation has not been measured; legacy labels are not formation labels.,PENDING,PENDING,PENDING,PENDING,NOT_MEASURED
endpoint::mamba:seq256:forward:4042:out_ptr18,ENDPOINT_UNIT,,mamba:seq256:forward:4042:out_ptr18,mamba,256,FORWARD,add,TRITON,forward:graph0:add_1395,true,UNRESOLVED,UNRESOLVED_PENDING_REQUIRED_GATE,,,hypothesis_matrix.json; math_proof_row_sha256=d1c0a2fd97a241d678c1696cbfd903a9bc0091ce27af840b2c5c5243f58c5ac0,true,Formation has not been measured; legacy labels are not formation labels.,PENDING,PENDING,PENDING,PENDING,NOT_MEASURED
endpoint::mamba:seq256:forward:4042:out_ptr19,ENDPOINT_UNIT,,mamba:seq256:forward:4042:out_ptr19,mamba,256,FORWARD,add,TRITON,forward:graph0:add_1396,true,UNRESOLVED,UNRESOLVED_PENDING_REQUIRED_GATE,,,hypothesis_matrix.json; math_proof_row_sha256=0f00b98c408f71b4066fe362c9c7d3752e029cfaf692927945ce903cbbc84aeb,true,Formation has not been measured; legacy labels are not formation labels.,PENDING,PENDING,PENDING,PENDING,NOT_MEASURED
endpoint::mamba:seq256:forward:4042:out_ptr2,ENDPOINT_UNIT,,mamba:seq256:forward:4042:out_ptr2,mamba,256,FORWARD,add,TRITON,forward:graph0:add_1379,true,UNRESOLVED,UNRESOLVED_PENDING_REQUIRED_GATE,,,hypothesis_matrix.json; math_proof_row_sha256=cb5db7df53e39d393bede38ce3467b7bb3874fcb5a0e96d5abb8146c0ac6bfbe,true,Formation has not been measured; legacy labels are not formation labels.,PENDING,PENDING,PENDING,PENDING,NOT_MEASURED
endpoint::mamba:seq256:forward:4042:out_ptr20,ENDPOINT_UNIT,,mamba:seq256:forward:4042:out_ptr20,mamba,256,FORWARD,add,TRITON,forward:graph0:add_1397,true,UNRESOLVED,UNRESOLVED_PENDING_REQUIRED_GATE,,,hypothesis_matrix.json; math_proof_row_sha256=49790039aa0227a4e617c45460231c1e32239f9bc2bf6371a408b12b45bbb01f,true,Formation has not been measured; legacy labels are not formation labels.,PENDING,PENDING,PENDING,PENDING,NOT_MEASURED
endpoint::mamba:seq256:forward:4042:out_ptr21,ENDPOINT_UNIT,,mamba:seq256:forward:4042:out_ptr21,mamba,256,FORWARD,add,TRITON,forward:graph0:add_1398,true,UNRESOLVED,UNRESOLVED_PENDING_REQUIRED_GATE,,,hypothesis_matrix.json; math_proof_row_sha256=041894319f62c08843d8e25c9cf6a0fc82aae0455796dde75b3e944882aa5599,true,Formation has not been measured; legacy labels are not formation labels.,PENDING,PENDING,PENDING,PENDING,NOT_MEASURED
endpoint::mamba:seq256:forward:4042:out_ptr23,ENDPOINT_UNIT,,mamba:seq256:forward:4042:out_ptr23,mamba,256,FORWARD,add,TRITON,forward:graph0:add_1400,true,UNRESOLVED,UNRESOLVED_PENDING_REQUIRED_GATE,,,hypothesis_matrix.json; math_proof_row_sha256=2e1b72f5114ea318551b32dd317400e8c46e6797246dde4dc7aeaf78d6c3814c,true,Formation has not been measured; legacy labels are not formation labels.,PENDING,PENDING,PENDING,PENDING,NOT_MEASURED
endpoint::mamba:seq256:forward:4042:out_ptr24,ENDPOINT_UNIT,,mamba:seq256:forward:4042:out_ptr24,mamba,256,FORWARD,add,TRITON,forward:graph0:add_1401,true,UNRESOLVED,UNRESOLVED_PENDING_REQUIRED_GATE,,,hypothesis_matrix.json; math_proof_row_sha256=79e7d54eb2590a5eb17b2f38a1faa60ca9c087cc134ea722d94f4b35788a327d,true,Formation has not been measured; legacy labels are not formation labels.,PENDING,PENDING,PENDING,PENDING,NOT_MEASURED
endpoint::mamba:seq256:forward:4042:out_ptr25,ENDPOINT_UNIT,,mamba:seq256:forward:4042:out_ptr25,mamba,256,FORWARD,add,TRITON,forward:graph0:add_1402,true,UNRESOLVED,UNRESOLVED_PENDING_REQUIRED_GATE,,,hypothesis_matrix.json; math_proof_row_sha256=646325dbb8c73f87c721afd48e8f090f0b95e56e7cf7edd7e3a418432e54d856,true,Formation has not been measured; legacy labels are not formation labels.,PENDING,PENDING,PENDING,PENDING,NOT_MEASURED
endpoint::mamba:seq256:forward:4042:out_ptr27,ENDPOINT_UNIT,,mamba:seq256:forward:4042:out_ptr27,mamba,256,FORWARD,add,TRITON,forward:graph0:add_1404,true,UNRESOLVED,UNRESOLVED_PENDING_REQUIRED_GATE,,,hypothesis_matrix.json; math_proof_row_sha256=034784aec85192821662d9e47fca87d768f7f4760bc34529b5a711936f6b36f2,true,Formation has not been measured; legacy labels are not formation labels.,PENDING,PENDING,PENDING,PENDING,NOT_MEASURED
endpoint::mamba:seq256:forward:4042:out_ptr3,ENDPOINT_UNIT,,mamba:seq256:forward:4042:out_ptr3,mamba,256,FORWARD,add,TRITON,forward:graph0:add_1380,true,UNRESOLVED,UNRESOLVED_PENDING_REQUIRED_GATE,,,hypothesis_matrix.json; math_proof_row_sha256=d98a54639f3b96f98ba475c0929cc6488c78f2143ac79b6ecc00fef3248dade5,true,Formation has not been measured; legacy labels are not formation labels.,PENDING,PENDING,PENDING,PENDING,NOT_MEASURED
endpoint::mamba:seq256:forward:4042:out_ptr32,ENDPOINT_UNIT,,mamba:seq256:forward:4042:out_ptr32,mamba,256,FORWARD,add,TRITON,forward:graph0:add_1409,true,UNRESOLVED,UNRESOLVED_PENDING_REQUIRED_GATE,,,hypothesis_matrix.json; math_proof_row_sha256=3f76b3709be9e8feeba5a77ff2a4e28ca1311ea99c44421df5b7a84b180cfa57,true,Formation has not been measured; legacy labels are not formation labels.,PENDING,PENDING,PENDING,PENDING,NOT_MEASURED
endpoint::mamba:seq256:forward:4042:out_ptr4,ENDPOINT_UNIT,,mamba:seq256:forward:4042:out_ptr4,mamba,256,FORWARD,add,TRITON,forward:graph0:add_1381,true,UNRESOLVED,UNRESOLVED_PENDING_REQUIRED_GATE,,,hypothesis_matrix.json; math_proof_row_sha256=737a0843e7a792c91538c0a5ede6c1ac128b1ddb8e49fd5968cb99314b98a083,true,Formation has not been measured; legacy labels are not formation labels.,PENDING,PENDING,PENDING,PENDING,NOT_MEASURED
endpoint::mamba:seq256:forward:4042:out_ptr41,ENDPOINT_UNIT,,mamba:seq256:forward:4042:out_ptr41,mamba,256,FORWARD,add,TRITON,forward:graph0:add_1418,true,UNRESOLVED,UNRESOLVED_PENDING_REQUIRED_GATE,,,hypothesis_matrix.json; math_proof_row_sha256=269802756c9ac4bb381f29458916b2b51f19bf87a91d1a17e671a53a0b319e97,true,Formation has not been measured; legacy labels are not formation labels.,PENDING,PENDING,PENDING,PENDING,NOT_MEASURED
endpoint::mamba:seq256:forward:4042:out_ptr42,ENDPOINT_UNIT,,mamba:seq256:forward:4042:out_ptr42,mamba,256,FORWARD,add,TRITON,forward:graph0:add_1419,true,UNRESOLVED,UNRESOLVED_PENDING_REQUIRED_GATE,,,hypothesis_matrix.json; math_proof_row_sha256=c0effff256661c76778d1aa5be51b97e7cab71bdb50ee614a0f21c9d27fbca5d,true,Formation has not been measured; legacy labels are not formation labels.,PENDING,PENDING,PENDING,PENDING,NOT_MEASURED
endpoint::mamba:seq256:forward:4042:out_ptr43,ENDPOINT_UNIT,,mamba:seq256:forward:4042:out_ptr43,mamba,256,FORWARD,add,TRITON,forward:graph0:add_1420,true,UNRESOLVED,UNRESOLVED_PENDING_REQUIRED_GATE,,,hypothesis_matrix.json; math_proof_row_sha256=4fc7def9b7a4e2291d84fe57dc48ae13208e8f235b9fe878211eafc6c2dfe935,true,Formation has not been measured; legacy labels are not formation labels.,PENDING,PENDING,PENDING,PENDING,NOT_MEASURED
endpoint::mamba:seq256:forward:4042:out_ptr44,ENDPOINT_UNIT,,mamba:seq256:forward:4042:out_ptr44,mamba,256,FORWARD,add,TRITON,forward:graph0:add_1421,true,UNRESOLVED,UNRESOLVED_PENDING_REQUIRED_GATE,,,hypothesis_matrix.json; math_proof_row_sha256=13c2666814f75571b0042613c22a3ecd2fbefce072228c5b97736bfee9c787ac,true,Formation has not been measured; legacy labels are not formation labels.,PENDING,PENDING,PENDING,PENDING,NOT_MEASURED
endpoint::mamba:seq256:forward:4042:out_ptr46,ENDPOINT_UNIT,,mamba:seq256:forward:4042:out_ptr46,mamba,256,FORWARD,add,TRITON,forward:graph0:add_1423,true,UNRESOLVED,UNRESOLVED_PENDING_REQUIRED_GATE,,,hypothesis_matrix.json; math_proof_row_sha256=aa49125ae39b691f0dc8282cd07d081f2b08972e2a8d45377ec94ce0dc3a1c0b,true,Formation has not been measured; legacy labels are not formation labels.,PENDING,PENDING,PENDING,PENDING,NOT_MEASURED
endpoint::mamba:seq256:forward:4042:out_ptr47,ENDPOINT_UNIT,,mamba:seq256:forward:4042:out_ptr47,mamba,256,FORWARD,add,TRITON,forward:graph0:add_1424,true,UNRESOLVED,UNRESOLVED_PENDING_REQUIRED_GATE,,,hypothesis_matrix.json; math_proof_row_sha256=e3d464d46d8bf74f3af17402b95a73b62f94a431c40c2c020e46375c322d140a,true,Formation has not been measured; legacy labels are not formation labels.,PENDING,PENDING,PENDING,PENDING,NOT_MEASURED
endpoint::mamba:seq256:forward:4042:out_ptr48,ENDPOINT_UNIT,,mamba:seq256:forward:4042:out_ptr48,mamba,256,FORWARD,add,TRITON,forward:graph0:add_1425,true,UNRESOLVED,UNRESOLVED_PENDING_REQUIRED_GATE,,,hypothesis_matrix.json; math_proof_row_sha256=4b1fa9cfcb0ff16a3dced2c5c5f6cb679c31d5ed6a434113aae23bd04fbc7363,true,Formation has not been measured; legacy labels are not formation labels.,PENDING,PENDING,PENDING,PENDING,NOT_MEASURED
endpoint::mamba:seq256:forward:4042:out_ptr49,ENDPOINT_UNIT,,mamba:seq256:forward:4042:out_ptr49,mamba,256,FORWARD,add,TRITON,forward:graph0:add_1426,true,UNRESOLVED,UNRESOLVED_PENDING_REQUIRED_GATE,,,hypothesis_matrix.json; math_proof_row_sha256=51e846bcf4eab5d6fed88c93b138ddfcbe9548005adad0999d88ead287a01127,true,Formation has not been measured; legacy labels are not formation labels.,PENDING,PENDING,PENDING,PENDING,NOT_MEASURED
endpoint::mamba:seq256:forward:4042:out_ptr5,ENDPOINT_UNIT,,mamba:seq256:forward:4042:out_ptr5,mamba,256,FORWARD,add,TRITON,forward:graph0:add_1382,true,UNRESOLVED,UNRESOLVED_PENDING_REQUIRED_GATE,,,hypothesis_matrix.json; math_proof_row_sha256=70c0117483c598bb564efc77191ba330115a11675596a687c4d71b2ba97c27d3,true,Formation has not been measured; legacy labels are not formation labels.,PENDING,PENDING,PENDING,PENDING,NOT_MEASURED
endpoint::mamba:seq256:forward:4042:out_ptr50,ENDPOINT_UNIT,,mamba:seq256:forward:4042:out_ptr50,mamba,256,FORWARD,add,TRITON,forward:graph0:add_1427,true,UNRESOLVED,UNRESOLVED_PENDING_REQUIRED_GATE,,,hypothesis_matrix.json; math_proof_row_sha256=7e62421d0ed7491ae6f5c975b736348ff9c0937f4ec152f8c3522ef34457369a,true,Formation has not been measured; legacy labels are not formation labels.,PENDING,PENDING,PENDING,PENDING,NOT_MEASURED
endpoint::mamba:seq256:forward:4042:out_ptr51,ENDPOINT_UNIT,,mamba:seq256:forward:4042:out_ptr51,mamba,256,FORWARD,add,TRITON,forward:graph0:add_1428,true,UNRESOLVED,UNRESOLVED_PENDING_REQUIRED_GATE,,,hypothesis_matrix.json; math_proof_row_sha256=c860725626bd0e16d38b2b13725735ac8d33492d20d7d39bb8810b5b560a53f3,true,Formation has not been measured; legacy labels are not formation labels.,PENDING,PENDING,PENDING,PENDING,NOT_MEASURED
endpoint::mamba:seq256:forward:4042:out_ptr52,ENDPOINT_UNIT,,mamba:seq256:forward:4042:out_ptr52,mamba,256,FORWARD,add,TRITON,forward:graph0:add_1429,true,UNRESOLVED,UNRESOLVED_PENDING_REQUIRED_GATE,,,hypothesis_matrix.json; math_proof_row_sha256=b7d8832cac09c2cfd7d1067368566a78f3a7c23d39bcbad5847a385402959042,true,Formation has not been measured; legacy labels are not formation labels.,PENDING,PENDING,PENDING,PENDING,NOT_MEASURED
endpoint::mamba:seq256:forward:4042:out_ptr53,ENDPOINT_UNIT,,mamba:seq256:forward:4042:out_ptr53,mamba,256,FORWARD,add,TRITON,forward:graph0:add_1430,true,UNRESOLVED,UNRESOLVED_PENDING_REQUIRED_GATE,,,hypothesis_matrix.json; math_proof_row_sha256=f6a73990c9b361f37e17bebfa974e129e3e8cad8175e10d97fa736acac8fc3b6,true,Formation has not been measured; legacy labels are not formation labels.,PENDING,PENDING,PENDING,PENDING,NOT_MEASURED
endpoint::mamba:seq256:forward:4042:out_ptr54,ENDPOINT_UNIT,,mamba:seq256:forward:4042:out_ptr54,mamba,256,FORWARD,add,TRITON,forward:graph0:add_1431,true,UNRESOLVED,UNRESOLVED_PENDING_REQUIRED_GATE,,,hypothesis_matrix.json; math_proof_row_sha256=1cd777a7446e303a5f604c137032a4a344104299a3e1e86e3319e52002eb91f9,true,Formation has not been measured; legacy labels are not formation labels.,PENDING,PENDING,PENDING,PENDING,NOT_MEASURED
endpoint::mamba:seq256:forward:4042:out_ptr55,ENDPOINT_UNIT,,mamba:seq256:forward:4042:out_ptr55,mamba,256,FORWARD,add,TRITON,forward:graph0:add_1432,true,UNRESOLVED,UNRESOLVED_PENDING_REQUIRED_GATE,,,hypothesis_matrix.json; math_proof_row_sha256=1f74de47544d8c9d8730c0cdf5b39a9959b0697cdb221ba77d68ce86cb56fdfe,true,Formation has not been measured; legacy labels are not formation labels.,PENDING,PENDING,PENDING,PENDING,NOT_MEASURED
endpoint::mamba:seq256:forward:4042:out_ptr57,ENDPOINT_UNIT,,mamba:seq256:forward:4042:out_ptr57,mamba,256,FORWARD,add,TRITON,forward:graph0:add_1434,true,UNRESOLVED,UNRESOLVED_PENDING_REQUIRED_GATE,,,hypothesis_matrix.json; math_proof_row_sha256=41785934255e798d087f91cdfa8ba82a3dbb89eaedf6b363d2325e09cdc69e02,true,Formation has not been measured; legacy labels are not formation labels.,PENDING,PENDING,PENDING,PENDING,NOT_MEASURED
endpoint::mamba:seq256:forward:4042:out_ptr58,ENDPOINT_UNIT,,mamba:seq256:forward:4042:out_ptr58,mamba,256,FORWARD,add,TRITON,forward:graph0:add_1435,true,UNRESOLVED,UNRESOLVED_PENDING_REQUIRED_GATE,,,hypothesis_matrix.json; math_proof_row_sha256=22d0e5e9653651e33dd624fdab39385ed6d96d775d444d85b941986bf89f54b6,true,Formation has not been measured; legacy labels are not formation labels.,PENDING,PENDING,PENDING,PENDING,NOT_MEASURED
endpoint::mamba:seq256:forward:4042:out_ptr59,ENDPOINT_UNIT,,mamba:seq256:forward:4042:out_ptr59,mamba,256,FORWARD,add,TRITON,forward:graph0:add_1436,true,UNRESOLVED,UNRESOLVED_PENDING_REQUIRED_GATE,,,hypothesis_matrix.json; math_proof_row_sha256=562d06afee9285b364ac5412864f88a99cefbf53032c30d23f60b02207e90a31,true,Formation has not been measured; legacy labels are not formation labels.,PENDING,PENDING,PENDING,PENDING,NOT_MEASURED
endpoint::mamba:seq256:forward:4042:out_ptr6,ENDPOINT_UNIT,,mamba:seq256:forward:4042:out_ptr6,mamba,256,FORWARD,add,TRITON,forward:graph0:add_1383,true,UNRESOLVED,UNRESOLVED_PENDING_REQUIRED_GATE,,,hypothesis_matrix.json; math_proof_row_sha256=70f30857f33251a500b00083b49a2b86612f0c83b1d9606be559938480e134b8,true,Formation has not been measured; legacy labels are not formation labels.,PENDING,PENDING,PENDING,PENDING,NOT_MEASURED
endpoint::mamba:seq256:forward:4042:out_ptr60,ENDPOINT_UNIT,,mamba:seq256:forward:4042:out_ptr60,mamba,256,FORWARD,add,TRITON,forward:graph0:add_1437,true,UNRESOLVED,UNRESOLVED_PENDING_REQUIRED_GATE,,,hypothesis_matrix.json; math_proof_row_sha256=1f239cb1fd8ffb2bcc86ace55c0060a9065cfab15684ff47c7806d4dafa72e19,true,Formation has not been measured; legacy labels are not formation labels.,PENDING,PENDING,PENDING,PENDING,NOT_MEASURED
endpoint::mamba:seq256:forward:4042:out_ptr7,ENDPOINT_UNIT,,mamba:seq256:forward:4042:out_ptr7,mamba,256,FORWARD,add,TRITON,forward:graph0:add_1384,true,UNRESOLVED,UNRESOLVED_PENDING_REQUIRED_GATE,,,hypothesis_matrix.json; math_proof_row_sha256=7b5cc8ec956cb5617a08541866a09ad4c298addafcdfe003fff681c414231a50,true,Formation has not been measured; legacy labels are not formation labels.,PENDING,PENDING,PENDING,PENDING,NOT_MEASURED
endpoint::mamba:seq256:forward:4042:out_ptr8,ENDPOINT_UNIT,,mamba:seq256:forward:4042:out_ptr8,mamba,256,FORWARD,add,TRITON,forward:graph0:add_1385,true,UNRESOLVED,UNRESOLVED_PENDING_REQUIRED_GATE,,,hypothesis_matrix.json; math_proof_row_sha256=8630dd33c8e434e545a4a72e4c2de9d1863aa51b4b45f781758bfbd97860672a,true,Formation has not been measured; legacy labels are not formation labels.,PENDING,PENDING,PENDING,PENDING,NOT_MEASURED
endpoint::mamba:seq256:forward:4042:out_ptr9,ENDPOINT_UNIT,,mamba:seq256:forward:4042:out_ptr9,mamba,256,FORWARD,add,TRITON,forward:graph0:add_1386,true,UNRESOLVED,UNRESOLVED_PENDING_REQUIRED_GATE,,,hypothesis_matrix.json; math_proof_row_sha256=5e7bc3a8495400a092101a579b44f47a8175dd691ea4a8c248793feda0309639,true,Formation has not been measured; legacy labels are not formation labels.,PENDING,PENDING,PENDING,PENDING,NOT_MEASURED
endpoint::mamba:seq256:forward:4171:out_ptr44,ENDPOINT_UNIT,,mamba:seq256:forward:4171:out_ptr44,mamba,256,FORWARD,add,TRITON,forward:graph0:add_1485,true,UNRESOLVED,UNRESOLVED_PENDING_REQUIRED_GATE,,,hypothesis_matrix.json; math_proof_row_sha256=75ee5b49ca0c38f20dac053d9db9ee4565ee5266883073a7161319e822449f02,true,Formation has not been measured; legacy labels are not formation labels.,PENDING,PENDING,PENDING,PENDING,NOT_MEASURED
endpoint::mamba:seq256:forward:4199:output_0,ENDPOINT_UNIT,,mamba:seq256:forward:4199:output_0,mamba,256,FORWARD,mm,EXTERN,forward:graph0:mm_default_10866,true,NORMAL_REFERENCE,NORMAL_REFERENCE_NO_LOCAL_DIRECTIONAL_DIFFERENCE,,,hypothesis_matrix.json; math_proof_row_sha256=11869930e78d1e92888d025d33a776c1cca16fe66bebc5665f02608938123134,true,Formation has not been measured; legacy labels are not formation labels.,PENDING,PENDING,PENDING,PENDING,NOT_MEASURED
endpoint::mamba:seq256:forward:4233:output_0,ENDPOINT_UNIT,,mamba:seq256:forward:4233:output_0,mamba,256,FORWARD,mm,EXTERN,forward:graph0:mm_default_10849,true,NORMAL_REFERENCE,NORMAL_REFERENCE_NO_LOCAL_DIRECTIONAL_DIFFERENCE,,,hypothesis_matrix.json; math_proof_row_sha256=0d1c7fa735f52bea511f5c64d2dd8af625a0bd6e1c872ba353f999dbf5e586a0,true,Formation has not been measured; legacy labels are not formation labels.,PENDING,PENDING,PENDING,PENDING,NOT_MEASURED
endpoint::mamba:seq256:forward:4300:out_ptr10,ENDPOINT_UNIT,,mamba:seq256:forward:4300:out_ptr10,mamba,256,FORWARD,add,TRITON,forward:graph0:add_1515,true,UNRESOLVED,UNRESOLVED_PENDING_REQUIRED_GATE,,,hypothesis_matrix.json; math_proof_row_sha256=1883844ed808c23f16fb47814eab661d7ab8e1fcbff1ba999b2673eb09a63501,true,Formation has not been measured; legacy labels are not formation labels.,PENDING,PENDING,PENDING,PENDING,NOT_MEASURED
endpoint::mamba:seq256:forward:4300:out_ptr11,ENDPOINT_UNIT,,mamba:seq256:forward:4300:out_ptr11,mamba,256,FORWARD,add,TRITON,forward:graph0:add_1516,true,UNRESOLVED,UNRESOLVED_PENDING_REQUIRED_GATE,,,hypothesis_matrix.json; math_proof_row_sha256=f1a06fa40e92f66c3b5f3e6c8ec1994cb07f2189aa98a52eeb020ce75850c093,true,Formation has not been measured; legacy labels are not formation labels.,PENDING,PENDING,PENDING,PENDING,NOT_MEASURED
endpoint::mamba:seq256:forward:4300:out_ptr12,ENDPOINT_UNIT,,mamba:seq256:forward:4300:out_ptr12,mamba,256,FORWARD,add,TRITON,forward:graph0:add_1517,true,UNRESOLVED,UNRESOLVED_PENDING_REQUIRED_GATE,,,hypothesis_matrix.json; math_proof_row_sha256=0950bf07148a748e268d74168527000ccadc34c551ec908156eecfe2e0d3ad5e,true,Formation has not been measured; legacy labels are not formation labels.,PENDING,PENDING,PENDING,PENDING,NOT_MEASURED
endpoint::mamba:seq256:forward:4300:out_ptr14,ENDPOINT_UNIT,,mamba:seq256:forward:4300:out_ptr14,mamba,256,FORWARD,add,TRITON,forward:graph0:add_1519,true,UNRESOLVED,UNRESOLVED_PENDING_REQUIRED_GATE,,,hypothesis_matrix.json; math_proof_row_sha256=98fd9c7ab0e7809eed5651a14ec8c6dddca2e1f0e33f8c1b7842a9321fd1ae35,true,Formation has not been measured; legacy labels are not formation labels.,PENDING,PENDING,PENDING,PENDING,NOT_MEASURED
endpoint::mamba:seq256:forward:4300:out_ptr19,ENDPOINT_UNIT,,mamba:seq256:forward:4300:out_ptr19,mamba,256,FORWARD,add,TRITON,forward:graph0:add_1524,true,UNRESOLVED,UNRESOLVED_PENDING_REQUIRED_GATE,,,hypothesis_matrix.json; math_proof_row_sha256=1fe36f14ceeb77e534c725ce4514cac8e71810bd4b2f898db221b18f350aa452,true,Formation has not been measured; legacy labels are not formation labels.,PENDING,PENDING,PENDING,PENDING,NOT_MEASURED
endpoint::mamba:seq256:forward:4300:out_ptr20,ENDPOINT_UNIT,,mamba:seq256:forward:4300:out_ptr20,mamba,256,FORWARD,add,TRITON,forward:graph0:add_1525,true,UNRESOLVED,UNRESOLVED_PENDING_REQUIRED_GATE,,,hypothesis_matrix.json; math_proof_row_sha256=c68ec949e59fa152cb3f303ae72a5f9fa5ec54fb293a92614c7fbf931d202eb6,true,Formation has not been measured; legacy labels are not formation labels.,PENDING,PENDING,PENDING,PENDING,NOT_MEASURED
endpoint::mamba:seq256:forward:4300:out_ptr23,ENDPOINT_UNIT,,mamba:seq256:forward:4300:out_ptr23,mamba,256,FORWARD,add,TRITON,forward:graph0:add_1528,true,UNRESOLVED,UNRESOLVED_PENDING_REQUIRED_GATE,,,hypothesis_matrix.json; math_proof_row_sha256=2eae2eec252b09ab2814265f26a1e4c2e38c6fdb7c31454fb839b7490cb704fe,true,Formation has not been measured; legacy labels are not formation labels.,PENDING,PENDING,PENDING,PENDING,NOT_MEASURED
endpoint::mamba:seq256:forward:4300:out_ptr25,ENDPOINT_UNIT,,mamba:seq256:forward:4300:out_ptr25,mamba,256,FORWARD,add,TRITON,forward:graph0:add_1530,true,UNRESOLVED,UNRESOLVED_PENDING_REQUIRED_GATE,,,hypothesis_matrix.json; math_proof_row_sha256=3a0a957593595b29b711239fc023accc5d18b2db25f14e494104691584aa927d,true,Formation has not been measured; legacy labels are not formation labels.,PENDING,PENDING,PENDING,PENDING,NOT_MEASURED
endpoint::mamba:seq256:forward:4300:out_ptr26,ENDPOINT_UNIT,,mamba:seq256:forward:4300:out_ptr26,mamba,256,FORWARD,add,TRITON,forward:graph0:add_1531,true,UNRESOLVED,UNRESOLVED_PENDING_REQUIRED_GATE,,,hypothesis_matrix.json; math_proof_row_sha256=cceadc860da92e372aae5f9e70a774fd67df046c5838a7b12acbec2449f668e9,true,Formation has not been measured; legacy labels are not formation labels.,PENDING,PENDING,PENDING,PENDING,NOT_MEASURED
endpoint::mamba:seq256:forward:4300:out_ptr41,ENDPOINT_UNIT,,mamba:seq256:forward:4300:out_ptr41,mamba,256,FORWARD,add,TRITON,forward:graph0:add_1546,true,UNRESOLVED,UNRESOLVED_PENDING_REQUIRED_GATE,,,hypothesis_matrix.json; math_proof_row_sha256=94e6b4329b65bdf3a61a7db615d003171062111ba15bd1716aa5f33c14e9683d,true,Formation has not been measured; legacy labels are not formation labels.,PENDING,PENDING,PENDING,PENDING,NOT_MEASURED
endpoint::mamba:seq256:forward:4300:out_ptr9,ENDPOINT_UNIT,,mamba:seq256:forward:4300:out_ptr9,mamba,256,FORWARD,add,TRITON,forward:graph0:add_1514,true,UNRESOLVED,UNRESOLVED_PENDING_REQUIRED_GATE,,,hypothesis_matrix.json; math_proof_row_sha256=57761309d93533fd41be367d3da66c8e90b28704d06bb2530c53cedede0ee66c,true,Formation has not been measured; legacy labels are not formation labels.,PENDING,PENDING,PENDING,PENDING,NOT_MEASURED
endpoint::mamba:seq256:forward:4352:output_0,ENDPOINT_UNIT,,mamba:seq256:forward:4352:output_0,mamba,256,FORWARD,mm,EXTERN,forward:graph0:mm_default_10790,true,UNRESOLVED,UNRESOLVED_PENDING_REQUIRED_GATE,,,hypothesis_matrix.json; math_proof_row_sha256=f5b70138230a745ca04d86d1beaf7d279a6339c7945d53dee295975cb30cb70d,true,Formation has not been measured; legacy labels are not formation labels.,PENDING,PENDING,PENDING,PENDING,NOT_MEASURED
endpoint::mamba:seq256:forward:5604:out_ptr58,ENDPOINT_UNIT,,mamba:seq256:forward:5604:out_ptr58,mamba,256,FORWARD,add,TRITON,forward:graph0:add_1959,true,UNRESOLVED,UNRESOLVED_PENDING_REQUIRED_GATE,,,hypothesis_matrix.json; math_proof_row_sha256=f20de95635b522e2a85248670f54b58c285bb15d3e67feb13d362e9423bd2d59,true,Formation has not been measured; legacy labels are not formation labels.,PENDING,PENDING,PENDING,PENDING,NOT_MEASURED
endpoint::mamba:seq256:forward:5862:out_ptr56,ENDPOINT_UNIT,,mamba:seq256:forward:5862:out_ptr56,mamba,256,FORWARD,add,TRITON,forward:graph0:add_2085,true,UNRESOLVED,UNRESOLVED_PENDING_REQUIRED_GATE,,,hypothesis_matrix.json; math_proof_row_sha256=db26b2d3f2d22747a7689bdfc28a71e9f65a27c6154f11f56eaff7790dfc5503,true,Formation has not been measured; legacy labels are not formation labels.,PENDING,PENDING,PENDING,PENDING,NOT_MEASURED
endpoint::mamba:seq256:forward:6385:out_ptr33,ENDPOINT_UNIT,,mamba:seq256:forward:6385:out_ptr33,mamba,256,FORWARD,add,TRITON,forward:graph0:add_2196,true,UNRESOLVED,UNRESOLVED_PENDING_REQUIRED_GATE,,,hypothesis_matrix.json; math_proof_row_sha256=6f508fc0990e6bb8b6e831689c4b5d95f6f0795de51433095a3e0393efbc4d41,true,Formation has not been measured; legacy labels are not formation labels.,PENDING,PENDING,PENDING,PENDING,NOT_MEASURED
endpoint::mamba:seq256:forward:6491:output_0,ENDPOINT_UNIT,,mamba:seq256:forward:6491:output_0,mamba,256,FORWARD,mm,EXTERN,forward:graph0:mm_default_10123,true,NORMAL_REFERENCE,NORMAL_REFERENCE_NO_LOCAL_DIRECTIONAL_DIFFERENCE,,,hypothesis_matrix.json; math_proof_row_sha256=0b6e155f80760924ff77b3b63fe405c12878cff496c402a37c0f4a20dcd850be,true,Formation has not been measured; legacy labels are not formation labels.,PENDING,PENDING,PENDING,PENDING,NOT_MEASURED
endpoint::mamba:seq256:forward:7159:output_0,ENDPOINT_UNIT,,mamba:seq256:forward:7159:output_0,mamba,256,FORWARD,mm,EXTERN,forward:graph0:mm_default_9923,true,NORMAL_REFERENCE,NORMAL_REFERENCE_NO_LOCAL_DIRECTIONAL_DIFFERENCE,,,hypothesis_matrix.json; math_proof_row_sha256=13a41c464ff88fc85ae151471b0d998b4b1f85332ea1b9da1d41ce5fe8a0cfed,true,Formation has not been measured; legacy labels are not formation labels.,PENDING,PENDING,PENDING,PENDING,NOT_MEASURED
endpoint::mamba:seq256:forward:7419:output_0,ENDPOINT_UNIT,,mamba:seq256:forward:7419:output_0,mamba,256,FORWARD,mm,EXTERN,forward:graph0:mm_default_9794,true,UNRESOLVED,UNRESOLVED_PENDING_REQUIRED_GATE,,,hypothesis_matrix.json; math_proof_row_sha256=f3e33166f89d4ac9743326dd3167447239b2ae4d77fe5b8bf4d9de2a32a34a6c,true,Formation has not been measured; legacy labels are not formation labels.,PENDING,PENDING,PENDING,PENDING,NOT_MEASURED
endpoint::mamba:seq256:forward:7424:out_ptr18,ENDPOINT_UNIT,,mamba:seq256:forward:7424:out_ptr18,mamba,256,FORWARD,add,TRITON,forward:graph0:add_2571,true,UNRESOLVED,UNRESOLVED_PENDING_REQUIRED_GATE,,,hypothesis_matrix.json; math_proof_row_sha256=899ae08364c4af47fa31a0803ca80f6cf1f055274f26bd790e55d854d33014ea,true,Formation has not been measured; legacy labels are not formation labels.,PENDING,PENDING,PENDING,PENDING,NOT_MEASURED
endpoint::mamba:seq256:forward:7424:out_ptr19,ENDPOINT_UNIT,,mamba:seq256:forward:7424:out_ptr19,mamba,256,FORWARD,add,TRITON,forward:graph0:add_2572,true,UNRESOLVED,UNRESOLVED_PENDING_REQUIRED_GATE,,,hypothesis_matrix.json; math_proof_row_sha256=6d186bd80d6aea8a6ce607804bd331a81971cf12fbef8f4a0ffb9b02637b8a5b,true,Formation has not been measured; legacy labels are not formation labels.,PENDING,PENDING,PENDING,PENDING,NOT_MEASURED
endpoint::mamba:seq256:forward:7424:out_ptr22,ENDPOINT_UNIT,,mamba:seq256:forward:7424:out_ptr22,mamba,256,FORWARD,add,TRITON,forward:graph0:add_2575,true,UNRESOLVED,UNRESOLVED_PENDING_REQUIRED_GATE,,,hypothesis_matrix.json; math_proof_row_sha256=444e47c9309d47403957391be65f4b2f121a9968cb19ecbf16417e629607c668,true,Formation has not been measured; legacy labels are not formation labels.,PENDING,PENDING,PENDING,PENDING,NOT_MEASURED
endpoint::mamba:seq256:forward:7424:out_ptr23,ENDPOINT_UNIT,,mamba:seq256:forward:7424:out_ptr23,mamba,256,FORWARD,add,TRITON,forward:graph0:add_2576,true,UNRESOLVED,UNRESOLVED_PENDING_REQUIRED_GATE,,,hypothesis_matrix.json; math_proof_row_sha256=ecd0130cbc18306f316fae3630bd32530ac6f752cd461cb8a0e4a32e7713c600,true,Formation has not been measured; legacy labels are not formation labels.,PENDING,PENDING,PENDING,PENDING,NOT_MEASURED
endpoint::mamba:seq256:forward:789:out_ptr11,ENDPOINT_UNIT,,mamba:seq256:forward:789:out_ptr11,mamba,256,FORWARD,add,TRITON,forward:graph0:add_276,true,UNRESOLVED,UNRESOLVED_PENDING_REQUIRED_GATE,,,hypothesis_matrix.json; math_proof_row_sha256=a12585f594e1ea6378e3c5fbafd56344c5f1011a2d3035edc8ca99d83fca12fd,true,Formation has not been measured; legacy labels are not formation labels.,PENDING,PENDING,PENDING,PENDING,NOT_MEASURED
endpoint::mamba:seq256:forward:789:out_ptr17,ENDPOINT_UNIT,,mamba:seq256:forward:789:out_ptr17,mamba,256,FORWARD,add,TRITON,forward:graph0:add_282,true,UNRESOLVED,UNRESOLVED_PENDING_REQUIRED_GATE,,,hypothesis_matrix.json; math_proof_row_sha256=3cbc67de51f1f950190f15042de779b59eba0ac15e675fe8a15ac5fa057d2208,true,Formation has not been measured; legacy labels are not formation labels.,PENDING,PENDING,PENDING,PENDING,NOT_MEASURED
endpoint::mamba:seq256:forward:789:out_ptr56,ENDPOINT_UNIT,,mamba:seq256:forward:789:out_ptr56,mamba,256,FORWARD,add,TRITON,forward:graph0:add_321,true,UNRESOLVED,UNRESOLVED_PENDING_REQUIRED_GATE,,,hypothesis_matrix.json; math_proof_row_sha256=5896c29372da1cc6dc3a3b05750ec8c0fc93d8d15302adaaadccd4779d0c7056,true,Formation has not been measured; legacy labels are not formation labels.,PENDING,PENDING,PENDING,PENDING,NOT_MEASURED
endpoint::mamba:seq256:forward:789:out_ptr61,ENDPOINT_UNIT,,mamba:seq256:forward:789:out_ptr61,mamba,256,FORWARD,add,TRITON,forward:graph0:add_326,true,UNRESOLVED,UNRESOLVED_PENDING_REQUIRED_GATE,,,hypothesis_matrix.json; math_proof_row_sha256=3e7ff30daf9dc808d4dc12ab5f604d1356e58d7c1882d4b7050f784b2ff8a753,true,Formation has not been measured; legacy labels are not formation labels.,PENDING,PENDING,PENDING,PENDING,NOT_MEASURED
endpoint::mamba:seq256:forward:789:out_ptr62,ENDPOINT_UNIT,,mamba:seq256:forward:789:out_ptr62,mamba,256,FORWARD,add,TRITON,forward:graph0:add_327,true,UNRESOLVED,UNRESOLVED_PENDING_REQUIRED_GATE,,,hypothesis_matrix.json; math_proof_row_sha256=7eb4460706badbdb53eeaed35cf48ef508d4180e1de606ec1d63583165752e4d,true,Formation has not been measured; legacy labels are not formation labels.,PENDING,PENDING,PENDING,PENDING,NOT_MEASURED
endpoint::mamba:seq256:forward:789:out_ptr63,ENDPOINT_UNIT,,mamba:seq256:forward:789:out_ptr63,mamba,256,FORWARD,add,TRITON,forward:graph0:add_328,true,UNRESOLVED,UNRESOLVED_PENDING_REQUIRED_GATE,,,hypothesis_matrix.json; math_proof_row_sha256=06d68f0c0609c029f67314e3f34aeddb58762e817b43b54d4b8e15d10c55ce86,true,Formation has not been measured; legacy labels are not formation labels.,PENDING,PENDING,PENDING,PENDING,NOT_MEASURED
endpoint::mamba:seq256:forward:7914:output_0,ENDPOINT_UNIT,,mamba:seq256:forward:7914:output_0,mamba,256,FORWARD,mm,EXTERN,forward:graph0:mm_default_9680,true,NORMAL_REFERENCE,NORMAL_REFERENCE_NO_LOCAL_DIRECTIONAL_DIFFERENCE,,,hypothesis_matrix.json; math_proof_row_sha256=d612c57a93e8e7930ef2ea3a78bcd4bc60c267cad32ea35fef1d07bcdd27e35d,true,Formation has not been measured; legacy labels are not formation labels.,PENDING,PENDING,PENDING,PENDING,NOT_MEASURED
endpoint::mamba:seq256:forward:7947:out_ptr22,ENDPOINT_UNIT,,mamba:seq256:forward:7947:out_ptr22,mamba,256,FORWARD,add,TRITON,forward:graph0:add_2709,true,UNRESOLVED,UNRESOLVED_PENDING_REQUIRED_GATE,,,hypothesis_matrix.json; math_proof_row_sha256=5b8a73350284ba092310805c550cb4f957ecb9347def15f80e9221379f2678ab,true,Formation has not been measured; legacy labels are not formation labels.,PENDING,PENDING,PENDING,PENDING,NOT_MEASURED
endpoint::mamba:seq256:forward:7989:output_0,ENDPOINT_UNIT,,mamba:seq256:forward:7989:output_0,mamba,256,FORWARD,mm,EXTERN,forward:graph0:mm_default_9643,true,NORMAL_REFERENCE,NORMAL_REFERENCE_NO_LOCAL_DIRECTIONAL_DIFFERENCE,,,hypothesis_matrix.json; math_proof_row_sha256=08cd2039939ba3ac211309bbfa40d316c6cdfe62f4c485833f9557ef1b4217d1,true,Formation has not been measured; legacy labels are not formation labels.,PENDING,PENDING,PENDING,PENDING,NOT_MEASURED
endpoint::mamba:seq256:forward:803:output_0,ENDPOINT_UNIT,,mamba:seq256:forward:803:output_0,mamba,256,FORWARD,mm,EXTERN,forward:graph0:mm_default_12025,true,NORMAL_REFERENCE,NORMAL_REFERENCE_NO_LOCAL_DIRECTIONAL_DIFFERENCE,,,hypothesis_matrix.json; math_proof_row_sha256=c3f38e746a0ece7b46552cc8be16c89610cd03104f951b49716a69bd680d4a4b,true,Formation has not been measured; legacy labels are not formation labels.,PENDING,PENDING,PENDING,PENDING,NOT_MEASURED
endpoint::mamba:seq256:forward:8104:output_0,ENDPOINT_UNIT,,mamba:seq256:forward:8104:output_0,mamba,256,FORWARD,mm,EXTERN,forward:graph0:mm_default_9586,true,NORMAL_REFERENCE,NORMAL_REFERENCE_NO_LOCAL_DIRECTIONAL_DIFFERENCE,,,hypothesis_matrix.json; math_proof_row_sha256=0619091e3dff734c0102f1a1b7bfab20899d0a2a1560ee56414bb8f8d0af9e1f,true,Formation has not been measured; legacy labels are not formation labels.,PENDING,PENDING,PENDING,PENDING,NOT_MEASURED
endpoint::mamba:seq256:forward:8265:output_0,ENDPOINT_UNIT,,mamba:seq256:forward:8265:output_0,mamba,256,FORWARD,mm,EXTERN,forward:graph0:mm_default_9506,true,NORMAL_REFERENCE,NORMAL_REFERENCE_NO_LOCAL_DIRECTIONAL_DIFFERENCE,,,hypothesis_matrix.json; math_proof_row_sha256=a009c924ee39c20b4f6565f4923e7df948179834c2041c90a4fcd650085dded0,true,Formation has not been measured; legacy labels are not formation labels.,PENDING,PENDING,PENDING,PENDING,NOT_MEASURED
endpoint::mamba:seq256:forward:8267:output_0,ENDPOINT_UNIT,,mamba:seq256:forward:8267:output_0,mamba,256,FORWARD,mm,EXTERN,forward:graph0:mm_default_9505,true,NORMAL_REFERENCE,NORMAL_REFERENCE_NO_LOCAL_DIRECTIONAL_DIFFERENCE,,,hypothesis_matrix.json; math_proof_row_sha256=482995a79c0d3514336ac57e0eb4290058e5ed753d78686232e005d546c43349,true,Formation has not been measured; legacy labels are not formation labels.,PENDING,PENDING,PENDING,PENDING,NOT_MEASURED
endpoint::mamba:seq256:forward:8727:output_0,ENDPOINT_UNIT,,mamba:seq256:forward:8727:output_0,mamba,256,FORWARD,mm,EXTERN,forward:graph0:mm_default_9408,true,NORMAL_REFERENCE,NORMAL_REFERENCE_NO_LOCAL_DIRECTIONAL_DIFFERENCE,,,hypothesis_matrix.json; math_proof_row_sha256=e964e484ddc50411751d3fdb2fd395668aa05520fdf426d194e2883569bc362f,true,Formation has not been measured; legacy labels are not formation labels.,PENDING,PENDING,PENDING,PENDING,NOT_MEASURED
endpoint::mamba:seq256:forward:893:output_0,ENDPOINT_UNIT,,mamba:seq256:forward:893:output_0,mamba,256,FORWARD,mm,EXTERN,forward:graph0:mm_default_11980,true,UNRESOLVED,UNRESOLVED_PENDING_REQUIRED_GATE,,,hypothesis_matrix.json; math_proof_row_sha256=49a1ce1eb7d302e359541d200f2dbd5dadf1c4643f31c388c335933063c83fe7,true,Formation has not been measured; legacy labels are not formation labels.,PENDING,PENDING,PENDING,PENDING,NOT_MEASURED
endpoint::mamba:seq256:forward:8986:out_ptr47,ENDPOINT_UNIT,,mamba:seq256:forward:8986:out_ptr47,mamba,256,FORWARD,add,TRITON,forward:graph0:add_3124,true,UNRESOLVED,UNRESOLVED_PENDING_REQUIRED_GATE,,,hypothesis_matrix.json; math_proof_row_sha256=5cb28c98707ab011a57b1d2130e81a5cc85be4390065e25feb32cdc5570bffa3,true,Formation has not been measured; legacy labels are not formation labels.,PENDING,PENDING,PENDING,PENDING,NOT_MEASURED
endpoint::mamba:seq256:forward:8986:out_ptr49,ENDPOINT_UNIT,,mamba:seq256:forward:8986:out_ptr49,mamba,256,FORWARD,add,TRITON,forward:graph0:add_3126,true,UNRESOLVED,UNRESOLVED_PENDING_REQUIRED_GATE,,,hypothesis_matrix.json; math_proof_row_sha256=95b157779ae9a32a6fa1dbad8df9f8c5da56ac9f5980fbad86b6e69d3aad82a1,true,Formation has not been measured; legacy labels are not formation labels.,PENDING,PENDING,PENDING,PENDING,NOT_MEASURED
endpoint::mamba:seq256:forward:8986:out_ptr50,ENDPOINT_UNIT,,mamba:seq256:forward:8986:out_ptr50,mamba,256,FORWARD,add,TRITON,forward:graph0:add_3127,true,UNRESOLVED,UNRESOLVED_PENDING_REQUIRED_GATE,,,hypothesis_matrix.json; math_proof_row_sha256=64ddfb7b0859bcaf8c2f1a4c4149b56149ea3f7c7f42b69370653960437ab252,true,Formation has not been measured; legacy labels are not formation labels.,PENDING,PENDING,PENDING,PENDING,NOT_MEASURED
endpoint::mamba:seq256:forward:8986:out_ptr51,ENDPOINT_UNIT,,mamba:seq256:forward:8986:out_ptr51,mamba,256,FORWARD,add,TRITON,forward:graph0:add_3128,true,UNRESOLVED,UNRESOLVED_PENDING_REQUIRED_GATE,,,hypothesis_matrix.json; math_proof_row_sha256=a5edaec1e76940b595dda766881677eeab6985cc204f6dd95ca34731d68c028f,true,Formation has not been measured; legacy labels are not formation labels.,PENDING,PENDING,PENDING,PENDING,NOT_MEASURED
endpoint::mamba:seq256:forward:9106:output_0,ENDPOINT_UNIT,,mamba:seq256:forward:9106:output_0,mamba,256,FORWARD,mm,EXTERN,forward:graph0:mm_default_9220,true,NORMAL_REFERENCE,NORMAL_REFERENCE_NO_LOCAL_DIRECTIONAL_DIFFERENCE,,,hypothesis_matrix.json; math_proof_row_sha256=0d82180d7bd4a489b21ba2ad7d0052898b36ce522ea07de3f42cc995afb31b38,true,Formation has not been measured; legacy labels are not formation labels.,PENDING,PENDING,PENDING,PENDING,NOT_MEASURED
endpoint::mamba:seq256:forward:918:out_ptr0,ENDPOINT_UNIT,,mamba:seq256:forward:918:out_ptr0,mamba,256,FORWARD,add,TRITON,forward:graph0:add_329,true,UNRESOLVED,UNRESOLVED_PENDING_REQUIRED_GATE,,,hypothesis_matrix.json; math_proof_row_sha256=0a3cbd2da0546e38e031f7837925d336391f2e22169ea37d136286e00b1071c1,true,Formation has not been measured; legacy labels are not formation labels.,PENDING,PENDING,PENDING,PENDING,NOT_MEASURED
endpoint::mamba:seq256:forward:918:out_ptr1,ENDPOINT_UNIT,,mamba:seq256:forward:918:out_ptr1,mamba,256,FORWARD,add,TRITON,forward:graph0:add_330,true,UNRESOLVED,UNRESOLVED_PENDING_REQUIRED_GATE,,,hypothesis_matrix.json; math_proof_row_sha256=2ab72812bfcccda93124ede5a326b029c7cb69ae03e65442f6e12a07c8f5f87e,true,Formation has not been measured; legacy labels are not formation labels.,PENDING,PENDING,PENDING,PENDING,NOT_MEASURED
endpoint::mamba:seq256:forward:918:out_ptr10,ENDPOINT_UNIT,,mamba:seq256:forward:918:out_ptr10,mamba,256,FORWARD,add,TRITON,forward:graph0:add_339,true,UNRESOLVED,UNRESOLVED_PENDING_REQUIRED_GATE,,,hypothesis_matrix.json; math_proof_row_sha256=fcc9e9cb094dcb95df9c4d5f4447f3b66de69fc7d469410d4b8a6d775e52c000,true,Formation has not been measured; legacy labels are not formation labels.,PENDING,PENDING,PENDING,PENDING,NOT_MEASURED
endpoint::mamba:seq256:forward:918:out_ptr12,ENDPOINT_UNIT,,mamba:seq256:forward:918:out_ptr12,mamba,256,FORWARD,add,TRITON,forward:graph0:add_341,true,UNRESOLVED,UNRESOLVED_PENDING_REQUIRED_GATE,,,hypothesis_matrix.json; math_proof_row_sha256=1b179e196ae12f714d0ec86428951799a9c52d6882f3aa4c3c786effecc09721,true,Formation has not been measured; legacy labels are not formation labels.,PENDING,PENDING,PENDING,PENDING,NOT_MEASURED
endpoint::mamba:seq256:forward:918:out_ptr13,ENDPOINT_UNIT,,mamba:seq256:forward:918:out_ptr13,mamba,256,FORWARD,add,TRITON,forward:graph0:add_342,true,UNRESOLVED,UNRESOLVED_PENDING_REQUIRED_GATE,,,hypothesis_matrix.json; math_proof_row_sha256=75ff4793a17e6979900f867347f4126caa789d2c1b4a980497401a55a6e193ed,true,Formation has not been measured; legacy labels are not formation labels.,PENDING,PENDING,PENDING,PENDING,NOT_MEASURED
endpoint::mamba:seq256:forward:918:out_ptr14,ENDPOINT_UNIT,,mamba:seq256:forward:918:out_ptr14,mamba,256,FORWARD,add,TRITON,forward:graph0:add_343,true,UNRESOLVED,UNRESOLVED_PENDING_REQUIRED_GATE,,,hypothesis_matrix.json; math_proof_row_sha256=4c9c9b6c50bb3a952cc06bec2ae724bd816f9d9733d68b6e68dff33385cdc9b1,true,Formation has not been measured; legacy labels are not formation labels.,PENDING,PENDING,PENDING,PENDING,NOT_MEASURED
endpoint::mamba:seq256:forward:918:out_ptr15,ENDPOINT_UNIT,,mamba:seq256:forward:918:out_ptr15,mamba,256,FORWARD,add,TRITON,forward:graph0:add_344,true,UNRESOLVED,UNRESOLVED_PENDING_REQUIRED_GATE,,,hypothesis_matrix.json; math_proof_row_sha256=a9df73ddd477c4690ee72685f26b92b3ee2768fed7dacab526f5e7e49ed27003,true,Formation has not been measured; legacy labels are not formation labels.,PENDING,PENDING,PENDING,PENDING,NOT_MEASURED
endpoint::mamba:seq256:forward:918:out_ptr16,ENDPOINT_UNIT,,mamba:seq256:forward:918:out_ptr16,mamba,256,FORWARD,add,TRITON,forward:graph0:add_345,true,UNRESOLVED,UNRESOLVED_PENDING_REQUIRED_GATE,,,hypothesis_matrix.json; math_proof_row_sha256=feaa16f998731ad09e191045299f2903291665bf6052cc79d7c9ec1326310ae2,true,Formation has not been measured; legacy labels are not formation labels.,PENDING,PENDING,PENDING,PENDING,NOT_MEASURED
endpoint::mamba:seq256:forward:918:out_ptr17,ENDPOINT_UNIT,,mamba:seq256:forward:918:out_ptr17,mamba,256,FORWARD,add,TRITON,forward:graph0:add_346,true,UNRESOLVED,UNRESOLVED_PENDING_REQUIRED_GATE,,,hypothesis_matrix.json; math_proof_row_sha256=25161ace0d18f54092e073169b7f52ee63c1854938d8048c12e07220449115cf,true,Formation has not been measured; legacy labels are not formation labels.,PENDING,PENDING,PENDING,PENDING,NOT_MEASURED
endpoint::mamba:seq256:forward:918:out_ptr18,ENDPOINT_UNIT,,mamba:seq256:forward:918:out_ptr18,mamba,256,FORWARD,add,TRITON,forward:graph0:add_347,true,UNRESOLVED,UNRESOLVED_PENDING_REQUIRED_GATE,,,hypothesis_matrix.json; math_proof_row_sha256=bcc9c21dc44dbcc811d63b91d181313efdd76eddb3b0c1ba966b56cf056c4dd5,true,Formation has not been measured; legacy labels are not formation labels.,PENDING,PENDING,PENDING,PENDING,NOT_MEASURED
endpoint::mamba:seq256:forward:918:out_ptr19,ENDPOINT_UNIT,,mamba:seq256:forward:918:out_ptr19,mamba,256,FORWARD,add,TRITON,forward:graph0:add_348,true,UNRESOLVED,UNRESOLVED_PENDING_REQUIRED_GATE,,,hypothesis_matrix.json; math_proof_row_sha256=f55b8829ced39f2f70bd818cecad61974d5e390a39f7acb7471fc8cfcae9d499,true,Formation has not been measured; legacy labels are not formation labels.,PENDING,PENDING,PENDING,PENDING,NOT_MEASURED
endpoint::mamba:seq256:forward:918:out_ptr2,ENDPOINT_UNIT,,mamba:seq256:forward:918:out_ptr2,mamba,256,FORWARD,add,TRITON,forward:graph0:add_331,true,UNRESOLVED,UNRESOLVED_PENDING_REQUIRED_GATE,,,hypothesis_matrix.json; math_proof_row_sha256=81de20ca16db9b002b919ac6220c9408ac864cf0c940dac5f0aa0c19aa416d46,true,Formation has not been measured; legacy labels are not formation labels.,PENDING,PENDING,PENDING,PENDING,NOT_MEASURED
endpoint::mamba:seq256:forward:918:out_ptr20,ENDPOINT_UNIT,,mamba:seq256:forward:918:out_ptr20,mamba,256,FORWARD,add,TRITON,forward:graph0:add_349,true,UNRESOLVED,UNRESOLVED_PENDING_REQUIRED_GATE,,,hypothesis_matrix.json; math_proof_row_sha256=3cc388f7636f2844809cb566d5a0014557cb73c5fd63b56cf73c35fa1d5c3ac3,true,Formation has not been measured; legacy labels are not formation labels.,PENDING,PENDING,PENDING,PENDING,NOT_MEASURED
endpoint::mamba:seq256:forward:918:out_ptr23,ENDPOINT_UNIT,,mamba:seq256:forward:918:out_ptr23,mamba,256,FORWARD,add,TRITON,forward:graph0:add_352,true,UNRESOLVED,UNRESOLVED_PENDING_REQUIRED_GATE,,,hypothesis_matrix.json; math_proof_row_sha256=e8601cab4e2defc4b7de910d3cc41e85c39a1c255c3d1b0187d4e5f9c50ee482,true,Formation has not been measured; legacy labels are not formation labels.,PENDING,PENDING,PENDING,PENDING,NOT_MEASURED
endpoint::mamba:seq256:forward:918:out_ptr24,ENDPOINT_UNIT,,mamba:seq256:forward:918:out_ptr24,mamba,256,FORWARD,add,TRITON,forward:graph0:add_353,true,UNRESOLVED,UNRESOLVED_PENDING_REQUIRED_GATE,,,hypothesis_matrix.json; math_proof_row_sha256=9955a75d38474ddd1f676db8885ad12d8b1167bb42bd584f03f20ebcfafae6d8,true,Formation has not been measured; legacy labels are not formation labels.,PENDING,PENDING,PENDING,PENDING,NOT_MEASURED
endpoint::mamba:seq256:forward:918:out_ptr25,ENDPOINT_UNIT,,mamba:seq256:forward:918:out_ptr25,mamba,256,FORWARD,add,TRITON,forward:graph0:add_354,true,UNRESOLVED,UNRESOLVED_PENDING_REQUIRED_GATE,,,hypothesis_matrix.json; math_proof_row_sha256=6b41b274662acd933dc03883712f80f3ac6e3e59e4ecf768f5e45f467151073a,true,Formation has not been measured; legacy labels are not formation labels.,PENDING,PENDING,PENDING,PENDING,NOT_MEASURED
endpoint::mamba:seq256:forward:918:out_ptr26,ENDPOINT_UNIT,,mamba:seq256:forward:918:out_ptr26,mamba,256,FORWARD,add,TRITON,forward:graph0:add_355,true,UNRESOLVED,UNRESOLVED_PENDING_REQUIRED_GATE,,,hypothesis_matrix.json; math_proof_row_sha256=67ab79c3a1ab6da29206472d0f0e434a1a318399a2b2afd9e07c8b67fef8dbb0,true,Formation has not been measured; legacy labels are not formation labels.,PENDING,PENDING,PENDING,PENDING,NOT_MEASURED
endpoint::mamba:seq256:forward:918:out_ptr27,ENDPOINT_UNIT,,mamba:seq256:forward:918:out_ptr27,mamba,256,FORWARD,add,TRITON,forward:graph0:add_356,true,UNRESOLVED,UNRESOLVED_PENDING_REQUIRED_GATE,,,hypothesis_matrix.json; math_proof_row_sha256=0756f9520635167ff30a19eb75ab2615e629927a5bac095e988f259220e82df1,true,Formation has not been measured; legacy labels are not formation labels.,PENDING,PENDING,PENDING,PENDING,NOT_MEASURED
endpoint::mamba:seq256:forward:918:out_ptr28,ENDPOINT_UNIT,,mamba:seq256:forward:918:out_ptr28,mamba,256,FORWARD,add,TRITON,forward:graph0:add_357,true,UNRESOLVED,UNRESOLVED_PENDING_REQUIRED_GATE,,,hypothesis_matrix.json; math_proof_row_sha256=223050c13896a5c94cc59f89ec87833f4540a0b815b28577bad0cb4b5fc4a17b,true,Formation has not been measured; legacy labels are not formation labels.,PENDING,PENDING,PENDING,PENDING,NOT_MEASURED
endpoint::mamba:seq256:forward:918:out_ptr29,ENDPOINT_UNIT,,mamba:seq256:forward:918:out_ptr29,mamba,256,FORWARD,add,TRITON,forward:graph0:add_358,true,UNRESOLVED,UNRESOLVED_PENDING_REQUIRED_GATE,,,hypothesis_matrix.json; math_proof_row_sha256=30b720ded8fbf3b5fcfe0e9d2baded348c0cc02767e06d03f32fafd525357968,true,Formation has not been measured; legacy labels are not formation labels.,PENDING,PENDING,PENDING,PENDING,NOT_MEASURED
endpoint::mamba:seq256:forward:918:out_ptr3,ENDPOINT_UNIT,,mamba:seq256:forward:918:out_ptr3,mamba,256,FORWARD,add,TRITON,forward:graph0:add_332,true,UNRESOLVED,UNRESOLVED_PENDING_REQUIRED_GATE,,,hypothesis_matrix.json; math_proof_row_sha256=9e83c0051e50746bc353ad20a0ebc756edbe7b04df08f50e69a96d8f02960f5a,true,Formation has not been measured; legacy labels are not formation labels.,PENDING,PENDING,PENDING,PENDING,NOT_MEASURED
endpoint::mamba:seq256:forward:918:out_ptr30,ENDPOINT_UNIT,,mamba:seq256:forward:918:out_ptr30,mamba,256,FORWARD,add,TRITON,forward:graph0:add_359,true,UNRESOLVED,UNRESOLVED_PENDING_REQUIRED_GATE,,,hypothesis_matrix.json; math_proof_row_sha256=71d547cbcbeda287bdacddc700a133ef1a58b0c23a4c8e7c7758b424d0699a57,true,Formation has not been measured; legacy labels are not formation labels.,PENDING,PENDING,PENDING,PENDING,NOT_MEASURED
endpoint::mamba:seq256:forward:918:out_ptr31,ENDPOINT_UNIT,,mamba:seq256:forward:918:out_ptr31,mamba,256,FORWARD,add,TRITON,forward:graph0:add_360,true,UNRESOLVED,UNRESOLVED_PENDING_REQUIRED_GATE,,,hypothesis_matrix.json; math_proof_row_sha256=7e78db29234268232c43dc8c8c902fa3c9a1e795433a5daab495b3a54261dc98,true,Formation has not been measured; legacy labels are not formation labels.,PENDING,PENDING,PENDING,PENDING,NOT_MEASURED
endpoint::mamba:seq256:forward:918:out_ptr32,ENDPOINT_UNIT,,mamba:seq256:forward:918:out_ptr32,mamba,256,FORWARD,add,TRITON,forward:graph0:add_361,true,UNRESOLVED,UNRESOLVED_PENDING_REQUIRED_GATE,,,hypothesis_matrix.json; math_proof_row_sha256=5536accb9f261e6df38b77de4201bdf0cad53ae4c8c638e890360e764f593c94,true,Formation has not been measured; legacy labels are not formation labels.,PENDING,PENDING,PENDING,PENDING,NOT_MEASURED
endpoint::mamba:seq256:forward:918:out_ptr33,ENDPOINT_UNIT,,mamba:seq256:forward:918:out_ptr33,mamba,256,FORWARD,add,TRITON,forward:graph0:add_362,true,UNRESOLVED,UNRESOLVED_PENDING_REQUIRED_GATE,,,hypothesis_matrix.json; math_proof_row_sha256=f6e94defecefe15ca5518e7c6eae9e5653e715af24dd31d58c21f0649b6cd00b,true,Formation has not been measured; legacy labels are not formation labels.,PENDING,PENDING,PENDING,PENDING,NOT_MEASURED
endpoint::mamba:seq256:forward:918:out_ptr34,ENDPOINT_UNIT,,mamba:seq256:forward:918:out_ptr34,mamba,256,FORWARD,add,TRITON,forward:graph0:add_363,true,UNRESOLVED,UNRESOLVED_PENDING_REQUIRED_GATE,,,hypothesis_matrix.json; math_proof_row_sha256=dbc6cc281bb77c640f6479e20c8ebd0ffc5a416f245587266300cc162d7cdf40,true,Formation has not been measured; legacy labels are not formation labels.,PENDING,PENDING,PENDING,PENDING,NOT_MEASURED
endpoint::mamba:seq256:forward:918:out_ptr35,ENDPOINT_UNIT,,mamba:seq256:forward:918:out_ptr35,mamba,256,FORWARD,add,TRITON,forward:graph0:add_364,true,UNRESOLVED,UNRESOLVED_PENDING_REQUIRED_GATE,,,hypothesis_matrix.json; math_proof_row_sha256=13d3fdf4e36fe294e0a9a4788d7f5e40aacc974f2bc3b10463578b9b8a74c247,true,Formation has not been measured; legacy labels are not formation labels.,PENDING,PENDING,PENDING,PENDING,NOT_MEASURED
endpoint::mamba:seq256:forward:918:out_ptr36,ENDPOINT_UNIT,,mamba:seq256:forward:918:out_ptr36,mamba,256,FORWARD,add,TRITON,forward:graph0:add_365,true,UNRESOLVED,UNRESOLVED_PENDING_REQUIRED_GATE,,,hypothesis_matrix.json; math_proof_row_sha256=1d8dde367e1f641b0f77eb533228d6a563ad9bb6a2dcd343c1b3df6759bfcf20,true,Formation has not been measured; legacy labels are not formation labels.,PENDING,PENDING,PENDING,PENDING,NOT_MEASURED
endpoint::mamba:seq256:forward:918:out_ptr37,ENDPOINT_UNIT,,mamba:seq256:forward:918:out_ptr37,mamba,256,FORWARD,add,TRITON,forward:graph0:add_366,true,UNRESOLVED,UNRESOLVED_PENDING_REQUIRED_GATE,,,hypothesis_matrix.json; math_proof_row_sha256=41c3ef96a6a5996c40692175c54fd9ad51c314d92c91d7bd8b817f9435bdd5ab,true,Formation has not been measured; legacy labels are not formation labels.,PENDING,PENDING,PENDING,PENDING,NOT_MEASURED
endpoint::mamba:seq256:forward:918:out_ptr38,ENDPOINT_UNIT,,mamba:seq256:forward:918:out_ptr38,mamba,256,FORWARD,add,TRITON,forward:graph0:add_367,true,UNRESOLVED,UNRESOLVED_PENDING_REQUIRED_GATE,,,hypothesis_matrix.json; math_proof_row_sha256=5e886b8c6d16b52f9d69216cc28ff41c6ef6ea7b6cba64310f592945e5e4ac9c,true,Formation has not been measured; legacy labels are not formation labels.,PENDING,PENDING,PENDING,PENDING,NOT_MEASURED
endpoint::mamba:seq256:forward:918:out_ptr39,ENDPOINT_UNIT,,mamba:seq256:forward:918:out_ptr39,mamba,256,FORWARD,add,TRITON,forward:graph0:add_368,true,UNRESOLVED,UNRESOLVED_PENDING_REQUIRED_GATE,,,hypothesis_matrix.json; math_proof_row_sha256=d7b842f77cf6f004d98a973d94ebbbaddb5180f573bb965f52e65cd0efb83f7c,true,Formation has not been measured; legacy labels are not formation labels.,PENDING,PENDING,PENDING,PENDING,NOT_MEASURED
endpoint::mamba:seq256:forward:918:out_ptr4,ENDPOINT_UNIT,,mamba:seq256:forward:918:out_ptr4,mamba,256,FORWARD,add,TRITON,forward:graph0:add_333,true,UNRESOLVED,UNRESOLVED_PENDING_REQUIRED_GATE,,,hypothesis_matrix.json; math_proof_row_sha256=34cc12540809a32ae0cc80af15990dce7d0769e9b2a56ef7490c06b6c6a38ade,true,Formation has not been measured; legacy labels are not formation labels.,PENDING,PENDING,PENDING,PENDING,NOT_MEASURED
endpoint::mamba:seq256:forward:918:out_ptr40,ENDPOINT_UNIT,,mamba:seq256:forward:918:out_ptr40,mamba,256,FORWARD,add,TRITON,forward:graph0:add_369,true,UNRESOLVED,UNRESOLVED_PENDING_REQUIRED_GATE,,,hypothesis_matrix.json; math_proof_row_sha256=d8ab160a8b68b3e1d295e086ea69939d31568162539825cad96399da06b28400,true,Formation has not been measured; legacy labels are not formation labels.,PENDING,PENDING,PENDING,PENDING,NOT_MEASURED
endpoint::mamba:seq256:forward:918:out_ptr41,ENDPOINT_UNIT,,mamba:seq256:forward:918:out_ptr41,mamba,256,FORWARD,add,TRITON,forward:graph0:add_370,true,UNRESOLVED,UNRESOLVED_PENDING_REQUIRED_GATE,,,hypothesis_matrix.json; math_proof_row_sha256=90ff0eb082c6d151335bc7ba2d81922f772e47949879047bc91706013ee6bc28,true,Formation has not been measured; legacy labels are not formation labels.,PENDING,PENDING,PENDING,PENDING,NOT_MEASURED
endpoint::mamba:seq256:forward:918:out_ptr42,ENDPOINT_UNIT,,mamba:seq256:forward:918:out_ptr42,mamba,256,FORWARD,add,TRITON,forward:graph0:add_371,true,UNRESOLVED,UNRESOLVED_PENDING_REQUIRED_GATE,,,hypothesis_matrix.json; math_proof_row_sha256=6c0da26bbfb4d0a3828658b10f80f3c8251ae7d6a56ea1d232a43a925e0bcc04,true,Formation has not been measured; legacy labels are not formation labels.,PENDING,PENDING,PENDING,PENDING,NOT_MEASURED
endpoint::mamba:seq256:forward:918:out_ptr43,ENDPOINT_UNIT,,mamba:seq256:forward:918:out_ptr43,mamba,256,FORWARD,add,TRITON,forward:graph0:add_372,true,UNRESOLVED,UNRESOLVED_PENDING_REQUIRED_GATE,,,hypothesis_matrix.json; math_proof_row_sha256=e9c2c8070cd52545796b934eff00e0b392f45849628cf5a62c5cf329a0a17457,true,Formation has not been measured; legacy labels are not formation labels.,PENDING,PENDING,PENDING,PENDING,NOT_MEASURED
endpoint::mamba:seq256:forward:918:out_ptr44,ENDPOINT_UNIT,,mamba:seq256:forward:918:out_ptr44,mamba,256,FORWARD,add,TRITON,forward:graph0:add_373,true,UNRESOLVED,UNRESOLVED_PENDING_REQUIRED_GATE,,,hypothesis_matrix.json; math_proof_row_sha256=8b28d2409d7cc913fd62556a65abc593cd44bd8d3b471b76698664f3fba9ccec,true,Formation has not been measured; legacy labels are not formation labels.,PENDING,PENDING,PENDING,PENDING,NOT_MEASURED
endpoint::mamba:seq256:forward:918:out_ptr45,ENDPOINT_UNIT,,mamba:seq256:forward:918:out_ptr45,mamba,256,FORWARD,add,TRITON,forward:graph0:add_374,true,UNRESOLVED,UNRESOLVED_PENDING_REQUIRED_GATE,,,hypothesis_matrix.json; math_proof_row_sha256=aa3ac099aad5b100e08e2c48d7f5291d5a4ded43d093320415ab869aa1848fce,true,Formation has not been measured; legacy labels are not formation labels.,PENDING,PENDING,PENDING,PENDING,NOT_MEASURED
endpoint::mamba:seq256:forward:918:out_ptr46,ENDPOINT_UNIT,,mamba:seq256:forward:918:out_ptr46,mamba,256,FORWARD,add,TRITON,forward:graph0:add_375,true,UNRESOLVED,UNRESOLVED_PENDING_REQUIRED_GATE,,,hypothesis_matrix.json; math_proof_row_sha256=1fc3bb2dfee508431fb99fdac33e10e5e2731636dc4beab4360d39226bd2095b,true,Formation has not been measured; legacy labels are not formation labels.,PENDING,PENDING,PENDING,PENDING,NOT_MEASURED
endpoint::mamba:seq256:forward:918:out_ptr47,ENDPOINT_UNIT,,mamba:seq256:forward:918:out_ptr47,mamba,256,FORWARD,add,TRITON,forward:graph0:add_376,true,UNRESOLVED,UNRESOLVED_PENDING_REQUIRED_GATE,,,hypothesis_matrix.json; math_proof_row_sha256=bff20faf404a7b52781f922409f5ccfadc6249cd7f181f251508efe72f11da9a,true,Formation has not been measured; legacy labels are not formation labels.,PENDING,PENDING,PENDING,PENDING,NOT_MEASURED
endpoint::mamba:seq256:forward:918:out_ptr48,ENDPOINT_UNIT,,mamba:seq256:forward:918:out_ptr48,mamba,256,FORWARD,add,TRITON,forward:graph0:add_377,true,UNRESOLVED,UNRESOLVED_PENDING_REQUIRED_GATE,,,hypothesis_matrix.json; math_proof_row_sha256=ea16e073ba2b0dff4b8ca56e3179b689f8551e21e4e2b151602a23297c94c9fc,true,Formation has not been measured; legacy labels are not formation labels.,PENDING,PENDING,PENDING,PENDING,NOT_MEASURED
endpoint::mamba:seq256:forward:918:out_ptr49,ENDPOINT_UNIT,,mamba:seq256:forward:918:out_ptr49,mamba,256,FORWARD,add,TRITON,forward:graph0:add_378,true,UNRESOLVED,UNRESOLVED_PENDING_REQUIRED_GATE,,,hypothesis_matrix.json; math_proof_row_sha256=ecbf873c563f7bc1e487723066532d06666e5e7d8136d80682bf4cf97072cf92,true,Formation has not been measured; legacy labels are not formation labels.,PENDING,PENDING,PENDING,PENDING,NOT_MEASURED
endpoint::mamba:seq256:forward:918:out_ptr5,ENDPOINT_UNIT,,mamba:seq256:forward:918:out_ptr5,mamba,256,FORWARD,add,TRITON,forward:graph0:add_334,true,UNRESOLVED,UNRESOLVED_PENDING_REQUIRED_GATE,,,hypothesis_matrix.json; math_proof_row_sha256=a0ccb6e2a284f0c0c7efe95e3f2057c4389c4b7c2b4e5378752aaa1a81847bae,true,Formation has not been measured; legacy labels are not formation labels.,PENDING,PENDING,PENDING,PENDING,NOT_MEASURED
endpoint::mamba:seq256:forward:918:out_ptr50,ENDPOINT_UNIT,,mamba:seq256:forward:918:out_ptr50,mamba,256,FORWARD,add,TRITON,forward:graph0:add_379,true,UNRESOLVED,UNRESOLVED_PENDING_REQUIRED_GATE,,,hypothesis_matrix.json; math_proof_row_sha256=fccaea747ed77ce0d20b1a46df516d2334cb21046be56b88a77289fadd536a48,true,Formation has not been measured; legacy labels are not formation labels.,PENDING,PENDING,PENDING,PENDING,NOT_MEASURED
endpoint::mamba:seq256:forward:918:out_ptr51,ENDPOINT_UNIT,,mamba:seq256:forward:918:out_ptr51,mamba,256,FORWARD,add,TRITON,forward:graph0:add_380,true,UNRESOLVED,UNRESOLVED_PENDING_REQUIRED_GATE,,,hypothesis_matrix.json; math_proof_row_sha256=2ec3a020b91ea53a08fdd6a05a75cc5c20f5b6f9e0c9ed9895364884f091ad28,true,Formation has not been measured; legacy labels are not formation labels.,PENDING,PENDING,PENDING,PENDING,NOT_MEASURED
endpoint::mamba:seq256:forward:918:out_ptr52,ENDPOINT_UNIT,,mamba:seq256:forward:918:out_ptr52,mamba,256,FORWARD,add,TRITON,forward:graph0:add_381,true,UNRESOLVED,UNRESOLVED_PENDING_REQUIRED_GATE,,,hypothesis_matrix.json; math_proof_row_sha256=b6d8f9d1cf573d5475257f718d3cce2eaf8e916f4ad0147b6a895011bfeb6a5f,true,Formation has not been measured; legacy labels are not formation labels.,PENDING,PENDING,PENDING,PENDING,NOT_MEASURED
endpoint::mamba:seq256:forward:918:out_ptr53,ENDPOINT_UNIT,,mamba:seq256:forward:918:out_ptr53,mamba,256,FORWARD,add,TRITON,forward:graph0:add_382,true,UNRESOLVED,UNRESOLVED_PENDING_REQUIRED_GATE,,,hypothesis_matrix.json; math_proof_row_sha256=61a487a8c8c6a10d149696e7f453f3d919b0e789c545a7612fe1a10ab5166e3d,true,Formation has not been measured; legacy labels are not formation labels.,PENDING,PENDING,PENDING,PENDING,NOT_MEASURED
endpoint::mamba:seq256:forward:918:out_ptr54,ENDPOINT_UNIT,,mamba:seq256:forward:918:out_ptr54,mamba,256,FORWARD,add,TRITON,forward:graph0:add_383,true,UNRESOLVED,UNRESOLVED_PENDING_REQUIRED_GATE,,,hypothesis_matrix.json; math_proof_row_sha256=62a1bccbac39013914edd1bce18ca8d88861e0dca542e72ab408a89e5ce3984c,true,Formation has not been measured; legacy labels are not formation labels.,PENDING,PENDING,PENDING,PENDING,NOT_MEASURED
endpoint::mamba:seq256:forward:918:out_ptr55,ENDPOINT_UNIT,,mamba:seq256:forward:918:out_ptr55,mamba,256,FORWARD,add,TRITON,forward:graph0:add_384,true,UNRESOLVED,UNRESOLVED_PENDING_REQUIRED_GATE,,,hypothesis_matrix.json; math_proof_row_sha256=888851e0a920fac90d635e6bbfa1c68b98dfc2dcd1b9511dfb2639e9f9be40de,true,Formation has not been measured; legacy labels are not formation labels.,PENDING,PENDING,PENDING,PENDING,NOT_MEASURED
endpoint::mamba:seq256:forward:918:out_ptr56,ENDPOINT_UNIT,,mamba:seq256:forward:918:out_ptr56,mamba,256,FORWARD,add,TRITON,forward:graph0:add_385,true,UNRESOLVED,UNRESOLVED_PENDING_REQUIRED_GATE,,,hypothesis_matrix.json; math_proof_row_sha256=292d635876df509bd184cbe2a0f6325935e181c716804e8f3d925b8cd1bb5aaf,true,Formation has not been measured; legacy labels are not formation labels.,PENDING,PENDING,PENDING,PENDING,NOT_MEASURED
endpoint::mamba:seq256:forward:918:out_ptr57,ENDPOINT_UNIT,,mamba:seq256:forward:918:out_ptr57,mamba,256,FORWARD,add,TRITON,forward:graph0:add_386,true,UNRESOLVED,UNRESOLVED_PENDING_REQUIRED_GATE,,,hypothesis_matrix.json; math_proof_row_sha256=e9336200a4c699affd860f28f888de5814d5fe6d81835235f6bad0f1a0397313,true,Formation has not been measured; legacy labels are not formation labels.,PENDING,PENDING,PENDING,PENDING,NOT_MEASURED
endpoint::mamba:seq256:forward:918:out_ptr58,ENDPOINT_UNIT,,mamba:seq256:forward:918:out_ptr58,mamba,256,FORWARD,add,TRITON,forward:graph0:add_387,true,UNRESOLVED,UNRESOLVED_PENDING_REQUIRED_GATE,,,hypothesis_matrix.json; math_proof_row_sha256=afa99a548b6f7d3701b80823be42985a45caa70a3de47648bd7ffa459ec7ddd4,true,Formation has not been measured; legacy labels are not formation labels.,PENDING,PENDING,PENDING,PENDING,NOT_MEASURED
endpoint::mamba:seq256:forward:918:out_ptr59,ENDPOINT_UNIT,,mamba:seq256:forward:918:out_ptr59,mamba,256,FORWARD,add,TRITON,forward:graph0:add_388,true,UNRESOLVED,UNRESOLVED_PENDING_REQUIRED_GATE,,,hypothesis_matrix.json; math_proof_row_sha256=2c8b1bf42b163807b9bfa7a04a1413e12a793e5fa7879920e16bc84e6e7ba1f1,true,Formation has not been measured; legacy labels are not formation labels.,PENDING,PENDING,PENDING,PENDING,NOT_MEASURED
endpoint::mamba:seq256:forward:918:out_ptr6,ENDPOINT_UNIT,,mamba:seq256:forward:918:out_ptr6,mamba,256,FORWARD,add,TRITON,forward:graph0:add_335,true,UNRESOLVED,UNRESOLVED_PENDING_REQUIRED_GATE,,,hypothesis_matrix.json; math_proof_row_sha256=c52ea6d8e8005af54141871c612bf6ec3f61d31727f65d0a30683d04a96b20f3,true,Formation has not been measured; legacy labels are not formation labels.,PENDING,PENDING,PENDING,PENDING,NOT_MEASURED
endpoint::mamba:seq256:forward:918:out_ptr60,ENDPOINT_UNIT,,mamba:seq256:forward:918:out_ptr60,mamba,256,FORWARD,add,TRITON,forward:graph0:add_389,true,UNRESOLVED,UNRESOLVED_PENDING_REQUIRED_GATE,,,hypothesis_matrix.json; math_proof_row_sha256=cd6d9ed3caefaa6d17d7860212d4c4a42f8b0bc05b4cae244d259e755b5c8174,true,Formation has not been measured; legacy labels are not formation labels.,PENDING,PENDING,PENDING,PENDING,NOT_MEASURED
endpoint::mamba:seq256:forward:918:out_ptr61,ENDPOINT_UNIT,,mamba:seq256:forward:918:out_ptr61,mamba,256,FORWARD,add,TRITON,forward:graph0:add_390,true,UNRESOLVED,UNRESOLVED_PENDING_REQUIRED_GATE,,,hypothesis_matrix.json; math_proof_row_sha256=ecae4c39f436e5e1980138a7a816c37fe0a0f070e0357ec17cc5b8b967cb6790,true,Formation has not been measured; legacy labels are not formation labels.,PENDING,PENDING,PENDING,PENDING,NOT_MEASURED
endpoint::mamba:seq256:forward:918:out_ptr62,ENDPOINT_UNIT,,mamba:seq256:forward:918:out_ptr62,mamba,256,FORWARD,add,TRITON,forward:graph0:add_391,true,UNRESOLVED,UNRESOLVED_PENDING_REQUIRED_GATE,,,hypothesis_matrix.json; math_proof_row_sha256=985f3cf93530f8016dc76b0b5abf25e88027f684888322570d6da939b7151747,true,Formation has not been measured; legacy labels are not formation labels.,PENDING,PENDING,PENDING,PENDING,NOT_MEASURED
endpoint::mamba:seq256:forward:918:out_ptr63,ENDPOINT_UNIT,,mamba:seq256:forward:918:out_ptr63,mamba,256,FORWARD,add,TRITON,forward:graph0:add_392,true,UNRESOLVED,UNRESOLVED_PENDING_REQUIRED_GATE,,,hypothesis_matrix.json; math_proof_row_sha256=64adf86c30da323e9f8ff13f747e381924858b042a6eb135d7e3413a720c96b7,true,Formation has not been measured; legacy labels are not formation labels.,PENDING,PENDING,PENDING,PENDING,NOT_MEASURED
endpoint::mamba:seq256:forward:918:out_ptr7,ENDPOINT_UNIT,,mamba:seq256:forward:918:out_ptr7,mamba,256,FORWARD,add,TRITON,forward:graph0:add_336,true,UNRESOLVED,UNRESOLVED_PENDING_REQUIRED_GATE,,,hypothesis_matrix.json; math_proof_row_sha256=4f72be786560c3a713eb8ec77b29a91f02363378b7c248fec8e680fdc39e7324,true,Formation has not been measured; legacy labels are not formation labels.,PENDING,PENDING,PENDING,PENDING,NOT_MEASURED
endpoint::mamba:seq256:forward:918:out_ptr8,ENDPOINT_UNIT,,mamba:seq256:forward:918:out_ptr8,mamba,256,FORWARD,add,TRITON,forward:graph0:add_337,true,UNRESOLVED,UNRESOLVED_PENDING_REQUIRED_GATE,,,hypothesis_matrix.json; math_proof_row_sha256=b0c3d71b715777d7a28524a238008f1da15eac8b5a12fbfd814d963bc61c6306,true,Formation has not been measured; legacy labels are not formation labels.,PENDING,PENDING,PENDING,PENDING,NOT_MEASURED
endpoint::mamba:seq256:forward:918:out_ptr9,ENDPOINT_UNIT,,mamba:seq256:forward:918:out_ptr9,mamba,256,FORWARD,add,TRITON,forward:graph0:add_338,true,UNRESOLVED,UNRESOLVED_PENDING_REQUIRED_GATE,,,hypothesis_matrix.json; math_proof_row_sha256=13b40cdf56e193f95b326f2df21f30308bcd0aa94821072c8acf4dc417828396,true,Formation has not been measured; legacy labels are not formation labels.,PENDING,PENDING,PENDING,PENDING,NOT_MEASURED
endpoint::mamba:seq256:forward:956:output_0,ENDPOINT_UNIT,,mamba:seq256:forward:956:output_0,mamba,256,FORWARD,mm,EXTERN,forward:graph0:mm_default_11949,true,UNRESOLVED,UNRESOLVED_PENDING_REQUIRED_GATE,,,hypothesis_matrix.json; math_proof_row_sha256=40e1785ff8ec1529d85c882a0476207184f2b0a61cf17f44a764306ad3629ef3,true,Formation has not been measured; legacy labels are not formation labels.,PENDING,PENDING,PENDING,PENDING,NOT_MEASURED
endpoint::mamba:seq256:forward:9599:output_0,ENDPOINT_UNIT,,mamba:seq256:forward:9599:output_0,mamba,256,FORWARD,mm,EXTERN,forward:graph0:mm_default_9107,true,NORMAL_REFERENCE,NORMAL_REFERENCE_NO_LOCAL_DIRECTIONAL_DIFFERENCE,,,hypothesis_matrix.json; math_proof_row_sha256=095ee30df03abf7f1e5d9fa59c126725d0034200f55bc1ad204c1a9dbb5e44f8,true,Formation has not been measured; legacy labels are not formation labels.,PENDING,PENDING,PENDING,PENDING,NOT_MEASURED
endpoint::mamba:seq256:forward:9813:output_0,ENDPOINT_UNIT,,mamba:seq256:forward:9813:output_0,mamba,256,FORWARD,mm,EXTERN,forward:graph0:mm_default_9001,true,NORMAL_REFERENCE,NORMAL_REFERENCE_NO_LOCAL_DIRECTIONAL_DIFFERENCE,,,hypothesis_matrix.json; math_proof_row_sha256=4451c9e15440a8ff7f947b745fa94ade11cfb8069d94fd5a61b05262d3fa752b,true,Formation has not been measured; legacy labels are not formation labels.,PENDING,PENDING,PENDING,PENDING,NOT_MEASURED
endpoint::mamba:seq64:backward:5254:output_0,ENDPOINT_UNIT,,mamba:seq64:backward:5254:output_0,mamba,64,BACKWARD,mm,EXTERN,backward:graph0:mm_default_1384,true,NORMAL_REFERENCE,NORMAL_REFERENCE_NO_LOCAL_DIRECTIONAL_DIFFERENCE,,,hypothesis_matrix.json; math_proof_row_sha256=8344b75d1552e9301ad8f54c738a5d58095cdb68d54fa5b669a8a2d92dd8f521,true,Formation has not been measured; legacy labels are not formation labels.,PENDING,PENDING,PENDING,PENDING,NOT_MEASURED
endpoint::mamba:seq64:backward:5559:output_0,ENDPOINT_UNIT,,mamba:seq64:backward:5559:output_0,mamba,64,BACKWARD,mm,EXTERN,backward:graph0:mm_default_1253,true,UNRESOLVED,UNRESOLVED_PENDING_REQUIRED_GATE,,,hypothesis_matrix.json; math_proof_row_sha256=960d80518800112ce8bf4a15e850ddecf6b8d8589a0e0d2dae1f07faf408e4d7,true,Formation has not been measured; legacy labels are not formation labels.,PENDING,PENDING,PENDING,PENDING,NOT_MEASURED
endpoint::mamba:seq64:backward:5575:output_0,ENDPOINT_UNIT,,mamba:seq64:backward:5575:output_0,mamba,64,BACKWARD,mm,EXTERN,backward:graph0:mm_default_1237,true,UNRESOLVED,UNRESOLVED_PENDING_REQUIRED_GATE,,,hypothesis_matrix.json; math_proof_row_sha256=1e47e7f43152388840a26bdc98f0ec109b97bedd293d8341481e645e39333b71,true,Formation has not been measured; legacy labels are not formation labels.,PENDING,PENDING,PENDING,PENDING,NOT_MEASURED
endpoint::mamba:seq64:backward:6512:output_0,ENDPOINT_UNIT,,mamba:seq64:backward:6512:output_0,mamba,64,BACKWARD,mm,EXTERN,backward:graph0:mm_183,true,NORMAL_REFERENCE,NORMAL_REFERENCE_NO_LOCAL_DIRECTIONAL_DIFFERENCE,,,hypothesis_matrix.json; math_proof_row_sha256=9a5b8f9ab3ce416c0520478ef25906334c3c83fc543ab0f26fb1919e4b0b013a,true,Formation has not been measured; legacy labels are not formation labels.,PENDING,PENDING,PENDING,PENDING,NOT_MEASURED
endpoint::mamba:seq64:backward:8156:output_0,ENDPOINT_UNIT,,mamba:seq64:backward:8156:output_0,mamba,64,BACKWARD,mm,EXTERN,backward:graph0:mm_default_135,true,UNRESOLVED,UNRESOLVED_PENDING_REQUIRED_GATE,,,hypothesis_matrix.json; math_proof_row_sha256=5f8031bec97fcf3660ea25cd8b16c7caa6919925c109d84e4d9e05d8b325b397,true,Formation has not been measured; legacy labels are not formation labels.,PENDING,PENDING,PENDING,PENDING,NOT_MEASURED
endpoint::mamba:seq64:backward:8324:output_0,ENDPOINT_UNIT,,mamba:seq64:backward:8324:output_0,mamba,64,BACKWARD,mm,EXTERN,backward:graph0:mm_279,true,NORMAL_REFERENCE,NORMAL_REFERENCE_NO_LOCAL_DIRECTIONAL_DIFFERENCE,,,hypothesis_matrix.json; math_proof_row_sha256=a4ee8a3fff850591a39a834fdc8b0d4e978fbb140f195a8666f43516375df10c,true,Formation has not been measured; legacy labels are not formation labels.,PENDING,PENDING,PENDING,PENDING,NOT_MEASURED
endpoint::mamba:seq64:forward:0:in_out_ptr0,ENDPOINT_UNIT,,mamba:seq64:forward:0:in_out_ptr0,mamba,64,FORWARD,rsqrt,TRITON,forward:graph0:rsqrt,true,UNRESOLVED,UNRESOLVED_PENDING_REQUIRED_GATE,,,hypothesis_matrix.json; math_proof_row_sha256=a5a559d7fc77e01a2c30e11553504b11d8f8457dd08431737d92ce3c0eeb4d16,true,Formation has not been measured; legacy labels are not formation labels.,PENDING,PENDING,PENDING,PENDING,NOT_MEASURED
endpoint::mamba:seq64:forward:1018:out_ptr39,ENDPOINT_UNIT,,mamba:seq64:forward:1018:out_ptr39,mamba,64,FORWARD,add,TRITON,forward:graph0:add_392,true,UNRESOLVED,UNRESOLVED_PENDING_REQUIRED_GATE,,,hypothesis_matrix.json; math_proof_row_sha256=86cb666e8b48b119be35eadd3dddf756fb1336e099c108f16b85675157e28bc7,true,Formation has not been measured; legacy labels are not formation labels.,PENDING,PENDING,PENDING,PENDING,NOT_MEASURED
endpoint::mamba:seq64:forward:1422:out_ptr33,ENDPOINT_UNIT,,mamba:seq64:forward:1422:out_ptr33,mamba,64,FORWARD,add,TRITON,forward:graph0:add_526,true,UNRESOLVED,UNRESOLVED_PENDING_REQUIRED_GATE,,,hypothesis_matrix.json; math_proof_row_sha256=e828d02155f1f2a747974650d585584b5ab39ea0991943223c133015d678444b,true,Formation has not been measured; legacy labels are not formation labels.,PENDING,PENDING,PENDING,PENDING,NOT_MEASURED
endpoint::mamba:seq64:forward:1616:in_out_ptr0,ENDPOINT_UNIT,,mamba:seq64:forward:1616:in_out_ptr0,mamba,64,FORWARD,rsqrt,TRITON,forward:graph0:rsqrt_8,true,UNRESOLVED,UNRESOLVED_PENDING_REQUIRED_GATE,,,hypothesis_matrix.json; math_proof_row_sha256=8a9f6a8e375eb0667635e3018b3eb5eaa7de01657e545dae3b38c4d31468a42f,true,Formation has not been measured; legacy labels are not formation labels.,PENDING,PENDING,PENDING,PENDING,NOT_MEASURED
endpoint::mamba:seq64:forward:1624:out_ptr38,ENDPOINT_UNIT,,mamba:seq64:forward:1624:out_ptr38,mamba,64,FORWARD,add,TRITON,forward:graph0:add_601,true,UNRESOLVED,UNRESOLVED_PENDING_REQUIRED_GATE,,,hypothesis_matrix.json; math_proof_row_sha256=b82577b0ed13d89a8c34519aa470329d9922ff6473771ae14681423ed6829e4e,true,Formation has not been measured; legacy labels are not formation labels.,PENDING,PENDING,PENDING,PENDING,NOT_MEASURED
endpoint::mamba:seq64:forward:1826:out_ptr36,ENDPOINT_UNIT,,mamba:seq64:forward:1826:out_ptr36,mamba,64,FORWARD,add,TRITON,forward:graph0:add_669,true,UNRESOLVED,UNRESOLVED_PENDING_REQUIRED_GATE,,,hypothesis_matrix.json; math_proof_row_sha256=51aab217aa02de557e811b814af9c3b0f3893f07e70602ac15da421e33b4394e,true,Formation has not been measured; legacy labels are not formation labels.,PENDING,PENDING,PENDING,PENDING,NOT_MEASURED
endpoint::mamba:seq64:forward:1826:out_ptr37,ENDPOINT_UNIT,,mamba:seq64:forward:1826:out_ptr37,mamba,64,FORWARD,add,TRITON,forward:graph0:add_670,true,UNRESOLVED,UNRESOLVED_PENDING_REQUIRED_GATE,,,hypothesis_matrix.json; math_proof_row_sha256=268067a7e0f99c23a67f89b48bbb9b4a594b9e7e3835da929acec77f32578b6f,true,Formation has not been measured; legacy labels are not formation labels.,PENDING,PENDING,PENDING,PENDING,NOT_MEASURED
endpoint::mamba:seq64:forward:1890:output_0,ENDPOINT_UNIT,,mamba:seq64:forward:1890:output_0,mamba,64,FORWARD,mm,EXTERN,forward:graph0:mm_default_2464,true,NORMAL_REFERENCE,NORMAL_REFERENCE_NO_LOCAL_DIRECTIONAL_DIFFERENCE,,,hypothesis_matrix.json; math_proof_row_sha256=5b07bdca03f6f6876464984fdf5803c5a82f2eb6c72c300fb2c79c37cc07b00f,true,Formation has not been measured; legacy labels are not formation labels.,PENDING,PENDING,PENDING,PENDING,NOT_MEASURED
endpoint::mamba:seq64:forward:210:out_ptr39,ENDPOINT_UNIT,,mamba:seq64:forward:210:out_ptr39,mamba,64,FORWARD,add,TRITON,forward:graph0:add_112,true,UNRESOLVED,UNRESOLVED_PENDING_REQUIRED_GATE,,,hypothesis_matrix.json; math_proof_row_sha256=10e26da4817b58597fe9dcd7a2dc82786bfd41f91b552fb94c254b42b094e5ad,true,Formation has not been measured; legacy labels are not formation labels.,PENDING,PENDING,PENDING,PENDING,NOT_MEASURED
endpoint::mamba:seq64:forward:210:out_ptr44,ENDPOINT_UNIT,,mamba:seq64:forward:210:out_ptr44,mamba,64,FORWARD,add,TRITON,forward:graph0:add_117,true,UNRESOLVED,UNRESOLVED_PENDING_REQUIRED_GATE,,,hypothesis_matrix.json; math_proof_row_sha256=259bbe1fc546f264f243cbbe5d00a001557416f47581d7d9d525edb05ed105e0,true,Formation has not been measured; legacy labels are not formation labels.,PENDING,PENDING,PENDING,PENDING,NOT_MEASURED
endpoint::mamba:seq64:forward:210:out_ptr45,ENDPOINT_UNIT,,mamba:seq64:forward:210:out_ptr45,mamba,64,FORWARD,add,TRITON,forward:graph0:add_118,true,UNRESOLVED,UNRESOLVED_PENDING_REQUIRED_GATE,,,hypothesis_matrix.json; math_proof_row_sha256=9973aba57a1e6ff088b69aa07c8d29d1e986d2540ffa1fc2ac59522e5caccdb3,true,Formation has not been measured; legacy labels are not formation labels.,PENDING,PENDING,PENDING,PENDING,NOT_MEASURED
endpoint::mamba:seq64:forward:210:out_ptr47,ENDPOINT_UNIT,,mamba:seq64:forward:210:out_ptr47,mamba,64,FORWARD,add,TRITON,forward:graph0:add_120,true,UNRESOLVED,UNRESOLVED_PENDING_REQUIRED_GATE,,,hypothesis_matrix.json; math_proof_row_sha256=450a576b484e1b0c09a27ff509e1f64044f1a6338bdd8258a966569354efa9ca,true,Formation has not been measured; legacy labels are not formation labels.,PENDING,PENDING,PENDING,PENDING,NOT_MEASURED
endpoint::mamba:seq64:forward:210:out_ptr48,ENDPOINT_UNIT,,mamba:seq64:forward:210:out_ptr48,mamba,64,FORWARD,add,TRITON,forward:graph0:add_121,true,UNRESOLVED,UNRESOLVED_PENDING_REQUIRED_GATE,,,hypothesis_matrix.json; math_proof_row_sha256=85a78c04e32399af512853ea57317e9b8fbaee8a94847ceb7e3b6d0bde7ceb12,true,Formation has not been measured; legacy labels are not formation labels.,PENDING,PENDING,PENDING,PENDING,NOT_MEASURED
endpoint::mamba:seq64:forward:210:out_ptr49,ENDPOINT_UNIT,,mamba:seq64:forward:210:out_ptr49,mamba,64,FORWARD,add,TRITON,forward:graph0:add_122,true,UNRESOLVED,UNRESOLVED_PENDING_REQUIRED_GATE,,,hypothesis_matrix.json; math_proof_row_sha256=8ed1e19f1c6af47c14ae8ac450896766c1c778132866496d03b8c871ae2ca1be,true,Formation has not been measured; legacy labels are not formation labels.,PENDING,PENDING,PENDING,PENDING,NOT_MEASURED
endpoint::mamba:seq64:forward:210:out_ptr50,ENDPOINT_UNIT,,mamba:seq64:forward:210:out_ptr50,mamba,64,FORWARD,add,TRITON,forward:graph0:add_123,true,UNRESOLVED,UNRESOLVED_PENDING_REQUIRED_GATE,,,hypothesis_matrix.json; math_proof_row_sha256=9c4cba0a0fd06ce3b1aab5e22fe8e126899c278c7368ac4ea771b0a3b058ec0a,true,Formation has not been measured; legacy labels are not formation labels.,PENDING,PENDING,PENDING,PENDING,NOT_MEASURED
endpoint::mamba:seq64:forward:210:out_ptr53,ENDPOINT_UNIT,,mamba:seq64:forward:210:out_ptr53,mamba,64,FORWARD,add,TRITON,forward:graph0:add_126,true,UNRESOLVED,UNRESOLVED_PENDING_REQUIRED_GATE,,,hypothesis_matrix.json; math_proof_row_sha256=f248f931362d1ba249933764165f0667f52976d64855b86e60ee51372b40cbc8,true,Formation has not been measured; legacy labels are not formation labels.,PENDING,PENDING,PENDING,PENDING,NOT_MEASURED
endpoint::mamba:seq64:forward:210:out_ptr54,ENDPOINT_UNIT,,mamba:seq64:forward:210:out_ptr54,mamba,64,FORWARD,add,TRITON,forward:graph0:add_127,true,UNRESOLVED,UNRESOLVED_PENDING_REQUIRED_GATE,,,hypothesis_matrix.json; math_proof_row_sha256=1928f9d216708f11b8922abc8a179f84aff7bb291f809fc17ec57c385f71e626,true,Formation has not been measured; legacy labels are not formation labels.,PENDING,PENDING,PENDING,PENDING,NOT_MEASURED
endpoint::mamba:seq64:forward:210:out_ptr55,ENDPOINT_UNIT,,mamba:seq64:forward:210:out_ptr55,mamba,64,FORWARD,add,TRITON,forward:graph0:add_128,true,UNRESOLVED,UNRESOLVED_PENDING_REQUIRED_GATE,,,hypothesis_matrix.json; math_proof_row_sha256=acdc8cc4ffec613325842c442ec66e735dcb5b2e39d38bfbdf0f73418c362160,true,Formation has not been measured; legacy labels are not formation labels.,PENDING,PENDING,PENDING,PENDING,NOT_MEASURED
endpoint::mamba:seq64:forward:210:out_ptr57,ENDPOINT_UNIT,,mamba:seq64:forward:210:out_ptr57,mamba,64,FORWARD,add,TRITON,forward:graph0:add_130,true,UNRESOLVED,UNRESOLVED_PENDING_REQUIRED_GATE,,,hypothesis_matrix.json; math_proof_row_sha256=14c64c96b4633be3695bfc6db66222ec2310de59190adfd19e3db06587e1a608,true,Formation has not been measured; legacy labels are not formation labels.,PENDING,PENDING,PENDING,PENDING,NOT_MEASURED
endpoint::mamba:seq64:forward:210:out_ptr58,ENDPOINT_UNIT,,mamba:seq64:forward:210:out_ptr58,mamba,64,FORWARD,add,TRITON,forward:graph0:add_131,true,UNRESOLVED,UNRESOLVED_PENDING_REQUIRED_GATE,,,hypothesis_matrix.json; math_proof_row_sha256=c0777e0fdc7bb5317b64f5bb27e7cd1494fce44f92e73e39e4295128e50c2471,true,Formation has not been measured; legacy labels are not formation labels.,PENDING,PENDING,PENDING,PENDING,NOT_MEASURED
endpoint::mamba:seq64:forward:210:out_ptr59,ENDPOINT_UNIT,,mamba:seq64:forward:210:out_ptr59,mamba,64,FORWARD,add,TRITON,forward:graph0:add_132,true,UNRESOLVED,UNRESOLVED_PENDING_REQUIRED_GATE,,,hypothesis_matrix.json; math_proof_row_sha256=e5d7d659cb35de7d5d6291a1a73919120efd20d10b12e8d9451a7ca4b74120a5,true,Formation has not been measured; legacy labels are not formation labels.,PENDING,PENDING,PENDING,PENDING,NOT_MEASURED
endpoint::mamba:seq64:forward:210:out_ptr60,ENDPOINT_UNIT,,mamba:seq64:forward:210:out_ptr60,mamba,64,FORWARD,add,TRITON,forward:graph0:add_133,true,UNRESOLVED,UNRESOLVED_PENDING_REQUIRED_GATE,,,hypothesis_matrix.json; math_proof_row_sha256=3886b52396b15d7b8035fd1128b58802c15cea52faf8df89958c35ab1e1152ed,true,Formation has not been measured; legacy labels are not formation labels.,PENDING,PENDING,PENDING,PENDING,NOT_MEASURED
endpoint::mamba:seq64:forward:210:out_ptr61,ENDPOINT_UNIT,,mamba:seq64:forward:210:out_ptr61,mamba,64,FORWARD,add,TRITON,forward:graph0:add_134,true,UNRESOLVED,UNRESOLVED_PENDING_REQUIRED_GATE,,,hypothesis_matrix.json; math_proof_row_sha256=e42e2eb89e9cba2d3c9c1d227db432ca4207309cb1c4dc17244c123790c20955,true,Formation has not been measured; legacy labels are not formation labels.,PENDING,PENDING,PENDING,PENDING,NOT_MEASURED
endpoint::mamba:seq64:forward:210:out_ptr62,ENDPOINT_UNIT,,mamba:seq64:forward:210:out_ptr62,mamba,64,FORWARD,add,TRITON,forward:graph0:add_135,true,UNRESOLVED,UNRESOLVED_PENDING_REQUIRED_GATE,,,hypothesis_matrix.json; math_proof_row_sha256=d0ed7f787ef75c438de662823226bd0376f921ffb651e6fd1c17f0c21fc3d222,true,Formation has not been measured; legacy labels are not formation labels.,PENDING,PENDING,PENDING,PENDING,NOT_MEASURED
endpoint::mamba:seq64:forward:2227:out_ptr0,ENDPOINT_UNIT,,mamba:seq64:forward:2227:out_ptr0,mamba,64,FORWARD,convert_element_type,TRITON,forward:graph0:convert_element_type_2327,true,UNRESOLVED,UNRESOLVED_PENDING_REQUIRED_GATE,,,hypothesis_matrix.json; math_proof_row_sha256=83e01c5fea3acc738716775ce307436ba8245fc00a7a39c8104472e71041181b,true,Formation has not been measured; legacy labels are not formation labels.,PENDING,PENDING,PENDING,PENDING,NOT_MEASURED
endpoint::mamba:seq64:forward:2432:out_ptr55,ENDPOINT_UNIT,,mamba:seq64:forward:2432:out_ptr55,mamba,64,FORWARD,add,TRITON,forward:graph0:add_898,true,NORMAL_REFERENCE,NORMAL_REFERENCE_NO_LOCAL_DIRECTIONAL_DIFFERENCE,,,hypothesis_matrix.json; math_proof_row_sha256=d16534cc794ba531c40b7e62cd974abef69eb61796080fbae36bbb635acc891e,true,Formation has not been measured; legacy labels are not formation labels.,PENDING,PENDING,PENDING,PENDING,NOT_MEASURED
endpoint::mamba:seq64:forward:2432:out_ptr56,ENDPOINT_UNIT,,mamba:seq64:forward:2432:out_ptr56,mamba,64,FORWARD,add,TRITON,forward:graph0:add_899,true,UNRESOLVED,UNRESOLVED_PENDING_REQUIRED_GATE,,,hypothesis_matrix.json; math_proof_row_sha256=437e99054642d9ee3a4cfb8ed06df236bd30bdf483e7b98b08f268599850e3bd,true,Formation has not been measured; legacy labels are not formation labels.,PENDING,PENDING,PENDING,PENDING,NOT_MEASURED
endpoint::mamba:seq64:forward:2432:out_ptr57,ENDPOINT_UNIT,,mamba:seq64:forward:2432:out_ptr57,mamba,64,FORWARD,add,TRITON,forward:graph0:add_900,true,NORMAL_REFERENCE,NORMAL_REFERENCE_NO_LOCAL_DIRECTIONAL_DIFFERENCE,,,hypothesis_matrix.json; math_proof_row_sha256=ad8381e785b9456ad73b8fe665b3f0cb9a2fab8bbfbbf52b5cd176e3baafdf7b,true,Formation has not been measured; legacy labels are not formation labels.,PENDING,PENDING,PENDING,PENDING,NOT_MEASURED
endpoint::mamba:seq64:forward:2438:output_0,ENDPOINT_UNIT,,mamba:seq64:forward:2438:output_0,mamba,64,FORWARD,mm,EXTERN,forward:graph0:mm_default_2301,true,NORMAL_REFERENCE,NORMAL_REFERENCE_NO_LOCAL_DIRECTIONAL_DIFFERENCE,,,hypothesis_matrix.json; math_proof_row_sha256=922483574e81bcf2ddc2cef1e54d823ebad202b03de44dd2600a75fbae7f6eea,true,Formation has not been measured; legacy labels are not formation labels.,PENDING,PENDING,PENDING,PENDING,NOT_MEASURED
endpoint::mamba:seq64:forward:2440:output_0,ENDPOINT_UNIT,,mamba:seq64:forward:2440:output_0,mamba,64,FORWARD,mm,EXTERN,forward:graph0:mm_default_2300,true,NORMAL_REFERENCE,NORMAL_REFERENCE_NO_LOCAL_DIRECTIONAL_DIFFERENCE,,,hypothesis_matrix.json; math_proof_row_sha256=9956672940686f89116b02a7cdd4277ed07f165e1e4e6d37bc703e00baf7314b,true,Formation has not been measured; legacy labels are not formation labels.,PENDING,PENDING,PENDING,PENDING,NOT_MEASURED
endpoint::mamba:seq64:forward:2488:output_0,ENDPOINT_UNIT,,mamba:seq64:forward:2488:output_0,mamba,64,FORWARD,mm,EXTERN,forward:graph0:mm_default_2276,true,UNRESOLVED,UNRESOLVED_PENDING_REQUIRED_GATE,,,hypothesis_matrix.json; math_proof_row_sha256=44258100651dd82487a0c391771563ba3b92b80ef5f9b59fac3d2eaf30752a3b,true,Formation has not been measured; legacy labels are not formation labels.,PENDING,PENDING,PENDING,PENDING,NOT_MEASURED
endpoint::mamba:seq64:forward:278:output_0,ENDPOINT_UNIT,,mamba:seq64:forward:278:output_0,mamba,64,FORWARD,mm,EXTERN,forward:graph0:mm_default_2974,true,NORMAL_REFERENCE,NORMAL_REFERENCE_NO_LOCAL_DIRECTIONAL_DIFFERENCE,,,hypothesis_matrix.json; math_proof_row_sha256=2d1987da9ae619eeda5d6d48dcd22f3e88c45f35c024aad0fe385867bb9a2dda,true,Formation has not been measured; legacy labels are not formation labels.,PENDING,PENDING,PENDING,PENDING,NOT_MEASURED
endpoint::mamba:seq64:forward:290:output_0,ENDPOINT_UNIT,,mamba:seq64:forward:290:output_0,mamba,64,FORWARD,mm,EXTERN,forward:graph0:mm_default_2968,true,UNRESOLVED,UNRESOLVED_PENDING_REQUIRED_GATE,,,hypothesis_matrix.json; math_proof_row_sha256=c13c72c1b59f57f32893d4abcc93d490c9be453e3f12a978e8fbc3d397d290d7,true,Formation has not been measured; legacy labels are not formation labels.,PENDING,PENDING,PENDING,PENDING,NOT_MEASURED
endpoint::mamba:seq64:forward:302:output_0,ENDPOINT_UNIT,,mamba:seq64:forward:302:output_0,mamba,64,FORWARD,mm,EXTERN,forward:graph0:mm_default_2962,true,UNRESOLVED,UNRESOLVED_PENDING_REQUIRED_GATE,,,hypothesis_matrix.json; math_proof_row_sha256=245e76a05a4787503b774b4a76eb6a9a3707f72eaa35ea84aa56e62a6d3415e1,true,Formation has not been measured; legacy labels are not formation labels.,PENDING,PENDING,PENDING,PENDING,NOT_MEASURED
endpoint::mamba:seq64:forward:3736:output_0,ENDPOINT_UNIT,,mamba:seq64:forward:3736:output_0,mamba,64,FORWARD,mm,EXTERN,forward:graph0:mm_default_1874,true,NORMAL_REFERENCE,NORMAL_REFERENCE_NO_LOCAL_DIRECTIONAL_DIFFERENCE,,,hypothesis_matrix.json; math_proof_row_sha256=22388d97baf8e50e5833e558ae7e228ab7a857fe8abc2895564ec756c095d4fd,true,Formation has not been measured; legacy labels are not formation labels.,PENDING,PENDING,PENDING,PENDING,NOT_MEASURED
endpoint::mamba:seq64:forward:412:out_ptr48,ENDPOINT_UNIT,,mamba:seq64:forward:412:out_ptr48,mamba,64,FORWARD,add,TRITON,forward:graph0:add_191,true,UNRESOLVED,UNRESOLVED_PENDING_REQUIRED_GATE,,,hypothesis_matrix.json; math_proof_row_sha256=11ed802f9c9be8ce3495facb35c708ea157cdb9683681af92a01b836085103a8,true,Formation has not been measured; legacy labels are not formation labels.,PENDING,PENDING,PENDING,PENDING,NOT_MEASURED
endpoint::mamba:seq64:forward:412:out_ptr53,ENDPOINT_UNIT,,mamba:seq64:forward:412:out_ptr53,mamba,64,FORWARD,add,TRITON,forward:graph0:add_196,true,UNRESOLVED,UNRESOLVED_PENDING_REQUIRED_GATE,,,hypothesis_matrix.json; math_proof_row_sha256=d557f24b2d7e918f6d1651b66857031bb3614493880a03635145fe745b74a64e,true,Formation has not been measured; legacy labels are not formation labels.,PENDING,PENDING,PENDING,PENDING,NOT_MEASURED
endpoint::mamba:seq64:forward:412:out_ptr54,ENDPOINT_UNIT,,mamba:seq64:forward:412:out_ptr54,mamba,64,FORWARD,add,TRITON,forward:graph0:add_197,true,UNRESOLVED,UNRESOLVED_PENDING_REQUIRED_GATE,,,hypothesis_matrix.json; math_proof_row_sha256=629319fed34a4a7e045f2b2e20859a305684c59f663ac28a4aaa53175c172ee3,true,Formation has not been measured; legacy labels are not formation labels.,PENDING,PENDING,PENDING,PENDING,NOT_MEASURED
endpoint::mamba:seq64:forward:412:out_ptr58,ENDPOINT_UNIT,,mamba:seq64:forward:412:out_ptr58,mamba,64,FORWARD,add,TRITON,forward:graph0:add_201,true,UNRESOLVED,UNRESOLVED_PENDING_REQUIRED_GATE,,,hypothesis_matrix.json; math_proof_row_sha256=9e5bf7c566b0f6b7435fa5121f2457e807389fbff79dfe8171ee0485a88fce3e,true,Formation has not been measured; legacy labels are not formation labels.,PENDING,PENDING,PENDING,PENDING,NOT_MEASURED
endpoint::mamba:seq64:forward:412:out_ptr59,ENDPOINT_UNIT,,mamba:seq64:forward:412:out_ptr59,mamba,64,FORWARD,add,TRITON,forward:graph0:add_202,true,UNRESOLVED,UNRESOLVED_PENDING_REQUIRED_GATE,,,hypothesis_matrix.json; math_proof_row_sha256=ad995adc0ac49a0ebb727d3bbb2348c1b76bf42d5179bc3a2a44017c2e3490b3,true,Formation has not been measured; legacy labels are not formation labels.,PENDING,PENDING,PENDING,PENDING,NOT_MEASURED
endpoint::mamba:seq64:forward:412:out_ptr61,ENDPOINT_UNIT,,mamba:seq64:forward:412:out_ptr61,mamba,64,FORWARD,add,TRITON,forward:graph0:add_204,true,UNRESOLVED,UNRESOLVED_PENDING_REQUIRED_GATE,,,hypothesis_matrix.json; math_proof_row_sha256=8e89b151d73759008ac72678420ee9b02f42b74ad2132727fdddd603b7218488,true,Formation has not been measured; legacy labels are not formation labels.,PENDING,PENDING,PENDING,PENDING,NOT_MEASURED
endpoint::mamba:seq64:forward:4554:output_0,ENDPOINT_UNIT,,mamba:seq64:forward:4554:output_0,mamba,64,FORWARD,mm,EXTERN,forward:graph0:mm_default_1613,true,NORMAL_REFERENCE,NORMAL_REFERENCE_NO_LOCAL_DIRECTIONAL_DIFFERENCE,,,hypothesis_matrix.json; math_proof_row_sha256=f9edd45eef46aa11da7dd8c185106023e0936130c999be2df9c8137bf7b0c813,true,Formation has not been measured; legacy labels are not formation labels.,PENDING,PENDING,PENDING,PENDING,NOT_MEASURED
endpoint::mamba:seq64:forward:4654:out_ptr56,ENDPOINT_UNIT,,mamba:seq64:forward:4654:out_ptr56,mamba,64,FORWARD,add,TRITON,forward:graph0:add_1669,true,NORMAL_REFERENCE,NORMAL_REFERENCE_NO_LOCAL_DIRECTIONAL_DIFFERENCE,,,hypothesis_matrix.json; math_proof_row_sha256=ae77c5921f9b41727bd81d960fbc33248ba12c46dc9b5a41e09231bc4b57a9fc,true,Formation has not been measured; legacy labels are not formation labels.,PENDING,PENDING,PENDING,PENDING,NOT_MEASURED
endpoint::mamba:seq64:forward:4740:output_0,ENDPOINT_UNIT,,mamba:seq64:forward:4740:output_0,mamba,64,FORWARD,mm,EXTERN,forward:graph0:mm_default_1557,true,NORMAL_REFERENCE,NORMAL_REFERENCE_NO_LOCAL_DIRECTIONAL_DIFFERENCE,,,hypothesis_matrix.json; math_proof_row_sha256=e366dc51f363816d4c3d9ecd059145b3f383a1a772064539f737d4db4a3b1c0d,true,Formation has not been measured; legacy labels are not formation labels.,PENDING,PENDING,PENDING,PENDING,NOT_MEASURED
endpoint::mamba:seq64:forward:520:output_0,ENDPOINT_UNIT,,mamba:seq64:forward:520:output_0,mamba,64,FORWARD,mm,EXTERN,forward:graph0:mm_default_2890,true,UNRESOLVED,UNRESOLVED_PENDING_REQUIRED_GATE,,,hypothesis_matrix.json; math_proof_row_sha256=56ed55c4db5e8bbd7e24ecbc214cf01fad6156c8e4a500d8105cf1b9bc0c6d42,true,Formation has not been measured; legacy labels are not formation labels.,PENDING,PENDING,PENDING,PENDING,NOT_MEASURED
endpoint::mamba:seq64:forward:528:output_0,ENDPOINT_UNIT,,mamba:seq64:forward:528:output_0,mamba,64,FORWARD,mm,EXTERN,forward:graph0:mm_default_2886,true,UNRESOLVED,UNRESOLVED_PENDING_REQUIRED_GATE,,,hypothesis_matrix.json; math_proof_row_sha256=ad3fa40e3fcd3321afa0fb719729e47115d2498247e52458993be9ee901d865d,true,Formation has not been measured; legacy labels are not formation labels.,PENDING,PENDING,PENDING,PENDING,NOT_MEASURED
endpoint::mamba:seq64:forward:816:out_ptr26,ENDPOINT_UNIT,,mamba:seq64:forward:816:out_ptr26,mamba,64,FORWARD,add,TRITON,forward:graph0:add_309,true,UNRESOLVED,UNRESOLVED_PENDING_REQUIRED_GATE,,,hypothesis_matrix.json; math_proof_row_sha256=a266e452443eb4f62fda2aaa4129b69b6ea7518d7612861a5ad6d8edff52cfc3,true,Formation has not been measured; legacy labels are not formation labels.,PENDING,PENDING,PENDING,PENDING,NOT_MEASURED
endpoint::mamba:seq64:forward:816:out_ptr30,ENDPOINT_UNIT,,mamba:seq64:forward:816:out_ptr30,mamba,64,FORWARD,add,TRITON,forward:graph0:add_313,true,UNRESOLVED,UNRESOLVED_PENDING_REQUIRED_GATE,,,hypothesis_matrix.json; math_proof_row_sha256=35314d0414666697d5c1dceee30cee63d5139ed6da91adbce42d74900dfed667,true,Formation has not been measured; legacy labels are not formation labels.,PENDING,PENDING,PENDING,PENDING,NOT_MEASURED
endpoint::mamba:seq64:forward:816:out_ptr38,ENDPOINT_UNIT,,mamba:seq64:forward:816:out_ptr38,mamba,64,FORWARD,add,TRITON,forward:graph0:add_321,true,UNRESOLVED,UNRESOLVED_PENDING_REQUIRED_GATE,,,hypothesis_matrix.json; math_proof_row_sha256=3a7963e20e7241938e0995c52ed4d311f55c4fbc45c0ec1dd9bd371fdf4f7f19,true,Formation has not been measured; legacy labels are not formation labels.,PENDING,PENDING,PENDING,PENDING,NOT_MEASURED
endpoint::mamba:seq64:forward:816:out_ptr39,ENDPOINT_UNIT,,mamba:seq64:forward:816:out_ptr39,mamba,64,FORWARD,add,TRITON,forward:graph0:add_322,true,UNRESOLVED,UNRESOLVED_PENDING_REQUIRED_GATE,,,hypothesis_matrix.json; math_proof_row_sha256=e565f3c9197c36c9eb0afac17f4a826fc66dab77f40c8ca0e87fd2ddc4beb6db,true,Formation has not been measured; legacy labels are not formation labels.,PENDING,PENDING,PENDING,PENDING,NOT_MEASURED
endpoint::phi4:seq128:forward:108:in_out_ptr1,ENDPOINT_UNIT,,phi4:seq128:forward:108:in_out_ptr1,phi4,128,FORWARD,rsqrt,TRITON,forward:graph0:forward_g4__rsqrt_13,true,COHERENT_F_B_BIAS,OBSERVED_T3_COHERENT_COMPLETE_CARRIER,,,hypothesis_matrix.json; math_proof_row_sha256=da7dce60a05ed30703df859da1fa9bc03fc27c89ea820dd42003f82aed4bf689,true,Formation has not been measured; legacy labels are not formation labels.,PENDING,PENDING,PENDING,PENDING,NOT_MEASURED
endpoint::phi4:seq128:forward:18:in_out_ptr0,ENDPOINT_UNIT,,phi4:seq128:forward:18:in_out_ptr0,phi4,128,FORWARD,rsqrt,TRITON,forward:graph0:forward_g4__rsqrt_1,true,NORMAL_REFERENCE,NORMAL_REFERENCE_NO_COHERENT_F_B_CARRIER,,,hypothesis_matrix.json; math_proof_row_sha256=224ca5ebac06bcab7ca8ccb4081741f2ddf135aa0a52077cff53ddbf70c1ac5e,true,Formation has not been measured; legacy labels are not formation labels.,PENDING,PENDING,PENDING,PENDING,NOT_MEASURED
endpoint::phi4:seq128:forward:27:output_0,ENDPOINT_UNIT,,phi4:seq128:forward:27:output_0,phi4,128,FORWARD,bmm,EXTERN,forward:graph0:forward_g4__bmm_2,true,NORMAL_REFERENCE,NORMAL_REFERENCE_NO_COHERENT_F_B_CARRIER,,,hypothesis_matrix.json; math_proof_row_sha256=fbc01b4af9cf8549301ba47e4c52a874a6504d8836e05007ac97b83e9ac92aca,true,Formation has not been measured; legacy labels are not formation labels.,PENDING,PENDING,PENDING,PENDING,NOT_MEASURED
endpoint::phi4:seq128:forward:37:in_out_ptr0,ENDPOINT_UNIT,,phi4:seq128:forward:37:in_out_ptr0,phi4,128,FORWARD,add,TRITON,forward:graph0:forward_g4__add_15,true,NORMAL_REFERENCE,NORMAL_REFERENCE_NO_LOCAL_DIRECTIONAL_DIFFERENCE,,,hypothesis_matrix.json; math_proof_row_sha256=81b98043fabb18b3bd4f172edd67839296cc2d7d6abefb958184d617ffd15ef9,true,Formation has not been measured; legacy labels are not formation labels.,PENDING,PENDING,PENDING,PENDING,NOT_MEASURED
endpoint::phi4:seq128:forward:37:out_ptr0,ENDPOINT_UNIT,,phi4:seq128:forward:37:out_ptr0,phi4,128,FORWARD,mul,TRITON,forward:graph0:forward_g4__mul_21,true,NORMAL_REFERENCE,NORMAL_REFERENCE_NO_COHERENT_F_B_CARRIER,,,hypothesis_matrix.json; math_proof_row_sha256=59fe72128bbf555811c65cd8d15d71bea52224acfdea333d4cd9394149e81ce2,true,Formation has not been measured; legacy labels are not formation labels.,PENDING,PENDING,PENDING,PENDING,NOT_MEASURED
endpoint::phi4:seq128:forward:472:in_out_ptr0,ENDPOINT_UNIT,,phi4:seq128:forward:472:in_out_ptr0,phi4,128,FORWARD,add,TRITON,forward:graph0:forward_g4__add_247,true,NORMAL_REFERENCE,NORMAL_REFERENCE_NO_LOCAL_DIRECTIONAL_DIFFERENCE,,,hypothesis_matrix.json; math_proof_row_sha256=ff18444597157ef269ba4da3b9eaa670ab5abfa99e65b8778a6bc3ac74858c6d,true,Formation has not been measured; legacy labels are not formation labels.,PENDING,PENDING,PENDING,PENDING,NOT_MEASURED
endpoint::phi4:seq128:forward:472:out_ptr0,ENDPOINT_UNIT,,phi4:seq128:forward:472:out_ptr0,phi4,128,FORWARD,mul,TRITON,forward:graph0:forward_g4__mul_311,true,NORMAL_REFERENCE,NORMAL_REFERENCE_NO_LOCAL_DIRECTIONAL_DIFFERENCE,,,hypothesis_matrix.json; math_proof_row_sha256=7cfc08065f22ac52cbfa8acf7fb8245f632090e2589fe7ab9536a0354a8a75b4,true,Formation has not been measured; legacy labels are not formation labels.,PENDING,PENDING,PENDING,PENDING,NOT_MEASURED
endpoint::phi4:seq128:forward:52:in_out_ptr0,ENDPOINT_UNIT,,phi4:seq128:forward:52:in_out_ptr0,phi4,128,FORWARD,add,TRITON,forward:graph0:forward_g4__add_23,true,NORMAL_REFERENCE,NORMAL_REFERENCE_NO_LOCAL_DIRECTIONAL_DIFFERENCE,,,hypothesis_matrix.json; math_proof_row_sha256=096486679f225562b7081951d540226eefd6e6743f416e68059a3daf748c7114,true,Formation has not been measured; legacy labels are not formation labels.,PENDING,PENDING,PENDING,PENDING,NOT_MEASURED
endpoint::phi4:seq128:forward:52:in_out_ptr1,ENDPOINT_UNIT,,phi4:seq128:forward:52:in_out_ptr1,phi4,128,FORWARD,rsqrt,TRITON,forward:graph0:forward_g4__rsqrt_6,true,NORMAL_REFERENCE,NORMAL_REFERENCE_NO_COHERENT_F_B_CARRIER,,,hypothesis_matrix.json; math_proof_row_sha256=e2b5e00a8440db05139d8f810f41dd42557bf6fa3c63d3f37e1a2d1a4de008b1,true,Formation has not been measured; legacy labels are not formation labels.,PENDING,PENDING,PENDING,PENDING,NOT_MEASURED
endpoint::phi4:seq128:forward:7:in_out_ptr0,ENDPOINT_UNIT,,phi4:seq128:forward:7:in_out_ptr0,phi4,128,FORWARD,rsqrt,TRITON,forward:graph0:forward_g4__rsqrt,true,NORMAL_REFERENCE,NORMAL_REFERENCE_NO_CAUSAL_ENDPOINT_EFFECT,,,hypothesis_matrix.json; math_proof_row_sha256=2860c3f6f1501846ea9224b6940f36a009b0a10f5a4e1dca9078fc8827416b67,true,Formation has not been measured; legacy labels are not formation labels.,PENDING,PENDING,PENDING,PENDING,NOT_MEASURED
endpoint::phi4:seq128:forward:82:in_out_ptr1,ENDPOINT_UNIT,,phi4:seq128:forward:82:in_out_ptr1,phi4,128,FORWARD,rsqrt,TRITON,forward:graph0:forward_g4__rsqrt_10,true,NORMAL_REFERENCE,NORMAL_REFERENCE_NO_COHERENT_F_B_CARRIER,,,hypothesis_matrix.json; math_proof_row_sha256=927159ca8b477fe261c1da4b2b6b9bba5a73c202689642f507799d7f470d13b4,true,Formation has not been measured; legacy labels are not formation labels.,PENDING,PENDING,PENDING,PENDING,NOT_MEASURED
endpoint::phi4:seq128:forward:93:in_out_ptr1,ENDPOINT_UNIT,,phi4:seq128:forward:93:in_out_ptr1,phi4,128,FORWARD,rsqrt,TRITON,forward:graph0:forward_g4__rsqrt_11,true,NORMAL_REFERENCE,NORMAL_REFERENCE_NO_COHERENT_F_B_CARRIER,,,hypothesis_matrix.json; math_proof_row_sha256=87a1ac56f82bebfdb3a9ec18f53193de076d47f7d988857a950784ecf5d6934a,true,Formation has not been measured; legacy labels are not formation labels.,PENDING,PENDING,PENDING,PENDING,NOT_MEASURED
endpoint::phi4:seq128:forward:97:in_out_ptr1,ENDPOINT_UNIT,,phi4:seq128:forward:97:in_out_ptr1,phi4,128,FORWARD,rsqrt,TRITON,forward:graph0:forward_g4__rsqrt_12,true,NORMAL_REFERENCE,NORMAL_REFERENCE_NO_COHERENT_F_B_CARRIER,,,hypothesis_matrix.json; math_proof_row_sha256=2ca1eb1684e7d00ada3d455b0a24cdc9b2b2903dd31746bb8cfb99f53b13f54b,true,Formation has not been measured; legacy labels are not formation labels.,PENDING,PENDING,PENDING,PENDING,NOT_MEASURED
endpoint::phi4:seq128:forward:9:out_ptr0,ENDPOINT_UNIT,,phi4:seq128:forward:9:out_ptr0,phi4,128,FORWARD,cat,TRITON,forward:graph0:forward_g4__cat_3,true,NORMAL_REFERENCE,NORMAL_REFERENCE_NO_COHERENT_F_B_CARRIER,,,hypothesis_matrix.json; math_proof_row_sha256=e0248d27a44f9c1aa70117972c960e0f77643ed39f1621b5693ac839070e8f1a,true,Formation has not been measured; legacy labels are not formation labels.,PENDING,PENDING,PENDING,PENDING,NOT_MEASURED
endpoint::phi4:seq256:backward:1104:in_out_ptr0,ENDPOINT_UNIT,,phi4:seq256:backward:1104:in_out_ptr0,phi4,256,BACKWARD,mul,TRITON,backward:graph0:backward_g1__mul_1101,true,NORMAL_REFERENCE,NORMAL_REFERENCE_NO_LOCAL_DIRECTIONAL_DIFFERENCE,,,hypothesis_matrix.json; math_proof_row_sha256=6bd1c069ea53cf3dcae67ffed5cf64b852df11dce6a43147c5db4dce133bd75f,true,Formation has not been measured; legacy labels are not formation labels.,PENDING,PENDING,PENDING,PENDING,NOT_MEASURED
endpoint::phi4:seq256:backward:1130:in_out_ptr0,ENDPOINT_UNIT,,phi4:seq256:backward:1130:in_out_ptr0,phi4,256,BACKWARD,add,TRITON,backward:graph0:backward_g1__add_661,true,NORMAL_REFERENCE,NORMAL_REFERENCE_NO_LOCAL_DIRECTIONAL_DIFFERENCE,,,hypothesis_matrix.json; math_proof_row_sha256=c54e5c5ac1c33be69aeafb0b8d0b3a1b5556ce98d464080c606d2cf6cc569b80,true,Formation has not been measured; legacy labels are not formation labels.,PENDING,PENDING,PENDING,PENDING,NOT_MEASURED
endpoint::phi4:seq256:forward:108:in_out_ptr1,ENDPOINT_UNIT,,phi4:seq256:forward:108:in_out_ptr1,phi4,256,FORWARD,rsqrt,TRITON,forward:graph0:forward_g4__rsqrt_13,true,NORMAL_REFERENCE,NORMAL_REFERENCE_NO_COHERENT_F_B_CARRIER,,,hypothesis_matrix.json; math_proof_row_sha256=44ed0aa4a012483f5346eef7f67646927a9388eaa55bd859c5e43883029aeda6,true,Formation has not been measured; legacy labels are not formation labels.,PENDING,PENDING,PENDING,PENDING,NOT_MEASURED
endpoint::phi4:seq256:forward:16:out_ptr0,ENDPOINT_UNIT,,phi4:seq256:forward:16:out_ptr0,phi4,256,FORWARD,clone,TRITON,forward:graph0:forward_g4__clone_3,true,NORMAL_REFERENCE,NORMAL_REFERENCE_NO_COHERENT_F_B_CARRIER,,,hypothesis_matrix.json; math_proof_row_sha256=0e156e04f7eea15ac774583d4058187b5b13c24bdc57da4a0608f1dc47fdeb53,true,Formation has not been measured; legacy labels are not formation labels.,PENDING,PENDING,PENDING,PENDING,NOT_MEASURED
endpoint::phi4:seq256:forward:18:in_out_ptr0,ENDPOINT_UNIT,,phi4:seq256:forward:18:in_out_ptr0,phi4,256,FORWARD,rsqrt,TRITON,forward:graph0:forward_g4__rsqrt_1,true,COHERENT_F_B_BIAS,OBSERVED_T3_COHERENT_COMPLETE_CARRIER,,,hypothesis_matrix.json; math_proof_row_sha256=640815f636d52c6e8b94a843b8fe58298e9b2f1eba56c9358921cb127cbb1085,true,Formation has not been measured; legacy labels are not formation labels.,PENDING,PENDING,PENDING,PENDING,NOT_MEASURED
endpoint::phi4:seq256:forward:19:output_0,ENDPOINT_UNIT,,phi4:seq256:forward:19:output_0,phi4,256,FORWARD,mm,EXTERN,forward:graph0:forward_g4__mm_2,true,NORMAL_REFERENCE,NORMAL_REFERENCE_NO_COHERENT_F_B_CARRIER,,,hypothesis_matrix.json; math_proof_row_sha256=ee50530667c2ace26be44ec8a39f642f36052f6f105aca4b12842c3d894e4540,true,Formation has not been measured; legacy labels are not formation labels.,PENDING,PENDING,PENDING,PENDING,NOT_MEASURED
endpoint::phi4:seq256:forward:22:in_out_ptr1,ENDPOINT_UNIT,,phi4:seq256:forward:22:in_out_ptr1,phi4,256,FORWARD,rsqrt,TRITON,forward:graph0:forward_g4__rsqrt_2,true,COHERENT_F_B_BIAS,OBSERVED_T3_COHERENT_COMPLETE_CARRIER,,,hypothesis_matrix.json; math_proof_row_sha256=4d1b52c9a8ade42a126fd3bf85e3ab2383c11791c53d13ad78d83d2c1f0cf55f,true,Formation has not been measured; legacy labels are not formation labels.,PENDING,PENDING,PENDING,PENDING,NOT_MEASURED
endpoint::phi4:seq256:forward:27:output_0,ENDPOINT_UNIT,,phi4:seq256:forward:27:output_0,phi4,256,FORWARD,bmm,EXTERN,forward:graph0:forward_g4__bmm_2,true,NORMAL_REFERENCE,NORMAL_REFERENCE_NO_COHERENT_F_B_CARRIER,,,hypothesis_matrix.json; math_proof_row_sha256=e35d251973184bf1617bf514215586e17cf15f985c6f059d0d27cd3a954690db,true,Formation has not been measured; legacy labels are not formation labels.,PENDING,PENDING,PENDING,PENDING,NOT_MEASURED
endpoint::phi4:seq256:forward:30:output_0,ENDPOINT_UNIT,,phi4:seq256:forward:30:output_0,phi4,256,FORWARD,bmm,EXTERN,forward:graph0:forward_g4__bmm_3,true,NORMAL_REFERENCE,NORMAL_REFERENCE_NO_COHERENT_F_B_CARRIER,,,hypothesis_matrix.json; math_proof_row_sha256=ebed3416d66de72fcac28019a657882555b486890da4aafe49591d967e6984bb,true,Formation has not been measured; legacy labels are not formation labels.,PENDING,PENDING,PENDING,PENDING,NOT_MEASURED
endpoint::phi4:seq256:forward:42:output_0,ENDPOINT_UNIT,,phi4:seq256:forward:42:output_0,phi4,256,FORWARD,bmm,EXTERN,forward:graph0:forward_g4__bmm_4,true,NORMAL_REFERENCE,NORMAL_REFERENCE_NO_COHERENT_F_B_CARRIER,,,hypothesis_matrix.json; math_proof_row_sha256=059258bd84a08b6e1605f8a12f64199547f0bfa75d7aa6a165bea81cb9140e7a,true,Formation has not been measured; legacy labels are not formation labels.,PENDING,PENDING,PENDING,PENDING,NOT_MEASURED
endpoint::phi4:seq256:forward:485:out_ptr0,ENDPOINT_UNIT,,phi4:seq256:forward:485:out_ptr0,phi4,256,FORWARD,mul,TRITON,forward:graph0:forward_g4__mul_319,true,NORMAL_REFERENCE,NORMAL_REFERENCE_NO_LOCAL_DIRECTIONAL_DIFFERENCE,,,hypothesis_matrix.json; math_proof_row_sha256=06445d6bb6e7202577ba7eac552860220a32f6e2498ff9efc97f7a55b83395aa,true,Formation has not been measured; legacy labels are not formation labels.,PENDING,PENDING,PENDING,PENDING,NOT_MEASURED
endpoint::phi4:seq256:forward:54:out_ptr0,ENDPOINT_UNIT,,phi4:seq256:forward:54:out_ptr0,phi4,256,FORWARD,cat,TRITON,forward:graph0:forward_g4__cat_15,true,NORMAL_REFERENCE,NORMAL_REFERENCE_NO_COHERENT_F_B_CARRIER,,,hypothesis_matrix.json; math_proof_row_sha256=2eb98ee6981e420fcb8ac7f61ab2b00806a54cc6015ddfd3f529ca9bfd69b5b1,true,Formation has not been measured; legacy labels are not formation labels.,PENDING,PENDING,PENDING,PENDING,NOT_MEASURED
endpoint::phi4:seq256:forward:67:in_out_ptr1,ENDPOINT_UNIT,,phi4:seq256:forward:67:in_out_ptr1,phi4,256,FORWARD,rsqrt,TRITON,forward:graph0:forward_g4__rsqrt_8,true,NORMAL_REFERENCE,NORMAL_REFERENCE_NO_COHERENT_F_B_CARRIER,,,hypothesis_matrix.json; math_proof_row_sha256=1ecdeb825867cd8a158d0b78fa778e66c3bdac78750c98f87de2db0d0f1f6d15,true,Formation has not been measured; legacy labels are not formation labels.,PENDING,PENDING,PENDING,PENDING,NOT_MEASURED
endpoint::phi4:seq256:forward:72:output_0,ENDPOINT_UNIT,,phi4:seq256:forward:72:output_0,phi4,256,FORWARD,bmm,EXTERN,forward:graph0:forward_g4__bmm_8,true,NORMAL_REFERENCE,NORMAL_REFERENCE_NO_COHERENT_F_B_CARRIER,,,hypothesis_matrix.json; math_proof_row_sha256=e85238b33a033ba45e4553263a1251c7d00182afd8b57d0e97f35b29a3f36c06,true,Formation has not been measured; legacy labels are not formation labels.,PENDING,PENDING,PENDING,PENDING,NOT_MEASURED
endpoint::phi4:seq256:forward:75:output_0,ENDPOINT_UNIT,,phi4:seq256:forward:75:output_0,phi4,256,FORWARD,bmm,EXTERN,forward:graph0:forward_g4__bmm_9,true,NORMAL_REFERENCE,NORMAL_REFERENCE_NO_COHERENT_F_B_CARRIER,,,hypothesis_matrix.json; math_proof_row_sha256=98f70c17466095d0011e3f8b22511d5646cb9622d555f60960c0712eeb90e4d3,true,Formation has not been measured; legacy labels are not formation labels.,PENDING,PENDING,PENDING,PENDING,NOT_MEASURED
endpoint::phi4:seq256:forward:7:in_out_ptr0,ENDPOINT_UNIT,,phi4:seq256:forward:7:in_out_ptr0,phi4,256,FORWARD,rsqrt,TRITON,forward:graph0:forward_g4__rsqrt,true,NORMAL_REFERENCE,NORMAL_REFERENCE_NO_CAUSAL_ENDPOINT_EFFECT,,,hypothesis_matrix.json; math_proof_row_sha256=b5b2c4a3f39a4609c8a694db9fca3b6a747c4b6030365159897f45a0c6749a73,true,Formation has not been measured; legacy labels are not formation labels.,PENDING,PENDING,PENDING,PENDING,NOT_MEASURED
endpoint::phi4:seq256:forward:82:in_out_ptr1,ENDPOINT_UNIT,,phi4:seq256:forward:82:in_out_ptr1,phi4,256,FORWARD,rsqrt,TRITON,forward:graph0:forward_g4__rsqrt_10,true,NORMAL_REFERENCE,NORMAL_REFERENCE_NO_COHERENT_F_B_CARRIER,,,hypothesis_matrix.json; math_proof_row_sha256=03cc8a208ae0198e7c15609672366b0ce5d8d281bb2570ffee7af4d2e6678392,true,Formation has not been measured; legacy labels are not formation labels.,PENDING,PENDING,PENDING,PENDING,NOT_MEASURED
endpoint::phi4:seq256:forward:93:in_out_ptr1,ENDPOINT_UNIT,,phi4:seq256:forward:93:in_out_ptr1,phi4,256,FORWARD,rsqrt,TRITON,forward:graph0:forward_g4__rsqrt_11,true,COHERENT_F_B_BIAS,OBSERVED_T3_COHERENT_COMPLETE_CARRIER,,,hypothesis_matrix.json; math_proof_row_sha256=20e37ca6d3bcb87e64388b037eab1631ca7637e809551db5bcc5e7db0afe6be7,true,Formation has not been measured; legacy labels are not formation labels.,PENDING,PENDING,PENDING,PENDING,NOT_MEASURED
endpoint::phi4:seq256:forward:97:in_out_ptr1,ENDPOINT_UNIT,,phi4:seq256:forward:97:in_out_ptr1,phi4,256,FORWARD,rsqrt,TRITON,forward:graph0:forward_g4__rsqrt_12,true,NORMAL_REFERENCE,NORMAL_REFERENCE_NO_COHERENT_F_B_CARRIER,,,hypothesis_matrix.json; math_proof_row_sha256=c0118b4c3dcc2b3feb3c985612c140fa07e59271be70cc025cfdcc4eaad3a53d,true,Formation has not been measured; legacy labels are not formation labels.,PENDING,PENDING,PENDING,PENDING,NOT_MEASURED
endpoint::phi4:seq64:backward:879:out_ptr0,ENDPOINT_UNIT,,phi4:seq64:backward:879:out_ptr0,phi4,64,BACKWARD,sum,TRITON,backward:graph0:backward_g1__sum_166,true,NORMAL_REFERENCE,NORMAL_REFERENCE_NO_LOCAL_DIRECTIONAL_DIFFERENCE,,,hypothesis_matrix.json; math_proof_row_sha256=620b0e19f96b0f1c5f763df98d403378824742a7eaf552b348131b5044701a71,true,Formation has not been measured; legacy labels are not formation labels.,PENDING,PENDING,PENDING,PENDING,NOT_MEASURED
endpoint::phi4:seq64:forward:108:in_out_ptr1,ENDPOINT_UNIT,,phi4:seq64:forward:108:in_out_ptr1,phi4,64,FORWARD,rsqrt,TRITON,forward:graph0:forward_g4__rsqrt_13,true,NORMAL_REFERENCE,NORMAL_REFERENCE_NO_COHERENT_F_B_CARRIER,,,hypothesis_matrix.json; math_proof_row_sha256=cd3731a45ee5ba3911e71467cf383edc1ba40152040c3e4d760af49d9310206e,true,Formation has not been measured; legacy labels are not formation labels.,PENDING,PENDING,PENDING,PENDING,NOT_MEASURED
endpoint::phi4:seq64:forward:112:in_out_ptr1,ENDPOINT_UNIT,,phi4:seq64:forward:112:in_out_ptr1,phi4,64,FORWARD,rsqrt,TRITON,forward:graph0:forward_g4__rsqrt_14,true,NORMAL_REFERENCE,NORMAL_REFERENCE_NO_COHERENT_F_B_CARRIER,,,hypothesis_matrix.json; math_proof_row_sha256=db739258aff0a99d5083b2438a2bf82bba0905e1d63eba2d15a0ecc0ff43dd15,true,Formation has not been measured; legacy labels are not formation labels.,PENDING,PENDING,PENDING,PENDING,NOT_MEASURED
endpoint::phi4:seq64:forward:138:in_out_ptr1,ENDPOINT_UNIT,,phi4:seq64:forward:138:in_out_ptr1,phi4,64,FORWARD,rsqrt,TRITON,forward:graph0:forward_g4__rsqrt_17,true,NORMAL_REFERENCE,NORMAL_REFERENCE_NO_COHERENT_F_B_CARRIER,,,hypothesis_matrix.json; math_proof_row_sha256=46ce9590f04a31144623d8407d2d287ca27a966d9a1b78542ea567d9000ceb9a,true,Formation has not been measured; legacy labels are not formation labels.,PENDING,PENDING,PENDING,PENDING,NOT_MEASURED
endpoint::phi4:seq64:forward:16:out_ptr0,ENDPOINT_UNIT,,phi4:seq64:forward:16:out_ptr0,phi4,64,FORWARD,clone,TRITON,forward:graph0:forward_g4__clone_3,true,NORMAL_REFERENCE,NORMAL_REFERENCE_NO_LOCAL_DIRECTIONAL_DIFFERENCE,,,hypothesis_matrix.json; math_proof_row_sha256=87b440068cbbccce557aea633333c9e0b6c7df59fc0cddeec6621177dd87e791,true,Formation has not been measured; legacy labels are not formation labels.,PENDING,PENDING,PENDING,PENDING,NOT_MEASURED
endpoint::phi4:seq64:forward:18:in_out_ptr0,ENDPOINT_UNIT,,phi4:seq64:forward:18:in_out_ptr0,phi4,64,FORWARD,rsqrt,TRITON,forward:graph0:forward_g4__rsqrt_1,true,NORMAL_REFERENCE,NORMAL_REFERENCE_NO_COHERENT_F_B_CARRIER,,,hypothesis_matrix.json; math_proof_row_sha256=07b73d018de1cd18bb3718a98b4896fd5dac7eedee4d05664e98ad619ce570dc,true,Formation has not been measured; legacy labels are not formation labels.,PENDING,PENDING,PENDING,PENDING,NOT_MEASURED
endpoint::phi4:seq64:forward:22:in_out_ptr1,ENDPOINT_UNIT,,phi4:seq64:forward:22:in_out_ptr1,phi4,64,FORWARD,rsqrt,TRITON,forward:graph0:forward_g4__rsqrt_2,true,NORMAL_REFERENCE,NORMAL_REFERENCE_NO_COHERENT_F_B_CARRIER,,,hypothesis_matrix.json; math_proof_row_sha256=4ca4c3ae8392e8264c95a923ddaa900503deecbdf89451c136a2c9fdce30d157,true,Formation has not been measured; legacy labels are not formation labels.,PENDING,PENDING,PENDING,PENDING,NOT_MEASURED
endpoint::phi4:seq64:forward:234:out_ptr0,ENDPOINT_UNIT,,phi4:seq64:forward:234:out_ptr0,phi4,64,FORWARD,cat,TRITON,forward:graph0:forward_g4__cat_63,true,NORMAL_REFERENCE,NORMAL_REFERENCE_NO_LOCAL_DIRECTIONAL_DIFFERENCE,,,hypothesis_matrix.json; math_proof_row_sha256=4c9a025c1643815071414775016f1a352284f03cfd84bafb5343874cd60fd821,true,Formation has not been measured; legacy labels are not formation labels.,PENDING,PENDING,PENDING,PENDING,NOT_MEASURED
endpoint::phi4:seq64:forward:24:out_ptr0,ENDPOINT_UNIT,,phi4:seq64:forward:24:out_ptr0,phi4,64,FORWARD,cat,TRITON,forward:graph0:forward_g4__cat_7,true,NORMAL_REFERENCE,NORMAL_REFERENCE_NO_COHERENT_F_B_CARRIER,,,hypothesis_matrix.json; math_proof_row_sha256=2e9208321d9bb7691dce3a9c0fa0dde03f90a6ef9c2b00e23daf77969e287cbe,true,Formation has not been measured; legacy labels are not formation labels.,PENDING,PENDING,PENDING,PENDING,NOT_MEASURED
endpoint::phi4:seq64:forward:27:output_0,ENDPOINT_UNIT,,phi4:seq64:forward:27:output_0,phi4,64,FORWARD,bmm,EXTERN,forward:graph0:forward_g4__bmm_2,true,NORMAL_REFERENCE,NORMAL_REFERENCE_NO_COHERENT_F_B_CARRIER,,,hypothesis_matrix.json; math_proof_row_sha256=7fdb7ee45821c9c95c86ccd11f6615fd2221c36a64e20c9ced8f71c07412d799,true,Formation has not been measured; legacy labels are not formation labels.,PENDING,PENDING,PENDING,PENDING,NOT_MEASURED
endpoint::phi4:seq64:forward:30:output_0,ENDPOINT_UNIT,,phi4:seq64:forward:30:output_0,phi4,64,FORWARD,bmm,EXTERN,forward:graph0:forward_g4__bmm_3,true,NORMAL_REFERENCE,NORMAL_REFERENCE_NO_COHERENT_F_B_CARRIER,,,hypothesis_matrix.json; math_proof_row_sha256=e92fc3107ec460eaf0fcc64281a7a24ba51a99e0a9e310d1c2b375de2555a4b0,true,Formation has not been measured; legacy labels are not formation labels.,PENDING,PENDING,PENDING,PENDING,NOT_MEASURED
endpoint::phi4:seq64:forward:31:out_ptr0,ENDPOINT_UNIT,,phi4:seq64:forward:31:out_ptr0,phi4,64,FORWARD,clone,TRITON,forward:graph0:forward_g4__clone_9,true,NORMAL_REFERENCE,NORMAL_REFERENCE_NO_COHERENT_F_B_CARRIER,,,hypothesis_matrix.json; math_proof_row_sha256=9bd5804f8fc788a3accecad1b25a2f2013b17d2c5c57d35bd83d3a4d240ac83c,true,Formation has not been measured; legacy labels are not formation labels.,PENDING,PENDING,PENDING,PENDING,NOT_MEASURED
endpoint::phi4:seq64:forward:32:output_0,ENDPOINT_UNIT,,phi4:seq64:forward:32:output_0,phi4,64,FORWARD,mm,EXTERN,forward:graph0:forward_g4__mm_5,true,NORMAL_REFERENCE,NORMAL_REFERENCE_NO_COHERENT_F_B_CARRIER,,,hypothesis_matrix.json; math_proof_row_sha256=1d796dd9afcc8ad88759c791a80ae4beb2cb29f9d35f8bb548c9dfd89a8ad43e,true,Formation has not been measured; legacy labels are not formation labels.,PENDING,PENDING,PENDING,PENDING,NOT_MEASURED
endpoint::phi4:seq64:forward:75:output_0,ENDPOINT_UNIT,,phi4:seq64:forward:75:output_0,phi4,64,FORWARD,bmm,EXTERN,forward:graph0:forward_g4__bmm_9,true,NORMAL_REFERENCE,NORMAL_REFERENCE_NO_COHERENT_F_B_CARRIER,,,hypothesis_matrix.json; math_proof_row_sha256=19d217246722fa04e9e89d4f7bfa3afcd60c022d64c8c245fb9445f99a8f010b,true,Formation has not been measured; legacy labels are not formation labels.,PENDING,PENDING,PENDING,PENDING,NOT_MEASURED
endpoint::phi4:seq64:forward:7:in_out_ptr0,ENDPOINT_UNIT,,phi4:seq64:forward:7:in_out_ptr0,phi4,64,FORWARD,rsqrt,TRITON,forward:graph0:forward_g4__rsqrt,true,NORMAL_REFERENCE,NORMAL_REFERENCE_NO_CAUSAL_ENDPOINT_EFFECT,,,hypothesis_matrix.json; math_proof_row_sha256=bad0e00b81f42491d6e54a98479a5b7884765640f5ede263ac9c5cc0855c7401,true,Formation has not been measured; legacy labels are not formation labels.,PENDING,PENDING,PENDING,PENDING,NOT_MEASURED
endpoint::phi4:seq64:forward:82:in_out_ptr1,ENDPOINT_UNIT,,phi4:seq64:forward:82:in_out_ptr1,phi4,64,FORWARD,rsqrt,TRITON,forward:graph0:forward_g4__rsqrt_10,true,NORMAL_REFERENCE,NORMAL_REFERENCE_NO_COHERENT_F_B_CARRIER,,,hypothesis_matrix.json; math_proof_row_sha256=055722e3afba6d30d3c88ae993b71ee0103e66458800284ca38fa13a6e58efa8,true,Formation has not been measured; legacy labels are not formation labels.,PENDING,PENDING,PENDING,PENDING,NOT_MEASURED
endpoint::phi4:seq64:forward:93:in_out_ptr1,ENDPOINT_UNIT,,phi4:seq64:forward:93:in_out_ptr1,phi4,64,FORWARD,rsqrt,TRITON,forward:graph0:forward_g4__rsqrt_11,true,NORMAL_REFERENCE,NORMAL_REFERENCE_NO_COHERENT_F_B_CARRIER,,,hypothesis_matrix.json; math_proof_row_sha256=e2c780f2e9f7a140acb4fec43d52693acfaacd090dccda28444999335bcf825e,true,Formation has not been measured; legacy labels are not formation labels.,PENDING,PENDING,PENDING,PENDING,NOT_MEASURED
endpoint::phi4:seq64:forward:97:in_out_ptr1,ENDPOINT_UNIT,,phi4:seq64:forward:97:in_out_ptr1,phi4,64,FORWARD,rsqrt,TRITON,forward:graph0:forward_g4__rsqrt_12,true,NORMAL_REFERENCE,NORMAL_REFERENCE_NO_COHERENT_F_B_CARRIER,,,hypothesis_matrix.json; math_proof_row_sha256=b18492c4943ce97f3a9852a16b92a298b7f89b360f84afecb1b545f3671e97a1,true,Formation has not been measured; legacy labels are not formation labels.,PENDING,PENDING,PENDING,PENDING,NOT_MEASURED
endpoint::qwen:seq128:backward:1169:out_ptr0,ENDPOINT_UNIT,,qwen:seq128:backward:1169:out_ptr0,qwen,128,BACKWARD,sum,TRITON,backward:graph0:sum_250,true,NORMAL_REFERENCE,NORMAL_REFERENCE_NO_LOCAL_DIRECTIONAL_DIFFERENCE,,,hypothesis_matrix.json; math_proof_row_sha256=0547c294a57437bb61c918b9aaa6ec818e027e56895d27f53f7198713eb3bd3a,true,Formation has not been measured; legacy labels are not formation labels.,PENDING,PENDING,PENDING,PENDING,NOT_MEASURED
endpoint::qwen:seq128:backward:1405:out_ptr0,ENDPOINT_UNIT,,qwen:seq128:backward:1405:out_ptr0,qwen,128,BACKWARD,sum,TRITON,backward:graph0:sum_326,true,NORMAL_REFERENCE,NORMAL_REFERENCE_NO_LOCAL_DIRECTIONAL_DIFFERENCE,,,hypothesis_matrix.json; math_proof_row_sha256=e65c1c3acf5dfc7d5db85d29260d3b04e3d4f0b1da7edc300185955f5968bc6c,true,Formation has not been measured; legacy labels are not formation labels.,PENDING,PENDING,PENDING,PENDING,NOT_MEASURED
endpoint::qwen:seq128:backward:524:output_0,ENDPOINT_UNIT,,qwen:seq128:backward:524:output_0,qwen,128,BACKWARD,mm,EXTERN,backward:graph0:mm_202,true,NORMAL_REFERENCE,NORMAL_REFERENCE_NO_LOCAL_DIRECTIONAL_DIFFERENCE,,,hypothesis_matrix.json; math_proof_row_sha256=717798568721b3c7eaa4b2fd606466fe3347556d71cf339b13737f4916fb133b,true,Formation has not been measured; legacy labels are not formation labels.,PENDING,PENDING,PENDING,PENDING,NOT_MEASURED
endpoint::qwen:seq128:backward:596:output_0,ENDPOINT_UNIT,,qwen:seq128:backward:596:output_0,qwen,128,BACKWARD,mm,EXTERN,backward:graph0:mm_234,true,NORMAL_REFERENCE,NORMAL_REFERENCE_NO_LOCAL_DIRECTIONAL_DIFFERENCE,,,hypothesis_matrix.json; math_proof_row_sha256=57efb24cafe6a8528964bc7f66138e20d93ba1a6427612e300801cd60ea6840b,true,Formation has not been measured; legacy labels are not formation labels.,PENDING,PENDING,PENDING,PENDING,NOT_MEASURED
endpoint::qwen:seq128:backward:823:output_0,ENDPOINT_UNIT,,qwen:seq128:backward:823:output_0,qwen,128,BACKWARD,mm,EXTERN,backward:graph0:mm_330,true,NORMAL_REFERENCE,NORMAL_REFERENCE_NO_LOCAL_DIRECTIONAL_DIFFERENCE,,,hypothesis_matrix.json; math_proof_row_sha256=8fcef59ef46134f7cd6dc85f0ad357fc5ebffba6baa2db373a88e1b73434a62a,true,Formation has not been measured; legacy labels are not formation labels.,PENDING,PENDING,PENDING,PENDING,NOT_MEASURED
endpoint::qwen:seq128:forward:115:in_out_ptr0,ENDPOINT_UNIT,,qwen:seq128:forward:115:in_out_ptr0,qwen,128,FORWARD,rsqrt,TRITON,forward:graph0:rsqrt_26,true,NORMAL_REFERENCE,NORMAL_REFERENCE_NO_COHERENT_F_B_CARRIER,,,hypothesis_matrix.json; math_proof_row_sha256=3f983e70b7c3583760eea553c8a393f9865b7588baaabd8900162ac1bec8d370,true,Formation has not been measured; legacy labels are not formation labels.,PENDING,PENDING,PENDING,PENDING,NOT_MEASURED
endpoint::qwen:seq128:forward:151:in_out_ptr1,ENDPOINT_UNIT,,qwen:seq128:forward:151:in_out_ptr1,qwen,128,FORWARD,add,TRITON,forward:graph0:add_85,true,NORMAL_REFERENCE,NORMAL_REFERENCE_NO_LOCAL_DIRECTIONAL_DIFFERENCE,,,hypothesis_matrix.json; math_proof_row_sha256=256f996b269eb5a97804a128410331a6673f7aec579f4930b448bc88dc684087,true,Formation has not been measured; legacy labels are not formation labels.,PENDING,PENDING,PENDING,PENDING,NOT_MEASURED
endpoint::qwen:seq128:forward:16:in_out_ptr0,ENDPOINT_UNIT,,qwen:seq128:forward:16:in_out_ptr0,qwen,128,FORWARD,rsqrt,TRITON,forward:graph0:rsqrt_3,true,NORMAL_REFERENCE,NORMAL_REFERENCE_NO_COHERENT_F_B_CARRIER,,,hypothesis_matrix.json; math_proof_row_sha256=052e2c0b9062da005fcb7a000cee9f4435560c3d4ccf399ae105f497e9b90c81,true,Formation has not been measured; legacy labels are not formation labels.,PENDING,PENDING,PENDING,PENDING,NOT_MEASURED
endpoint::qwen:seq128:forward:185:out_ptr2,ENDPOINT_UNIT,,qwen:seq128:forward:185:out_ptr2,qwen,128,FORWARD,permute,TRITON,forward:graph0:permute_990,true,NORMAL_REFERENCE,NORMAL_REFERENCE_NO_COHERENT_F_B_CARRIER,,,hypothesis_matrix.json; math_proof_row_sha256=b7689dfaad7350bb109efe46fa0c2899b0f8965a6f45c2121718a647d0bedfbd,true,Formation has not been measured; legacy labels are not formation labels.,PENDING,PENDING,PENDING,PENDING,NOT_MEASURED
endpoint::qwen:seq128:forward:21:in_out_ptr1,ENDPOINT_UNIT,,qwen:seq128:forward:21:in_out_ptr1,qwen,128,FORWARD,rsqrt,TRITON,forward:graph0:rsqrt_4,true,NORMAL_REFERENCE,NORMAL_REFERENCE_NO_COHERENT_F_B_CARRIER,,,hypothesis_matrix.json; math_proof_row_sha256=025a89907e4784dc829602c5619396e4e02e24cd26e7a2e6f511bd3e06b1b22b,true,Formation has not been measured; legacy labels are not formation labels.,PENDING,PENDING,PENDING,PENDING,NOT_MEASURED
endpoint::qwen:seq128:forward:230:out_ptr0,ENDPOINT_UNIT,,qwen:seq128:forward:230:out_ptr0,qwen,128,FORWARD,clone,TRITON,forward:graph0:clone_53,true,NORMAL_REFERENCE,NORMAL_REFERENCE_NO_COHERENT_F_B_CARRIER,,,hypothesis_matrix.json; math_proof_row_sha256=b3b464f955446fa3a61c05b4cdc390b347ed72f417f6b5774c5c3c2293908dab,true,Formation has not been measured; legacy labels are not formation labels.,PENDING,PENDING,PENDING,PENDING,NOT_MEASURED
endpoint::qwen:seq128:forward:239:in_out_ptr0,ENDPOINT_UNIT,,qwen:seq128:forward:239:in_out_ptr0,qwen,128,FORWARD,rsqrt,TRITON,forward:graph0:rsqrt_53,true,NORMAL_REFERENCE,NORMAL_REFERENCE_NO_COHERENT_F_B_CARRIER,,,hypothesis_matrix.json; math_proof_row_sha256=4acd9bd4348f0268d8ea8a8ecd847acc4e5d9f1f346f1bc36777a4a196d81637,true,Formation has not been measured; legacy labels are not formation labels.,PENDING,PENDING,PENDING,PENDING,NOT_MEASURED
endpoint::qwen:seq128:forward:257:in_out_ptr0,ENDPOINT_UNIT,,qwen:seq128:forward:257:in_out_ptr0,qwen,128,FORWARD,rsqrt,TRITON,forward:graph0:rsqrt_57,true,NORMAL_REFERENCE,NORMAL_REFERENCE_NO_COHERENT_F_B_CARRIER,,,hypothesis_matrix.json; math_proof_row_sha256=8ac83ea71f98329a3bdb1d10b239da4a659b576f43f00f648fc546e3665b25f2,true,Formation has not been measured; legacy labels are not formation labels.,PENDING,PENDING,PENDING,PENDING,NOT_MEASURED
endpoint::qwen:seq128:forward:275:in_out_ptr0,ENDPOINT_UNIT,,qwen:seq128:forward:275:in_out_ptr0,qwen,128,FORWARD,rsqrt,TRITON,forward:graph0:rsqrt_61,true,NORMAL_REFERENCE,NORMAL_REFERENCE_NO_COHERENT_F_B_CARRIER,,,hypothesis_matrix.json; math_proof_row_sha256=5021d577117b457bdba0e07901ff5e5912e4115875ff8251ec070a50ea60be4f,true,Formation has not been measured; legacy labels are not formation labels.,PENDING,PENDING,PENDING,PENDING,NOT_MEASURED
endpoint::qwen:seq128:forward:311:in_out_ptr0,ENDPOINT_UNIT,,qwen:seq128:forward:311:in_out_ptr0,qwen,128,FORWARD,rsqrt,TRITON,forward:graph0:rsqrt_69,true,NORMAL_REFERENCE,NORMAL_REFERENCE_NO_COHERENT_F_B_CARRIER,,,hypothesis_matrix.json; math_proof_row_sha256=f21d45d0b8893ea477175ccb65952e42c1e1549b731ce4929bfd4779d13dc025,true,Formation has not been measured; legacy labels are not formation labels.,PENDING,PENDING,PENDING,PENDING,NOT_MEASURED
endpoint::qwen:seq128:forward:329:in_out_ptr0,ENDPOINT_UNIT,,qwen:seq128:forward:329:in_out_ptr0,qwen,128,FORWARD,rsqrt,TRITON,forward:graph0:rsqrt_73,true,NORMAL_REFERENCE,NORMAL_REFERENCE_NO_COHERENT_F_B_CARRIER,,,hypothesis_matrix.json; math_proof_row_sha256=e86bec02bca24eb81e4b4a0146137167528f5f234414a01f7a5262e01bc00706,true,Formation has not been measured; legacy labels are not formation labels.,PENDING,PENDING,PENDING,PENDING,NOT_MEASURED
endpoint::qwen:seq128:forward:34:in_out_ptr1,ENDPOINT_UNIT,,qwen:seq128:forward:34:in_out_ptr1,qwen,128,FORWARD,rsqrt,TRITON,forward:graph0:rsqrt_7,true,NORMAL_REFERENCE,NORMAL_REFERENCE_NO_COHERENT_F_B_CARRIER,,,hypothesis_matrix.json; math_proof_row_sha256=887b865d7869c8289e54b30100bd07d75d942ac14c81988a637cba092a0574bd,true,Formation has not been measured; legacy labels are not formation labels.,PENDING,PENDING,PENDING,PENDING,NOT_MEASURED
endpoint::qwen:seq128:forward:385:in_out_ptr0,ENDPOINT_UNIT,,qwen:seq128:forward:385:in_out_ptr0,qwen,128,FORWARD,rsqrt,TRITON,forward:graph0:rsqrt_86,true,NORMAL_REFERENCE,NORMAL_REFERENCE_NO_COHERENT_F_B_CARRIER,,,hypothesis_matrix.json; math_proof_row_sha256=c5313443296e2688da9f03dd201d216fd1d50d8c3c0387ff0eb48107765bedf3,true,Formation has not been measured; legacy labels are not formation labels.,PENDING,PENDING,PENDING,PENDING,NOT_MEASURED
endpoint::qwen:seq128:forward:39:in_out_ptr1,ENDPOINT_UNIT,,qwen:seq128:forward:39:in_out_ptr1,qwen,128,FORWARD,rsqrt,TRITON,forward:graph0:rsqrt_8,true,NORMAL_REFERENCE,NORMAL_REFERENCE_NO_COHERENT_F_B_CARRIER,,,hypothesis_matrix.json; math_proof_row_sha256=f1cd4c276850c8bfc18f1f596cc5614160852fdef2cf431f732f35063bbc7337,true,Formation has not been measured; legacy labels are not formation labels.,PENDING,PENDING,PENDING,PENDING,NOT_MEASURED
endpoint::qwen:seq128:forward:437:in_out_ptr0,ENDPOINT_UNIT,,qwen:seq128:forward:437:in_out_ptr0,qwen,128,FORWARD,rsqrt,TRITON,forward:graph0:rsqrt_97,true,NORMAL_REFERENCE,NORMAL_REFERENCE_NO_COHERENT_F_B_CARRIER,,,hypothesis_matrix.json; math_proof_row_sha256=ad0036e0ee62badf6e9250f694911d3186ad537f76643b2fb104308deb40f242,true,Formation has not been measured; legacy labels are not formation labels.,PENDING,PENDING,PENDING,PENDING,NOT_MEASURED
endpoint::qwen:seq128:forward:43:in_out_ptr1,ENDPOINT_UNIT,,qwen:seq128:forward:43:in_out_ptr1,qwen,128,FORWARD,add,TRITON,forward:graph0:add_25,true,NORMAL_REFERENCE,NORMAL_REFERENCE_NO_LOCAL_DIRECTIONAL_DIFFERENCE,,,hypothesis_matrix.json; math_proof_row_sha256=2c7b9b3dd1975409ea5a179901e9bfd52534ec1916d5269c5013b304ff8f56b8,true,Formation has not been measured; legacy labels are not formation labels.,PENDING,PENDING,PENDING,PENDING,NOT_MEASURED
endpoint::qwen:seq128:forward:52:in_out_ptr1,ENDPOINT_UNIT,,qwen:seq128:forward:52:in_out_ptr1,qwen,128,FORWARD,rsqrt,TRITON,forward:graph0:rsqrt_11,true,NORMAL_REFERENCE,NORMAL_REFERENCE_NO_COHERENT_F_B_CARRIER,,,hypothesis_matrix.json; math_proof_row_sha256=232a14217722210c4c6b446a5f566364fb2e8373eb13507ed6dd74b83cf75e38,true,Formation has not been measured; legacy labels are not formation labels.,PENDING,PENDING,PENDING,PENDING,NOT_MEASURED
endpoint::qwen:seq128:forward:57:in_out_ptr1,ENDPOINT_UNIT,,qwen:seq128:forward:57:in_out_ptr1,qwen,128,FORWARD,rsqrt,TRITON,forward:graph0:rsqrt_12,true,NORMAL_REFERENCE,NORMAL_REFERENCE_NO_COHERENT_F_B_CARRIER,,,hypothesis_matrix.json; math_proof_row_sha256=daabc4373c142ed912680a7061413b5d5dc76384118a8906cbd029b9d5c44238,true,Formation has not been measured; legacy labels are not formation labels.,PENDING,PENDING,PENDING,PENDING,NOT_MEASURED
endpoint::qwen:seq128:forward:59:in_out_ptr0,ENDPOINT_UNIT,,qwen:seq128:forward:59:in_out_ptr0,qwen,128,FORWARD,rsqrt,TRITON,forward:graph0:rsqrt_13,true,NORMAL_REFERENCE,NORMAL_REFERENCE_NO_COHERENT_F_B_CARRIER,,,hypothesis_matrix.json; math_proof_row_sha256=33f7a9dad9ff3cd08de875d81f924ea9cd4ffdf237c10b04ab8b2d3f8aaf9ebf,true,Formation has not been measured; legacy labels are not formation labels.,PENDING,PENDING,PENDING,PENDING,NOT_MEASURED
endpoint::qwen:seq128:forward:5:out_ptr2,ENDPOINT_UNIT,,qwen:seq128:forward:5:out_ptr2,qwen,128,FORWARD,permute,TRITON,forward:graph0:permute_1360,true,COHERENT_F_B_BIAS,OBSERVED_T3_COHERENT_COMPLETE_CARRIER,,,hypothesis_matrix.json; math_proof_row_sha256=ae5b7c6eb5a260a3557faeb60f0f9abe5444f48c30086592030402e43dc925c5,true,Formation has not been measured; legacy labels are not formation labels.,PENDING,PENDING,PENDING,PENDING,NOT_MEASURED
endpoint::qwen:seq128:forward:70:in_out_ptr1,ENDPOINT_UNIT,,qwen:seq128:forward:70:in_out_ptr1,qwen,128,FORWARD,rsqrt,TRITON,forward:graph0:rsqrt_15,true,NORMAL_REFERENCE,NORMAL_REFERENCE_NO_COHERENT_F_B_CARRIER,,,hypothesis_matrix.json; math_proof_row_sha256=75b5db79ac343dd88b6008ac89cdc7b1a0f2cb6754a9957e3240569d71700f93,true,Formation has not been measured; legacy labels are not formation labels.,PENDING,PENDING,PENDING,PENDING,NOT_MEASURED
endpoint::qwen:seq128:forward:7:in_out_ptr1,ENDPOINT_UNIT,,qwen:seq128:forward:7:in_out_ptr1,qwen,128,FORWARD,add,TRITON,forward:graph0:add_5,true,NORMAL_REFERENCE,NORMAL_REFERENCE_NO_COHERENT_F_B_CARRIER,,,hypothesis_matrix.json; math_proof_row_sha256=c467a4e4b41811a3861870e70ce9dd958ecba24191de1ed76fdb8f536b0a1626,true,Formation has not been measured; legacy labels are not formation labels.,PENDING,PENDING,PENDING,PENDING,NOT_MEASURED
endpoint::qwen:seq256:backward:1462:output_0,ENDPOINT_UNIT,,qwen:seq256:backward:1462:output_0,qwen,256,BACKWARD,mm,EXTERN,backward:graph0:mm_577,true,NORMAL_REFERENCE,NORMAL_REFERENCE_NO_LOCAL_DIRECTIONAL_DIFFERENCE,,,hypothesis_matrix.json; math_proof_row_sha256=7774ca45a18b41a85d8b1feb3b031d175b053c97cc40ac0a75948e31b3819389,true,Formation has not been measured; legacy labels are not formation labels.,PENDING,PENDING,PENDING,PENDING,NOT_MEASURED
endpoint::qwen:seq256:backward:541:out_ptr0,ENDPOINT_UNIT,,qwen:seq256:backward:541:out_ptr0,qwen,256,BACKWARD,sum,TRITON,backward:graph0:sum_41,true,NORMAL_REFERENCE,NORMAL_REFERENCE_NO_LOCAL_DIRECTIONAL_DIFFERENCE,,,hypothesis_matrix.json; math_proof_row_sha256=e69a22eacf3076e30afe9eccdb9e14a94cb7e7fb84207706ea4f62f8b1448663,true,Formation has not been measured; legacy labels are not formation labels.,PENDING,PENDING,PENDING,PENDING,NOT_MEASURED
endpoint::qwen:seq256:backward:552:output_0,ENDPOINT_UNIT,,qwen:seq256:backward:552:output_0,qwen,256,BACKWARD,mm,EXTERN,backward:graph0:mm_213,true,COHERENT_F_B_BIAS,OBSERVED_T3_COHERENT_COMPLETE_CARRIER,,,hypothesis_matrix.json; math_proof_row_sha256=412dbb93061178b51b6ce485c6c706215767c716d7d6995e826a50827dcfb304,true,Formation has not been measured; legacy labels are not formation labels.,PENDING,PENDING,PENDING,PENDING,NOT_MEASURED
endpoint::qwen:seq256:backward:581:out_ptr0,ENDPOINT_UNIT,,qwen:seq256:backward:581:out_ptr0,qwen,256,BACKWARD,sum,TRITON,backward:graph0:sum_51,true,COHERENT_F_B_BIAS,OBSERVED_T3_COHERENT_COMPLETE_CARRIER,,,hypothesis_matrix.json; math_proof_row_sha256=5a497cfbae40d76e8e038c95ba52c3859e210fbeba5e5f1a0c7fd3f141084e0a,true,Formation has not been measured; legacy labels are not formation labels.,PENDING,PENDING,PENDING,PENDING,NOT_MEASURED
endpoint::qwen:seq256:backward:589:out_ptr0,ENDPOINT_UNIT,,qwen:seq256:backward:589:out_ptr0,qwen,256,BACKWARD,sum,TRITON,backward:graph0:sum_55,true,COHERENT_F_B_BIAS,OBSERVED_T3_COHERENT_COMPLETE_CARRIER,,,hypothesis_matrix.json; math_proof_row_sha256=820b022f05c0b70836d9103dfc88fcb6c7ef3d3951ef6b5eee7823b74fa53b55,true,Formation has not been measured; legacy labels are not formation labels.,PENDING,PENDING,PENDING,PENDING,NOT_MEASURED
endpoint::qwen:seq256:backward:616:out_ptr0,ENDPOINT_UNIT,,qwen:seq256:backward:616:out_ptr0,qwen,256,BACKWARD,sum,TRITON,backward:graph0:sum_62,true,NORMAL_REFERENCE,NORMAL_REFERENCE_NO_LOCAL_DIRECTIONAL_DIFFERENCE,,,hypothesis_matrix.json; math_proof_row_sha256=81f734ee4726f45b3660445fb31c1ac0d046dabda1a13dd51a55ab17e4f5bdd2,true,Formation has not been measured; legacy labels are not formation labels.,PENDING,PENDING,PENDING,PENDING,NOT_MEASURED
endpoint::qwen:seq256:backward:775:output_0,ENDPOINT_UNIT,,qwen:seq256:backward:775:output_0,qwen,256,BACKWARD,bmm,EXTERN,backward:graph0:bmm_84,true,NORMAL_REFERENCE,NORMAL_REFERENCE_NO_LOCAL_DIRECTIONAL_DIFFERENCE,,,hypothesis_matrix.json; math_proof_row_sha256=b06cdcd7cb6c287774bd88da2b0d8012583351c807f048e89aa7e483d1e8a81c,true,Formation has not been measured; legacy labels are not formation labels.,PENDING,PENDING,PENDING,PENDING,NOT_MEASURED
endpoint::qwen:seq256:backward:989:output_0,ENDPOINT_UNIT,,qwen:seq256:backward:989:output_0,qwen,256,BACKWARD,mm,EXTERN,backward:graph0:mm_389,true,NORMAL_REFERENCE,NORMAL_REFERENCE_NO_LOCAL_DIRECTIONAL_DIFFERENCE,,,hypothesis_matrix.json; math_proof_row_sha256=ad8fca95666ba5a58d48761b8d087ac385215d2e7ea8968054e1aded8b0b751a,true,Formation has not been measured; legacy labels are not formation labels.,PENDING,PENDING,PENDING,PENDING,NOT_MEASURED
endpoint::qwen:seq256:forward:106:in_out_ptr1,ENDPOINT_UNIT,,qwen:seq256:forward:106:in_out_ptr1,qwen,256,FORWARD,rsqrt,TRITON,forward:graph0:rsqrt_23,true,NORMAL_REFERENCE,NORMAL_REFERENCE_NO_COHERENT_F_B_CARRIER,,,hypothesis_matrix.json; math_proof_row_sha256=727a8c5adcecc63745a55d9bd642fc5f786a165618f91d75a54d853e4be68107,true,Formation has not been measured; legacy labels are not formation labels.,PENDING,PENDING,PENDING,PENDING,NOT_MEASURED
endpoint::qwen:seq256:forward:10:output_0,ENDPOINT_UNIT,,qwen:seq256:forward:10:output_0,qwen,256,FORWARD,bmm,EXTERN,forward:graph0:bmm,true,NORMAL_REFERENCE,NORMAL_REFERENCE_NO_COHERENT_F_B_CARRIER,,,hypothesis_matrix.json; math_proof_row_sha256=cac7679a0f97c0cb4f80f686ef78e15cc085cdfb4ecb71db296a623119bb6f30,true,Formation has not been measured; legacy labels are not formation labels.,PENDING,PENDING,PENDING,PENDING,NOT_MEASURED
endpoint::qwen:seq256:forward:111:in_out_ptr1,ENDPOINT_UNIT,,qwen:seq256:forward:111:in_out_ptr1,qwen,256,FORWARD,rsqrt,TRITON,forward:graph0:rsqrt_24,true,NORMAL_REFERENCE,NORMAL_REFERENCE_NO_COHERENT_F_B_CARRIER,,,hypothesis_matrix.json; math_proof_row_sha256=3593fea6a1ab1ff1658c10fd833b8691ac2e96983a1442608860d25abc325822,true,Formation has not been measured; legacy labels are not formation labels.,PENDING,PENDING,PENDING,PENDING,NOT_MEASURED
endpoint::qwen:seq256:forward:113:in_out_ptr0,ENDPOINT_UNIT,,qwen:seq256:forward:113:in_out_ptr0,qwen,256,FORWARD,rsqrt,TRITON,forward:graph0:rsqrt_25,true,NORMAL_REFERENCE,NORMAL_REFERENCE_NO_COHERENT_F_B_CARRIER,,,hypothesis_matrix.json; math_proof_row_sha256=6ee1b5b4429f47d29b9f739fa8c72636b9f2e686cdf045fdc48763dd3ef76042,true,Formation has not been measured; legacy labels are not formation labels.,PENDING,PENDING,PENDING,PENDING,NOT_MEASURED
endpoint::qwen:seq256:forward:115:in_out_ptr0,ENDPOINT_UNIT,,qwen:seq256:forward:115:in_out_ptr0,qwen,256,FORWARD,rsqrt,TRITON,forward:graph0:rsqrt_26,true,COHERENT_F_B_BIAS,OBSERVED_T3_COHERENT_COMPLETE_CARRIER,,,hypothesis_matrix.json; math_proof_row_sha256=e07c554cba39fe00222cffcf468e40499a430e065ad020a2ade946e6bd898ca6,true,Formation has not been measured; legacy labels are not formation labels.,PENDING,PENDING,PENDING,PENDING,NOT_MEASURED
endpoint::qwen:seq256:forward:131:in_out_ptr0,ENDPOINT_UNIT,,qwen:seq256:forward:131:in_out_ptr0,qwen,256,FORWARD,rsqrt,TRITON,forward:graph0:rsqrt_29,true,NORMAL_REFERENCE,NORMAL_REFERENCE_NO_COHERENT_F_B_CARRIER,,,hypothesis_matrix.json; math_proof_row_sha256=16d23164767f74f7a52b681423aaa602499798ea834f82d412aa7d65b99f2118,true,Formation has not been measured; legacy labels are not formation labels.,PENDING,PENDING,PENDING,PENDING,NOT_MEASURED
endpoint::qwen:seq256:forward:133:in_out_ptr0,ENDPOINT_UNIT,,qwen:seq256:forward:133:in_out_ptr0,qwen,256,FORWARD,rsqrt,TRITON,forward:graph0:rsqrt_30,true,COHERENT_F_B_BIAS,OBSERVED_T3_COHERENT_COMPLETE_CARRIER,,,hypothesis_matrix.json; math_proof_row_sha256=f653502221a16eb46f62cd6f5023a932513dce24e3faf0abe83d2926a2299463,true,Formation has not been measured; legacy labels are not formation labels.,PENDING,PENDING,PENDING,PENDING,NOT_MEASURED
endpoint::qwen:seq256:forward:135:out_ptr0,ENDPOINT_UNIT,,qwen:seq256:forward:135:out_ptr0,qwen,256,FORWARD,clone,TRITON,forward:graph0:clone_30,true,NORMAL_REFERENCE,NORMAL_REFERENCE_NO_COHERENT_F_B_CARRIER,,,hypothesis_matrix.json; math_proof_row_sha256=516cb1dafeeb120e359457f5cab89e891de12d85d1af873788bd290b84f8eb75,true,Formation has not been measured; legacy labels are not formation labels.,PENDING,PENDING,PENDING,PENDING,NOT_MEASURED
endpoint::qwen:seq256:forward:136:output_0,ENDPOINT_UNIT,,qwen:seq256:forward:136:output_0,qwen,256,FORWARD,bmm,EXTERN,forward:graph0:bmm_14,true,NORMAL_REFERENCE,NORMAL_REFERENCE_NO_COHERENT_F_B_CARRIER,,,hypothesis_matrix.json; math_proof_row_sha256=498468cb5b8f96f29768b6df48f9f3d9ba07767b973715a0e7537f00d94fed1b,true,Formation has not been measured; legacy labels are not formation labels.,PENDING,PENDING,PENDING,PENDING,NOT_MEASURED
endpoint::qwen:seq256:forward:137:in_out_ptr0,ENDPOINT_UNIT,,qwen:seq256:forward:137:in_out_ptr0,qwen,256,FORWARD,add,TRITON,forward:graph0:add_76,true,NORMAL_REFERENCE,NORMAL_REFERENCE_NO_COHERENT_F_B_CARRIER,,,hypothesis_matrix.json; math_proof_row_sha256=07ea4edda2dd7134ed88b9449d1ad2a6c788129be8ce9cc480191ca40b4bdb22,true,Formation has not been measured; legacy labels are not formation labels.,PENDING,PENDING,PENDING,PENDING,NOT_MEASURED
endpoint::qwen:seq256:forward:160:in_out_ptr1,ENDPOINT_UNIT,,qwen:seq256:forward:160:in_out_ptr1,qwen,256,FORWARD,rsqrt,TRITON,forward:graph0:rsqrt_35,true,NORMAL_REFERENCE,NORMAL_REFERENCE_NO_COHERENT_F_B_CARRIER,,,hypothesis_matrix.json; math_proof_row_sha256=5dfe6f16134b4524377d91c519be5e2546198d8d04e053bcfc2e8dfd02231d4f,true,Formation has not been measured; legacy labels are not formation labels.,PENDING,PENDING,PENDING,PENDING,NOT_MEASURED
endpoint::qwen:seq256:forward:230:out_ptr0,ENDPOINT_UNIT,,qwen:seq256:forward:230:out_ptr0,qwen,256,FORWARD,clone,TRITON,forward:graph0:clone_53,true,NORMAL_REFERENCE,NORMAL_REFERENCE_NO_COHERENT_F_B_CARRIER,,,hypothesis_matrix.json; math_proof_row_sha256=7fb7578530d688d4d58f15415a26b42c43ea7dc2b7be86b02c36e75293ce7e90,true,Formation has not been measured; legacy labels are not formation labels.,PENDING,PENDING,PENDING,PENDING,NOT_MEASURED
endpoint::qwen:seq256:forward:239:in_out_ptr0,ENDPOINT_UNIT,,qwen:seq256:forward:239:in_out_ptr0,qwen,256,FORWARD,rsqrt,TRITON,forward:graph0:rsqrt_53,true,NORMAL_REFERENCE,NORMAL_REFERENCE_NO_COHERENT_F_B_CARRIER,,,hypothesis_matrix.json; math_proof_row_sha256=99f5ff28e91cdc56035487ec7f8a287b500aa2f20952365f18570da08a5c8840,true,Formation has not been measured; legacy labels are not formation labels.,PENDING,PENDING,PENDING,PENDING,NOT_MEASURED
endpoint::qwen:seq256:forward:241:in_out_ptr0,ENDPOINT_UNIT,,qwen:seq256:forward:241:in_out_ptr0,qwen,256,FORWARD,rsqrt,TRITON,forward:graph0:rsqrt_54,true,NORMAL_REFERENCE,NORMAL_REFERENCE_NO_COHERENT_F_B_CARRIER,,,hypothesis_matrix.json; math_proof_row_sha256=f11c07b8eb369b4d3f9c17c97b4df33955ef733aad06c0d4ef596958c4e98992,true,Formation has not been measured; legacy labels are not formation labels.,PENDING,PENDING,PENDING,PENDING,NOT_MEASURED
endpoint::qwen:seq256:forward:257:in_out_ptr0,ENDPOINT_UNIT,,qwen:seq256:forward:257:in_out_ptr0,qwen,256,FORWARD,rsqrt,TRITON,forward:graph0:rsqrt_57,true,NORMAL_REFERENCE,NORMAL_REFERENCE_NO_COHERENT_F_B_CARRIER,,,hypothesis_matrix.json; math_proof_row_sha256=5ce2dfc4f9324f164ca5eb54f18209de08d432bffb7e5a3345484d8941f01a09,true,Formation has not been measured; legacy labels are not formation labels.,PENDING,PENDING,PENDING,PENDING,NOT_MEASURED
endpoint::qwen:seq256:forward:259:in_out_ptr0,ENDPOINT_UNIT,,qwen:seq256:forward:259:in_out_ptr0,qwen,256,FORWARD,rsqrt,TRITON,forward:graph0:rsqrt_58,true,NORMAL_REFERENCE,NORMAL_REFERENCE_NO_LOCAL_DIRECTIONAL_DIFFERENCE,,,hypothesis_matrix.json; math_proof_row_sha256=8a4b810ee248a2e3bde4ae8df72722491224d1a86923e40e990d139f971dc148,true,Formation has not been measured; legacy labels are not formation labels.,PENDING,PENDING,PENDING,PENDING,NOT_MEASURED
endpoint::qwen:seq256:forward:293:in_out_ptr0,ENDPOINT_UNIT,,qwen:seq256:forward:293:in_out_ptr0,qwen,256,FORWARD,rsqrt,TRITON,forward:graph0:rsqrt_65,true,NORMAL_REFERENCE,NORMAL_REFERENCE_NO_COHERENT_F_B_CARRIER,,,hypothesis_matrix.json; math_proof_row_sha256=69c2b60f4298592534bf0d3d1164fb9dcf00fc01bf83c37e1a9925073d3e5fed,true,Formation has not been measured; legacy labels are not formation labels.,PENDING,PENDING,PENDING,PENDING,NOT_MEASURED
endpoint::qwen:seq256:forward:295:in_out_ptr0,ENDPOINT_UNIT,,qwen:seq256:forward:295:in_out_ptr0,qwen,256,FORWARD,rsqrt,TRITON,forward:graph0:rsqrt_66,true,COHERENT_F_B_BIAS,OBSERVED_T3_COHERENT_COMPLETE_CARRIER,,,hypothesis_matrix.json; math_proof_row_sha256=6940f0fae420dad7bb382ffbfa9742c1d38620b98662f3234b19dfd12a6b41b3,true,Formation has not been measured; legacy labels are not formation labels.,PENDING,PENDING,PENDING,PENDING,NOT_MEASURED
endpoint::qwen:seq256:forward:303:output_0,ENDPOINT_UNIT,,qwen:seq256:forward:303:output_0,qwen,256,FORWARD,mm,EXTERN,forward:graph0:mm_115,true,NORMAL_REFERENCE,NORMAL_REFERENCE_NO_COHERENT_F_B_CARRIER,,,hypothesis_matrix.json; math_proof_row_sha256=c9c90a74cdfeb15bb63368c1bff49a1e36578ff6b4c1cf7dbc726301e6b3fd6a,true,Formation has not been measured; legacy labels are not formation labels.,PENDING,PENDING,PENDING,PENDING,NOT_MEASURED
endpoint::qwen:seq256:forward:311:in_out_ptr0,ENDPOINT_UNIT,,qwen:seq256:forward:311:in_out_ptr0,qwen,256,FORWARD,rsqrt,TRITON,forward:graph0:rsqrt_69,true,NORMAL_REFERENCE,NORMAL_REFERENCE_NO_COHERENT_F_B_CARRIER,,,hypothesis_matrix.json; math_proof_row_sha256=94708f0470bad717e5a9c6c257d7316496f54d92fdb993cf9b8b4edfa0e504aa,true,Formation has not been measured; legacy labels are not formation labels.,PENDING,PENDING,PENDING,PENDING,NOT_MEASURED
endpoint::qwen:seq256:forward:322:in_out_ptr1,ENDPOINT_UNIT,,qwen:seq256:forward:322:in_out_ptr1,qwen,256,FORWARD,rsqrt,TRITON,forward:graph0:rsqrt_71,true,COHERENT_F_B_BIAS,OBSERVED_T3_COHERENT_COMPLETE_CARRIER,,,hypothesis_matrix.json; math_proof_row_sha256=7d7bfe0f715171c65095d1b3c1664e6df570d43220c1dbdbec9eef0a298fb7f9,true,Formation has not been measured; legacy labels are not formation labels.,PENDING,PENDING,PENDING,PENDING,NOT_MEASURED
endpoint::qwen:seq256:forward:329:in_out_ptr0,ENDPOINT_UNIT,,qwen:seq256:forward:329:in_out_ptr0,qwen,256,FORWARD,rsqrt,TRITON,forward:graph0:rsqrt_73,true,NORMAL_REFERENCE,NORMAL_REFERENCE_NO_COHERENT_F_B_CARRIER,,,hypothesis_matrix.json; math_proof_row_sha256=57310a510e57edd50ddfab200dcdd8e63210b21cf18c36157eb3a92d1da51338,true,Formation has not been measured; legacy labels are not formation labels.,PENDING,PENDING,PENDING,PENDING,NOT_MEASURED
endpoint::qwen:seq256:forward:347:in_out_ptr0,ENDPOINT_UNIT,,qwen:seq256:forward:347:in_out_ptr0,qwen,256,FORWARD,rsqrt,TRITON,forward:graph0:rsqrt_77,true,NORMAL_REFERENCE,NORMAL_REFERENCE_NO_COHERENT_F_B_CARRIER,,,hypothesis_matrix.json; math_proof_row_sha256=3a895d7aa08ebf75b971bfc7ae84554184ea84f2caf900bb6188bdfc34a24e80,true,Formation has not been measured; legacy labels are not formation labels.,PENDING,PENDING,PENDING,PENDING,NOT_MEASURED
endpoint::qwen:seq256:forward:349:in_out_ptr0,ENDPOINT_UNIT,,qwen:seq256:forward:349:in_out_ptr0,qwen,256,FORWARD,rsqrt,TRITON,forward:graph0:rsqrt_78,true,NORMAL_REFERENCE,NORMAL_REFERENCE_NO_COHERENT_F_B_CARRIER,,,hypothesis_matrix.json; math_proof_row_sha256=1ed0f81469ecb536c93f9765550e5dc9f4795fc78486f6ba91af301a3e29c3dc,true,Formation has not been measured; legacy labels are not formation labels.,PENDING,PENDING,PENDING,PENDING,NOT_MEASURED
endpoint::qwen:seq256:forward:365:in_out_ptr0,ENDPOINT_UNIT,,qwen:seq256:forward:365:in_out_ptr0,qwen,256,FORWARD,rsqrt,TRITON,forward:graph0:rsqrt_81,true,NORMAL_REFERENCE,NORMAL_REFERENCE_NO_COHERENT_F_B_CARRIER,,,hypothesis_matrix.json; math_proof_row_sha256=3b8185019221f582ba709f20052ed0807be1ac34ec8ac13bdeb43caca7cbae97,true,Formation has not been measured; legacy labels are not formation labels.,PENDING,PENDING,PENDING,PENDING,NOT_MEASURED
endpoint::qwen:seq256:forward:376:in_out_ptr1,ENDPOINT_UNIT,,qwen:seq256:forward:376:in_out_ptr1,qwen,256,FORWARD,rsqrt,TRITON,forward:graph0:rsqrt_83,true,NORMAL_REFERENCE,NORMAL_REFERENCE_NO_COHERENT_F_B_CARRIER,,,hypothesis_matrix.json; math_proof_row_sha256=683d5a897a90850eaf953086d5dc840398d9ba1504a5a76c0db51603ca9f0d34,true,Formation has not been measured; legacy labels are not formation labels.,PENDING,PENDING,PENDING,PENDING,NOT_MEASURED
endpoint::qwen:seq256:forward:437:in_out_ptr0,ENDPOINT_UNIT,,qwen:seq256:forward:437:in_out_ptr0,qwen,256,FORWARD,rsqrt,TRITON,forward:graph0:rsqrt_97,true,NORMAL_REFERENCE,NORMAL_REFERENCE_NO_COHERENT_F_B_CARRIER,,,hypothesis_matrix.json; math_proof_row_sha256=e6ba3d65a079efd15347cfe64e64c4062478bd3976f27b7099e1362648cc2234,true,Formation has not been measured; legacy labels are not formation labels.,PENDING,PENDING,PENDING,PENDING,NOT_MEASURED
endpoint::qwen:seq256:forward:439:in_out_ptr0,ENDPOINT_UNIT,,qwen:seq256:forward:439:in_out_ptr0,qwen,256,FORWARD,rsqrt,TRITON,forward:graph0:rsqrt_98,true,NORMAL_REFERENCE,NORMAL_REFERENCE_NO_COHERENT_F_B_CARRIER,,,hypothesis_matrix.json; math_proof_row_sha256=944d4480f1d0cf68370af45b6b8b676e4fd43d36ba998c6f2d771cdb7f3cb35e,true,Formation has not been measured; legacy labels are not formation labels.,PENDING,PENDING,PENDING,PENDING,NOT_MEASURED
endpoint::qwen:seq256:forward:439:in_out_ptr1,ENDPOINT_UNIT,,qwen:seq256:forward:439:in_out_ptr1,qwen,256,FORWARD,add,TRITON,forward:graph0:add_245,true,NORMAL_REFERENCE,NORMAL_REFERENCE_NO_LOCAL_DIRECTIONAL_DIFFERENCE,,,hypothesis_matrix.json; math_proof_row_sha256=99d02c3beabede24eb368a4e60b7c7dda5066257aac9bd0f8fe81fd0dc5867ac,true,Formation has not been measured; legacy labels are not formation labels.,PENDING,PENDING,PENDING,PENDING,NOT_MEASURED
endpoint::qwen:seq256:forward:481:output_0,ENDPOINT_UNIT,,qwen:seq256:forward:481:output_0,qwen,256,FORWARD,bmm,EXTERN,forward:graph0:bmm_53,true,NORMAL_REFERENCE,NORMAL_REFERENCE_NO_COHERENT_F_B_CARRIER,,,hypothesis_matrix.json; math_proof_row_sha256=38f9436a5706b5028535404ffc6bbc3b1cd72f2aafbba7a874ccf61993408afe,true,Formation has not been measured; legacy labels are not formation labels.,PENDING,PENDING,PENDING,PENDING,NOT_MEASURED
endpoint::qwen:seq256:forward:483:output_0,ENDPOINT_UNIT,,qwen:seq256:forward:483:output_0,qwen,256,FORWARD,mm,EXTERN,forward:graph0:mm_185,true,COHERENT_F_B_BIAS,OBSERVED_T3_COHERENT_COMPLETE_CARRIER,,,hypothesis_matrix.json; math_proof_row_sha256=5b4cb73e9b5fd3242c2fe4f2153d225442832b9a1d3122d5262f070996fa4eba,true,Formation has not been measured; legacy labels are not formation labels.,PENDING,PENDING,PENDING,PENDING,NOT_MEASURED
endpoint::qwen:seq256:forward:4:output_0,ENDPOINT_UNIT,,qwen:seq256:forward:4:output_0,qwen,256,FORWARD,mm,EXTERN,forward:graph0:mm,true,NORMAL_REFERENCE,NORMAL_REFERENCE_NO_COHERENT_F_B_CARRIER,,,hypothesis_matrix.json; math_proof_row_sha256=2cda3e1f7fc65a7375d61aa3ac5621639b570bb358d9f3b0efb41f5ad2f8e0f0,true,Formation has not been measured; legacy labels are not formation labels.,PENDING,PENDING,PENDING,PENDING,NOT_MEASURED
endpoint::qwen:seq256:forward:59:in_out_ptr0,ENDPOINT_UNIT,,qwen:seq256:forward:59:in_out_ptr0,qwen,256,FORWARD,rsqrt,TRITON,forward:graph0:rsqrt_13,true,NORMAL_REFERENCE,NORMAL_REFERENCE_NO_COHERENT_F_B_CARRIER,,,hypothesis_matrix.json; math_proof_row_sha256=c546d448b3d52845826cf5cecc73ed33c5b7d8e4843ddf84ef7444ec8ea315fe,true,Formation has not been measured; legacy labels are not formation labels.,PENDING,PENDING,PENDING,PENDING,NOT_MEASURED
endpoint::qwen:seq256:forward:64:output_0,ENDPOINT_UNIT,,qwen:seq256:forward:64:output_0,qwen,256,FORWARD,bmm,EXTERN,forward:graph0:bmm_6,true,NORMAL_REFERENCE,NORMAL_REFERENCE_NO_COHERENT_F_B_CARRIER,,,hypothesis_matrix.json; math_proof_row_sha256=15de1012f42fa6af16092b5bd903193112a936987bcce47eba433aa34d1c6e95,true,Formation has not been measured; legacy labels are not formation labels.,PENDING,PENDING,PENDING,PENDING,NOT_MEASURED
endpoint::qwen:seq256:forward:65:in_out_ptr0,ENDPOINT_UNIT,,qwen:seq256:forward:65:in_out_ptr0,qwen,256,FORWARD,add,TRITON,forward:graph0:add_36,true,NORMAL_REFERENCE,NORMAL_REFERENCE_NO_COHERENT_F_B_CARRIER,,,hypothesis_matrix.json; math_proof_row_sha256=110fb17b0ba1dab77784430942a43432a39dfe839bb651faa2b5e09dfac85fb9,true,Formation has not been measured; legacy labels are not formation labels.,PENDING,PENDING,PENDING,PENDING,NOT_MEASURED
endpoint::qwen:seq256:forward:70:in_out_ptr1,ENDPOINT_UNIT,,qwen:seq256:forward:70:in_out_ptr1,qwen,256,FORWARD,rsqrt,TRITON,forward:graph0:rsqrt_15,true,NORMAL_REFERENCE,NORMAL_REFERENCE_NO_COHERENT_F_B_CARRIER,,,hypothesis_matrix.json; math_proof_row_sha256=26fce31056545e1507b698b069a5af381bdc87ce566703e456f5a3ac3ba0c651,true,Formation has not been measured; legacy labels are not formation labels.,PENDING,PENDING,PENDING,PENDING,NOT_MEASURED
endpoint::qwen:seq256:forward:7:in_out_ptr0,ENDPOINT_UNIT,,qwen:seq256:forward:7:in_out_ptr0,qwen,256,FORWARD,rsqrt,TRITON,forward:graph0:rsqrt_2,true,NORMAL_REFERENCE,NORMAL_REFERENCE_NO_COHERENT_F_B_CARRIER,,,hypothesis_matrix.json; math_proof_row_sha256=b7601d3b31e0ec283ef45368ca08b08b31719f8bfff014c09f968273cd2b27fb,true,Formation has not been measured; legacy labels are not formation labels.,PENDING,PENDING,PENDING,PENDING,NOT_MEASURED
endpoint::qwen:seq64:backward:1262:output_0,ENDPOINT_UNIT,,qwen:seq64:backward:1262:output_0,qwen,64,BACKWARD,mm,EXTERN,backward:graph0:mm_516,true,NORMAL_REFERENCE,NORMAL_REFERENCE_NO_LOCAL_DIRECTIONAL_DIFFERENCE,,,hypothesis_matrix.json; math_proof_row_sha256=bb12a272b619c8c28f681547d0d846d94c91b9623651c101dd841f2b9e3b21b1,true,Formation has not been measured; legacy labels are not formation labels.,PENDING,PENDING,PENDING,PENDING,NOT_MEASURED
endpoint::qwen:seq64:backward:525:output_0,ENDPOINT_UNIT,,qwen:seq64:backward:525:output_0,qwen,64,BACKWARD,mm,EXTERN,backward:graph0:mm_203,true,NORMAL_REFERENCE,NORMAL_REFERENCE_NO_LOCAL_DIRECTIONAL_DIFFERENCE,,,hypothesis_matrix.json; math_proof_row_sha256=f9528dbd99dab81a2690e402bb1be18c4dfda281bb45792aaf1ca89a87c0e521,true,Formation has not been measured; legacy labels are not formation labels.,PENDING,PENDING,PENDING,PENDING,NOT_MEASURED
endpoint::qwen:seq64:backward:553:output_0,ENDPOINT_UNIT,,qwen:seq64:backward:553:output_0,qwen,64,BACKWARD,mm,EXTERN,backward:graph0:mm_213,true,COHERENT_F_B_BIAS,OBSERVED_T3_COHERENT_COMPLETE_CARRIER,,,hypothesis_matrix.json; math_proof_row_sha256=bf364880c4c7d4915540dc7cad090afbf572d607a32e02c3d0730257d14b36bc,true,Formation has not been measured; legacy labels are not formation labels.,PENDING,PENDING,PENDING,PENDING,NOT_MEASURED
endpoint::qwen:seq64:backward:828:output_0,ENDPOINT_UNIT,,qwen:seq64:backward:828:output_0,qwen,64,BACKWARD,bmm,EXTERN,backward:graph0:bmm_92,true,NORMAL_REFERENCE,NORMAL_REFERENCE_NO_LOCAL_DIRECTIONAL_DIFFERENCE,,,hypothesis_matrix.json; math_proof_row_sha256=3c460e3050062f14e152f0e6bcf61074cfa89df58f71eb91c7e4bb3c4529e520,true,Formation has not been measured; legacy labels are not formation labels.,PENDING,PENDING,PENDING,PENDING,NOT_MEASURED
endpoint::qwen:seq64:backward:952:output_0,ENDPOINT_UNIT,,qwen:seq64:backward:952:output_0,qwen,64,BACKWARD,mm,EXTERN,backward:graph0:mm_383,true,NORMAL_REFERENCE,NORMAL_REFERENCE_NO_LOCAL_DIRECTIONAL_DIFFERENCE,,,hypothesis_matrix.json; math_proof_row_sha256=f696bd31bfe239eb41877620fe5000a8af3907db79ce846aef4c901133c1de3b,true,Formation has not been measured; legacy labels are not formation labels.,PENDING,PENDING,PENDING,PENDING,NOT_MEASURED
endpoint::qwen:seq64:forward:106:in_out_ptr1,ENDPOINT_UNIT,,qwen:seq64:forward:106:in_out_ptr1,qwen,64,FORWARD,rsqrt,TRITON,forward:graph0:rsqrt_23,true,NORMAL_REFERENCE,NORMAL_REFERENCE_NO_COHERENT_F_B_CARRIER,,,hypothesis_matrix.json; math_proof_row_sha256=7e9f8111276fe45a037bc6c9c1f8eef48f9ee6a63a3baa9db94f72fa0e959cf6,true,Formation has not been measured; legacy labels are not formation labels.,PENDING,PENDING,PENDING,PENDING,NOT_MEASURED
endpoint::qwen:seq64:forward:10:output_0,ENDPOINT_UNIT,,qwen:seq64:forward:10:output_0,qwen,64,FORWARD,bmm,EXTERN,forward:graph0:bmm,true,NORMAL_REFERENCE,NORMAL_REFERENCE_NO_COHERENT_F_B_CARRIER,,,hypothesis_matrix.json; math_proof_row_sha256=5a7ceb14df1bfbf7673cec54ecc805a00dd215ba5fbe925d0288e99f9415ff79,true,Formation has not been measured; legacy labels are not formation labels.,PENDING,PENDING,PENDING,PENDING,NOT_MEASURED
endpoint::qwen:seq64:forward:113:in_out_ptr0,ENDPOINT_UNIT,,qwen:seq64:forward:113:in_out_ptr0,qwen,64,FORWARD,rsqrt,TRITON,forward:graph0:rsqrt_25,true,NORMAL_REFERENCE,NORMAL_REFERENCE_NO_COHERENT_F_B_CARRIER,,,hypothesis_matrix.json; math_proof_row_sha256=033f812903fe02a6cae9dcd7677a1eea1da59768ca60cbbf1d17219ff3598f50,true,Formation has not been measured; legacy labels are not formation labels.,PENDING,PENDING,PENDING,PENDING,NOT_MEASURED
endpoint::qwen:seq64:forward:115:in_out_ptr0,ENDPOINT_UNIT,,qwen:seq64:forward:115:in_out_ptr0,qwen,64,FORWARD,rsqrt,TRITON,forward:graph0:rsqrt_26,true,NORMAL_REFERENCE,NORMAL_REFERENCE_NO_COHERENT_F_B_CARRIER,,,hypothesis_matrix.json; math_proof_row_sha256=e7d5eaebda8dfdeffa2463e58433f2343abdbf2c1df4164facc98bc1c7f79c55,true,Formation has not been measured; legacy labels are not formation labels.,PENDING,PENDING,PENDING,PENDING,NOT_MEASURED
endpoint::qwen:seq64:forward:118:output_0,ENDPOINT_UNIT,,qwen:seq64:forward:118:output_0,qwen,64,FORWARD,bmm,EXTERN,forward:graph0:bmm_12,true,NORMAL_REFERENCE,NORMAL_REFERENCE_NO_COHERENT_F_B_CARRIER,,,hypothesis_matrix.json; math_proof_row_sha256=6d297316ac39ef746be28c5305660704244f9990bdec5ec3e9db5b0c032202af,true,Formation has not been measured; legacy labels are not formation labels.,PENDING,PENDING,PENDING,PENDING,NOT_MEASURED
endpoint::qwen:seq64:forward:119:in_out_ptr0,ENDPOINT_UNIT,,qwen:seq64:forward:119:in_out_ptr0,qwen,64,FORWARD,add,TRITON,forward:graph0:add_66,true,NORMAL_REFERENCE,NORMAL_REFERENCE_NO_COHERENT_F_B_CARRIER,,,hypothesis_matrix.json; math_proof_row_sha256=d2e36939c476ce5860f76ef87623dc7a8f9a44f47de4cf5ee8e1e61b55b7f3aa,true,Formation has not been measured; legacy labels are not formation labels.,PENDING,PENDING,PENDING,PENDING,NOT_MEASURED
endpoint::qwen:seq64:forward:11:in_out_ptr0,ENDPOINT_UNIT,,qwen:seq64:forward:11:in_out_ptr0,qwen,64,FORWARD,add,TRITON,forward:graph0:add_6,true,NORMAL_REFERENCE,NORMAL_REFERENCE_NO_COHERENT_F_B_CARRIER,,,hypothesis_matrix.json; math_proof_row_sha256=3a2ff55eeb3ba19851bb3e7b5cb6f11a5d8b2727c349cb728d70522d5c62c48c,true,Formation has not been measured; legacy labels are not formation labels.,PENDING,PENDING,PENDING,PENDING,NOT_MEASURED
endpoint::qwen:seq64:forward:131:in_out_ptr0,ENDPOINT_UNIT,,qwen:seq64:forward:131:in_out_ptr0,qwen,64,FORWARD,rsqrt,TRITON,forward:graph0:rsqrt_29,true,NORMAL_REFERENCE,NORMAL_REFERENCE_NO_COHERENT_F_B_CARRIER,,,hypothesis_matrix.json; math_proof_row_sha256=f83e0e3d951d165c6e8d2074fb4c62e0590a7d3b54d69c33592ddfc5af93792d,true,Formation has not been measured; legacy labels are not formation labels.,PENDING,PENDING,PENDING,PENDING,NOT_MEASURED
endpoint::qwen:seq64:forward:133:in_out_ptr0,ENDPOINT_UNIT,,qwen:seq64:forward:133:in_out_ptr0,qwen,64,FORWARD,rsqrt,TRITON,forward:graph0:rsqrt_30,true,NORMAL_REFERENCE,NORMAL_REFERENCE_NO_COHERENT_F_B_CARRIER,,,hypothesis_matrix.json; math_proof_row_sha256=cc75ecb0896a3549d5f6b7bec614d5654a4085f7b1eee16649cf570648ce4e65,true,Formation has not been measured; legacy labels are not formation labels.,PENDING,PENDING,PENDING,PENDING,NOT_MEASURED
endpoint::qwen:seq64:forward:160:in_out_ptr1,ENDPOINT_UNIT,,qwen:seq64:forward:160:in_out_ptr1,qwen,64,FORWARD,rsqrt,TRITON,forward:graph0:rsqrt_35,true,NORMAL_REFERENCE,NORMAL_REFERENCE_NO_COHERENT_F_B_CARRIER,,,hypothesis_matrix.json; math_proof_row_sha256=8f9a5135f14f88d84e9f4ff3a9b857ed2db22fea55b183a8033368e827c6468a,true,Formation has not been measured; legacy labels are not formation labels.,PENDING,PENDING,PENDING,PENDING,NOT_MEASURED
endpoint::qwen:seq64:forward:16:in_out_ptr0,ENDPOINT_UNIT,,qwen:seq64:forward:16:in_out_ptr0,qwen,64,FORWARD,rsqrt,TRITON,forward:graph0:rsqrt_3,true,NORMAL_REFERENCE,NORMAL_REFERENCE_NO_COHERENT_F_B_CARRIER,,,hypothesis_matrix.json; math_proof_row_sha256=ae128fb296ff2262bedb1706524dd3a8d2371188922bd04cd73ca3cb43bfad87,true,Formation has not been measured; legacy labels are not formation labels.,PENDING,PENDING,PENDING,PENDING,NOT_MEASURED
endpoint::qwen:seq64:forward:175:output_0,ENDPOINT_UNIT,,qwen:seq64:forward:175:output_0,qwen,64,FORWARD,bmm,EXTERN,forward:graph0:bmm_19,true,NORMAL_REFERENCE,NORMAL_REFERENCE_NO_COHERENT_F_B_CARRIER,,,hypothesis_matrix.json; math_proof_row_sha256=7d0a75f586c5a3fae9912e227bb11c0be92261d406eba61c4213520c63649e10,true,Formation has not been measured; legacy labels are not formation labels.,PENDING,PENDING,PENDING,PENDING,NOT_MEASURED
endpoint::qwen:seq64:forward:214:in_out_ptr1,ENDPOINT_UNIT,,qwen:seq64:forward:214:in_out_ptr1,qwen,64,FORWARD,rsqrt,TRITON,forward:graph0:rsqrt_47,true,NORMAL_REFERENCE,NORMAL_REFERENCE_NO_COHERENT_F_B_CARRIER,,,hypothesis_matrix.json; math_proof_row_sha256=223afc84dbdb7592511d299736e6a56edd55821a4da639737457bb36ba31daee,true,Formation has not been measured; legacy labels are not formation labels.,PENDING,PENDING,PENDING,PENDING,NOT_MEASURED
endpoint::qwen:seq64:forward:221:in_out_ptr0,ENDPOINT_UNIT,,qwen:seq64:forward:221:in_out_ptr0,qwen,64,FORWARD,rsqrt,TRITON,forward:graph0:rsqrt_49,true,NORMAL_REFERENCE,NORMAL_REFERENCE_NO_COHERENT_F_B_CARRIER,,,hypothesis_matrix.json; math_proof_row_sha256=348fbc1a75ecfac4fae1dda4653371c7774017a2082068981050a274ac7e6ab0,true,Formation has not been measured; legacy labels are not formation labels.,PENDING,PENDING,PENDING,PENDING,NOT_MEASURED
endpoint::qwen:seq64:forward:223:in_out_ptr0,ENDPOINT_UNIT,,qwen:seq64:forward:223:in_out_ptr0,qwen,64,FORWARD,rsqrt,TRITON,forward:graph0:rsqrt_50,true,NORMAL_REFERENCE,NORMAL_REFERENCE_NO_LOCAL_DIRECTIONAL_DIFFERENCE,,,hypothesis_matrix.json; math_proof_row_sha256=0241551d4b65ba81a174ab67bf81cf8e02732aea928749a3a273f6eaab5015d4,true,Formation has not been measured; legacy labels are not formation labels.,PENDING,PENDING,PENDING,PENDING,NOT_MEASURED
endpoint::qwen:seq64:forward:229:output_0,ENDPOINT_UNIT,,qwen:seq64:forward:229:output_0,qwen,64,FORWARD,bmm,EXTERN,forward:graph0:bmm_25,true,NORMAL_REFERENCE,NORMAL_REFERENCE_NO_COHERENT_F_B_CARRIER,,,hypothesis_matrix.json; math_proof_row_sha256=2b62548520d96d4b32b5e7622483d2ad4ace20f48e6745fd65fe69667041b6d2,true,Formation has not been measured; legacy labels are not formation labels.,PENDING,PENDING,PENDING,PENDING,NOT_MEASURED
endpoint::qwen:seq64:forward:232:in_out_ptr1,ENDPOINT_UNIT,,qwen:seq64:forward:232:in_out_ptr1,qwen,64,FORWARD,rsqrt,TRITON,forward:graph0:rsqrt_51,true,COHERENT_F_B_BIAS,OBSERVED_T3_COHERENT_COMPLETE_CARRIER,,,hypothesis_matrix.json; math_proof_row_sha256=362a1eac5c64eda4da276704790939bf736765b0c06b1a814a018f37209b92fc,true,Formation has not been measured; legacy labels are not formation labels.,PENDING,PENDING,PENDING,PENDING,NOT_MEASURED
endpoint::qwen:seq64:forward:237:in_out_ptr1,ENDPOINT_UNIT,,qwen:seq64:forward:237:in_out_ptr1,qwen,64,FORWARD,rsqrt,TRITON,forward:graph0:rsqrt_52,true,NORMAL_REFERENCE,NORMAL_REFERENCE_NO_COHERENT_F_B_CARRIER,,,hypothesis_matrix.json; math_proof_row_sha256=a6ce6005d69bcf24ea439ae16c3edc45407a33c2d2af56cbed059311110b82bb,true,Formation has not been measured; legacy labels are not formation labels.,PENDING,PENDING,PENDING,PENDING,NOT_MEASURED
endpoint::qwen:seq64:forward:239:in_out_ptr0,ENDPOINT_UNIT,,qwen:seq64:forward:239:in_out_ptr0,qwen,64,FORWARD,rsqrt,TRITON,forward:graph0:rsqrt_53,true,NORMAL_REFERENCE,NORMAL_REFERENCE_NO_COHERENT_F_B_CARRIER,,,hypothesis_matrix.json; math_proof_row_sha256=77a65170aac0d04783eff39b72566d31a5b418c3f1b2b730793e2ebb262e4e3a,true,Formation has not been measured; legacy labels are not formation labels.,PENDING,PENDING,PENDING,PENDING,NOT_MEASURED
endpoint::qwen:seq64:forward:241:in_out_ptr0,ENDPOINT_UNIT,,qwen:seq64:forward:241:in_out_ptr0,qwen,64,FORWARD,rsqrt,TRITON,forward:graph0:rsqrt_54,true,NORMAL_REFERENCE,NORMAL_REFERENCE_NO_COHERENT_F_B_CARRIER,,,hypothesis_matrix.json; math_proof_row_sha256=fd9ef5a3395aa1ae36455dabc109e4cca7485ddb37d5491443997a42452b9cc5,true,Formation has not been measured; legacy labels are not formation labels.,PENDING,PENDING,PENDING,PENDING,NOT_MEASURED
endpoint::qwen:seq64:forward:255:in_out_ptr1,ENDPOINT_UNIT,,qwen:seq64:forward:255:in_out_ptr1,qwen,64,FORWARD,rsqrt,TRITON,forward:graph0:rsqrt_56,true,NORMAL_REFERENCE,NORMAL_REFERENCE_NO_COHERENT_F_B_CARRIER,,,hypothesis_matrix.json; math_proof_row_sha256=9a99942a59f92c6f9a7c59f93c1318ea916cf8a2fab29ff51ceb8b28cefe7f7b,true,Formation has not been measured; legacy labels are not formation labels.,PENDING,PENDING,PENDING,PENDING,NOT_MEASURED
endpoint::qwen:seq64:forward:257:in_out_ptr0,ENDPOINT_UNIT,,qwen:seq64:forward:257:in_out_ptr0,qwen,64,FORWARD,rsqrt,TRITON,forward:graph0:rsqrt_57,true,NORMAL_REFERENCE,NORMAL_REFERENCE_NO_COHERENT_F_B_CARRIER,,,hypothesis_matrix.json; math_proof_row_sha256=980c35cc55d5df59dbb5b2ef8f9e4f3a4eb6540bed8cb0fc4531d763505f7265,true,Formation has not been measured; legacy labels are not formation labels.,PENDING,PENDING,PENDING,PENDING,NOT_MEASURED
endpoint::qwen:seq64:forward:259:in_out_ptr0,ENDPOINT_UNIT,,qwen:seq64:forward:259:in_out_ptr0,qwen,64,FORWARD,rsqrt,TRITON,forward:graph0:rsqrt_58,true,NORMAL_REFERENCE,NORMAL_REFERENCE_NO_COHERENT_F_B_CARRIER,,,hypothesis_matrix.json; math_proof_row_sha256=d125900bbe1da9dd484e7b7ecfa527a4040f8270439d5edd832d3f4b2d11be0f,true,Formation has not been measured; legacy labels are not formation labels.,PENDING,PENDING,PENDING,PENDING,NOT_MEASURED
endpoint::qwen:seq64:forward:268:in_out_ptr1,ENDPOINT_UNIT,,qwen:seq64:forward:268:in_out_ptr1,qwen,64,FORWARD,rsqrt,TRITON,forward:graph0:rsqrt_59,true,NORMAL_REFERENCE,NORMAL_REFERENCE_NO_COHERENT_F_B_CARRIER,,,hypothesis_matrix.json; math_proof_row_sha256=3540f2183cb16a3d21fc692de2db4ec0bb1769423da58c810955508122ec2310,true,Formation has not been measured; legacy labels are not formation labels.,PENDING,PENDING,PENDING,PENDING,NOT_MEASURED
endpoint::qwen:seq64:forward:273:in_out_ptr1,ENDPOINT_UNIT,,qwen:seq64:forward:273:in_out_ptr1,qwen,64,FORWARD,rsqrt,TRITON,forward:graph0:rsqrt_60,true,COHERENT_F_B_BIAS,OBSERVED_T3_COHERENT_COMPLETE_CARRIER,,,hypothesis_matrix.json; math_proof_row_sha256=87ddd18a545f3845400f0c6b05839fec95977c47d9007e574c4bfcbee743fc90,true,Formation has not been measured; legacy labels are not formation labels.,PENDING,PENDING,PENDING,PENDING,NOT_MEASURED
endpoint::qwen:seq64:forward:286:in_out_ptr1,ENDPOINT_UNIT,,qwen:seq64:forward:286:in_out_ptr1,qwen,64,FORWARD,rsqrt,TRITON,forward:graph0:rsqrt_63,true,NORMAL_REFERENCE,NORMAL_REFERENCE_NO_COHERENT_F_B_CARRIER,,,hypothesis_matrix.json; math_proof_row_sha256=5eac6dbf2d8f62908c9e3236b2f1947bdfc774c460a70c72d439ce57e3d83128,true,Formation has not been measured; legacy labels are not formation labels.,PENDING,PENDING,PENDING,PENDING,NOT_MEASURED
endpoint::qwen:seq64:forward:291:in_out_ptr1,ENDPOINT_UNIT,,qwen:seq64:forward:291:in_out_ptr1,qwen,64,FORWARD,rsqrt,TRITON,forward:graph0:rsqrt_64,true,NORMAL_REFERENCE,NORMAL_REFERENCE_NO_COHERENT_F_B_CARRIER,,,hypothesis_matrix.json; math_proof_row_sha256=2d7bc60585cbb8dc44e64622a830cda65d9263c9e0ea545d5be84c7fe046eaf5,true,Formation has not been measured; legacy labels are not formation labels.,PENDING,PENDING,PENDING,PENDING,NOT_MEASURED
endpoint::qwen:seq64:forward:293:in_out_ptr0,ENDPOINT_UNIT,,qwen:seq64:forward:293:in_out_ptr0,qwen,64,FORWARD,rsqrt,TRITON,forward:graph0:rsqrt_65,true,NORMAL_REFERENCE,NORMAL_REFERENCE_NO_COHERENT_F_B_CARRIER,,,hypothesis_matrix.json; math_proof_row_sha256=ef09178c62951d20a971bbb09177b0104a749ccb0d4ca4b43e2a97edbe9979dc,true,Formation has not been measured; legacy labels are not formation labels.,PENDING,PENDING,PENDING,PENDING,NOT_MEASURED
endpoint::qwen:seq64:forward:295:in_out_ptr0,ENDPOINT_UNIT,,qwen:seq64:forward:295:in_out_ptr0,qwen,64,FORWARD,rsqrt,TRITON,forward:graph0:rsqrt_66,true,COHERENT_F_B_BIAS,OBSERVED_T3_COHERENT_COMPLETE_CARRIER,,,hypothesis_matrix.json; math_proof_row_sha256=a1223d6654289e5a3db245808344d60d8081f270f5d63c96d0afd2a5f18c83fa,true,Formation has not been measured; legacy labels are not formation labels.,PENDING,PENDING,PENDING,PENDING,NOT_MEASURED
endpoint::qwen:seq64:forward:311:in_out_ptr0,ENDPOINT_UNIT,,qwen:seq64:forward:311:in_out_ptr0,qwen,64,FORWARD,rsqrt,TRITON,forward:graph0:rsqrt_69,true,NORMAL_REFERENCE,NORMAL_REFERENCE_NO_COHERENT_F_B_CARRIER,,,hypothesis_matrix.json; math_proof_row_sha256=74fbdeebeea2ac935d2911cb02a8faf641ffd91c0bf12ce0bab8af8d8a0e98af,true,Formation has not been measured; legacy labels are not formation labels.,PENDING,PENDING,PENDING,PENDING,NOT_MEASURED
endpoint::qwen:seq64:forward:321:output_0,ENDPOINT_UNIT,,qwen:seq64:forward:321:output_0,qwen,64,FORWARD,mm,EXTERN,forward:graph0:mm_122,true,NORMAL_REFERENCE,NORMAL_REFERENCE_NO_COHERENT_F_B_CARRIER,,,hypothesis_matrix.json; math_proof_row_sha256=738000e38da6f6b57ca3a9d722c92239210819cdd3781d7d2d68141f9601d366,true,Formation has not been measured; legacy labels are not formation labels.,PENDING,PENDING,PENDING,PENDING,NOT_MEASURED
endpoint::qwen:seq64:forward:324:output_0,ENDPOINT_UNIT,,qwen:seq64:forward:324:output_0,qwen,64,FORWARD,mm,EXTERN,forward:graph0:mm_124,true,NORMAL_REFERENCE,NORMAL_REFERENCE_NO_COHERENT_F_B_CARRIER,,,hypothesis_matrix.json; math_proof_row_sha256=4178b48ebbe9d058502422235d0ae75e2b6c23887fc1b130667b6d50925aced9,true,Formation has not been measured; legacy labels are not formation labels.,PENDING,PENDING,PENDING,PENDING,NOT_MEASURED
endpoint::qwen:seq64:forward:329:in_out_ptr0,ENDPOINT_UNIT,,qwen:seq64:forward:329:in_out_ptr0,qwen,64,FORWARD,rsqrt,TRITON,forward:graph0:rsqrt_73,true,NORMAL_REFERENCE,NORMAL_REFERENCE_NO_COHERENT_F_B_CARRIER,,,hypothesis_matrix.json; math_proof_row_sha256=a29d7d38288702181d941089d9fb1dba88ba25be69164ff830ae72b679556b14,true,Formation has not been measured; legacy labels are not formation labels.,PENDING,PENDING,PENDING,PENDING,NOT_MEASURED
endpoint::qwen:seq64:forward:347:in_out_ptr0,ENDPOINT_UNIT,,qwen:seq64:forward:347:in_out_ptr0,qwen,64,FORWARD,rsqrt,TRITON,forward:graph0:rsqrt_77,true,NORMAL_REFERENCE,NORMAL_REFERENCE_NO_COHERENT_F_B_CARRIER,,,hypothesis_matrix.json; math_proof_row_sha256=a21987ef75ec07c7727b02895126c8bd757fc6edb927ad273aaafe5e42de59a9,true,Formation has not been measured; legacy labels are not formation labels.,PENDING,PENDING,PENDING,PENDING,NOT_MEASURED
endpoint::qwen:seq64:forward:349:in_out_ptr0,ENDPOINT_UNIT,,qwen:seq64:forward:349:in_out_ptr0,qwen,64,FORWARD,rsqrt,TRITON,forward:graph0:rsqrt_78,true,NORMAL_REFERENCE,NORMAL_REFERENCE_NO_COHERENT_F_B_CARRIER,,,hypothesis_matrix.json; math_proof_row_sha256=2ba6ca3446d05d267ca3602ce444917b3485795b1b89858a57f05372c97d48cb,true,Formation has not been measured; legacy labels are not formation labels.,PENDING,PENDING,PENDING,PENDING,NOT_MEASURED
endpoint::qwen:seq64:forward:34:in_out_ptr1,ENDPOINT_UNIT,,qwen:seq64:forward:34:in_out_ptr1,qwen,64,FORWARD,rsqrt,TRITON,forward:graph0:rsqrt_7,true,NORMAL_REFERENCE,NORMAL_REFERENCE_NO_COHERENT_F_B_CARRIER,,,hypothesis_matrix.json; math_proof_row_sha256=cdca5f5e169e47e2cf63d0a220e573ed591b9345b6cf4bd97c829406c3d3dfb3,true,Formation has not been measured; legacy labels are not formation labels.,PENDING,PENDING,PENDING,PENDING,NOT_MEASURED
endpoint::qwen:seq64:forward:365:in_out_ptr0,ENDPOINT_UNIT,,qwen:seq64:forward:365:in_out_ptr0,qwen,64,FORWARD,rsqrt,TRITON,forward:graph0:rsqrt_81,true,NORMAL_REFERENCE,NORMAL_REFERENCE_NO_COHERENT_F_B_CARRIER,,,hypothesis_matrix.json; math_proof_row_sha256=25c2697306984265de38540bf8140ad4a245fd87496233cd88ad320e419c9ce3,true,Formation has not been measured; legacy labels are not formation labels.,PENDING,PENDING,PENDING,PENDING,NOT_MEASURED
endpoint::qwen:seq64:forward:39:in_out_ptr1,ENDPOINT_UNIT,,qwen:seq64:forward:39:in_out_ptr1,qwen,64,FORWARD,rsqrt,TRITON,forward:graph0:rsqrt_8,true,NORMAL_REFERENCE,NORMAL_REFERENCE_NO_COHERENT_F_B_CARRIER,,,hypothesis_matrix.json; math_proof_row_sha256=75e0175a3110c626ce9b974b5927d687f2ea0db9811fe5a200d422f6c18bd790,true,Formation has not been measured; legacy labels are not formation labels.,PENDING,PENDING,PENDING,PENDING,NOT_MEASURED
endpoint::qwen:seq64:forward:473:in_out_ptr0,ENDPOINT_UNIT,,qwen:seq64:forward:473:in_out_ptr0,qwen,64,FORWARD,rsqrt,TRITON,forward:graph0:rsqrt_105,true,NORMAL_REFERENCE,NORMAL_REFERENCE_NO_COHERENT_F_B_CARRIER,,,hypothesis_matrix.json; math_proof_row_sha256=8b18c0473a3e1665ac0aba64fa767be041615fd3bbdc91126ba6506e7f8f44c5,true,Formation has not been measured; legacy labels are not formation labels.,PENDING,PENDING,PENDING,PENDING,NOT_MEASURED
endpoint::qwen:seq64:forward:491:out_ptr2,ENDPOINT_UNIT,,qwen:seq64:forward:491:out_ptr2,qwen,64,FORWARD,permute,TRITON,forward:graph0:permute_361,true,NORMAL_REFERENCE,NORMAL_REFERENCE_NO_COHERENT_F_B_CARRIER,,,hypothesis_matrix.json; math_proof_row_sha256=f0a378f11256ff5869eb935efaf24e3deb111c1f94794392de3a1e6aa64e3064,true,Formation has not been measured; legacy labels are not formation labels.,PENDING,PENDING,PENDING,PENDING,NOT_MEASURED
endpoint::qwen:seq64:forward:52:in_out_ptr1,ENDPOINT_UNIT,,qwen:seq64:forward:52:in_out_ptr1,qwen,64,FORWARD,rsqrt,TRITON,forward:graph0:rsqrt_11,true,NORMAL_REFERENCE,NORMAL_REFERENCE_NO_COHERENT_F_B_CARRIER,,,hypothesis_matrix.json; math_proof_row_sha256=d83747ad34485f76dc44ecc244182215ea341241912ebcbedccd4d7a6d8e69aa,true,Formation has not been measured; legacy labels are not formation labels.,PENDING,PENDING,PENDING,PENDING,NOT_MEASURED
endpoint::qwen:seq64:forward:57:in_out_ptr1,ENDPOINT_UNIT,,qwen:seq64:forward:57:in_out_ptr1,qwen,64,FORWARD,rsqrt,TRITON,forward:graph0:rsqrt_12,true,NORMAL_REFERENCE,NORMAL_REFERENCE_NO_COHERENT_F_B_CARRIER,,,hypothesis_matrix.json; math_proof_row_sha256=68272af3d26c780a2f46bc5cc04914b022155dde5db3a672e35d8da46b69ea6e,true,Formation has not been measured; legacy labels are not formation labels.,PENDING,PENDING,PENDING,PENDING,NOT_MEASURED
endpoint::qwen:seq64:forward:59:in_out_ptr0,ENDPOINT_UNIT,,qwen:seq64:forward:59:in_out_ptr0,qwen,64,FORWARD,rsqrt,TRITON,forward:graph0:rsqrt_13,true,NORMAL_REFERENCE,NORMAL_REFERENCE_NO_COHERENT_F_B_CARRIER,,,hypothesis_matrix.json; math_proof_row_sha256=ef35a35886a98cb82653383a65dafce1cc90b6e8a46ea8745e8cacf9f69e3b06,true,Formation has not been measured; legacy labels are not formation labels.,PENDING,PENDING,PENDING,PENDING,NOT_MEASURED
endpoint::qwen:seq64:forward:65:in_out_ptr0,ENDPOINT_UNIT,,qwen:seq64:forward:65:in_out_ptr0,qwen,64,FORWARD,add,TRITON,forward:graph0:add_36,true,NORMAL_REFERENCE,NORMAL_REFERENCE_NO_COHERENT_F_B_CARRIER,,,hypothesis_matrix.json; math_proof_row_sha256=825aa70d73975f8a79637346885d822df48dfe0656423055978a404c7698db20,true,Formation has not been measured; legacy labels are not formation labels.,PENDING,PENDING,PENDING,PENDING,NOT_MEASURED
endpoint::qwen:seq64:forward:70:in_out_ptr1,ENDPOINT_UNIT,,qwen:seq64:forward:70:in_out_ptr1,qwen,64,FORWARD,rsqrt,TRITON,forward:graph0:rsqrt_15,true,NORMAL_REFERENCE,NORMAL_REFERENCE_NO_COHERENT_F_B_CARRIER,,,hypothesis_matrix.json; math_proof_row_sha256=7584a7241d18dd5c4d908ae2d25330b5849db47aec9e5230dd9ad5f60daa0df5,true,Formation has not been measured; legacy labels are not formation labels.,PENDING,PENDING,PENDING,PENDING,NOT_MEASURED
endpoint::qwen:seq64:forward:75:in_out_ptr1,ENDPOINT_UNIT,,qwen:seq64:forward:75:in_out_ptr1,qwen,64,FORWARD,rsqrt,TRITON,forward:graph0:rsqrt_16,true,NORMAL_REFERENCE,NORMAL_REFERENCE_NO_COHERENT_F_B_CARRIER,,,hypothesis_matrix.json; math_proof_row_sha256=cf9b1cfea279a5612fc5d766ef55f71784dc728c421f923385a9476574a28f82,true,Formation has not been measured; legacy labels are not formation labels.,PENDING,PENDING,PENDING,PENDING,NOT_MEASURED
